SIRUTA,Krug_CI_2008,Krug_CI_2009,Krug_CI_2010,Krug_CI_2011,Krug_CI_2012,Krug_CI_2013,Krug_CI_2014,Krug_CI_2015,Krug_CI_2016,Krug_CI_2017,Krug_CI_2018,Krug_CI_2019,Krug_CI_2020,Krug_CI_2021,Krug_CI_2022,Krug_CI_2023
1017,0.0031593733238815046,0.0013549007293422836,0.002798097319600141,0.0025355378160389695,0.002442869532339022,0.0023758411133535462,0.0022720074632901883,0.0019928214959154915,0.0021427841638234453,0.0016979607998871805,0.0017105383935694764,0.0014008289127560452,0.0013039056358915997,0.0015824827028130426,0.0013594675603877074,0.0012875527011299564
1071,0.0,0.00023289175240004593,0.0001626876449188161,0.00047356962914460763,0.0006186509231919341,0.000641639977490473,0.0007849696733851112,0.0008181464555167148,0.0008958569627883176,,,,,,,
1213,0.00048459062335094955,0.0003463904100353049,0.001244933943843028,0.0018048053170968054,0.0031619915746585675,0.003593584030271,0.0061804298478441095,0.006181744160626787,0.0063782824155844365,0.012810430006645673,0.01197218246809604,0.010211710606915975,0.0074505432528258414,0.010837111284560092,0.011373282358918529,0.012421818517410138
1348,0.0002766325693620006,0.0002712102051757549,0.00020956899914495987,0.00019740946986448592,0.00016957030218862226,0.00014072710247556904,8.981489872502679e-05,8.51223032531777e-05,6.855413378005811e-05,7.793043604423797e-05,9.385417479355567e-05,8.346118349978621e-05,5.5424785392080544e-05,8.948032110725307e-05,7.883366377334987e-05,6.540808893428555e-05
1455,0.0008687572814118152,0.0007006292241675799,0.0007260630694148995,0.0006326104268221823,0.0006023052733259285,0.0005245171231525765,0.000532713245281456,0.0004891859127495396,0.0004439287351275707,0.00035954010775727174,0.0003748788738195223,0.00027160138124142895,0.00030548469990353396,0.0003250910965245333,0.0002751602531461031,0.00031475393755624035
1696,0.0,0.0,0.0,,7.971874906556412e-06,9.348074187284648e-07,2.5448055793149215e-05,1.1902266015470845e-05,2.3336984229347692e-05,9.969362109510392e-06,4.36369456146373e-06,1.9633535726248312e-05,2.1908369600183084e-05,1.4552862620321288e-05,1.2852878166912787e-05,1.2967460906014495e-05
1794,3.9252684075845e-05,1.4779517158549583e-05,1.0378489520876315e-05,0.0,0.0,0.0,0.0,,,1.767352078057245e-05,0.0,0.0,,8.516844942835195e-05,0.00016436587277168148,0.00010549467098848369
1874,0.0006381060252893135,0.00015761201742815146,0.0004948130388350481,0.0013964505965365442,0.0007751666005911819,0.0005773329357835821,0.000914356021574118,0.0012370581300332026,0.0007437727362626238,0.0014365786179647868,0.001523329938761262,0.0014809191655032242,0.0017292435477956462,0.0020823440056615098,0.002398785295537759,0.005947802745802804
4366,6.375158451596244e-05,2.738320614685048e-05,2.9147029484973047e-05,3.9268711313828115e-05,4.20246386203048e-05,9.52611293379409e-05,1.709626807317461e-05,0.0001773275113648904,0.00021846904774843097,0.0002783666971870042,0.00039893365617238804,0.00044092084921586557,0.00040081284390433634,0.000507100531775422,0.00047727427934278103,0.00037540113128105686
9262,0.015028219452051524,0.017511206659559294,0.029723307114324936,0.03530640459461365,0.04067392373835516,0.03757691786088246,0.03407043004477502,0.025347505622241497,0.02139899685620386,0.02348755837322554,0.021381618729324342,0.016711775751294598,0.012713081339804746,0.008650647862243396,0.008696334966985126,0.007552272086812689
9397,4.369080575480952e-05,9.057867890722247e-05,0.0,0.0,5.701866995376649e-05,0.0005402614670460115,0.0009596763756906845,0.00034885870499317995,0.0,5.92296204663198e-06,0.00023475745259720398,0.00018288990843670755,0.00011824825457950872,0.0002104629218881707,0.0003198457475616907,0.00026477853190837685
9459,5.1310410564520676e-05,0.00010889260386475369,8.242793980000622e-05,5.3311018293425116e-05,4.437872960653584e-06,4.858774260398581e-06,1.0692012783699204e-05,9.77223607180825e-06,1.0682873963529949e-05,8.633326563930128e-06,7.557331560033444e-06,6.947164872270619e-06,4.843061006318686e-06,0.0,,
9574,1.2561245435761015e-06,2.8506346462212573e-06,4.94499568036557e-07,1.1157666855269135e-05,6.455367142074332e-05,9.10524159625849e-05,0.00012198104529951918,0.00023337598006594433,0.00022104531697518336,0.0003145858347078313,0.00029298290046843935,6.927771551092409e-05,5.310007539197392e-05,5.324672062867472e-05,8.637921366953116e-05,0.00010672458062433206
12091,0.0001709571214478033,0.00010988329355442185,0.013560906232190844,0.02257261982918963,0.024869808698317567,0.03483326063384227,0.032288428411993975,0.0627624786876945,0.059021091663778676,0.04684868639748248,0.04456628944969211,0.04602468614770014,0.04485407720215547,0.041158939231239935,0.06359599886249384,0.07462835049679666
13169,0.005284811096289968,0.004305898620276982,0.006798579423204073,0.007220919690874267,0.007979615633827429,0.010228896838396322,0.013695706090218892,0.012908152113453206,0.013435504711423416,0.012621325009630941,0.01448258238242488,0.01709806884964069,0.018432563184099908,0.018328112535800727,0.01789204961070401,0.016689368081518084
13187,0.0017783570632564935,0.0017445910934904456,0.0005498986464929804,0.000577592503043242,0.000455263710043739,0.0002366489048979296,0.00030206556568464893,0.00038634111464400534,0.00014967606072476707,8.447824370775012e-05,7.227620869033617e-05,5.419968854517107e-05,6.750522794037964e-05,7.765272315218286e-05,7.221764473693152e-05,6.762909080096318e-05
13276,0.00040015446404057284,1.0832642227329606e-05,9.272191634400115e-05,0.00021135362644856312,9.069510239312426e-05,0.00016697633518598568,0.00023306297825217767,0.0002945146001002582,0.0002589044854767601,0.00022330894298506663,0.000271458557458004,0.00019443021568199933,0.00020744988843081656,0.00036546917203873227,0.0006270875879172935,0.00032789829624144774
13301,7.2254968906746e-05,0.00021889797231887216,0.00030035196747364224,0.0002674758823919523,0.0002062108760966916,0.0001442615591513027,0.00011316179005596616,2.2820778387236328e-05,3.282082885082718e-05,6.562508288882773e-05,0.0001755192080016935,0.00019222832906317346,0.00020604734184716906,0.0003968443834663535,0.00012678373568967432,0.00013942776059408112
13365,0.02026775383266494,0.014215191284900884,0.02018758774021737,0.017395199715821884,0.018724025607827533,0.02285305367174714,0.025712746459111667,0.02339436696408377,0.02236012813527541,0.025339846927383117,0.024532251350156426,0.022116431809161,0.01587808595427813,0.01830028549111047,0.02047752767433817,0.020208276464454996
13392,0.0003920388447515463,0.0006808345165862366,0.0003355231773155587,0.0002803666048024002,0.0002986990258190288,0.0002111556852711363,0.0004576495107780932,0.0007155526632761012,0.0009936032381312515,0.0006533246035914294,0.0013144512089264123,0.0009857138320067303,0.0012039014491885718,0.0009845190252368349,0.00043516123493864194,0.0003999253554397728
13490,4.112037134220809e-07,2.8813134903737686e-05,0.00015883992034976954,0.0003648506093574762,0.00039654838999465266,5.213765064201251e-05,0.00015681917450718522,0.00017920702094820654,0.00013905417798346136,0.00013425500305989168,0.00014306582412766599,0.0001141668483172016,0.00015557484884172143,0.00021415060460313023,0.00025755764740626667,0.0001800378498512725
13622,0.0001691698245074142,0.00026514373594728393,0.00021684615837413027,0.0002703079419472517,0.00031466922609266104,0.00040805231007365415,0.0005461759116921236,0.0006001320829343779,0.0009207046705487208,0.001251707714031911,0.0014059997585646564,0.0012700762908265768,0.001408145259578553,0.0012185010628567592,0.0007032051707656795,0.0008464894807741174
13935,0.0004293970105187274,4.4261181864508386e-05,4.713374220184989e-05,3.165981222342925e-05,5.075255585670882e-05,0.0001192936858424725,0.00022823417314919454,0.0002364965607173527,0.0003213316153328049,0.00016157699440306168,0.00010835162688478476,5.862972524007488e-05,2.434904495817169e-05,1.7212790776081993e-06,,
14272,1.0474283789215599e-05,6.673897533152409e-06,0.0,0.0,0.0,0.0,0.0,0.0,0.0,0.0,0.0,0.0,0.0,,,
15108,0.0,2.7495417702080542e-05,2.6536005996886423e-05,2.385608459792352e-05,3.0428315887569333e-06,1.5748503875590793e-06,2.3666800415765236e-05,3.892909190613984e-05,4.185194434276779e-05,2.1395163133322214e-05,2.2768835132483583e-05,2.3889817231405145e-05,1.7000631088388023e-05,0.00019392281553695371,0.0003820365942723184,0.00013362660486451419
17209,0.00011740780946462773,9.416829581614035e-05,6.438376154729271e-05,0.00013469795722529816,0.00010504021576184212,0.00017472290114087602,0.0002993919899779125,0.00045707415469978463,0.0006373201672512522,0.0006968167305332497,0.0005212639589988064,0.0005397050785204028,0.0005206526662517782,0.00039567018500657276,0.0005341837713073063,0.00019870521222961277
17496,4.317433389075138e-06,8.046823844745806e-06,6.98210370968857e-06,3.50969689671084e-05,5.8800769731264424e-05,0.00033893862122970494,0.000441184597671268,0.0006080475067617192,0.0008244599410100696,0.001579084381533253,0.0014630538901149511,0.001282869557154431,0.0016203439333297397,0.0014630822594041805,0.0017209356937295155,0.0019118651630304425
17968,0.0007844913604387952,0.0006542572865872258,0.0006525099787202436,0.0005527293252798596,0.0003669329849270478,0.0003161043093812385,0.0003629724519723625,0.00030188977871253067,0.00030612714258796054,0.00037978683631248596,0.00040544193877640496,0.00034838379959061823,0.00021619967435327657,0.00016617563909709354,0.00014065793568792542,0.0001257514658562916
18028,9.515459530443663e-06,1.3205353000761636e-06,2.2970347598734876e-05,,,,,,,,,,,,,
18475,0.0,,0.0,,0.0,,,,,,,,,,,0.0
18670,2.8102998187333628e-05,3.556440204803046e-05,8.696451089948973e-06,8.244633223665891e-07,0.0,6.928238036524732e-06,1.5178804906172896e-05,,5.909607973254773e-05,6.836112977605952e-06,4.931646192078855e-06,4.2484344965876135e-06,0.0,9.85849073801581e-07,,5.625662758638847e-06
19007,0.000388574659067822,0.0001612299434166422,4.507139537495628e-05,0.0,,0.0,0.0,0.0,0.0,9.857510325616594e-05,0.0,,0.0,,,
20297,0.008753598766373051,0.006603358864484368,0.00738837674473604,0.008471878100223368,0.007599476007436521,0.009754437120115067,0.01039027867688271,0.01243099105662415,0.009832239145763878,0.010222129099015367,0.011927672363983094,0.01320188328479313,0.011600306032614697,0.009823379573710614,0.004870805434012042,0.0065861931695426435
20359,3.255345597770081e-05,,3.827911701898282e-05,3.5481087550717796e-05,0.00011118098406543818,0.00014242743150856272,0.00016876513531898806,0.00021987288409281398,0.00033956740990907287,0.0005602248159124068,0.0008670912845237745,0.0013325988529606279,0.001997950707514934,0.002464397048247902,0.004630897091136284,0.004183800352499284
20466,6.803365438568328e-07,2.802752592174456e-05,2.56377678787871e-05,2.3448059382262504e-05,1.046152450294963e-05,1.588264207571712e-06,1.084215996699127e-05,5.8453415609922275e-05,4.0198791786099044e-05,2.041131664640187e-05,1.8718487407414193e-05,2.308373727970799e-05,2.1454061020553636e-05,2.033176423558965e-05,1.5743811788605648e-05,1.5729962327692452e-05
20563,0.0002491898615374944,0.00032658391767875463,0.00039856139032917666,0.0005874461717866047,0.0007670227242177476,0.0012613720456893013,0.0014225879080137394,0.0020301097037365907,0.0019290536112599335,0.002343630032105271,0.001358229890697094,0.0013843393851060252,0.001286077508583025,0.001175735219543573,0.0016982485964941664,0.002075857833191832
20670,0.0001345374253555797,0.00013937853637094503,9.391471671518027e-05,6.457980541790778e-05,7.511181357809039e-05,0.0001322065251469118,5.2522042291311305e-05,2.5405240612457575e-05,2.2647841505091963e-05,1.183846792134774e-05,8.300586227935063e-06,5.617176991304126e-06,3.4297087377368956e-06,2.814201172565971e-06,2.558097630828846e-06,1.0812863245393078e-05
20778,9.675119652272622e-05,0.0003249099672178568,0.0002988636183165793,0.0002388528434059067,0.00033141133897245263,0.00035768273674545865,0.0003358877122276517,0.0004822900485282594,0.000947340060075956,0.0009061653263520209,0.0010451058544770006,0.0010376973011317094,0.0011626969451700429,0.0010102661159422097,0.0011903377683234596,0.001525866428355032
20821,2.755064879927942e-08,0.0,4.4138135342312725e-05,0.00013679311763251974,0.00032661748689730814,0.0006891046947075783,0.0010095427643528408,0.0013247383141361578,0.00020929201801817864,0.0008202116811199109,0.00014685317533820406,8.995154037320591e-06,0.0,0.0,8.836353739752541e-07,0.0
20965,6.632715897498164e-06,8.022741912801453e-06,5.179297221330522e-06,,1.0355208346361729e-05,3.8939895008697323e-05,4.5540596536620984e-05,0.00020152032567914035,0.0,0.00019432459351060034,0.00017154556060026215,0.00017280177820581727,0.00017801927437712393,0.00016740830246795267,0.0001663388431239616,0.00019147666324081632
21196,2.1927438018232463e-06,6.844776773651158e-06,6.423808353655942e-06,2.2080333620693643e-06,2.4848003452979847e-06,1.4708508336636683e-06,1.1620475969507232e-06,0.0,0.0,0.0,0.0,,,,,
22166,3.0933827351459587e-06,1.7292620471401874e-05,4.830968930429293e-06,0.00011973079309020287,1.3992807929299069e-05,2.0143397676818335e-05,2.0849449819987868e-05,1.0233465417407305e-05,2.498839417966717e-05,1.0605253907007186e-06,3.564131450278606e-06,1.0210559578873295e-05,1.4532628309804676e-05,2.85859620427313e-05,2.72490121260586e-05,1.9849454502097713e-05
24187,5.345648274487051e-07,3.568737361540587e-07,,,,,,,,,,,,,,
26083,1.3952141996411204e-05,4.031802169938621e-06,0.0,,,,,,,,,,,,,
26564,0.005628517776172382,0.0066145435128233095,0.005701601640972125,0.006193859790454819,0.007025097277274031,0.007926042696864172,0.008328847460670565,0.011460933011455638,0.012382930628869249,0.015163914796736556,0.016924506949943626,0.01923962958830279,0.02166857696560878,0.023344214570787804,0.029691424695709536,0.03133731461096418
26582,7.290847440830205e-06,2.1809007474029222e-05,1.1103426709728577e-05,9.944009171696262e-05,7.143784461193879e-05,0.00010135338075633657,0.0001443695037482507,0.00020232589914407218,0.00027057913480053473,0.0002494917969521476,0.00030812592760315577,0.0003881288979937091,0.00034000181608282614,0.00027372285686828364,0.00031709764154862766,0.00038093607584444077
26699,0.000529081220328365,0.0005703325223334572,0.0005831002435915852,0.0006765944233516339,0.0008567226280338276,0.0005345276532737761,0.000600783785112603,0.0007908530876147469,0.0008558039690667736,0.0011941271962801476,0.0017884465375118033,0.0013386850088212168,0.0013381682703604825,0.0031057089652649947,0.002608208914208937,0.002299260385183256
26877,0.00033949986029224884,,,0.0,0.0,0.0,0.0,0.0,0.0,0.0,0.0,0.0,0.0,0.0,4.504612475548759e-06,8.686793998764894e-06
27631,4.6314902252012525e-06,0.00019223427793655051,0.00018458464482673048,0.00023893963639851635,0.00031003694224718953,0.00036147027315193696,0.00044020535526564643,0.0005544707418485018,0.0006005768476819877,0.0006047062203799507,0.0005778818889273609,0.0007204710099233646,0.0004388472105297463,1.836423410669536e-05,1.763040008887233e-05,
28415,8.977502272359225e-06,2.298377022861245e-05,,1.004947878242486e-05,5.793385588773946e-06,1.880643035049594e-05,8.513982522085197e-06,2.0981080179013983e-05,1.3175846606787476e-05,1.1426629487358068e-05,2.0279011716356106e-05,1.2497802433768415e-05,1.3863380562460159e-05,9.575178114967078e-07,,
28763,9.197599059968393e-06,2.0729163398013894e-05,4.244804022681887e-05,6.920437162510077e-05,6.872101494908409e-05,8.286234497132753e-05,9.442445707893226e-05,9.616583305282925e-05,9.583382296149461e-05,0.0001509657571482205,0.00016800425462922808,0.00018428795710628463,,0.0,7.74225248579409e-06,1.7973765313129827e-05
29341,8.76583516087521e-07,1.7898767822256505e-06,,,1.1581113717936787e-05,1.4655871827726354e-06,0.0,0.0,,,,,,,,
30149,4.871016388269615e-05,7.934830051666303e-05,,,,1.467021952128417e-05,1.8296250734339045e-05,2.109128971738344e-05,2.3753002451795394e-05,1.9172027232722176e-05,0.0,2.562288512397822e-07,4.427825156995183e-06,0.0005339522600878014,0.0006024054026684856,0.0005832164710769288
30274,0.0,2.7156221128736696e-06,1.883430881770093e-05,1.4643898796708197e-05,2.010110094525735e-05,1.0450129868195938e-05,2.1270419508952622e-05,5.618865814688733e-06,0.00011541270233801888,7.2194154450026875e-06,0.0006797208695135672,0.0009828435884437488,0.0015725416190340376,0.0018036731473400282,0.003616018354069392,0.0019193615981491223
31789,1.2120743457757613e-05,9.622781337891312e-06,8.725167415653906e-05,0.00014147117580527106,7.931582038365117e-05,5.057239368269031e-05,6.598699874522537e-05,7.636877715442547e-05,3.401207455118426e-05,4.002491494927345e-06,8.71169660594681e-06,2.0377079823939754e-05,2.252084835059011e-05,2.807909717298666e-05,3.496759389456196e-05,3.288440023591059e-05
32153,0.0,0.0,0.0,0.0,0.0,0.0,0.0,0.0,0.0,1.411517779793839e-06,4.437373865789982e-06,1.2472740049256523e-06,5.6395496088679355e-06,1.7289955446773198e-06,1.1716469522321582e-06,0.0
32394,0.010844093783626975,0.006440457276323716,0.005039834860529224,0.005978477440807295,0.004715413822262096,0.0038862614425905556,0.0038888502810299906,0.002780323630958317,0.0013608547380685467,0.001965030844312082,0.003612033739492668,0.0018707316471926105,0.0018637891243180361,0.0022450116374447423,0.0016896177816977664,0.0018470260754744952
32544,7.616582462417507e-05,0.00023292339195956857,0.00020332153353003017,0.0002849673344849669,0.00033573922210144617,0.0002154117715045116,0.0002062889874193067,0.00012088675496779011,0.00015423971440597706,0.0002621025770016074,0.00019895484923004996,0.00022607143609250396,0.00015192526790619074,0.00021761298900950234,0.00024269141942816607,0.00022576959988655562
33603,7.293828667752515e-06,1.6287456003490564e-05,1.3229651535685265e-05,1.0240942161113903e-05,1.1299636733908974e-05,1.557412421542657e-05,1.5330843864320764e-05,0.0,,,,,,,,
34235,2.2700912203179397e-05,4.336541085340813e-06,0.00013954712041138037,0.00026658313443727406,0.0001851961321609916,0.00018041350203724786,0.00015487313558315113,2.602377344013463e-05,1.0538586157810864e-05,,0.0,,,0.0,0.0,
35269,1.5582153516416333e-05,3.707246898835412e-05,3.171102824273267e-05,2.7273471047647954e-05,3.23957158357063e-05,4.475206926113302e-05,4.690805105607272e-05,7.586251725955871e-06,3.7398655730344526e-06,3.97018141662373e-06,7.133885353165251e-06,7.927080085230762e-06,8.324840617108594e-06,8.540157685316284e-06,1.0455548620488408e-05,5.531864791418676e-06
35731,0.004721159157366782,0.0032584759980001784,0.0026257710025524286,0.002529848388147812,0.0027520701991927883,0.0030530322983476263,0.003368253355864457,0.003234404528581308,0.003090246090170093,0.0028259301191667584,0.0027355992814095806,0.0024197476818094868,0.0023916843400480672,0.0022440369969617927,0.001510095420116048,0.0016637430645004055
36809,0.0,,0.0,,,,,,,,,,,,,
40198,0.07157026188422107,0.06419960823807422,0.0992441815758243,0.09289241265042508,0.09674979751840897,0.09110623059542128,0.08378815168811314,0.07808977641266802,0.07348340915957381,0.06827363261118925,0.06332302505952354,0.06144331988697955,0.06091144137140764,0.08363444117739509,0.07503409625096906,0.0629010183422597
40278,0.00023292305383823035,0.0002893230203824742,0.00023447262219539013,5.839198383978533e-05,0.0003583967600559083,0.00031959045932540765,0.00037290685870986195,0.00044636234590053365,0.0004771466458785169,0.0006207940619330073,0.0006835674662694976,0.0007727819715488344,0.0005837728219625114,0.0005552084232835254,0.0005277314658065389,0.0004987680431699937
40367,4.2513015518640326e-05,9.821072990284163e-07,0.0,,,,,2.9592717565922707e-06,8.609683572434533e-05,7.952449195872146e-05,4.128994927819465e-05,,,1.3850213520414142e-06,2.9300277927838853e-06,0.0
40438,0.0009591834452156113,0.0010839666978115928,0.0006538456619258778,0.0005778902492787939,0.001066119315153084,0.0009440211849204332,0.0010380309023392635,0.0011319223572176203,0.0008954365299631184,0.0007934855391695024,0.0006402835603283234,0.0006946602770228213,0.0008443288150442869,0.0005581867542738974,0.0004914502542096593,0.0006393701694423758
40492,0.0001679719880902157,0.00014742151735421032,0.00023454192612487552,0.0002046362133791858,0.0001330436856812909,2.7495614302856274e-05,9.252172984238625e-05,6.333734887524199e-05,0.00023506098366855963,0.0003204402183831351,0.00015505314483961618,7.10373671468133e-05,0.0011409261522976103,0.000982507956209806,0.0010167097366690877,0.0011384226862859953
40606,2.85354816929253e-06,8.490418154976067e-06,9.100765117480775e-07,9.982876728322116e-06,2.1395483620177207e-06,3.765208338988958e-07,0.0,0.0,0.0,0.0,0.0,0.0,0.0,0.0,,
40820,2.710963281663424e-06,1.1280079399040349e-05,1.7914202555778216e-05,1.8589614804030813e-05,3.845235698015022e-05,4.449304669873718e-05,7.665192927835732e-05,,5.665015746072034e-05,4.572106208724416e-05,3.851430386829129e-05,3.3731086978429104e-05,2.7014134033709078e-05,1.9052464114852903e-05,1.4880098375789108e-05,1.092314069418131e-05
40900,0.0,,,,,,,,,1.941366243371075e-06,5.895183518131288e-06,5.686975331812162e-05,4.8207449178673936e-06,,,0.0
41667,9.809758028139846e-05,0.0001159022393959175,6.567702384235225e-05,0.00010007996218832656,0.00010353643360780994,0.00013619348600408426,0.0001666484383895411,0.00023764320114574064,0.0003366905991739507,0.0004370471068778726,0.00046924242603592575,0.0006013566227032709,0.0006555511501799573,0.000654711646569486,0.0002732088649184115,0.00010003434335639654
42682,0.006481788508931151,0.0062291703473577025,0.0068967760211331545,0.005650387028976435,0.005578057018515695,0.006657913566689899,0.007310725397779566,0.005479219769850136,0.0047470490586192775,0.0033741531677877017,0.0039898644848486145,0.003948597176368657,0.004465244695808243,0.0037931500913950212,0.004444885632690047,0.0041059364770539
42708,4.117824826487225e-05,2.6144011414777844e-05,,,1.063896300893427e-06,0.0,0.0,0.00016722076264137926,2.453183131615992e-05,7.268018639715818e-06,2.4335988900470797e-07,,,,1.5466296727518388e-07,1.1957079577087534e-07
44818,0.012748427524930243,0.01988507797715843,0.018109165279070485,0.020523644581331907,0.020603687027269436,0.025383680080335064,0.0336609215244235,0.03623361990963453,0.03766968573549449,0.03583439104146925,0.03708620501779213,0.03282961887063605,0.032268496132295946,0.029798252419764384,0.03383182253851319,0.03640973140223425
44845,3.662735396750172e-05,0.00039247618253074594,2.6545789113860045e-05,0.0004553658856098205,0.0005591425301682729,0.000978622558130994,0.0007645115222589812,0.0009871468351752449,0.0009840478304756956,0.0010831033236235656,0.001158294133279949,0.000972070126107308,0.001044938861515815,0.0007847955667978342,0.0007075430707006717,0.0007742974106357633
45101,5.316535051576768e-05,4.99142872930622e-05,2.9284568600072824e-05,1.7139302495374554e-05,,,,2.5033829613106755e-06,8.909946263788435e-06,0.0,0.0,2.671986489334854e-06,,1.1681154054488366e-05,,
45753,1.7388365827622823e-05,7.304895388247489e-06,3.4192404878152025e-06,1.0360054676819756e-05,7.5038487023650355e-06,3.1260143461085095e-05,2.661358823851852e-05,5.871910798821605e-05,6.0018615533848264e-05,,,,,,,
46313,2.0384807287329525e-05,0.0,2.8773873451836235e-08,1.1068700532472944e-05,4.4456023730053786e-05,3.322424932179557e-05,5.07203756589042e-05,8.558899452523779e-05,9.606268526203133e-05,9.900507583666791e-05,9.496549031427614e-05,9.559930468362679e-05,0.00012527022714138561,0.00010144304172289863,0.00010224191458118075,0.00011281080436948286
48557,3.969657848448413e-06,,,,,,,,,,,2.028347622172122e-05,,,,
49849,7.355406423837471e-07,0.0008802965764906596,0.0015744127990902268,0.001433649876868262,0.0019415548357959065,0.0035855979682005673,0.005854591442784673,0.007585545438176387,0.006740512421065692,0.006644936729674098,0.008528085178132491,0.00882638946495212,0.007804383471112476,0.007964769574155465,3.801538618355018e-05,4.5028589467654494e-05
50790,0.0013103971628911867,0.0010896443975536216,0.0004495602036352112,0.0009117494506063309,0.004133699718136049,0.003474692334540931,0.003571768005674181,0.0028606571598427414,0.0014321722969972681,0.002016580883859212,0.001672528851677862,0.0012346044490900371,0.0008930829692389852,0.0008875429730782997,0.0008956311258294108,0.0007548843111931529
50889,7.395735228031342e-05,8.078091927658657e-05,7.271889499775363e-05,5.1878373055962424e-05,0.0,3.4595769969289744e-07,,,4.985015896462114e-07,0.0,,,,,,
50923,2.4004633576584107e-05,6.157660331402779e-05,6.180833545121936e-05,7.448318032585883e-05,8.959792259607719e-05,0.00010742024779382224,0.00012954615338077322,,0.00017037938589159327,0.0001567903161358594,0.00013015776386324695,0.00017876918800815978,0.00017446130685734067,0.00012844369221725425,0.00010778669977604596,0.00011743084053486028
50969,0.00035111615959456587,0.00025765271796799845,0.00020878380124399274,0.00023755634678851507,0.00020362071475032447,0.00017169451902903667,0.00016359531290647218,0.00023333750382842987,0.00019777977960615552,0.0002269974467959665,0.0002851821251021981,0.00019221719912244773,0.00019940348995592827,0.0002893792869286435,0.0003062580596392437,0.00021142742603124225
51010,0.0015668004627704595,0.0011439992393827629,0.0017530895100087594,0.002036993047572662,0.0036660598376152594,0.0008075717326673737,0.0011339472728097398,0.001214189043940822,0.0010324193298660875,0.001253870372093635,0.0013631090886372325,0.0011933361502378418,0.0009913857303772474,0.0010206943861026433,0.0009612281459152476,0.0009312860850063789
51056,6.500832586510869e-05,0.00011116206975974344,9.852264702082433e-05,0.0001259254851960117,0.0001254709188345724,0.00016009402674836497,0.00013387652559280138,0.00019715029900573282,0.0002528916803555019,0.00019752402767469937,0.00013226056113865386,0.000211161239024313,0.00033423753128482525,0.00016535527163094943,0.0002293533451104523,0.00029337707825267544
51118,0.0005459683288293264,0.00041550619519250685,0.000914785808299339,0.0010672791282064597,0.001307890190372124,0.0008596378146367871,0.0005407874399331161,0.0004540841747788669,0.00035657373761905655,0.00032277482865645786,0.000203635079481626,0.00019210333742667804,0.00029586513464592676,0.0004866712696967912,0.0005793739554055813,0.0006050041287357788
51207,0.00012968748315762298,7.300258335394375e-05,6.795188627745442e-05,0.00031547002365264276,9.627394535768489e-05,7.722650302374143e-05,0.0002274838355011249,0.00011287981352819047,1.8714314279775938e-05,1.5619575546416984e-05,0.0002154202436512961,0.00015085785895654625,7.497704586419571e-05,0.00010249648028927644,4.584246766524589e-06,5.020838769547487e-06
53728,0.0,0.0,,2.056250786140481e-06,7.10488758953e-06,8.630689509393854e-06,9.21991324459232e-06,1.2210440044017162e-05,1.4963179852349575e-05,1.3278429616229379e-05,1.2679889389176337e-05,1.295957486661211e-05,1.3808569117141196e-05,1.199713493228228e-05,1.225307718579019e-05,1.2894518938418164e-05
54056,8.608549740491263e-07,0.0,0.0,,,,,,,,,,,,,
54270,6.758544233805321e-06,,,,,,,,,,,,,,,
54617,3.97202226980059e-06,3.950986793004093e-05,1.1558876020937641e-07,1.0716060182855261e-05,1.079105315692111e-06,9.927924761248449e-07,1.0722380748489709e-06,1.5588338119812368e-06,2.1048361223980556e-06,1.6677891700994375e-06,4.25384694259919e-06,,,,,
54975,0.037520458723586184,0.03068672996046022,0.03522085677643669,0.03252460315966248,0.032964678834077436,0.027812111093819276,0.032143398479686856,0.031023093664604286,0.029536514732574858,0.03261613427765101,0.03513767877889192,0.036950538917473255,0.032666260833424034,0.03857374021513003,0.041583422494168805,0.03854011665210065
55008,0.0012633762238632284,0.001364323553787807,0.0013101804283274735,0.001391394939770743,0.0007157201457292371,0.0008221149453865129,0.001222016461611252,0.0006047400068491996,0.0007279305857677053,0.0008604017364694028,0.0008679466525750245,0.0010473333475831935,0.0009210010223080687,0.0011785972402821368,0.0011765239232989341,0.0009082824577321544
55259,0.00029754854904614304,0.0003474114583306689,0.00015851896834418103,0.00042027480566644333,0.000493098595717763,0.0005892467850874603,0.0007364229470355234,0.0007601809720039789,0.0008057970917044753,0.0007498376610809875,0.0006892225626695453,0.0006619318455678998,0.0007223540869016715,0.0003494195964298873,0.0003337824446800284,0.00015029913950681257
55357,0.0027909651229291853,0.002686248432575313,0.004285049957267903,0.003827527787912861,0.002241553534381959,0.0017282062619861619,0.0016392504926383846,0.0014651188060195485,0.001661200609832188,0.0023755342553227307,0.0030525040393811673,0.002586384273568411,0.002264307787365139,0.0032627530949413067,0.0026157662459101046,0.0021213062442063187
55384,0.0004480623694783825,0.0005990290904389537,0.0004698161062235668,0.00033404330342656205,0.0003275625765463683,0.0003615345406313646,0.00048385815963037244,0.0005705536877533974,0.0007955065365170431,0.0010009574809530148,0.0009013200207466928,0.0008725778243866728,0.0008383982166607753,0.0009343454861864474,0.0007669382557490187,0.0009430790181408312
55446,4.9102041021587384e-05,0.00016061649462897467,0.00015276674219689098,0.00014125363246434387,0.00012022189841798901,0.000127300887414064,0.0001758258364834267,0.00011586760867852373,6.617071298929099e-05,1.3445503098055765e-05,0.00010420897023629979,7.608659687504124e-05,5.956351932605058e-05,0.00011036119364544752,8.201866053676988e-05,6.992876193047063e-05
55473,7.063441507214959e-05,0.00012723483790185778,,2.6176850699989945e-05,5.554501193532592e-05,2.6135724625879384e-05,5.3441146169938e-05,0.00010587641004369952,4.1097628141049576e-06,1.9700402872217193e-05,0.0,0.0,0.0,0.0,1.713717088921705e-07,
55687,0.0006584188719267941,0.0006383323405167273,3.317200111448291e-05,0.0001691530226057069,2.9416585772700376e-06,2.835214613897938e-05,0.0001802165463566452,0.0001399645358393465,2.3486848375384423e-06,0.0003413485211057798,0.0005137979293557512,1.7261817421960078e-06,4.744322102679814e-06,0.0001258755167976658,9.339136912178559e-05,1.8762240967302614e-05
56461,0.0,1.5371445921926434e-07,1.5209047395970583e-06,1.1122332712881996e-05,0.0,0.0,0.0,0.0,0.0,0.0,0.0,,,,,
57582,9.871973149980609e-07,0.0,0.0,7.59312491969032e-06,7.188647381174926e-07,7.331756305638927e-07,2.2547964939204934e-06,0.0,0.0,4.4351335690783194e-06,1.3593328144975041e-05,1.2443113588331923e-05,1.213141719244572e-05,1.0414414314455367e-05,1.3230806338679051e-05,7.517431599130193e-05
58142,0.0002082020005919366,0.00021052309619907592,1.4469147792923365e-07,0.00017126886470341299,0.00036743179652834376,0.00023850935079512472,0.00024168977029592726,0.00011205785428387551,0.0003779950166017797,0.0003104038427778839,0.00022143240775055584,0.00017430632199169087,4.059218187225167e-05,0.00018713964671115675,0.0002476158925905006,0.0001810447731906245
60419,0.06981803866736926,0.09388977623223795,0.0685852336785664,0.06683330407629727,0.04984983499614965,0.046417515824979064,0.04261249138450811,0.02870136891546139,0.02426255309508599,0.021872994488015246,0.01934696809704299,0.01910797416003028,0.018981451888105683,0.013827869898607445,0.013901853715378434,0.017733236311333302
60455,0.00039403564998392393,0.0,0.0,0.0,0.0,0.0,5.031125445456263e-07,4.185789825069387e-05,7.764740223178915e-05,5.176249442098939e-05,0.0003252333725453588,0.00022696095056388605,0.00018996746473807485,0.0002774118913730947,0.00030987512732370815,0.0004623482808424067
60482,0.0007928002454731302,0.000575919402449164,0.000972450212707092,0.0005826219396319542,0.0006243577569960083,0.00030537461173265267,7.607682972219353e-05,0.0001229154358315645,0.00017413656135436376,0.0001444799921991717,0.00031610561444641704,0.00015680020637437686,0.0001666721306651278,0.00011146881645504062,0.0001286712344021445,0.00018406835282521025
60507,0.003996244430141575,0.00549184307700535,0.0057826468728361695,0.0026096738945018154,0.0012575671606048506,0.0010954004735403379,0.0010185584654801043,0.0006763431924782945,0.0011469471366999501,0.0007306335999244772,0.0005801725768205201,0.00038565348707618474,0.0004995327984435407,0.00032241168006507976,0.0003114750428871936,0.0002896593072109211
60534,0.0,1.0405187935317368e-05,3.667600121238052e-06,6.799789294188592e-06,2.1264700787608816e-06,3.222458014047438e-06,0.0007311147263572409,0.001126138905352239,0.0004901914484878397,7.719439220915047e-07,1.124490521607961e-07,1.8928105670178785e-06,0.0,1.1828161200841683e-08,0.00017020863052538294,0.0003082347086790029
60570,0.008596747679911408,0.0009599779250022976,0.003903477730568561,0.00814821917875023,0.001975702012959009,0.001595341695580276,0.001328733970404478,0.0015736075948014924,0.0016285698412471872,0.0014712269886019305,0.0012177971366512561,0.001955891627976117,0.0005099665485703287,0.0012228601345313094,0.0023003427988500355,0.0021296932737338062
60632,0.0009050439531027467,0.002510300329688426,7.460572119659105e-06,0.0,,8.719662188971317e-05,,0.0,2.555543828571778e-05,0.0,0.00011102883741544587,0.00022770985945315034,0.00026840389582254447,0.00022582995627114992,0.0002598447635224098,0.00025955151051042377
60687,0.0047137645837892405,0.006647055914283542,0.001208335385455766,0.0012353213687645835,0.0008388546806914262,0.00084451942071141,0.0010827961698862988,0.0010006064784889742,0.0007265579928332681,0.0006238578121785321,0.0006275319217304921,0.000811081699016385,0.0006694631563246218,0.0006073524776653959,0.0006400326319313949,0.0007555767736055341
60776,7.942255803447795e-05,1.8001756509933415e-05,0.0,,6.724948766218535e-05,0.0006251024353667973,0.0007461625009628751,0.0009046319342384248,0.001196018931495233,0.0012273416806217487,0.0010707068112970769,0.0008391695056892898,0.0009028267215712722,0.0007661822654109953,0.0009110140930634806,0.0010104918225000996
60801,0.0,,0.0,0.0,0.0,0.0,0.0,1.5608972064220747e-07,0.0,0.0,0.0,0.00022124992975581536,0.0002132054816996312,0.0001261608571054918,0.00012047056259506384,0.00012815276946064996
60847,0.0003011104984127335,0.0003147069137964128,0.00031454579040316507,0.0008551336383883278,0.0010393186064522558,0.0013858306465198025,0.0009469289993097054,0.0015606520266120455,0.0019218489795695352,0.0016729695526541174,0.002129737047285302,0.002403585086159346,0.0019770722449722945,0.0023044105789860147,0.004169222992668594,0.0024672715634172456
61318,3.687058096399088e-06,2.9241870149576752e-05,2.0264699172525216e-05,2.5789647389664212e-05,2.8158866375000533e-05,4.295546635539042e-05,0.0,0.0,,,,,0.0,0.0,0.0,
61372,3.5194925831795903e-06,0.0,1.1342003226177803e-05,1.0124213297870673e-05,0.00011116739146767123,0.00013072090213171522,0.0001386040709574503,8.120974326491832e-05,0.000144749364054127,0.00011470749773770954,4.864101235299583e-05,2.036074523467322e-05,1.5270233759668412e-05,8.895002521341534e-06,4.6902294577425915e-07,0.0
61871,1.564229205950431e-05,4.121725128581891e-06,1.528361283374434e-05,3.697928323090266e-05,3.754143250926094e-05,,,,,,,,,,,
62191,0.0047071013360160206,0.003348262406965508,1.1927017178987136e-05,7.466104286402583e-05,9.305874493454289e-05,0.0001868994236037358,0.00024554421178107477,0.0002989285649376411,0.00046117682042507563,0.0003445464824457966,0.0003343153118514052,0.00032232772756501276,0.00037140924406297947,0.00030022109213448926,0.0002974067108749631,0.00030088161803442157
62360,8.2414476253337e-06,3.8498298692995484e-05,1.0014623338311095e-05,8.859475344172267e-06,0.00010596950860809211,6.895484544367304e-05,7.118679085414104e-05,0.00012378278975357787,0.00018390723898093216,0.00021921854230273202,0.00017978153058180628,0.00020767060135526704,0.00018828843356382557,0.00037303333745124765,,3.5218002888122115e-05
62440,0.008985300442381489,0.007153056757812231,0.007110185756906466,0.005586085690252102,0.0022427791458595283,0.0006305705196666305,0.00012316011887017212,1.54360110596211e-05,1.3762756425219697e-05,1.197405978841676e-06,3.0638170853661684e-07,0.0,6.577373438275364e-07,0.0,6.908422014715623e-07,0.0
62798,5.11712181075273e-06,8.864200481644244e-07,0.0,2.2704990780752004e-06,3.1695733787459636e-06,1.6436174395225756e-06,0.0,0.0,,,,,,,,
62878,0.0,7.772571630422101e-05,0.0,,,,,,,,,,,,,
63125,0.0,6.8223600816816816e-06,0.000147549052407269,,1.3844611876888707e-06,,0.0,0.0,0.0,1.2210171899097024e-05,2.2199540826618775e-05,2.3784603259364806e-05,3.173152022611786e-05,8.27708248283642e-05,0.0,0.0
63152,0.0004255197707048706,0.000532578585909231,0.00047691215447212467,0.0006788715826351193,0.0020149962293186923,0.0018555420423117777,0.0016741563274724688,0.002220816507408161,0.0017716299227063374,0.0014451848813862062,0.0017440652463056238,0.0023631793176776363,0.002750793347667019,0.002709219257660935,0.0027677245391896977,0.003742769010484838
63286,0.00021445301664245074,0.000533224186637952,0.00047855892435530673,0.0005548207699935364,0.000646994648896565,0.0009585152419320578,0.0019403819198126583,0.0028725710779679953,0.0031931329380696,0.0033646548332299854,0.0035070817663400756,0.005275280505869318,0.006671084174826869,0.005694011071303656,1.230363183991338e-05,
63300,4.637062035518122e-05,0.0012065193932856316,0.0004356484468765834,5.512546856945995e-06,2.1060077086090297e-05,2.43346221476009e-05,2.051948445829695e-05,7.194813662914566e-06,3.517811054635532e-05,4.251647303885738e-05,0.00011030245010536836,0.00014834209199495165,0.00022583905003326334,0.00018513522398423124,6.528903299276202e-05,5.6879768114009574e-05
63394,0.0012237270366067161,0.0014998026105191248,0.0012917648204740302,0.0012082512092505126,0.0012766899618783954,0.0014406159135600045,0.0018675273800724812,0.0021783494222928457,0.002460474777450097,0.0024035085236313123,0.002295621637281299,0.002334142423325436,0.00245656362994528,0.0020639024942349688,0.002226191170824597,0.0025531680784897726
63526,2.4050996795272444e-05,3.730649925251546e-05,0.0001734451274585866,0.0001384576782331107,0.00014190789626287152,0.00015991353446135955,0.00021315105222388615,0.00024236691790153648,0.0002661237550604923,0.0002554283826215401,0.00023659188265708083,0.0002284954410967483,0.00025135283820446297,0.0002114209466208617,0.0002179865274279298,0.0002937058033866429
63580,3.0067215525422554e-05,7.064383497722414e-05,0.00026595378829477617,0.00014291875392433783,0.00018244021459536925,0.0001119171036066648,0.00013786060343912016,0.0001309033212166223,0.000163781762079522,0.00013562841151655819,0.00012532572739125383,0.00014601105002079776,0.0001728339550458207,0.00013372186834168697,0.00014065247321470446,0.00016010626809677002
63740,1.283510710890012e-05,2.249880110977567e-05,0.0001813918136174477,0.00019323772751776624,0.00024384473827076777,0.00028485520260750557,0.00032974561710635137,0.000398989601190198,0.00043887657079978357,0.00038447980614745724,0.00038304225542038053,0.0003948597096297141,0.00037733952923823215,0.0003124341754955526,0.00033599961971747994,0.00037485109481429345
65113,1.0517460179124918e-05,5.277312004377515e-05,5.667754275942193e-05,4.255261322564558e-05,4.3881460948770183e-05,6.473832148957551e-05,8.246475600765045e-05,0.00011205579088943467,8.858225707342272e-05,5.731034658418196e-05,6.332241095343123e-05,,,,,
65121,3.683007739821881e-05,8.825323533000038e-05,0.00010549307675899815,8.111057546105937e-05,6.864327998455748e-05,6.281131587788732e-05,5.684564394069767e-05,6.762532527559028e-05,7.355913156265845e-05,7.366191569946033e-05,6.263470947398516e-05,6.136472801251151e-05,7.682309534253833e-05,6.04769939478635e-05,6.193844831562496e-05,5.11973186828198e-05
65342,0.004770298103921649,0.004685222225104633,0.004531096911164828,0.00586207219343958,0.011258585104868277,0.010767905471632673,0.008263352920790435,0.002543587959238115,0.002051588229573639,0.0037355234435701374,0.0015121290900768126,0.0016816045680161148,0.0006642688322558734,0.0012385423049234253,0.0011892814223991167,0.0008751260650037403
65379,1.3506602772918378e-05,2.6705453477076205e-05,0.0014134403236623413,0.0018326339688459687,0.003057781535989529,0.0005687204992571168,0.0022415591478518616,,0.0006022582304615145,0.0010274558874797106,0.0005786619832474257,0.00032324214427787476,0.00028549590542048563,0.0003223830671798891,0.0002894945861827297,0.0002887434262533467
65413,5.15752257559645e-06,1.4618245071752039e-06,,,0.0,,,,,,,,,1.893069037906138e-07,2.3563609972673444e-07,
65431,4.315798854314285e-05,7.82373292626558e-05,4.109723018485566e-05,4.511532005266839e-05,7.16734006575648e-05,4.838772387012655e-05,4.937980425582439e-05,6.31367141099064e-05,6.870481114239117e-05,5.722832869310355e-05,5.8215797392878293e-05,6.24994214659237e-05,8.07526061595194e-05,6.547957391631663e-05,6.667457325915523e-05,7.4746659936839e-05
65501,0.0004883636230234538,0.0007791197980017995,0.0008337443581443763,0.000832994554745173,0.000649721985270126,0.0008282583051571085,0.001244588521788094,0.0011837477857551404,0.0011334437962732574,0.001005659011577964,0.0007725014915277998,0.0005950278501491643,0.00048394959133110107,0.0004478599186205094,0.0005510383395378282,0.0003945963773804462
65681,0.001043840832123809,0.0010384642716888888,0.000921945816758027,0.0007209487974093222,0.0008166649485206511,0.0012016072800085868,0.001305262122365958,0.0008073231020415151,0.001187817993668082,0.002115404250024736,0.0027079163387804675,0.0031165244091435488,0.00264459797330902,0.002856738112797632,0.0028403290020057948,0.0027986307669123343
65841,0.0001983328030670216,0.0002434191433304426,0.0002164829498801011,0.00011739537453623385,0.00011523642745108137,0.00021766529326663387,0.000297351760579479,0.0001528670626540494,0.0002915381584056763,0.00022435989501923292,0.0002396641753799606,0.00010160242638211083,0.0002265963876034419,0.0004682556675757379,0.00036669041840200166,0.00031528376639642524
65869,5.4585339739142485e-05,2.7684230296154872e-05,2.274410274233644e-05,4.478392225293822e-05,0.00011227346155839289,0.00010807455355861566,0.00017971910913666697,0.00014596634338702604,4.802181638297302e-05,5.8921524078621226e-05,5.842181412650125e-05,5.9835602271222104e-05,5.102984710227674e-05,6.327266433454816e-05,8.418924389086631e-05,0.00010112912124338682
65921,8.326875196797137e-07,,,,,,,,,,,,,,,
66081,8.952860889832407e-05,0.00011007607710535934,0.0023246247939604486,0.0016474585251384775,0.002285575770559494,0.002620065515552408,0.004777391242488934,0.008359550424677118,,,4.781853984536302e-06,3.5760819837828244e-05,0.00016867885598031973,0.00022997600839493065,0.00021622086328975016,0.0001865765839509561
66474,0.00019616308667315,0.00011891081564898656,0.00018894051600093644,0.00010696100598852049,4.52233809791236e-05,7.018178548685384e-05,8.59357645996562e-05,6.658294695453641e-05,7.36576469082702e-05,7.48126515651968e-05,7.848415162444006e-05,8.638531519304423e-05,8.013135757786135e-05,7.593104980253463e-05,7.374022881677942e-05,8.10543571080471e-05
66768,0.0003595394620621605,0.00016222460406317354,1.2089137403121481e-05,1.6310492512634946e-06,1.993247925944586e-05,1.20131794900477e-05,0.0002580963370835156,0.000265267440415104,1.1393857354029789e-05,0.0,0.0,8.556009814902011e-05,7.606630588681296e-05,0.0,4.887092708332472e-06,0.0
67256,1.3618038979255763e-06,0.0,1.163862075593273e-06,1.782270967789407e-06,6.800486873051998e-06,1.7760576877485683e-06,3.776779148961943e-06,0.0,0.0,,,,,,,
67327,1.216391984766693e-05,3.385560964304297e-06,4.406932467922933e-05,4.476274981047609e-05,3.0673717382388673e-06,,0.0,0.0,6.898397667954331e-06,0.00029741638796939733,0.0006243106759721009,0.0006736121178231813,0.0003921305543616833,0.0005123689637480084,0.000443591223513684,0.00034339506039718034
67675,3.861747713953624e-05,0.0,0.0,0.0,0.0,,,,,,,,,,,
68002,1.0202992139285383e-05,8.816805190051637e-07,,,,,,0.0,0.0,0.0,5.8138257897209215e-05,0.0014382025330693959,0.0005082198644121429,0.00022375253689224206,0.00017882402186798264,7.488611417266576e-05
68048,7.715949839765951e-05,0.00011197893401511115,0.0002941921388561402,0.00015676812526931296,0.00013576073576464993,0.00026527357231691246,0.0005629176213304818,0.00012361019287740897,8.12665632716979e-05,0.00024928670619869906,0.00041836476846857047,0.00028650925623565553,0.00015713814956428294,0.00028120084567776437,0.00027185304693277935,0.0001347014993114486
68342,3.486215922670909e-05,2.6101868033875227e-05,1.596316951360971e-05,1.3882672372026527e-05,2.574555574660651e-05,3.950921828087906e-05,6.0522855991985824e-05,0.00011675110562763307,0.00010199196145228146,0.00011601168346251188,0.00012394831041948718,0.00018736718732605871,0.00022546343502869896,0.0002722329028290177,0.00036735089567880387,0.00024810659160803665
68789,0.0,2.4350547961837078e-05,3.632068498078384e-05,3.34744728217402e-05,2.0112930178989663e-05,1.611381822694749e-05,2.8667657463528666e-05,1.731649165208589e-05,,0.0,0.0,0.0,0.0,0.0,0.0,
69063,0.0,0.0,3.845093814902379e-06,2.036690814461886e-05,9.248403520625637e-06,9.207993155507156e-06,1.0526731401560724e-05,,6.349314024676807e-05,4.009947666843564e-05,4.862657859406175e-05,5.1876173293522316e-05,5.459595803679311e-05,8.485297547175237e-06,7.088469416370459e-06,
69250,0.00045089186223043985,0.00042936496274033304,0.0002823058161553207,0.00022494430139391816,0.00014888398480437207,0.0001378877873078318,0.00013048795855766956,8.450474143464927e-05,6.540838079836617e-05,8.236860731298587e-05,5.9168928985745704e-05,5.2767048980676636e-05,6.0877897784799275e-05,5.9548032696980255e-05,5.525297018344624e-05,4.5763412252328644e-05
69900,0.014448697928216236,0.01263735219867915,0.016129822116079117,0.0188434071191388,0.018645977940078783,0.01639701877542812,0.01941889963074025,0.0160768115545991,0.011327934323489606,0.012831191671320632,0.014730751146753525,0.01441162184487157,0.014157774792819919,0.011388373270021247,0.013850382008398034,0.012463724164074014
70094,0.0003155549540550393,0.0006272640027852615,0.0,0.00027683508346417124,7.449875068205069e-05,0.0001297095170822817,0.0002913000723828665,0.00017988478533395,0.00024358395514905475,0.00014642310742114041,0.00033621209239318914,0.0003840574215475089,0.0002972368302160661,0.00019833449436655904,0.00011033890650438164,6.07930236289221e-05
70110,0.0025323427622104297,0.0017929629842806253,0.001836151954823912,0.001519256371410958,0.00413806411759526,0.004137940108324665,0.0021636756731423772,0.0016129299454128272,0.0013730120893510676,0.0013675475373343291,0.0014416612131961876,0.0010261315311443256,7.748435627927922e-05,0.00040609563893814895,0.00025945478577736207,0.00023737639592591944
70316,4.8218055838658273e-05,5.543494209592208e-05,4.226627155767027e-05,5.76247982839471e-05,0.00013584743449635258,0.00012834758986302443,0.0001246344088854278,0.00020901469566440714,0.00025906747725729464,0.0001253551873885856,0.00011013436394754891,0.00012785659533833107,0.00012685404300490937,0.00016331226656867833,0.00018232471745137745,0.00017335966151576214
70414,7.508579807087197e-07,0.0,0.0,2.8323399850008673e-08,1.1851275782742389e-07,7.389945117263347e-05,0.0,0.0,1.3804927498871894e-05,1.174614026169382e-05,7.649170547111635e-05,7.43183775869387e-05,4.422500616592769e-06,2.4605278877453752e-05,3.520456883576441e-05,4.874198399135306e-06
70897,0.0,4.443116443732835e-05,2.031632772260451e-05,0.0,,4.419938591757455e-06,,,,,,,,,,
71260,0.0,1.5242838157712984e-05,0.0001354798100823628,0.00015093027995864412,8.608500754508848e-05,0.00011217018333740947,0.00014021665967137487,1.5071275748167108e-05,5.9216087223133735e-05,3.9138274851779374e-05,3.359088156211673e-05,4.812698469927222e-06,2.3662883964843037e-06,2.3685047936028268e-06,3.4446784560506848e-06,4.1387812725029605e-06
71885,0.0,0.0,0.0005546065454561027,0.0012331847047615421,0.0016245403355371875,0.0003924634136766947,0.0005474988597189152,7.425015656825927e-05,0.000184743690028579,,,,,,,
72007,4.2485362068912684e-05,7.096522629237508e-05,6.881740439088565e-05,7.87207535450022e-05,7.569636875557023e-05,6.919120034819944e-05,6.492182993431125e-05,3.1625039714004454e-05,3.8720713080653053e-07,4.004240473524978e-06,0.0,0.0,3.164969456846312e-06,0.00016234596212314671,,
73102,6.498149482280788e-06,,,,,,,,,,,,,,,
73736,0.001009386072976173,0.0007988048559355665,0.0010313054444204158,0.0010756116060341159,0.0007554101638411932,0.0005406808611653937,0.00043764498734896506,0.0001624949824911426,0.00010813557822349111,6.58447177800882e-05,4.8245510574761624e-05,0.0,0.0,0.0,6.613716229080118e-05,0.0
74875,1.151884402223604e-06,0.0,7.406460795356251e-05,0.0004924218663640794,0.00025587117488095007,,7.357510682604206e-05,0.0,0.0,0.0,0.0,3.7113147671762204e-06,0.0,1.0673507369330949e-05,,
75098,0.04819648039101873,0.05200823574184165,0.05104703272758727,0.04985463844424628,0.05525081323494377,0.0633129907937151,0.059229182185416826,0.04500568985560271,0.04026273556434773,0.03673621705986904,0.03729222242275271,0.03363784097560108,0.03265563978475838,0.034622009008997506,0.035728509130940986,0.02638248216254744
75114,4.833884692947601e-05,2.5982867423362985e-06,0.0002826488829379335,0.000429199130379084,0.0004017883731705586,0.0006654717511827902,0.0017798418232983062,0.001407881822120572,0.0010872277847631489,6.795021185712123e-05,0.00014611822847340988,0.00011413169692167214,0.00015497630785883836,9.342185869141355e-05,8.037740154851415e-05,9.288105967194208e-05
75711,8.519318534678673e-06,0.00011848566707386261,,0.0010068275985315415,0.0011594780523940182,0.001639308971473075,0.003236118856212556,0.004132363566574207,0.006351886576343347,0.012403680456014572,0.015387866232260242,0.015112374603404746,0.015647208166378754,0.019332886723848232,0.015991376965881047,0.010882842364296734
75766,7.78247232050481e-05,6.894605877514737e-06,3.05800505939415e-05,9.321160783212483e-05,7.178089239017577e-05,2.693342242865594e-05,0.0,2.4027621382839337e-06,2.0849123231381337e-05,1.745554281640447e-05,1.5998646937575713e-05,2.0663095279136162e-05,2.334834457077694e-05,2.3374981138834775e-05,2.3810653001773315e-05,3.0149022419961052e-05
76317,2.0143430707550764e-05,6.1032582223774266e-05,5.2915153277926834e-05,6.994449571474568e-05,7.46324724546768e-05,3.3256255715116855e-05,1.3471627449458208e-05,6.195038368256818e-06,6.815798126999202e-06,6.822397303340314e-06,7.229718799111243e-06,3.782498344911272e-06,5.077262481960133e-06,1.1445942620323058e-05,3.138083758110786e-05,3.7162257526630555e-05
77224,2.4833311860057954e-05,2.7619926414048147e-05,2.191204453317634e-05,2.27321223543707e-05,1.3922567261919642e-05,1.8891073252727552e-05,2.0721207398184032e-05,0.00034613648084499694,0.00016492700297225847,9.700534893903902e-05,0.0002059459914207335,0.0003180627983361266,0.00010810093340554465,3.712240230595589e-05,6.374775868591307e-05,3.158873476705131e-05
77812,0.01732924655573949,0.0120666408982991,0.01291794917945661,0.015205352920968092,0.01339041345914239,0.012584963688816184,0.01603866875129403,0.013031671152846785,0.010927435985535968,0.010620184016780117,0.009477218200189142,0.008723123072395755,0.0063609997767342325,0.005927390548597263,0.006025121993753208,0.011527221917918192
77910,0.0001382946964860456,,2.3023784792288287e-05,2.172229499932237e-05,,0.0,0.0,0.0,0.0,0.0014222609268555438,9.493326610828379e-05,0.0006340298848836598,0.00018453745145445482,6.682285875669221e-05,7.310695679876382e-05,7.754266063252415e-05
78141,0.00017999260344375503,8.443522435375922e-05,7.291669482496825e-05,0.0003243943483652835,0.00036801319234526156,0.0005587442677643038,0.0005285374012050175,0.0008046877832121343,0.0006606082423290639,0.0005643443048703652,0.0006013565516551613,0.0006065215557721368,6.56915172147752e-05,0.0004176164932460773,0.0004583323501442933,0.0005166461194278546
78258,4.796835238368271e-05,1.2415004489609248e-06,1.8754564082705845e-05,2.3193148783612424e-05,2.6365965992790494e-06,4.6006006739529115e-07,0.0,0.0,0.0,0.0,,,0.0,0.0,,0.0
79004,0.0,,,0.0,,,,,,,4.863841091969957e-06,2.307340805414239e-05,0.00011554370126334168,8.365162856578688e-05,0.00010247331994184421,0.0003347829373607992
80285,6.312809688548622e-05,6.323838471357071e-05,0.00011071134202608916,0.00011378133675834288,7.838990731846753e-05,8.359535080670138e-05,6.372334077961191e-05,7.041406355045448e-05,8.710545627929953e-05,8.9324479298777e-05,9.914255301603419e-05,0.00010346713184700836,0.00011836468974977915,0.0001051168122673029,2.6991097704175882e-05,2.3293558087648057e-05
80846,3.0255958029883287e-05,0.00017400374307314576,0.00026436251088182255,0.0003238631444032451,0.0002489874425307632,0.0002665925413530913,0.00011848235705436011,0.00014468594644841435,0.0001318766147783549,0.00018386284790010407,0.0002192063361037876,0.00035330763732477073,7.919431676910133e-05,0.00015263870287477024,0.00017962218560214793,0.00013028683530817017
82430,1.8812055884418423e-05,2.3876210759762964e-05,1.3972181892876648e-05,1.26981373129529e-05,1.3545501252514595e-05,1.8210873721454057e-05,3.282727210304631e-05,4.235639007237158e-05,4.926429470999847e-05,3.927957391216698e-05,3.8137851295161945e-05,3.6734249257991374e-05,4.564603203685413e-05,2.3878353884796312e-05,,
83133,3.5132936871997524e-05,7.147940115846353e-05,7.753646352426107e-05,0.0006353248461177086,0.0007404860792811053,0.0009713340995988135,0.0012436215261354864,0.0020519761015068676,0.002490177735020821,0.002414450501944116,0.0014910625993265186,0.00132301589392426,0.002105242467383441,0.0020023707099308756,0.002228231297465299,0.0018929570381279472
83320,0.0013921321250080934,0.0015678473901817166,0.0011693986621118084,0.0010780491009994256,0.0012816791065203752,0.0008667836452093395,0.0008277246812301127,0.0005847258090299336,0.00032761626704454834,0.0007362426663385869,0.0003408797350642994,0.00023048393712540104,0.00030002688938693075,0.0003478925244942815,0.0003715858119274836,0.0002805310251993935
83464,6.541140830519067e-05,4.436955055825797e-05,3.8619964102786575e-05,5.0721880967037314e-05,3.962330417264597e-05,3.708776907581383e-05,3.6982107521875605e-05,8.020414191536879e-06,2.445085820779744e-05,1.85732321917962e-05,2.3843394918244027e-05,1.2742340843670382e-05,1.6426442047639532e-05,4.36047978897886e-06,2.5533313551752826e-06,3.940757338250697e-06
83632,0.0,0.0,0.0,0.0,0.0,0.0,0.0,0.0,0.0,0.0,0.0,0.0,0.0,0.0,0.0,0.0
83749,3.301420973859025e-05,3.421876005294848e-05,2.2541534673235512e-05,3.580203934406765e-05,3.172277203599063e-05,5.228308022227605e-05,0.0001020902274959345,0.00022631310227109978,0.00019965784455563596,0.00022264368675743064,0.00032929513301005047,0.00035082846304599377,0.00033592447096761336,0.0002653885655124392,0.0007959796017354534,0.0007278211122201264
84175,1.2547264509504666e-05,1.1229737913646039e-05,6.685979446335673e-06,5.041004313898574e-06,8.761200732557661e-06,1.5965671923643414e-05,2.1443765826002678e-05,2.5159939426285024e-05,3.2503906842774305e-05,3.4977362716508664e-05,3.480046412767324e-05,4.145062169415564e-05,4.340283448614327e-05,3.221202567029219e-05,3.4488556414549315e-05,3.6849201407924524e-05
84558,3.976339908791522e-06,5.507345692599144e-05,6.953198298529526e-05,1.6223068553196923e-05,0.0,,,,,0.0,0.0,,,0.0,,3.130955613996224e-05
85127,4.157721866782002e-05,4.012626291151018e-05,6.119865817830846e-05,1.791483083483197e-05,2.088675309618646e-05,5.409963406284757e-05,4.7102206896536596e-05,6.44296127913067e-05,7.296478662380269e-05,7.087441202085613e-05,5.835870838976623e-05,5.972326193425666e-05,4.8287317284710136e-05,5.549632423992051e-05,0.00010730889403019097,6.210381780217172e-05
86687,0.013488842678933823,0.009275964242136293,0.00881222515390338,0.009246352094110625,0.008301086595842666,0.007800672805248762,0.009039402577029147,0.007997601181222832,0.007888814027594048,0.007917277236273773,0.008554031538160548,0.008123160975215357,0.007588217623251166,0.010157034258944556,0.009219454980766352,0.007992689203428886
86810,0.007251534207007559,0.006159546535912781,0.006935591236520079,0.005140238289784944,0.0038901297707606784,0.003520742912517844,0.0027169302080765206,0.003076362958174211,0.0037271879956697978,0.003918918577772632,0.003273466510794335,0.0034563315084395274,0.004108404490515173,0.006144485858418209,0.007422922138646893,0.004658740199974691
86990,0.00015123178211587444,0.0002021544967530311,0.0015328179453167885,0.0018735307147917694,0.0020492063732725314,0.0020155402196753687,0.00015056247765646234,0.00016373265502721458,2.2789224966895605e-05,5.517199011981449e-06,0.0,2.090106782472511e-05,1.1980215905430128e-05,0.0002938122001238332,0.00031694849460823247,0.00014470573330717745
87059,0.0,,0.00014255448345349927,5.416001921467166e-05,0.0,2.3168553680047047e-07,0.0,0.0,0.0,0.0,0.0,0.0,0.0,0.0,0.0,0.0
87077,8.551001780797844e-05,0.000242839639819186,0.0004937997874342083,0.00044266031690977825,0.0005603131099932616,0.0005735762172040948,0.0006056534127256324,0.0007275338237848982,0.0002405383439455672,0.0006084530848451085,0.0005506957361406295,0.00038367371884277736,0.0003861334775252063,0.00033737520517737883,0.00031035968083060073,0.0002956514088023291
87139,5.415758507625516e-05,4.0083607149076826e-05,2.6914423538311573e-05,2.512467846001735e-05,2.7856008602052832e-05,3.518377071237515e-05,4.4098864962304604e-05,5.271572255067e-05,4.138399645111201e-05,1.4991139920836406e-05,3.386336072059891e-05,3.1142775223327244e-05,,,0.0,
87219,0.00019923076917620708,0.0004768172567782333,0.0006056336393691871,0.0004575168515276376,0.000239174101257543,0.0002963854845770984,0.00022124804774091355,0.00012275509794589703,0.00032568116078056863,0.0005009548768868363,0.00034670165886412,0.000467962201246004,0.0008260830245223815,0.0007442273395111873,0.00034018039321688146,0.00029912787700905733
87424,0.00017430832891126487,0.00030007227251567737,0.00020006326231141125,0.0004914502475558583,0.0005443043361313717,0.00035377812655545233,0.0006548420481539231,0.0011799532033784396,0.0006932882685868704,0.0007036717140694091,0.000630415065077573,0.0006693033894750364,0.00046954702275083177,0.0006947902443069951,0.0007516132335740184,0.0006037140824999787
87576,1.3887274610618871e-05,0.000297731585587916,0.00024031511609425195,0.00022415825694065502,0.0002428961953671397,0.00027521032642804265,0.0003730153868463264,0.0004569298384650695,0.0004377621159525508,0.0003498696368849461,0.00030084485147574417,0.00016505325760129424,0.00017248707689901646,0.00013514006486966792,0.00014805573103884623,0.00018730297788604132
87638,6.733337446172549e-05,6.418513768697869e-05,7.954660632360635e-05,8.225262542035798e-05,0.00030941675242150983,0.00012769353879101607,0.0002682625360243996,0.0003174219196778661,0.00022009675825240049,0.0001561082144827831,0.00027690100766538343,9.06617747202362e-06,2.4236916401462045e-05,,0.0,3.991006249261503e-06
87665,1.4920526741520205e-06,7.698404403848806e-06,3.3635835954526503e-06,0.0,1.6337567780846853e-06,2.715975941697036e-05,2.7089220264106184e-05,4.708423361704908e-06,3.843376390180752e-06,6.784195928707836e-08,2.9900202969555685e-05,2.3717743543494428e-05,4.0281009466969454e-05,7.419980127477144e-05,8.225991977069465e-05,2.781125937404218e-05
89240,4.876978842114235e-06,1.7031562081494488e-06,2.012609131355437e-06,1.4250035280972186e-06,2.6089705627365126e-06,1.1882267398532006e-06,1.541298671990163e-07,0.0,,,,,,,,
89428,3.9728960776916125e-05,2.2294873260544782e-05,2.2270073729984187e-05,3.3380248442041166e-05,2.3399106004525538e-06,6.774828082329624e-08,0.0,7.474221545432731e-06,0.0,0.0,0.0,0.0,,0.0,0.0,3.2944915053471996e-06
89801,1.8338657609341251e-06,,0.0,,,,,,,,,,,,,
89856,7.788445054442265e-05,2.2027794387651313e-05,1.8962558082229117e-05,3.116646627109135e-05,2.152141720165037e-05,1.155897735670856e-05,2.715493454857088e-05,2.0343369920651495e-05,1.797138310620625e-05,1.4574790963094947e-05,1.8747522759688546e-05,1.9653393462219396e-05,2.6247165309567323e-05,1.2732452286934606e-05,9.970566684323565e-06,9.264224226692298e-06
90431,0.007215157790106173,0.004697675273922898,0.006264885400128498,0.00595137264822509,0.00444029552894316,0.0027900338117819706,0.004303569247169883,0.004512643520736322,,,0.0,,0.001182052980667916,0.0008428130354354255,0.00024025060431061027,0.0010069815308328413
91232,0.00010116104794639295,8.746762634800725e-05,0.00010520311832567065,9.759759847077926e-05,0.00012288163917022259,0.00011438601056734433,0.00013888395406901129,0.00019431980733747759,0.00016226778568328114,0.00013544633363939422,0.0001294218099920155,0.00012534483195253708,0.00015220355344428157,0.00011130513723385182,0.00010253313937897939,0.00010098691142211752
91795,1.7803373175394058e-05,4.003454661750935e-05,3.585808330674532e-05,5.7620802160700935e-05,5.977928982348118e-05,0.00014674888889010086,0.0001184486038082487,0.00018454866365096153,0.0002474469649041039,0.0002821697130702964,0.0003016081623551879,0.0002678481890713782,0.00023412513112832495,0.0002672092574687116,0.00023760960561560485,0.00022834358684531238
92569,0.0408792031399111,0.045983646017784985,0.047755110052911075,0.0534585283125296,0.054420521082637,0.04729026301685275,0.00032731956520443194,0.03173657832114609,0.02655913481599773,0.028247231306262315,0.023432952940755012,0.0184544949039072,0.018039408908543792,0.024146895556462006,0.027896707215523835,0.025406613730821835
92658,0.006333521608389978,0.01077531249833304,0.021479920474742273,0.019557455032346547,0.009765976947882553,0.009727776558556793,0.004046861671964721,0.004177799390785313,0.0026740009803757183,0.002182012350936938,0.001972546950868615,0.002038586527067664,0.0020790570824029547,0.003022180912821468,0.00936821970869708,0.008265234866202354
92701,1.7140512789357663e-05,,2.4893675511322616e-05,7.656922676778212e-06,0.0001103383899508908,2.936862504411387e-05,1.9570311316172776e-05,3.0588608823985935e-05,7.288915750824463e-05,0.00012366355687865526,0.00014169268693325768,0.00011844715127716217,0.0001340489065257352,0.00014911768458358827,0.00013294851159511596,8.220608376084962e-05
92765,5.864278958040652e-06,5.779023189730925e-06,2.0876678355312267e-06,2.989934466493032e-05,7.210961283563139e-05,8.233852681007471e-05,0.00010777311916276334,0.00017090695612186435,0.00019102903878286215,0.00014477225572798646,0.00018589271698073002,0.00015321316260005194,0.00019708292996525295,0.00022089671185716457,5.929616433280282e-05,4.775651099358308e-05
92989,0.0,,0.0,0.0,0.0,0.0,0.0,0.0,,,,,,,,
93067,8.853472952298289e-05,0.00019359055184839515,9.687546608230721e-05,1.971210479165084e-06,9.061339985951974e-06,2.458676800480039e-05,3.836539320985747e-05,4.945495245342824e-05,5.550909882322207e-05,3.7071902664430207e-05,0.0,0.0,0.0,2.095274269863384e-06,,
93575,6.354433784439771e-06,7.657029595242287e-06,4.4929170229037205e-06,3.939546553889944e-06,1.3180411423844745e-06,5.304826224616123e-06,6.577103771037094e-06,2.1193367054133126e-05,1.0292762488807979e-05,1.821285054917895e-05,2.697249958762594e-05,1.986069861717558e-05,0.00017763152255252467,0.00016498876760745479,0.00010144760671046555,5.750101755358189e-05
94161,0.0008966440892468171,0.0010049123761981865,,,0.0006622596505033482,0.00028392489476131296,0.000352504564725527,0.0005279820977784608,0.0005583612794810068,0.00048481603879993305,0.0004999419403650573,0.0006284451368563406,0.0006799232942472276,,,
94223,7.25817730579882e-05,,,,,,,,,,,,,,,
94429,8.777657267636094e-06,1.4109578307118957e-05,6.444525542541265e-06,0.0,,,,,0.0,0.0,,,,,,
94562,8.435946981782344e-06,2.6456179862375633e-05,6.781590917262775e-06,1.3437630435769461e-05,7.924631445128618e-06,1.4852239964999893e-05,9.277463027047767e-06,1.0719212744009262e-05,3.3777984431599753e-05,2.1642137321608824e-05,0.0,0.0,0.0,,,
95060,0.028871264888453783,0.021207417884985827,0.019520933840685276,0.022228188358008674,0.01930105004530348,0.015688024781545608,0.01229521351511833,0.00957312251368013,0.01079709542016761,0.014344769716406686,0.01400486339578611,0.01187335294563261,0.012929173505423133,0.014243298857926292,0.013527072088848405,0.017582077429168425
95159,8.36696755885579e-06,6.608825078749588e-06,1.8801506601965837e-05,1.3810461723894082e-05,3.17023464025895e-06,1.6393725597717426e-07,2.9870129302134945e-08,0.002562919294873607,0.0,2.8755969690217647e-05,0.00023160686512382715,0.00022175990524129854,8.53469798082195e-05,0.00029921902158246936,0.00046998423395382615,0.0005238328483552292
95391,0.00045703925494517165,0.000588188378202515,0.0003917635216206468,0.00039117307317996234,0.00048307761832946505,0.0005677697310905252,0.0002959143103903626,0.0006526692611778436,0.0009772997616488044,0.0011047030252013053,0.0009847181959505597,0.0007974581711389977,0.0005366420261740313,0.0006622613928902518,,0.0008909124898174609
95471,4.3276929217250193e-05,6.814571882414573e-05,7.314088440469157e-05,4.100751567788731e-05,2.2042638220886415e-05,1.8520240557694775e-05,2.046103857196244e-07,1.9350634442321314e-05,0.0,7.667890378037486e-08,0.0,0.0,0.0,0.0,0.0,0.0
96254,6.320180515111712e-05,0.001470012876417814,0.0022598867849254302,0.00048661774272501404,8.750965873806664e-05,0.0013441976300019867,,,,0.0,0.00027553357684078624,1.8020895393757933e-06,8.987276084820613e-06,3.907010618369449e-05,2.779799068476286e-05,1.8410660683488297e-05
97241,0.0,4.634350040539869e-05,,,,,,0.0,,,,,,,0.0,0.0
97679,0.0,,,,,,,,,,,,,,,
98220,0.0,1.5618285724356035e-05,1.5567487648113457e-05,1.4905679923044664e-05,8.195234350942877e-06,3.6364186873486817e-06,4.444774807255354e-06,6.321390933722245e-06,0.0001658983317513384,2.049802916424234e-06,5.596186523467917e-06,1.0258202130900692e-05,1.7050274597434056e-05,1.451991274269037e-06,5.905361981106138e-06,5.450223818797893e-06
98373,0.004532457464874603,0.001705616536164636,0.0011237028736829472,0.0018002133508424102,0.0015992093172857219,0.0007661451022030433,0.0015103990188980814,0.00022499483597569154,0.00011664716467583773,0.007756567827306643,0.00868675171382061,0.008870518238642345,0.0068312340567073,0.008538720563730381,0.0,
99058,3.1061814507262214e-05,2.069970145999687e-05,0.0004747312592866095,0.0005126908344354544,0.0004609903082197014,5.4657241466917e-05,0.0,0.0,2.2299668756508956e-05,0.0,0.0,0.0,0.0,0.0,0.0,
100521,0.0013019364408856705,0.0004387101613839509,0.0015931495233713925,0.0012922889800431002,0.0010567417452169217,0.0007792133890039581,0.00114287664926332,0.0006317071156772279,0.0005171233134419631,0.0006916965496629306,0.0006698518707595984,0.00048138426918910396,0.0003549705085911756,0.0006187133138496501,0.0006953617554179801,0.0008180813399807888
100576,0.0008812755560595236,0.0006768279492066864,0.0005532106837494206,0.0004033235312859146,0.0002854789387044049,0.00025613816660514455,0.0002770541116147992,0.00021699202132497358,0.00028237367544113866,0.00022157073441353623,0.00018822813274314417,0.00020148739881727101,0.0002453322707485635,0.00016377688800556283,0.000214954426361037,9.552004602849024e-05
100610,0.00022043089062632424,0.00046712222964450897,0.0005363068552071369,0.00024202183924754056,0.00020488379771362963,0.00017973211393964412,0.00025141588266509315,0.0004969129608020468,0.0003722387231351332,0.0004016455708256857,0.00030674272034437485,0.0006971150294892145,0.004948435775038194,0.0003215369593819889,0.0005102809524583443,0.0003565507656106805
100683,7.471417271486677e-05,4.229056249731742e-05,0.0,2.1888800134579227e-05,8.722994511807344e-06,,,1.055122816129634e-06,4.684125866822476e-06,8.292275737391966e-06,1.5384876514065217e-05,2.22967143488218e-05,0.00011011055589713201,0.00034222266726036945,0.00036590741035334154,0.0003956916955783075
100736,8.600911631514448e-05,8.600528945930131e-05,9.962476858509667e-05,8.93287080779349e-05,8.153361802470558e-05,6.639212664050009e-05,5.7620674228990395e-05,6.084925930802223e-05,4.348290771192257e-05,4.282834353826663e-05,2.3236170036575727e-05,2.6031089712609597e-05,1.753856627316126e-05,1.713556978081364e-05,1.5134264041539809e-05,1.8786176738891635e-05
100781,5.447215591702305e-06,,,,,3.31015722969965e-06,2.7197549266375263e-05,3.5236708242332226e-05,5.2181185391153696e-05,6.872418091232578e-05,0.0005941981624786893,0.0017181082113079903,0.0019015221845983211,0.0016166849574168194,0.0017649393965120073,0.001987192495060435
100852,5.850267191505794e-05,6.767637734199624e-05,9.264340477501113e-05,3.45835722911143e-05,5.464834132371657e-05,4.054768566312287e-05,2.5694185658598807e-05,9.577548737508013e-06,2.0642798639628442e-05,6.106273413964799e-05,5.975165004410732e-05,7.676320118534628e-05,4.903823408557991e-05,8.045329377707929e-05,6.035690165718633e-05,2.5120133018434412e-05
100969,6.489308602442214e-06,7.639864813962803e-06,2.4301509195683827e-05,3.7801923760209593e-07,1.639135038390307e-05,1.7658699763465688e-05,2.0909090511494464e-05,1.771691154975202e-05,1.2156189544954619e-05,0.0,7.811348933832497e-06,7.75052239242335e-06,9.677665389645303e-06,0.0006298541462355686,0.0006226292458031457,0.0006916530266962903
101145,0.0,0.0,0.0,0.0,0.0,0.0,0.0,0.0,0.0,,,,,0.0,0.0,0.0
101190,0.0001022939141768708,8.579008921639435e-05,7.58932287169602e-05,9.970818251158251e-05,0.0003434256524548968,7.255153205655393e-05,8.861860004647629e-05,0.0001601226857648969,0.000322416213524587,0.0003423551963659745,0.00023754459466393272,0.00018765984871708415,0.00019685131245774796,0.00047462704741801416,0.00023916448255184713,0.00028429591134910637
101341,1.5262751032015733e-05,2.00834345739103e-05,2.253586210961215e-05,8.197100389264145e-06,9.91987785031245e-06,1.9414212233220223e-05,,0.00010794987870445442,0.00015309191769059496,7.911329788526776e-05,3.203455311333008e-05,3.222542219133133e-05,,,,
101458,0.0038572804996119345,0.0026406840082873902,,1.247428430374231e-05,3.182872082507132e-07,8.134038578546383e-07,0.0,,,,,5.902071445276358e-06,5.958004106171101e-06,1.679998795017262e-05,4.011372565161675e-05,1.7942805500216717e-05
101742,2.589586225554061e-05,1.2968888924329331e-05,5.617399997401481e-06,3.038196418118641e-05,4.711679311130755e-05,6.142154224746456e-05,9.278458698024505e-05,0.0001035481728575729,0.0001349423240417373,0.00012863295738355747,0.0,2.2912464306957396e-06,8.248605726876393e-05,4.162239807252754e-05,6.309477892137487e-05,9.448978125950739e-05
102160,7.55072818771296e-07,0.0,,,,,,,,0.0005818230446660646,0.0005961132369707502,0.0006878540380187325,0.0007848330270042377,,0.0007218442004687004,0.0007228969350654158
102543,7.075171093140323e-06,0.00011182227336209018,0.0002201609908068488,0.00010445501606862308,0.00020072115648938122,4.8355972169590314e-05,0.00023876508636885756,0.0,0.0,0.0,,,,1.1940810355135414e-07,0.0006609096154915704,0.0005134373212266613
103130,2.6489434815865385e-05,3.6423665875066146e-05,1.4631843494526746e-05,5.746285013133937e-06,0.0,0.0,6.050692525635802e-07,5.448939213678553e-06,2.5220044650362708e-05,3.4489673842284856e-05,2.992714039175241e-05,5.4975581535331535e-05,0.00019390887746889663,0.0003483542733777315,0.0017029047658247668,0.0015509253981828598
103407,3.5149693423319473e-06,1.1102795389407463e-05,1.8322873769861293e-05,2.2072060944499828e-05,1.6160202748363655e-05,1.1711113846978418e-05,1.387069237693473e-05,,,,,,,,0.0,5.6707787163743555e-05
104136,0.0001196576077816883,0.0001021043171548656,0.00012908099389307646,6.642208834181502e-05,1.4102577340454786e-05,3.0948739082563985e-05,6.0050310546426054e-05,4.158237440477022e-05,9.120987510060006e-05,0.00013796651974707622,0.0001703275863143951,0.00027284545238571414,4.9595901390667974e-05,0.0004008018045812694,0.0002056292883753286,3.561994014512146e-05
104519,0.00025111069688381734,0.00046131348832599567,0.0003737581469915598,0.0006576524486276869,0.0008326129597968476,0.0,0.0,0.0,0.0,0.0,0.0,0.0,0.0,,,
104715,9.719622174157725e-06,0.0,0.0,9.904075982204764e-07,5.260408809307031e-06,2.307601530147889e-06,3.752683911324887e-07,0.0,2.8468379059148004e-06,0.0,0.0,0.0,0.0,0.0,0.0,0.0
104831,0.0,,,,,,,,,,,,,,,0.0
105106,0.001365422079399977,,,,,,,,,,,,,,,
105384,0.0,2.9915395671722494e-06,3.344017361505402e-06,4.143909698847309e-06,3.846852115046766e-06,8.772553390666696e-06,2.512814670832335e-05,3.7741911845796586e-05,3.877938082774495e-05,4.655099845757292e-05,4.1586932259983496e-05,5.6355133684709724e-05,5.9802340623511765e-05,6.008756582147008e-05,6.965804760364985e-05,5.653164581977019e-05
105419,0.0008947181138540765,0.0010457872285260946,0.00010719459921280575,0.00015064648510074104,0.00016847922069219496,0.0008844541457385125,0.000858312291038085,0.001979472547644706,0.0019709395945133905,0.0021068069155993152,0.0013308456093938316,0.0012130663322839172,0.0009124725180205677,0.0009308985347142135,0.0004830095549028117,0.0003680345328646985
105936,0.001645932299779548,0.0036788294505687817,0.008985694862471002,0.005959174693272386,0.0014627436767482287,0.001227899895390057,0.0012884554949799166,0.0035228801800339512,0.0002857961543110938,0.0007444491500731898,0.0012179018653207313,0.00029061780579376945,0.005431125329543478,0.0014499621250527442,0.0006602928380005356,0.00046858417069884777
106318,0.0057875262429164945,0.004847317324735914,0.005113415820775595,0.00581035885326294,0.005524371033113878,0.00590475873039795,0.004732895801776594,0.00499423347166842,0.00495312538705428,0.007015035329173767,0.006733972131481018,0.006873520937063054,0.006686491280595705,0.007592216178426085,0.004176832324972679,0.003487099363427717
106363,0.00025243538964660656,0.00027911625219493235,,,,0.0004872954705694213,0.000732822700350737,0.0009174305630742244,0.0007676289010102957,0.0008505709118751258,0.000711849409894375,0.0008015810534984779,0.0007883591255836713,0.0008624522326704172,0.0011095161391733016,0.000801638923738485
106559,0.00044677355423958936,0.000587994569888516,0.00039862567938357473,0.00041027706616394245,0.0011041016621445039,0.00048246488231056835,0.0006480812430876778,0.0011382921772326306,0.0012690774703406262,0.0011681519184571537,0.0009013880775984111,0.0009746636425109508,0.0014064652887795267,0.001349330044591606,0.001281485988883165,0.00126331343692465
106684,0.00011736823110721086,6.97307710894617e-05,0.00012161762659713916,0.00021673549306461699,0.0001181155600786235,0.00012187856291794482,0.00012778720103326816,8.311462046224242e-05,6.600470069108442e-05,9.84585660506606e-05,6.493152332297098e-05,5.845741133761612e-05,4.010060150980533e-05,4.7508203735220656e-05,3.569137159633623e-05,4.9841138396399124e-05
106746,9.707491664611774e-07,6.639183684445392e-07,0.0,2.27155068945577e-05,2.5719325706591386e-05,2.6228263004447543e-05,1.2572337423268599e-06,0.0,0.0,1.9830747803493318e-05,2.0367208696819534e-05,3.4753760380939885e-05,4.050150808128116e-05,,,
106817,0.0002067321529183094,0.00038814937669448904,0.00024122330175145893,0.0002088622188731429,0.00019490940252524656,9.255748052704028e-05,7.744129722871506e-05,4.44247609350962e-05,7.477953687592657e-05,6.768353864673497e-05,6.35635050779521e-05,6.742782327648887e-05,5.848428196772023e-05,0.00010515325426871692,9.28429260996716e-05,0.0002520992728209985
107083,3.3948978580127e-06,3.5679687892444907e-06,0.0,0.0,0.0,4.566217147971163e-06,,,,,,,,1.0284867787017578e-06,1.1797710423068276e-05,1.5933281308481336e-05
107314,8.75092902626366e-06,5.289839732803885e-05,6.750613787215197e-05,5.896770601693452e-05,6.965912461550724e-05,8.918950803513428e-05,0.0001292624867195006,0.00015353985061790614,0.00020979063578158147,0.00024125898648707513,0.00036461613554858446,0.0005916879070732538,0.0006582071562159847,0.0007386837619792385,0.0008006488381588567,0.000998632539190678
108151,0.0,0.0,0.0,0.0,0.0,0.0,0.0,,,,,,,,,
108348,3.0264593307865155e-07,,,,,,,,,,,,,,,
109773,0.012278764521584868,0.011848092626374951,0.03142426461368006,0.03272678869788038,0.031138244411073827,0.018454419112687977,0.007048916004489599,0.006203447671612382,0.004236860272883577,0.002954219448281634,0.0018179712109974637,0.003919022681857949,0.006817204597465523,0.005428905705765111,0.00394269358555239,0.0033090574759653156
109826,0.0,1.1175041185240516e-05,8.294036138064992e-05,7.318002350305694e-05,3.7963831669056264e-05,3.701034246915863e-05,8.852709788371408e-06,6.558074413700708e-06,4.193872613896115e-05,0.00010387174686183553,0.00013644727431876897,0.000101629250339975,8.820555328573281e-05,6.680596138354815e-05,3.664505515632116e-05,1.0902176632383253e-05
110875,2.3805302576502753e-05,1.434898857735296e-05,1.4995874099225978e-05,7.943451724270748e-06,5.923433686327908e-07,0.0,0.0,0.0,0.0,,,,,,,
111480,0.0,0.0,0.0,0.0,,,,,,,,,,,,
112469,6.749908955823457e-07,,,,,,,,,0.0007127457832399424,0.0003623727769579766,0.00016564002167063335,0.00020539766961600987,0.000169633573861871,0.00020186692961391905,0.0001929448499708127
114319,0.0068269256637316315,0.011891257824145228,0.008518199328035792,0.008449929638669798,0.00640908368541639,0.0074062929981597555,0.007313218657472415,0.008930316763434065,0.009207161949853772,0.009765919814415823,0.010357545157738257,0.012421863008339805,0.006683747106434779,0.007237410825929415,0.008453219509684768,0.0073310024660159555
114355,0.0005259441471986678,0.00030851260537602453,0.00036463888438400285,0.00034333246718083505,0.0003400815060367225,0.0003159601532649002,0.0003464645258793423,0.0004102892346528006,0.0004631637401845068,0.00038088979744705547,0.00026523039047795176,0.0002543138608628289,0.0002479311162773297,0.0002915070604795206,0.0003108413424399058,0.0003303677330466497
114417,3.4349285395143396e-05,3.195659559477164e-05,6.443095069975374e-05,5.686728755281011e-05,8.595180008697247e-05,6.378262926247295e-05,3.7073111849149445e-05,4.7965909924004755e-05,3.903809978373239e-05,6.198775971478483e-05,0.00018225750765942143,0.00023689614419919257,0.00026493566246895474,0.00026524122041862296,0.0001949508494259623,0.0002154779205074101
114453,6.868130023432305e-05,7.844522806874985e-05,0.00020244771209883142,0.0001714007367705364,0.0001645633769592933,0.0004114252915236661,0.0004443802036711081,0.0006864970351455143,0.0008306946380064675,0.0008640567335324323,0.0009821427769872652,0.001142880285495348,0.0010897239623508378,0.0012740597384035812,0.001375945378626962,0.0017605701225260478
114514,0.0007682038897529317,0.0008803941851722638,0.0005628607010055636,0.0005466344661477795,0.0007107036689447205,0.0008016457107400206,0.0009111943679545847,0.0014125289505297696,0.0013643732926352245,0.001169831490219911,0.0008995130316122314,0.001118108080157486,0.0012921124053167719,0.0008555905473840776,0.0005730509819913685,0.00044011594733665463
114603,0.0,0.0,0.0,0.0,0.0,0.0,0.0,0.0,0.0,0.0,0.0,0.0,0.0,,,
114710,1.738291737841998e-05,2.411049721468966e-05,2.491019993579067e-05,2.9641489554414645e-05,2.109247890022662e-05,2.3440990062455518e-05,6.311369144055534e-05,5.104048901699679e-05,3.988942107222632e-05,2.3446530925333803e-05,6.0770404889802894e-05,6.074241219006289e-05,5.521509246270315e-05,1.7816533918519243e-05,1.871630763299937e-05,1.763488233478598e-05
114809,0.00023502348240639034,0.00018392242474503417,0.0005653286772370611,0.00045027377298282624,0.0004806241911692832,0.00054506896315902,0.0008158573784254722,0.0008977037839629527,0.0010205926090949005,0.0010095583133356311,0.0009137646902155658,0.0008415363396311013,0.0007045095944615657,0.00050247459425435,0.0005472136978709682,0.0005252380888687442
114854,5.367030867585e-06,5.1480253346358454e-05,5.493549024958077e-05,2.0337673348239025e-05,2.1231637711959507e-06,0.0,1.89177485580188e-09,0.0,0.0,,,,,,1.5146313614821289e-05,1.2384843693724686e-05
114925,0.0004313592746391776,0.0005239236932828903,0.001314509827538104,0.0009701942253374209,0.0003550379189374454,0.0006886812255036352,0.003249488029118508,0.00017835265427355607,8.74409660884112e-05,0.00012227643274772312,0.00014686937135840336,0.000128545450590586,6.828997123321768e-05,8.288454414962373e-05,7.482833206092663e-05,0.0001478217601318056
115076,0.0009409789428177739,0.0003156371424654547,0.0006835554261645018,0.0012131467406567655,0.0022904796124662984,0.0005438964424742448,0.00027265434113569244,8.731799769051636e-07,1.6703462726481537e-06,0.0,4.043886100430301e-06,0.0,0.0,0.0,,0.0
115389,3.834166224875838e-06,1.5091557510764691e-05,2.177902702676185e-05,1.5153439564306868e-05,1.5395857912853e-05,1.8388394592633898e-05,4.7705185240049026e-05,6.56735968868448e-05,5.315762581552481e-05,2.6276378296301728e-05,5.8475353302082284e-05,3.8532175078534525e-05,7.966373764722587e-06,1.0283515997166053e-05,7.2875819206395505e-06,7.780476543608697e-06
115637,2.911383971585346e-05,1.0245581088494698e-05,,,,,,3.9405007765111924e-05,1.8919825655232507e-05,2.6786711840789605e-05,3.6297547031067716e-05,3.860880351935842e-05,4.421811558423045e-05,4.544604831671962e-05,4.0865565470722116e-05,4.427593642423457e-05
115959,0.00013483873487658973,9.16956706442158e-05,8.995518509500658e-05,0.00011251926288680858,0.00017898901728559258,0.0002793286238647059,0.00037831066380191114,0.0005744643057233596,0.0006693361443162324,0.0006721493204952639,0.0006607150496027213,0.0009126480932162902,0.00366041136391744,0.0029500663600418274,0.0035081972192905903,0.0010216421639155716
116493,0.00015935603668288282,0.00023291814004887856,0.0005211658785746468,0.0006477916990343616,0.0006929789949301329,0.0007375637325575189,0.0009249343287322737,0.0009425227746123926,0.0006646983717783004,0.00021420127501515777,0.0002772736000471699,0.00021562810861658251,0.0001680530658789067,0.00016774281413162788,0.00035746130212693187,0.000230319827887389
117827,0.00012425260367732331,9.714779441734042e-05,5.574650242558752e-05,2.5595309606534944e-05,2.1949988135566897e-05,1.9357670434939127e-05,2.4526363169983004e-05,4.282842189474914e-05,6.0325081903805545e-05,0.00010532827782764211,8.634887189944738e-05,4.428939715134439e-05,,,,
118691,4.174334496804253e-06,2.858832750712951e-06,6.335431456625303e-06,,,,6.038346205524253e-06,3.337188517238909e-05,3.382596419308283e-05,3.993571704079424e-05,4.406383242683279e-05,4.652755616692389e-05,3.7132874954042537e-05,3.4467149090098374e-05,2.405705338696484e-05,3.094733173198757e-05
119331,2.964367570059781e-06,2.677193498068854e-06,2.2264401166360826e-06,1.5072395380577634e-06,1.6063511620464778e-06,1.1681060098342518e-06,1.6280216140640285e-06,1.321664827428458e-06,4.524967820256335e-07,1.6086000522953787e-06,1.2793177613368183e-06,1.1909837291689126e-06,1.4550872690889416e-06,4.182099853154738e-07,5.419630293714893e-07,4.5197004366171356e-07
119894,5.0805760807223427e-05,2.554234740231711e-05,2.7935402779449726e-05,7.69902919645622e-05,0.00013664998555261356,0.00022836680491367415,0.0008745556673525859,0.0022205786101667465,0.0010599040657279543,0.0005084425304178127,0.0006372182327333012,0.0006938014299420719,0.0008161161113055817,0.0005718290737800624,0.0006012985556436782,0.0006304554723181876
120726,0.0011816479438066644,0.0008761776694604967,0.0006506097521174843,0.0007896371783836901,0.0006262671128780053,0.000709637093164763,0.00086638499218328,0.0008882934915512962,0.0007631005641510974,0.0008530192057572947,0.0007377128597257644,0.0007372645691196841,0.0007365605088097637,0.0008247128509463945,0.0006621333166003786,0.000661663395983299
120771,0.0015378111149788446,0.0013575640885390228,5.148221438002539e-05,8.209418263901882e-05,0.000373887619206127,9.734986486813583e-05,0.00010505085514526443,0.00037557407969942603,1.2579642887825846e-05,1.3442833604406748e-05,3.6476542425290835e-05,8.623942489086958e-06,4.084862113427967e-06,0.0,0.0002539405261681433,0.0001763462298556786
120860,0.0004902936076524003,0.0007479778890408901,0.000749388157767762,0.0007432576111293008,0.0010838170978661435,0.0015063837881843472,0.0019999803948698405,0.0018981591491531713,0.0018546006388138593,0.00242721362723458,0.002801629197003994,0.0031541724345422744,0.0036755113689883605,0.003182974851221333,0.002976393319036865,0.003217351160189284
122828,4.8267091881483855e-06,0.0,4.410623744831468e-06,1.3434125064500896e-05,2.3052751918723627e-05,1.7166123917179013e-05,1.0147480326521283e-05,3.358975535011286e-05,3.2286429570386114e-05,2.2249493152512682e-05,,,,,,
123914,0.0,9.090929308992659e-07,3.6576525821304167e-06,8.023654618895526e-06,1.8235902637627485e-05,3.3286224566157736e-05,4.503628918690327e-05,4.887089045052754e-05,4.8137525444564164e-05,4.4402976585165904e-05,3.1388306732217925e-05,2.2677614550492936e-05,1.4658616331973545e-05,8.64030278348341e-05,3.5497668011629054e-05,3.133035810849897e-05
124117,2.0960389685192087e-05,1.0699807315487626e-05,4.1242825984521956e-06,0.00014527730792867938,0.00029835943129535966,0.00019249706163356438,0.00017264795342697257,0.00015891608552158105,0.0001898635836564742,0.0001434863882527067,0.00017121626949527781,0.00019715288744097005,0.00020310357572321712,0.00025166361785159964,0.00024365704545411445,0.0002789319211453335
124493,7.79786161947963e-06,5.79336987259139e-06,1.6889441605557817e-06,0.0,3.3893326215617266e-07,0.0,4.978354883689158e-08,9.386988192089456e-06,,,,,,,,
125016,0.00012147615620429746,0.00018841396124342106,0.0002553394352226617,0.0001841222899635633,9.183886439008614e-05,5.483280969341146e-05,4.2976345503130375e-05,6.778566316125774e-05,6.999038993312175e-05,0.00010961161846474703,0.00015055216173387253,0.00013615857026153203,0.00010348455687665225,0.0001226708173317406,0.0001205184395662356,0.00010892294346551128
125347,0.002776155415588432,0.004213550559848764,0.0057224808678705144,0.006657097688322457,0.005994885050064112,0.006053681676901237,0.005873867234625926,0.0055557022764510956,0.005763023063846088,0.005780865820209875,0.00636240051855307,0.0051219797450307485,0.005279001330996973,0.004844279969680168,0.004892771698996864,0.006631393037556432
125542,0.0,,,,6.17996641661585e-05,0.00025404909148456955,0.00023325135920097646,0.00047525702926473525,0.0004680922956352528,0.00024055304349416794,0.00033229827795757164,0.000372445210080838,0.0004058435166577753,0.0003365810849641852,0.000281502077448294,0.0004243407609890525
125999,3.9741708092032204e-05,7.392730392153032e-05,0.0001728171171177335,7.844011352124084e-05,0.00010971790623120537,0.00012650734959344326,0.00018115944677161592,0.00014027416638161578,7.093104884045463e-05,1.051329445337382e-05,3.794895367097242e-05,,,,8.892317313437642e-06,0.0006446361472541341
127064,2.1752676440028076e-06,7.960487556817652e-06,7.398996030472175e-08,2.1384166886756546e-06,1.7411015636927861e-06,5.8219374758626105e-06,4.7510431996999105e-06,,2.6847755154332196e-06,7.336504959538866e-07,0.0,4.924398234764564e-07,4.204820876611751e-07,9.11894904007747e-08,1.6066097708640986e-07,2.610782129077585e-07
128105,0.0,0.0,9.001289726404427e-07,4.272346502127546e-07,9.511144761785507e-07,2.872085639413674e-07,0.0,2.3907459000696425e-06,8.402847816152521e-07,8.214124009529375e-06,5.281245260214584e-06,1.5931829540993583e-06,1.534642166866177e-06,0.0,3.091154686703845e-05,1.541982388769027e-05
128221,0.0,0.0,,,,,0.0,8.798228932432258e-05,0.0005800819382345334,0.00031047389397329434,0.00022926137929704042,0.00022791980696813493,0.0001912870894351612,0.0001719749865338662,0.0001850246251713146,0.00018822102008710006
128374,5.109226699455026e-05,5.074268013287135e-05,1.54757400973356e-05,2.768352937864474e-05,1.9980677876392414e-05,9.252903983270969e-06,5.090148820957282e-05,0.00010693529552028009,3.3307016022271916e-07,0.0,7.520324073464107e-06,1.5325688164779474e-06,6.262364231820819e-06,1.927979010821765e-05,7.957163319476678e-06,2.0626907814500393e-06
128711,7.769375482232317e-05,0.00021967218081180652,9.336110738996694e-05,4.372684249318963e-05,4.000771753219531e-05,5.8836834967182286e-05,0.00010461514952584396,0.00016962485991724253,0.0002274990015028054,0.00019041341710877038,0.00018200365812002858,0.00024880870392242615,0.00020711185841732803,0.00016712791872291558,0.00011097116100287568,0.00026461870795271023
130302,0.0,0.0,0.0,0.0,0.0,0.0,,,,,,,,,,
130534,0.008492743466689486,0.007954969592017828,0.008890237044028132,0.007557370974040058,0.009562428237163642,0.01052596939920989,0.010810336032531481,0.0138246022000396,0.014061717854325728,0.012494750415953786,0.013614801969829208,0.012672180259623904,0.013920251821894205,0.012639202161878912,0.008828546473124685,0.007516285707834798
130552,0.001853195522293742,0.0015883667333428963,0.0022385188954447614,0.002474462750922799,0.0016902508472381496,0.0009831341861253693,0.0002305696189922308,0.00013828262661777645,0.00015061486085199405,0.00015199857503587453,0.0001553299876926598,9.380666358314047e-05,7.204064013432946e-05,8.92176232794401e-05,0.005800222278034909,0.005472546546312377
130614,2.3287802703161064e-05,0.0,3.202770527283688e-05,1.4069368445790323e-05,5.621751489403293e-06,5.911164848225122e-06,5.732973916958761e-06,4.963313263220177e-06,1.3716054575059414e-05,4.371479953275044e-05,6.205970879830921e-05,5.086142697109677e-05,3.7848790731972915e-05,5.026270085601094e-05,0.0,0.0
130678,0.0001114600561527624,0.00012109996573903423,5.427985699021393e-05,6.185613194223243e-05,2.3968893008215353e-05,7.40340987583299e-06,1.3508865543988204e-05,0.00010759582449363537,0.0001641169233673638,0.0001903376587200414,0.0001991523903261593,0.00024019797323348124,0.00013461863234879342,0.00014795728564520854,0.0002140245741793199,0.00026440344810167043
130785,3.591617714513823e-05,4.696642825138476e-05,0.00011169697050841507,8.467841244563063e-05,0.00011466502403035982,8.797377447449569e-05,0.00010426039195683227,8.531128590872973e-05,0.0012118738611033796,0.0009906218459045583,0.0013179466961045511,0.0010275497578359379,0.0017237204333570488,0.001603206711403883,0.002128379911115846,0.0018002479053751837
130981,0.0002461794391515314,0.00021907576871003576,0.00012487195168454183,0.00022835874333177697,0.00026544109844388986,0.0005241434039393131,0.0007784920371446502,0.001094765842512304,0.0006001767452641966,0.0007199301270614873,0.0009756340747972326,0.001259915775945211,0.000972772155057252,0.0009498284365491949,0.0008859977329823327,0.0008738763799900103
131069,0.0004955512583322151,0.0008737477000510055,0.0007068699915007877,0.0006720829404215648,0.0009330654166550925,0.0013208512158603795,0.001343331303460236,0.002106582014741489,0.0020848462202706186,0.002435701420368886,0.0016126562769440806,0.0027665853004259053,0.004680892418907157,0.0032137569085270204,0.003601119993895874,0.002800375916994848
131103,0.00012050736025547502,,,,,,,,,,0.0,,,,,
131210,1.488896685651506e-05,4.020401680879859e-06,1.5260840368183886e-06,0.0,0.0,0.0,0.0,0.0,0.0,0.0,0.0,,,,,
131256,0.0016914843163422341,0.0021847005688348225,0.0017382112799464177,0.0015945981573753393,0.001488149637971166,0.0018439644723817605,0.0022583383942860425,0.00253723051958975,0.0023287912434552405,0.0021214431049163375,0.002181742216393577,0.002102909577310771,0.002325537026514433,0.0018275817475227522,0.0017967098369625497,0.0021936832627558445
131443,0.000756370269288071,0.0007718503850345552,5.601368839335457e-05,0.0001422001528142819,0.00012101622044208837,0.000549486694413307,0.000635888654574937,0.0006593970194402674,0.0007853541119262292,0.0003356588175731688,0.0003885119787187692,0.0001547239519641745,0.00017459778735618488,0.00017835932102888623,0.00017590293753625658,0.00014690555498770858
131461,1.4364476520045196e-05,0.0001334742358969504,1.6441144657178208e-05,1.1476024673880248e-05,1.1603008821366774e-05,1.1989577958633068e-05,3.1690215847611705e-06,0.0004298886901894582,2.407387436757326e-05,4.745853424673344e-05,3.872560738570986e-05,4.095481886700667e-05,4.3429222281961115e-05,3.45124903747016e-05,7.821110248714002e-05,0.00011836779361640694
131540,0.0004714349829474369,0.0004899408849248434,,2.462032564189615e-05,0.0,0.0,,,0.00029031206057833394,,,0.0,2.3622949911824936e-06,5.958520691789718e-06,6.127556112416642e-06,0.0
131620,4.510904736240227e-06,,2.1736606116187146e-07,0.0,3.415783082081176e-07,5.843501464996843e-07,4.891731508712967e-07,3.014983406494894e-07,0.0,0.0,5.3902537070480714e-06,1.07632131823911e-06,9.620974694772549e-07,4.350853918744461e-05,1.326443803654914e-05,6.4466705303596e-05
131817,0.0,,5.299325379158182e-07,0.0,0.0,4.389621660577005e-05,0.00027698302070706016,0.00045846670319506304,0.0006173281739961956,0.0006650863005574916,0.0005664140157026311,0.0005905870037995987,0.000267972608049949,0.000507249679255707,0.0003638051614681658,0.00023238802983972407
131933,3.1717170425528654e-06,2.8710018120678096e-06,1.6013893741951943e-06,1.5779078228320425e-06,1.4324393841310948e-06,1.757804704819986e-06,1.596558411199113e-06,2.267427738193684e-06,1.5129308324312772e-06,1.788652796346295e-06,1.2893039085063219e-06,0.0,0.0,0.0,1.1316209474740306e-05,9.063066489387748e-06
132075,0.00040593300702436495,0.00044534908887763094,0.000429108145440981,0.0003981034025001923,0.00038572853522516595,0.0005478772907045761,0.000676519497958166,0.0005498306532556317,0.0007329820530529527,0.0006383239823655637,0.0007849271957087708,0.0007702048698059745,0.0008496759064413459,0.0007152250825187634,0.00037532701699357675,0.0003636392119906049
132164,0.0,3.625099329920984e-07,0.0,0.0,5.592802929834784e-07,0.0,2.781904709005501e-07,3.381539360102566e-07,0.0,2.1429590396244015e-07,0.0,0.0,,,,
132271,1.731064832578605e-06,9.129486019180158e-06,0.0002743056105918391,0.0001261446410077224,6.62057231006873e-05,3.744535774602401e-05,,5.986392777445034e-06,,,2.171777216359256e-06,2.6815950712563457e-07,0.0,,,
132315,2.2941774778316383e-05,2.1336719798078035e-05,3.8900057208073446e-05,2.975583476519525e-05,3.0160064133801245e-05,1.7072057381900553e-05,1.6714029985204955e-05,9.629983231534013e-06,1.2473576248033957e-05,1.40702566634308e-05,2.7155606924801208e-05,5.361140311702773e-05,5.228636033518156e-05,6.415290482619936e-05,7.118893250064723e-05,8.430330040696193e-05
132510,0.0,0.0,0.0,0.0,0.0,8.829349881732843e-08,3.233939332444477e-07,6.414729188134264e-07,6.558008561064701e-07,6.112219941196747e-07,3.979353771242501e-07,2.587110682361676e-07,0.0,8.673984880617235e-08,,
132716,4.9977699329319705e-06,0.0,,,,,4.179070050403096e-05,3.655181875800744e-05,,0.0,,,,,,
132752,0.0012642061357578424,0.001266626998751054,,,,0.0,0.0002855697867775449,0.000231513220390442,0.00016886424775778625,0.0003868221487472116,0.0006265540345627087,0.0007116613815886448,0.0006750517312893431,0.0007016435935559171,0.0009207008253549515,0.0007193149981766521
133161,0.0001643836188850379,0.0007831788844882496,0.0010705882763564656,0.0011730429797993398,0.0014528016099004805,0.0016364675338654622,0.001499382317808868,0.0015916556204709272,0.001301555702783188,0.0012709956341096025,0.0009174416903040206,0.0006966816824445551,0.00038270196783998035,0.00020876045521932954,0.0001205578550592808,0.00016052549530164403
133214,1.4930190028785624e-05,1.6028319044323424e-05,0.0,2.946299604941929e-05,2.8958845858711005e-06,0.0,0.0,0.0,0.0,8.284635462465469e-08,8.391720310507172e-08,0.0,0.0,0.0,5.9460466958703194e-05,5.9990553923188236e-05
133429,9.10199419659776e-07,6.181883168268081e-07,0.0,0.0,0.0,0.0,0.0,0.0,0.0,,,,,,,
133964,5.583807185208285e-05,3.8069051065625684e-05,4.0501939848670675e-05,1.9674246781950332e-05,2.4762333350297403e-05,4.353277000150372e-05,1.646600834489956e-05,2.1704846123173768e-05,7.236567856092562e-05,0.00010276943008780194,0.00012414618718440892,0.00014340456203156105,9.860829579488322e-05,0.00013137701987048586,0.00013021443664071848,8.759514438904081e-05
134014,4.714892618376086e-05,3.7351204541071724e-05,5.058298972912201e-05,4.688637383239839e-05,6.438850298949965e-06,1.0033367574259144e-05,7.07045874001069e-06,2.6218339398291283e-05,4.64954093947741e-05,7.668258584058039e-05,0.00010684858585996982,0.0001223377461686902,0.00013949998306477066,0.00010763688649800795,0.00013089574629088292,0.00012112591852002911
134194,2.0198634806077677e-05,2.6077273720400147e-05,4.693462699756318e-05,3.3892172862102453e-05,6.102855976851509e-06,8.488570935335963e-06,6.632363510246044e-06,4.27717392356979e-06,8.643792187377467e-06,1.2536586536318165e-05,1.9683199574310096e-05,4.107572685618544e-05,6.388375744609112e-05,3.380533530862271e-05,1.3335128866467161e-05,6.946344620829314e-06
134559,2.4436808679390713e-06,2.4246534511098707e-05,3.128081772909422e-05,2.099058380072202e-05,4.120908275428843e-06,,,,,,,,,,,
134942,0.0005081472504817603,0.0008818137382031537,0.0004947175095751879,0.00042738762461491474,0.0004670121963979628,0.0005454791883381405,0.0003323217166244652,0.0003677891352264318,1.0780808440358603e-05,3.319377275294498e-07,0.0,3.806167485044548e-05,,,,
135020,0.0,0.00014204112699538803,0.0,2.134013942362337e-05,9.560915711662938e-05,8.181173723299632e-05,0.000139849754916447,0.00016695082209806022,0.00011699220073299206,0.0001348775473891434,3.4980886114349145e-06,0.0,0.0,0.0,0.0,8.320949507953959e-06
135949,2.7345252544425086e-05,4.881907177112494e-05,2.179686682830199e-05,1.5557258334445605e-05,6.763610522677799e-05,3.611671038401325e-05,0.00014250700161916492,0.00018030316890086577,0.00036097172752332985,0.00014266041009709888,0.00011802912658126785,0.00013199933543378225,0.00011464025204035572,0.00010549863657578149,8.5133180684908e-06,6.5127451467844546e-06
136483,0.0042505335261282876,0.005042523543646086,0.004922219515307102,0.004650475107313221,0.004479365577649941,0.004322482180407573,0.007639328681574306,0.006332266964443757,0.005440204656776091,0.011780120706609679,0.00707709212019941,0.0071118622920547546,0.0059291019527523475,0.006464449616035909,0.004334748355711909,0.004326061719425677
136526,0.00026752193988742093,0.0003635831161082142,0.00040952390727005825,0.0006213701734198257,0.000705080227564784,0.0006219070596855602,0.0006224901093751714,0.0007730139502884112,0.0008631708954951669,0.001086591339256274,0.0012827238766936501,0.0011700049119021394,0.0012775793854966435,0.0012515466359442476,0.0012527262815895629,0.0012579961295801387
136642,4.616275687804636e-06,2.044940308223483e-05,3.686122274634334e-05,0.00010254493926438177,0.00010718564200397528,0.00012462143441774312,0.00014508041282564152,0.00018830938208360396,0.00019173456200680098,0.00020582053778132772,0.00018948521244565816,0.00021406439198037573,0.00020025713906573873,0.00017192136553642238,0.00018307082702896673,0.0002425109701338301
137185,8.019870504356211e-05,6.744401231780979e-05,5.042029402751862e-05,1.2846484625038588e-06,2.338661550928024e-07,0.0,0.0,4.7336695995692773e-07,1.1687079915732666e-06,1.1109051794630227e-05,3.0425860329805854e-05,7.069305962795983e-05,6.068989452735523e-05,7.113405454066757e-05,0.00011427895630644875,0.00010228662922250994
138039,3.547793678755865e-05,1.8115377114372985e-05,2.2540383718297436e-05,1.6560145054382176e-05,1.3053596160354271e-05,1.0600313713780412e-06,3.7190302323111486e-05,0.0001291305012635118,0.00014150463103179684,0.00012737930793507618,0.00012308740383283224,0.00013127372735567762,0.00025994085206116734,0.00016909398441280406,0.0,0.0
139330,0.00023881056580607932,0.00016203156432147066,0.00012932820257156123,0.0001235663002248418,0.0001960680061694999,0.00022216724293517743,0.00021769539412881529,0.00023667158511639317,0.00020599187011394188,0.00017557710781957695,0.00021656093019310334,6.012946473498773e-05,0.00010013565586972846,4.024103781800067e-05,2.7734690259790815e-05,2.6076861477862742e-05
139704,0.0033301297779171576,0.0027739608491996266,0.0027799491443476656,0.002513894532108041,0.002594889733552485,0.0029548001776720776,0.00278694728466719,0.002805604096895176,0.002233910509993037,0.0017230157467617991,0.0016527781826722555,0.0014305725983800874,0.001404185132654258,0.0019115030018393411,0.0018748677606662742,0.0017795870660379796
139740,3.084027850665606e-07,0.0,,,,,,,,,,,,,,
139811,1.006421088600543e-07,,,0.00024986118144513494,0.00016505586983946516,0.00012468451333084052,0.00019724948975569927,,,0.0007832892700998256,0.0007392629783015211,0.0006276193593117045,0.0006238013072706899,0.0010211603030048021,0.0008952422727112028,0.0006959727040484322
139884,0.00017864724769436633,0.0003232032243389923,0.00010929747609573293,0.00014467010751753847,8.303460818568293e-05,2.6506642218507178e-05,3.740775686443102e-05,3.6000406937729405e-05,3.441496513913417e-05,4.1555363273706246e-05,2.3985214991491598e-05,2.0204926064513026e-05,1.0390057574662318e-05,4.11344019361271e-06,3.9717535682121665e-06,2.895363864877495e-06
140244,0.0,,,,,2.5808868885065233e-07,0.0,0.0,,,,,,,,
140477,3.4671977509251366e-05,9.208520870295395e-05,0.0001029192126731979,0.00013125540220986545,0.00018997683247937782,9.135125549704354e-05,8.360778628894547e-05,0.00013780137020848692,0.00016857671771015767,0.00019731976538479702,0.00016985823739742846,0.00015004329142415178,8.790855355416877e-05,9.414196841023622e-05,0.00011032385792619454,0.00010490967640836112
142284,1.537182281700094e-06,2.9259547312386967e-06,1.0973533223860289e-06,1.6380599938006254e-06,1.0918162314417353e-06,1.2412028391435978e-06,,,6.20040250344434e-05,,,,,2.8162288573432583e-07,0.0,0.0
142881,2.930032059989037e-06,3.479070593662683e-06,9.276121323402966e-06,7.631964433346026e-06,1.0880470408177137e-05,3.129155557124127e-06,2.2479263641810025e-06,2.410287459185813e-06,4.250565407125514e-06,4.962496642016817e-06,2.62934415800997e-05,4.060410562687221e-05,2.573906321146055e-05,1.9465886511110893e-05,1.3832213929572512e-05,1.7556375165217485e-05
143450,0.0025597121729730183,0.0034521758152100015,0.0037341131494207803,0.0032192125284937027,0.0038722770324330752,0.004179406470863463,0.0048496551502057094,0.005341050265798176,0.005264905196117985,0.004128372572564787,0.003872809385243787,0.0037540616666431013,0.0040374162301309675,0.0065346279551515484,0.004808369847079653,0.004948325106378664
143557,0.0020295658322259623,0.0007745666476243423,0.0010198175165503037,0.0020781720460130073,0.0029748253240298858,0.0008599564353108846,0.0,4.364686123090032e-06,2.548852220190603e-06,0.0,0.0,1.6986291335361302e-05,3.990719540989414e-05,4.712632310216491e-05,4.739932608687224e-05,4.9043153270895255e-05
143619,0.00035777447292322456,0.0008770031161065041,0.0008242953469470613,0.000734641408551167,0.0008739083739153315,0.001025128187217196,0.0013134969187461659,0.0015147366452576594,0.0030090483017623125,0.011046866676488425,0.010584481359171663,0.01191046393137344,0.008382836450796457,0.00869041802659645,0.007245499026945444,0.01063841788321296
143682,7.036569344542826e-05,0.00010468697626051462,5.8596677907592406e-05,5.033376626018175e-05,5.474150572354619e-05,7.603165427147694e-05,8.995030997786314e-05,0.00012149800522685245,0.0001306781663050875,0.00012386413710835208,0.00010153788566146535,9.22727335508903e-05,0.00013188213179021193,,,
143851,0.0,,0.0,0.0,0.0,0.0,0.0,,,,,,,,,
144054,0.00026496641160943105,0.0006074165199062528,0.0004350546363396045,0.0004216571838799148,0.00046273412830294755,0.0006909618295985678,0.0009605847263227625,0.0014696992989259217,0.0011336253758548508,0.001019931505398184,0.001022232626343854,0.001108447051393006,0.001161818552607774,0.0009344850584886174,0.0007643578797960339,0.0007377739626520152
145202,6.27853585903489e-05,5.6833487484052016e-05,4.0507036934825e-05,8.726677859033935e-05,9.51246728481148e-05,0.000163237954487022,0.00024703403426356755,0.00038339252398804797,0.0004253123553246234,0.0003993458480728104,0.000514081233833434,0.0004935744368583526,0.000272176410999719,0.0004892746479770965,0.0004315358664370281,0.0004139942400564919
145499,0.001430408200264561,0.0010564370786423358,0.0008246623371501728,0.00103467707218604,0.0011440823414281683,0.0013849733506053241,0.0016204330081477233,0.0011623602168712817,0.0006921111960848207,0.00015908037348069516,0.00015147071943906066,0.00014493633013287888,0.00017595092533698056,2.5035035401084333e-05,0.0,
145765,0.0003768489795777346,0.0002744138706966497,0.00065607358184172,0.0001804517456008231,7.659641914824596e-05,7.258650986570079e-05,5.414279550724515e-05,0.0,,,,,,,,
145827,0.0,0.0,0.0,,,,,,,,,0.0,0.0,0.0,,
146263,0.0018623170486667274,0.0023302516374111,0.002598182119420406,0.0021494072194288387,0.0019281195447955562,0.0026227653439715322,0.0034116374286325612,0.0038572299449521645,0.005320786748004922,0.0059813332868128835,0.005987780445387924,0.005727860568531754,0.005890892424408111,0.005286142897922695,0.005607925065967483,0.006642236590459302
146502,6.214007716306131e-06,4.588760893843089e-06,4.889092154802003e-06,,0.0,0.0,,,,,,,,,,
146539,0.0003452347128814899,0.00044517628820639195,0.00026454247090749707,0.00025820417538659674,0.0002841502439043112,0.000288719995825449,0.00031667524506051847,0.00040864568029260146,0.0003443423836535703,0.0003022341796453364,0.00029034412401680035,0.0003851714565497899,0.00043917028484886917,0.00035643110509143766,0.0003802224640727177,0.0003809115457308935
146744,0.0003198252018179992,0.00026903924463004815,0.0005113234052106446,0.00046523623992042164,0.0002730231964252916,0.00022955622021985758,0.0005393942971024645,0.0006443744155256752,0.0006729800503663008,0.0006460091784265672,0.0005974890595156579,0.0005860490307011102,0.0006012066983751135,0.0005029042381288263,0.0004950067527057622,0.0004909547157254231
147937,2.0560185671104046e-07,3.5969183457307855e-06,,5.942796126449716e-06,8.187152265784157e-07,0.0,0.0,,,,,,,,,
148131,0.00012560834232047593,8.031900732663268e-05,,,,6.65680344573746e-05,8.283484690970389e-05,7.939759744128833e-05,4.638306937212486e-05,5.7390155239137054e-05,4.423921938132239e-05,4.5751983462827475e-05,2.764438735281239e-05,3.4584135236832407e-05,1.9638394534157305e-05,2.653601765610987e-05
149290,2.465022340665677e-05,4.573133257155797e-05,6.273247005542534e-05,7.19849723301776e-05,5.026954105822309e-05,7.329667824801516e-05,0.00015521216155073034,0.00020364100965974738,0.00025856130819971166,0.00037631585020822837,0.0003872429827734143,0.0005654342986176456,0.0007401819793040522,0.0007361012801170547,0.0008627917543446536,0.0010212826410619523
149539,0.0,,1.8497490076180437e-08,,,,,,,,,,,,,
149780,3.787186200617365e-06,2.643888698571347e-07,,,,,,,,,,,,,,
150524,0.0,9.4790583185213e-09,0.0,0.0,0.0,1.3332827706986694e-05,5.268742324054746e-05,,,,,,,,,
151077,9.151184440815876e-05,5.2283411395779104e-05,5.122324951895887e-05,5.0779509270692535e-05,3.419802082610104e-05,3.047645376148629e-05,5.6929280302743645e-05,5.9050828988616636e-05,4.614746899370432e-05,7.02965126715966e-05,6.013968319126517e-05,5.6943178898305024e-05,4.88748959785294e-05,4.131824535593446e-05,4.8508690133653896e-05,4.367694779255091e-05
151683,0.000329979157914459,0.0003020355904460554,0.00028611506594500877,0.0003318499225163953,0.00026436228702220356,0.0002553450532724989,0.0002404774413146513,0.00032189402368802325,,,,0.0,5.648710950442676e-06,1.310841883938993e-06,6.426439083456394e-07,0.0
151790,0.00228369147473659,9.579190479164382e-05,0.00016431534183445294,0.00031338369678101795,0.0004080299471181343,0.00012438720195309216,0.00020985070163729327,0.0003270512960286822,0.0005289875583365377,0.0004937504658371712,0.0002644396386730927,0.0010320408090260431,0.0008176628119904181,0.0009274353617637614,0.0007321820381466436,0.00047798552582462115
151870,2.3068836725763806e-05,7.436705537028008e-06,0.0001689306711361275,0.00017155490299892791,4.145962739420877e-06,3.3818107998937124e-06,2.248623333864719e-06,8.015680521937311e-07,0.0,0.0,0.0,0.0,0.0,4.518920824492992e-07,2.037341850432763e-06,3.2726089150683e-06
151905,0.000129608840447431,4.7367751085329716e-05,6.147020133262678e-05,1.5366566137435646e-05,1.229748035700522e-05,3.6227671540700025e-05,5.6400877715388883e-05,3.4458080281274874e-05,2.3943178891378437e-05,2.0161488861455967e-05,2.171995401087329e-05,1.732819670873438e-05,1.5920375803216037e-05,1.6863071476577106e-05,1.7588896003125005e-05,1.4493298805955536e-05
151978,8.532065849794756e-06,5.584702494201239e-06,1.3310711647752437e-05,3.918521337021088e-05,6.329668675805792e-05,7.37818680035354e-05,8.611538364385971e-05,1.8570549967541011e-06,1.6612847196319791e-06,1.463618931702233e-06,1.5895596612162686e-06,2.2420024483480944e-06,2.3490619422412014e-06,1.3612523804854372e-06,1.285287816691279e-06,1.2967460906014496e-06
152083,1.1013577459368659e-05,,,,,,,,,,,,,,,
152172,8.539261914779642e-06,8.275153864377754e-05,2.5139322179534292e-06,3.620627875875861e-06,3.8880707493562415e-06,3.828541944871388e-06,6.422077799959013e-08,0.0,0.0,0.0,0.0,0.0,0.0,0.0,0.0,0.0
153829,1.4358000061558797e-05,,3.389093689544378e-05,2.3014164526639477e-06,1.3780983824639142e-05,1.1791087381484113e-05,2.2998406489081126e-05,1.4208048615035398e-05,1.603046815439566e-05,,,,,,,1.337604398672817e-05
154585,6.27190519915596e-05,9.869941378777622e-05,4.7511419843671994e-05,3.0210551526153558e-05,0.0,0.0,0.0,0.0,0.0,0.0,0.0,0.0,,0.0,,
155243,0.032312532338812386,0.025234980353948413,0.011481960415391405,0.010709333936250287,0.010409486895552683,0.010710853863293502,0.017077663960974265,0.014898588204018945,0.015638744420279346,0.013642337844059988,0.017218920638725006,0.017701403078646434,0.01764977517212052,0.015330244126704702,0.015862544534965224,0.01792340839397589
155261,0.0,1.2783919191735484e-05,0.00013494815111203984,0.0002315452660297537,0.0002549315222709966,0.00019489524889759505,0.0001176423094512864,9.173900234422691e-05,0.00010996020324492746,0.00011174251875719829,8.457972942358626e-05,5.2369253689126875e-05,4.203113891600389e-05,0.0001897981104279116,0.000184681399770599,0.00020101909353502972
155314,2.045954356224399e-05,7.440292207743125e-06,0.004207724036286243,0.0,0.00045382091089590446,0.0007919487923348125,0.0011005316587265389,0.0011046803314243864,0.0010320505943625833,0.0012557376368753695,0.0013729418351594597,0.0013333624149373226,0.0015440852392698571,0.0019374312887093978,0.001885872555613762,0.001251847067680681
155350,0.0008985654385977818,0.0009692321759242107,0.0008782433178597751,0.001726538439023657,0.0017849056570445369,0.0008416475897647812,0.000824090083896629,0.0010822418878894229,0.001148534883431643,0.001075302418820603,0.0006872003259091193,0.00028220765425243573,0.00017176411393525932,0.0003068486361536294,0.0004025731372220478,0.0007758532357890494
155494,2.608337114886108e-05,,0.0,0.0,0.0,0.00021178418216704465,5.789348807661657e-05,0.0,0.0,0.0,0.0,8.4123134722661e-06,1.1396082502459482e-05,1.600778277260196e-05,2.2283731075544073e-05,4.067919501760301e-05
155528,0.0,,,,,,1.2398095002339478e-05,0.00020284623867159406,0.0001904121561352226,0.0001809951673605242,,3.700160804995689e-05,0.00012827655661506592,9.105555055631946e-05,0.0020388020980535017,0.0009459469882445447
155760,7.706800557142311e-05,2.7239355032097784e-05,3.405182395357306e-05,2.1668522604062578e-05,5.9769591321290717e-05,4.1355146689326335e-05,8.409934905016094e-05,0.00010991556534971147,9.137147279605517e-05,5.8621344120364555e-05,,,,,,
156357,5.12493468130775e-06,4.363902259081842e-05,4.210859073115421e-05,2.367941388598782e-05,2.882130346400987e-05,4.935640542926666e-05,6.238884296949019e-05,9.898685738188537e-05,,,3.690846426967264e-06,0.0,,,,
157424,0.0007454515770855745,0.0003983552482143521,0.0004575618067868318,0.0003829212889989086,0.000432474654521694,0.0003426133287324061,0.00040974419567171985,0.000439738849745444,0.0006329804965728009,0.0002998791339378729,0.0006678194800175967,0.0007214253022512009,0.0007557354316318902,0.0008543019537081115,0.0010711668994793661,0.0013539062800575518
158010,8.470662855288004e-05,0.0001334728268477409,0.0001277219627444127,0.00015589865297985803,0.00024032932512072996,0.00034999449543834477,0.0005040686873845876,0.0006886807133446387,0.0006479635421375321,0.0006817957659247484,0.0005258658105826822,0.0005623803709969314,0.0006302060246562106,0.0007701511767396491,0.000816700690594196,0.0006638238830324152
158181,0.0,0.0,0.0,0.0,0.0,0.0,0.0,0.0,,,,2.116610454272626e-06,4.157604731572702e-06,4.965293098381898e-06,,
158528,0.00033345043686223985,0.00015931030601175897,0.00031036264468073713,0.00033919935402549494,0.0002272745533843526,0.00017875434833783724,0.0003245007211021895,0.00014913899440402968,0.00020200676174068763,0.0001843383859756496,0.0002010735068568437,0.000146805119245093,9.885839258966718e-05,0.0003948650815008355,0.00016243869079787096,0.00021532684958785504
158564,0.0001403930690356385,0.00010907885455117436,7.634802033963322e-05,7.259595854228857e-05,6.326715041047786e-05,5.85485227345057e-05,6.906591210659177e-05,0.00013112337616493045,0.00037306994636373224,0.00021269264289744283,0.0003818715265198617,0.0003297454727368884,0.00021698958558238754,3.316982510467463e-05,4.514755538568815e-05,0.0
158653,0.0,2.226169655642996e-05,2.536523819166471e-05,2.679533840661563e-05,3.148530567932712e-05,4.57017337589894e-05,5.882633221472224e-05,8.028643494071515e-05,9.356878322872086e-05,0.00011356651933151778,0.00015370459538571765,0.00020227786482334575,0.00027178826766479606,0.000534824220866612,0.000516661442502354,0.0008067865194383889
159614,0.0033398998753471384,0.002166242408476391,0.002693287992285425,0.0022656468730578266,0.0021365714361597584,0.0020146342774389463,0.0035482505559049264,0.003894082169665529,0.005378388717053611,0.006403345529304979,0.006267382999572868,0.004832261462647863,0.005163338845501419,0.004771451784508076,0.004563846571190747,0.005122133550103949
159650,8.007267110539826e-06,6.204812241768287e-06,0.00038228392790640587,0.0004541818413027245,0.0005920903258938213,0.0007491623570911002,1.0215584221330153e-06,0.0,0.0,0.0,0.0,8.132703738350688e-06,0.0,1.4778442551794481e-06,,
159730,2.4291962171337784e-05,5.7398131930917446e-05,7.573900075525837e-05,0.00019733221148172676,0.00018521971715495478,0.0002309564362544674,0.0002772741549006583,0.00042197375186669127,0.0003955366729822573,0.00016101971459095318,0.00011788646733598922,0.00015206653849075393,2.3753870964072512e-05,1.0068806709082204e-05,2.4005481213320098e-05,1.9668126173761945e-05
159785,8.108526024970013e-06,5.271124997393939e-07,0.0,0.0,0.0,0.0,0.0,1.699266010101792e-07,0.0,0.0,5.42944304089814e-06,3.843032411016671e-06,2.703378785195916e-06,1.0530386618800763e-05,1.663687260656997e-05,1.4561269913537894e-05
160261,6.398247540104894e-05,0.0001253916734404361,,,,,,,,,,,,,,
160724,2.491144056560815e-05,1.8897399425650994e-05,2.590240530347699e-05,2.167504259462211e-05,1.4488239749528653e-05,1.5042835065812298e-05,1.4753354697812819e-05,9.642242222035461e-06,5.134182999959139e-06,9.380784785654791e-06,9.148233896499394e-06,7.684223177165055e-06,3.9620844759134933e-07,4.2750354054470657e-07,3.1275336872821115e-07,3.457989574937199e-07
160877,8.270026283416536e-06,4.243928123661206e-06,3.040658524256043e-06,4.544293205142852e-06,2.917485795295318e-06,3.2286555384836545e-06,6.9534674002439945e-06,,,0.0,,,,,,
161035,0.0,0.0,2.211477702441128e-06,,2.6567283386744085e-06,,0.0,0.0,,,,,,,,
161302,0.0,4.843030228468289e-06,1.751095727211748e-05,2.440579692025995e-06,1.0393855408120704e-05,8.092948142558318e-06,1.4904198850788602e-06,4.979905382047385e-05,6.429601707875244e-05,2.1553859928180996e-05,3.7516947909387523e-05,2.899413616264964e-05,3.7244377094234254e-05,5.968844986780739e-05,6.479816015410402e-05,4.4302735843440336e-05
161384,6.168055701331213e-06,2.73370918090847e-05,,,,,,,,,,,,,,
161794,0.0030296606544964345,0.002629367934085816,0.0028235276689568736,0.0033348257021695725,0.0030961748937480206,0.001739416989408112,0.0019622341098733185,0.002226545340008932,0.0025353865200610543,0.002726028829876062,0.002885975468768542,0.002815670981386394,0.0023556973375094504,0.0024388710315078285,0.0024984579197733737,0.002808310003919106
161829,2.2455834789979837e-06,,1.6340271677962774e-06,0.0001519937394941015,0.00028550046644032766,0.00035812148751650474,0.0003996603387206121,0.0005689842942169248,0.0006695969543998391,0.000678451810897582,0.0006405528506330875,0.000683805462026112,0.0005271091413020929,0.00043162942846986874,0.0005029319980444578,0.0005128642134857026
161945,0.0011229803792025242,0.0012791464009775497,0.0012762968082169932,0.0013171752231494296,0.0008928232451797929,0.0010128810299552824,0.001193674288990019,0.0015755668485111399,0.0015969975317587297,0.0016492924327084115,0.0016114404845054941,0.0015711491946091213,0.0011993824804282177,0.0009015112429124138,0.0009593591767688013,0.0011324183736689008
164936,0.0001635483613421493,0.00017632931474575057,0.0001342892294099928,8.541194643729064e-05,5.7417410646097194e-05,4.470894128286455e-05,1.986363598591974e-05,1.4091770269487004e-07,0.0,3.682060205540209e-09,0.0,0.0,0.0,0.0,0.0,0.0
167473,0.00020469926456007898,0.0006130902486914185,0.01927756614546205,0.014323946875458992,0.01432695204168419,0.014439884875015605,0.0014173976743462006,0.0009753676445693629,0.0009806135018825654,0.0013355070778892648,0.0017500466967085473,0.0016443050939265915,0.0010852670871278236,0.0013554152955819762,0.001386692044937931,0.0008280019338536738
168880,0.013367051437884117,0.009771455884278924,0.01133779032004912,0.009896423546403212,0.009114515844833273,0.005344420000901638,0.005158658551256268,0.004310130338202708,0.0019230018879302087,0.0013699422572405074,0.0012932753740604725,0.0009206432340901315,0.0006194354190469051,0.0015874841562899529,5.985114090131831e-05,0.0
169253,7.144664520708655e-07,2.8424365417295627e-07,1.3334635068250962e-07,8.202568768443106e-08,0.0,3.969726645384097e-06,1.1002761695539083e-05,1.7816925492060867e-05,2.3487661591680746e-05,1.7834426811554557e-05,9.444042037444772e-06,6.6789252936289735e-06,5.6376703593141425e-06,,,
171325,4.05367704719338e-05,5.121881067030302e-05,1.2522882992641161e-05,1.876663605309337e-05,,,,0.0,7.943961477512919e-06,1.9740261173942168e-05,4.670487464295561e-05,2.0107559101041908e-05,2.3420460772403745e-05,5.8033971738695374e-05,7.017382289375626e-05,3.4379332354025625e-05
171879,0.0,0.0,,,,,,0.0,0.0,2.4071928851244807e-05,,,,,,
174744,0.003930403622358643,0.0036128584070564402,0.004356618719438253,0.004014210401050985,0.0034552290946948403,0.0031732809972364415,0.0033533606072299006,0.0032793872556484355,0.0021368440834738296,0.004896411301602297,0.00544169763790198,0.005908620574642531,0.005760461621387881,0.006001899459151417,0.005753470147917399,0.004841843395490884
174780,3.02441359231224e-05,3.9077674108869425e-05,2.4649837486585056e-05,4.0716990507148606e-05,5.513929126035814e-05,7.212271430412477e-05,3.236408596466787e-05,4.177305632633235e-05,4.8348148465311915e-05,6.267317522204614e-05,0.00011052919438815826,9.259982569380109e-05,0.00015650797454724437,9.266671508560553e-05,3.0207530465445808e-05,2.157893556935029e-05
174824,0.0,0.0,1.6438020636632012e-05,1.0152817127422168e-05,3.467508427096989e-06,0.0,,,,,,,,,,
174860,0.0001221900058507982,0.00016160833717708697,0.00022852045873314328,0.0002836454589795909,0.00022765521959532836,0.00022369302251281687,0.0008121474087990493,0.0007404614754613219,0.0007311865876444274,0.0007810648454781536,0.0008630758463551969,0.0008557463112917635,0.00038035204457502697,0.001086654127039137,0.0015406976946021951,0.0014822832244986144
175019,6.173884513968971e-05,7.154972552355634e-05,9.925679184918118e-05,0.00017026906271019274,0.00017787030975262272,0.00021733843752581974,0.0004483872815169895,0.0006681240855397194,0.0007098384981283734,0.0006940652189931547,0.0006897358842009389,0.0005716276702381752,0.0003867162014910116,0.0003735554662813991,0.00045037877491997154,0.000453302180114371
175055,0.0,1.396239671241651e-06,1.8333561208571977e-05,1.2192312238898907e-05,1.4523066189212595e-05,1.6740786966145538e-05,8.27770979930531e-06,2.4016940282204415e-05,1.4303429088518104e-05,1.8191218445471402e-06,5.480632534792234e-07,6.125470974951044e-08,0.0,3.132277324629748e-05,2.227810794134605e-05,2.1794951855609647e-05
175938,2.6246824624946356e-05,7.195706884048739e-05,4.2796943995189135e-05,3.226561048606273e-05,3.343470461961058e-05,3.849214509257945e-05,4.174260959585452e-05,6.358095079540443e-05,6.401452806646795e-05,2.0204384862850514e-05,0.0,0.0,0.0,0.0,,
176150,0.0,0.0,0.0,,,,,,,0.0,,,,,,
176506,6.107999398985917e-05,8.20973555244169e-05,0.00010731166777222122,5.44108635826502e-05,9.195987524696263e-05,0.00010510441119695774,0.00015408386719989106,0.00022119867570912413,0.00026914868733530193,0.00021183343414848,0.0002537426288760861,0.00024777538100828573,0.00022552670309700998,0.00018938282932060778,0.00022519302910879973,0.00017320421407815127
179132,0.23937536191933512,0.2666024349271217,0.18565002856706803,0.19167935681159212,0.19902531754151737,0.2053925113636164,0.21247508273457555,0.20404114359521924,0.23734457693113398,0.20363799898783289,0.2080617354422354,0.22012608991632715,0.23652500821340694,0.18277404679281692,0.20602351897710078,0.21982072646073067
179221,0.004117509741641815,0.0024852433356910937,0.0028033769143232176,0.004569602125916745,0.0026271553278171362,0.005208197904408033,0.008486628154639986,0.005109181534683191,0.012348055383306397,0.014441420482947932,0.011775088734596454,0.008763565353488767,0.010025221397424051,0.012050719825672143,0.008239217856471514,0.005301356881317062
179249,0.003945330831160506,0.0043931059568073786,0.003826496849435122,0.0032095927381213785,0.002141162574844422,0.0021713891968777104,0.0026359960970614095,0.0030328942771220848,0.006210478601877056,0.004178122084671408,0.0044571674164863755,0.005799588392361142,0.0008297048082249292,0.0006381526714849249,0.0013250961258254542,0.0012079260074365744
179285,0.00019708685581535268,0.00020350001065273042,0.00027005916234781717,0.00022687709300397974,0.00022141651111430889,0.0003230361980143489,0.00040680099226448284,0.000686596199454818,0.000920400179132626,0.0013436659709957109,0.0012022982166581709,0.0017296715791498935,0.00187731831166818,0.0021727649472071155,0.0029780839009450866,0.0022997471512470158
179347,1.8491214187020845e-05,3.9824726380675054e-05,5.443276957484368e-06,1.1611332004846873e-05,8.910645834492552e-06,2.514284725215952e-05,2.6059796041256942e-05,0.0002985175853154837,0.0017672276343730692,0.0,0.0,0.0,0.0,0.0,0.0,0.0
179383,0.0516115467631655,0.0417482457161305,0.004008726887091755,0.006190868306614226,0.006563437625456184,0.007641443205812856,0.034757374118292536,0.03211112677243228,0.033846324457146366,0.03436333554482139,0.03455042350621214,0.03038315804994056,0.0276827335182596,0.03320246316944646,0.000867524398300347,0.0015834006209960987
179409,0.0007176523556415315,0.0006995990811000456,0.0004987655003034592,0.0009540322203517224,0.0004316465346869309,0.0003728625116320328,0.0005893886294851315,0.0012469169072953825,0.0019157527616910257,0.001755079679340674,0.00442928575792031,0.0034365970025315874,0.002163846003395763,0.002210482418670628,0.002279320631320233,0.0015952727096731646
179481,0.00023027921956278306,0.00010816258827884487,0.015170475525341993,0.00010214932306301148,0.0002642583220176618,0.0001567419301067271,9.396425795348402e-05,0.00010271844554006891,0.00012793367747875284,1.5924450131435708e-05,3.826037041169535e-06,1.5183881509921456e-05,0.0005455637634306634,2.7675137305689342e-05,0.0,0.0
179515,2.100479968624167e-05,3.2817652757164884e-05,2.628378244331433e-05,2.656124971330083e-05,4.9084780847456064e-05,4.142561169319017e-05,3.910696895333181e-05,7.018502676752147e-05,8.463966829509052e-05,0.00011330454074789358,0.0004075102460813357,0.00013763324737193298,0.00014122693510264163,0.00011703599398481392,3.132117880494977e-05,4.706172524445624e-05
179533,0.007034819569941287,0.007245710197632766,0.004060326827719732,0.0018716286302340205,0.0029803035817709714,0.006285771496049177,0.007480045022265499,0.0029594778532840674,0.003895575931025452,0.00664265486491322,0.0067890528660830935,0.00592125794172871,0.006181530583024293,0.009031200080147135,0.0029702147798410534,0.0027732433421059745
179551,0.0014239601148343895,0.002606302182812287,0.0022970579433943834,0.002254886014230159,0.002328631977140057,0.002000575745089757,0.0026442479194153197,0.0009567450242362266,0.0016271871411959243,0.00219689413366967,0.0023836854411434017,0.0025020628017005876,0.0027366809665386816,0.002533704215128811,4.267075220926502e-05,4.0043951526469626e-05
179588,0.0019726418741676595,0.00010089330340698317,0.0004068538562358618,7.1500740343138e-05,8.286429660933824e-05,6.716248741768127e-07,1.6060172854781222e-07,0.0,1.381538313696748e-05,1.6847358521954363e-05,0.0,0.0,0.0,0.0,0.0,0.0
179695,1.3109174383895938e-06,1.0174616246488473e-05,1.320967424640299e-05,0.0,6.847730334479794e-08,0.0,0.0,0.0,0.0,0.0,0.0,0.0,0.0,0.0,0.0,0.0
3805,,3.637908868189256e-07,8.306359577009078e-06,6.682709893818506e-06,9.791666590294562e-06,5.927974572038421e-06,0.0,0.0,0.0,0.0,0.0,0.0,0.0,0.0,0.0,0.0
13668,,0.00030958847849517666,,1.7978628591919862e-05,0.00017656145279791862,7.445077615467167e-05,3.7336665956691946e-06,0.00011271195032162112,7.041210066964371e-05,0.0001647558090300097,0.0,3.191010056127438e-06,0.0,0.0,1.3618695491024675e-06,0.0
17101,,0.00014289667605632593,,,0.00056133703670937,0.0008753962515309949,0.001036104577700569,0.001686696539425069,0.002487050453666431,0.0020070994867784405,6.772789628204127e-05,5.604982099415432e-05,4.974326587651124e-05,5.541009131230866e-05,,
20063,,4.662671929651019e-08,8.806367286534989e-06,9.880379672429264e-06,1.0559391206871593e-05,2.0835737564179212e-05,2.6158964870540025e-05,3.488896559097925e-05,3.8012750207825266e-05,3.90627926175658e-05,3.4521187675739557e-05,3.292116359396335e-05,2.9999791762297644e-05,4.501831947786633e-05,3.656627772388979e-05,2.7057903926489847e-05
20876,,1.0268125875846858e-06,3.334004053544163e-05,5.9213432542860955e-06,1.3477905631187111e-05,3.62739407299841e-05,4.190570050184418e-05,0.0001372908621485949,9.291913958171512e-05,0.00011105250067468005,7.027620998873299e-05,7.350316948241614e-05,0.0001010197644827233,6.142690794144538e-05,8.324755635050383e-05,4.229088831495929e-05
22576,,0.0,0.0,0.0,,,1.3650649091075672e-06,6.807987893329251e-06,3.54515835694332e-06,1.376170001820653e-06,4.668565760344454e-06,7.982169288247314e-06,5.264561020821498e-06,1.8474461304171774e-06,,
26840,,0.0017647388319464627,0.0018642273630504716,0.0009722233445499428,0.0005968641931765734,0.0005367334625874991,0.000590426815612576,0.0007451713553367497,0.0003425251937525575,0.0002477725509906757,0.00011684631360350186,0.00014716848378475744,0.00011524059397072783,5.535765313098493e-05,6.661486092933812e-06,2.284407347399333e-05
27436,,3.263229873842299e-06,0.0,,,5.571829160943524e-06,2.3052770124411015e-06,1.3345064234190844e-05,1.693952779992854e-05,1.640192128858914e-05,3.374495354701765e-05,3.514619088091681e-05,4.5132370492150726e-05,0.00013549975361932777,0.00016232542480902504,0.00019282690010765505
33729,,3.2652793999652226e-06,5.1552915897649905e-06,,,,,,,,,,,,,
36373,,0.0,,,,,,0.0,0.0,,,,,,,
42842,,6.287459382675178e-05,,,,,,,,,,,,,,
44934,,2.1129077182749345e-05,,,,,8.4687790597413e-06,1.038421458773205e-05,5.8996518823126434e-06,3.7450234350549463e-06,2.511390137325481e-06,2.030773789107299e-06,3.0603578983518375e-06,2.114424626093318e-06,2.089985097258077e-06,2.1446019095063637e-06
46769,,0.0008754228033703475,0.0005264932379276538,0.00047197272220949997,0.0004714677029989627,0.00046679966297568883,0.0005705153874197729,0.0006004277552201356,0.0006513781211920373,0.0005115681392747906,0.0004912499643018402,0.0005364679472710522,0.0005717603456064078,0.0005378443446932269,0.0005524631346362895,0.000680496093488191
54412,,1.7676138047153937e-05,2.1883435081858515e-05,2.5274988780013432e-05,3.7228214972609785e-05,3.991952835759459e-05,3.2243410642287246e-05,3.476953146569781e-05,4.411640320675845e-05,2.901997340695488e-05,3.2510111903326515e-05,,,,0.0,0.0
54485,,8.163646833752446e-06,1.362179832530029e-05,1.4096149482282164e-05,1.4567150290078345e-05,1.0970127637672992e-05,1.7947566758285458e-05,1.5600354358026656e-05,9.37615154909495e-06,3.29762550463027e-05,,,,,,
55838,,2.205315727342249e-05,5.2054485617448916e-05,4.658526244042862e-05,5.9236173700815145e-05,6.929477541411975e-05,8.833881650201295e-05,0.00014189065386179689,0.00015318787721356114,0.0001563276652710333,0.00016360699318652234,0.00016794015603960647,0.00020598869360067775,0.00013798862403429347,0.0004015219324489714,0.00015977797521149942
57902,,4.796211366097755e-05,0.00014540268586989602,0.0002004770903690329,0.00032455795117836177,0.0005607642362425352,0.0003663611185745921,0.0004716355292687776,0.0005489019475221735,0.00018655894443410576,0.00013813887729896101,0.00011068285658398466,0.00011220004649475556,1.3136750101694802e-05,0.00014743209867945582,2.5497161944276785e-05
60062,,3.503216573298376e-05,0.00032211710083008025,0.0004316087225890959,0.0001071915198840907,2.1758659319605345e-05,1.4814090627393826e-05,1.5543671698975405e-05,1.219708270728402e-06,3.752019349445473e-06,1.205663632171497e-05,3.7947492868611747e-06,3.2382601894442377e-06,7.031616535591794e-06,7.840234260353189e-05,4.1338266218151205e-05
60883,,5.6185709133825505e-05,7.478658554400258e-06,,,,,,,,,,,,,
62761,,8.685251232036482e-06,1.899486703156218e-05,,0.004363356796751691,0.010754072681988634,0.011236518258193655,0.0022139515941034934,1.9100824368042762e-05,0.0,6.446603459734714e-06,2.1635483769591134e-05,5.143130178820576e-05,0.00010838769311137566,0.00015027874342513187,0.00017779491136322886
75150,,1.0111977604356622e-05,0.00011445408306257002,0.00027597374363605936,0.00026795609639828087,0.00019858685102170455,0.00011430193289142865,7.469063059330638e-05,7.682326560234375e-05,9.460243644890348e-05,8.998911625294229e-05,4.2752584544517784e-05,0.00016117023608607523,0.0002946453532689896,0.00031347270147628604,0.0002165485464984629
75203,,0.0,0.0014589781024204182,0.0020439527519041222,0.0019482496677738837,0.0005848398358277404,0.0011775386442752012,0.0006451415127530926,0.0008328360688622001,0.00016405621759095707,6.886111419277216e-05,0.0006867343980103307,0.0006286745928739988,0.0004933014046464801,0.0005030426399040113,0.0006299728666481354
75953,,3.6114059335122014e-05,4.6712081639179984e-05,6.524288144706961e-05,3.6171004760347664e-05,5.246484597320673e-05,0.00014329029597656457,0.00014147627570761922,0.0001886596750166458,0.00012629199555638015,9.88762837305818e-05,0.00014346269395218607,0.00016873523346693355,0.00014307169182348946,0.00017811400745657875,0.00020673158425065175
77331,,2.115751435770491e-06,5.657930053435067e-06,,1.501195886781376e-05,4.601025161927995e-06,0.0,3.664685627842956e-05,9.177610599035435e-05,0.0,0.0,0.0,0.0,0.0,0.0,0.0
78089,,0.0,0.0,0.0,0.0,0.0,0.0,0.0,0.0,1.0178687232195354e-05,1.7139753065398478e-05,0.0,,,,
82617,,5.556918605697357e-05,9.242299690437007e-05,9.967165654296405e-05,0.00011379862450134495,0.00011371820608494328,0.0001328134476909384,0.0001709807528171602,0.0001753401214729223,0.00014963266725080468,0.00015344503947651368,0.00016981238822700914,0.0001777854644118062,0.00014718316065690204,0.00012408575590146223,0.00012987241687004877
83151,,0.0,0.0,0.0,0.0,5.887648214405507e-07,0.0,,,,,,,,,
83561,,0.0,,0.0,0.0,0.0,7.72451500462977e-06,8.98353389083386e-06,8.464768428429713e-06,2.76688414145319e-06,4.0699843505959784e-07,0.0,0.0,,0.0,1.3616320231099196e-05
85840,,2.7352975636537358e-05,7.098292610687084e-05,0.00010943565788927695,0.00025187722881601454,0.00045780264034379816,0.0006091051053006894,0.0007337505884828557,0.0008533438735966388,0.0006501097968259722,0.0007441232948709608,0.0008805629563210126,0.0009569912352313403,0.0007448506272818945,0.0008622543433762995,0.0010048276896074393
87175,,0.00019315720516877952,0.0005574898519981107,0.0005041265113520955,0.0005562747859334545,0.0006270836905417011,0.00065124508718336,0.0008221515041263812,0.0007932861075068105,0.0007706123970696762,0.0006619576116290981,9.368215237574114e-05,1.810030528561587e-06,3.2578135421746812e-06,3.861218815976717e-06,
91624,,1.6737070796706916e-05,3.3944867355399226e-05,4.112438475598128e-05,3.630817978754159e-05,5.1106993838510235e-05,6.541399009811275e-05,0.000169361109557246,0.0002077054330240518,0.00018411166311849348,0.0002351668007139505,0.00034044695078043393,0.00022880521054773132,0.00011236229322232135,0.00016025043473629505,8.380702487187132e-05
94606,,0.0,,0.0,,,,,,,,,,,,
94651,,0.0,,,,,,,,,,,,,,
96110,,1.4394590533588007e-05,3.1560828623314085e-05,,5.648855864085585e-05,,,,,,,,,,,
101662,,0.0,2.2196988091416524e-07,0.0,9.521431051987516e-06,,,,,,,,,,,3.065669851443152e-06
102446,,4.372407792491974e-06,2.0245955049248016e-05,,0.0,,0.001068916018635085,,,,,,,,,
102909,,9.473934503213992e-07,1.458424328673071e-06,4.644049060703687e-05,0.0,0.0,0.0,0.0,,,,,,,,
103309,,0.0005691873496122737,0.0011891765895565955,,,,,,,,,,,,,
108268,,9.995795092263396e-06,1.1342496492579833e-05,1.3848249626169214e-05,,,6.215276938090565e-06,1.031600119504082e-05,2.0363749276232918e-05,3.86607116431208e-05,2.8544604470596356e-05,1.1730717310369315e-05,1.0119758847175097e-05,3.025919625603322e-05,8.877054520614431e-06,1.136349405411472e-05
110063,,2.021063328891424e-05,5.0033573168325946e-05,4.5721749282130216e-05,2.8575828495689083e-05,,,,1.7916316745569498e-06,6.362139777647789e-06,8.826411422591443e-06,7.67221244976319e-06,8.207544124126018e-06,1.104271497252865e-05,0.00036161331731143494,0.00047688312955434863
110116,,0.0,5.6155831328206646e-05,0.0006901802608846383,4.1137005249372933e-05,7.143776050753034e-05,6.08875702707649e-05,7.593340092740867e-05,6.263113097266532e-05,5.688267529130847e-05,,,,,,
114970,,6.505452104924632e-06,7.207773088617972e-06,1.5622738669742408e-05,2.136021633948461e-05,2.6743166918223602e-05,3.722076985499966e-05,5.940002815369256e-05,7.050782784509663e-05,4.02712447770241e-05,4.619986091466929e-05,1.3212600857211394e-06,2.6011162886436825e-06,0.0,0.0,0.0
119466,,4.733764867039928e-06,5.2852590655935845e-05,6.803799438919832e-05,0.00012080564538695298,0.0001605313342602958,0.00021748082703332828,0.00035047045880376155,0.0003516184622042885,0.0004079196173129159,0.00041279845646940793,0.0004603354694173359,0.0007261477436363264,0.0007731881979394081,0.0009270169439008084,0.0011286338742345675
121732,,3.012803400697581e-07,0.0,0.0,0.0,3.273905956627535e-06,1.9493246382573264e-06,,0.0,,,,,,,
125472,,0.0,,8.216379931241254e-06,2.3854274345964402e-05,3.315225616122144e-05,2.3171454104838163e-05,0.000781556160521193,5.9582150730235855e-05,0.000126640134348814,6.470435945416555e-05,4.419427219032162e-05,1.8773859646521168e-05,1.6703560274097186e-05,0.00025265175736361513,8.871261533261661e-05
126433,,8.326199874376818e-08,9.400095612446877e-06,3.2479227811169104e-05,3.5720685670004034e-05,4.318808576573607e-05,7.105924540202091e-05,4.934377190591015e-05,1.113014292650779e-05,6.638202241558165e-06,2.689093206620781e-05,3.067459706920255e-06,0.0,0.0,,
127251,,4.381502564662447e-06,,4.269752527388807e-06,4.6376474110768733e-07,,0.0,0.0,0.0,4.177297303185367e-07,1.6817007502256372e-06,1.6046331808891361e-06,0.0,5.962688710498587e-06,0.0,
127983,,0.0,,2.8723012174625135e-06,,,,,,,,,3.383941180895563e-05,1.3906594422138156e-05,,
130847,,1.3913079990083663e-05,8.341866536848646e-05,0.00016560853139378426,0.00023882135497711556,0.00013225525636645133,0.00019008284919933572,0.00021994570977896123,0.00018719588568326376,0.0001077671824562868,0.00013816631822437638,0.00011478451999172149,7.439588793968523e-05,5.219418325553125e-05,2.056503349633269e-05,5.640467276506547e-06
132486,,4.6391023792373975e-06,9.703043394361211e-06,1.2908529696492195e-05,1.0080784818472436e-05,1.4761144845547015e-05,1.641851483930917e-05,2.2475706011042086e-05,,,,,,,,
137407,,3.473408777748107e-05,,2.8106066831357616e-06,1.6456594853184379e-06,1.4449570671835865e-06,1.8141822165847008e-05,2.4789378059939257e-05,3.0429624418366683e-05,2.4223077422682233e-05,,,,,,
139107,,4.007464047228905e-06,5.3642639009856265e-05,5.5084455725617735e-05,5.93549068791469e-05,5.974761636652104e-05,7.568712410189835e-05,9.354811376426742e-05,9.594929967557252e-05,9.868648557738354e-05,9.422676717534219e-05,8.586180762135493e-05,0.0001226647259371164,9.631401307875078e-05,0.00010480365386082356,0.0001299645398735686
143646,,1.2351597275181303e-05,3.2627928273042185e-05,3.211060296856676e-05,5.8701653977817935e-06,1.8159595574063994e-06,4.3822466699162185e-06,2.0922819630096204e-06,1.514847699415468e-05,2.149568337693346e-05,3.286214457035229e-05,2.54385604941176e-05,1.4965482123694988e-05,2.6168398542433553e-05,1.3944997935487173e-05,1.0195125826482813e-05
143922,,5.749176965565852e-06,2.5541334297189948e-05,5.071234635718681e-05,4.6077069592388844e-05,2.590743499287958e-05,2.8245990804880196e-05,1.338099157269014e-05,3.492868549089729e-05,6.1008607854626547e-05,8.102835338817961e-05,7.181614271155021e-05,7.927113109461262e-05,0.00014051258466082165,0.00012744796172260857,0.0001023069989423498
145293,,0.0,0.0,,0.0,0.0,0.0,0.0,,,,,,,,
150070,,0.0,,,,,,,,,,,,,,
155289,,5.380006072674252e-07,0.0,6.298451095358364e-07,,,,0.0,0.0,,,,,,,
157031,,0.0,,1.6899254670903193e-05,2.4971806302911156e-05,3.014407967699606e-05,3.332809460434544e-05,4.303633922869945e-05,4.063595363225115e-05,4.7048905048867096e-05,0.0,0.0,0.0,0.0,1.9247399269588014e-05,0.0
157781,,6.551438347307729e-06,2.7960641577020338e-05,1.8740556090855242e-05,3.496648017769249e-05,3.943535737321456e-05,5.515877817190844e-05,6.734336849405696e-05,6.337324892993868e-05,4.973552027783951e-05,3.9065472058285405e-05,1.7338766148848023e-05,7.047185826723605e-08,0.0,0.0,0.0
158779,,7.804544237939709e-05,3.998359907120259e-05,3.640222901267142e-05,4.599367716825114e-05,5.641810248515759e-05,5.783872617289598e-05,7.535249470424102e-05,8.113435753666703e-05,0.00010169574133186641,0.00012130458285286501,0.0004516146403938739,0.0007994645508218107,0.0002677046884492954,0.0005049142867334089,0.0005351567376224934
158859,,0.0,,,,,,,,,,,,,,
159687,,1.697648106694092e-06,1.0414415757157607e-05,8.433502627616196e-06,1.1907629958349106e-05,1.82758203816418e-05,1.1485064716670886e-05,,1.6342510864670588e-05,,,,,,,
161856,,1.6179983977419762e-05,4.644497788247994e-05,4.33276508131254e-05,6.81083194205516e-05,9.547812759080349e-05,7.951687294682275e-05,0.00011365516433337119,0.00010193189962011016,6.941383078882346e-05,8.072734238064173e-05,5.8018139000771924e-05,4.6486134889464326e-05,5.1231089310897e-05,4.950848339406262e-05,7.65721542458832e-05
174922,,7.99430473784589e-06,,,0.0001125804338474214,0.0001814647889563392,0.00045566812553438486,0.00038071144635253804,0.00011459112153121906,0.00010274779798409438,9.586499881435942e-05,0.00010374970422701622,0.00011163995182566052,0.00011593800267791292,9.279719127486101e-05,0.00041409306291481315
175983,,4.8881198031726065e-06,4.106278374778047e-06,2.0520373298756656e-05,2.7849175566418642e-05,0.0001710775682060506,1.3371761650491405e-05,,,,,,,,,
177655,,0.0003167014870001654,,3.7044342921647235e-05,2.5428003273370224e-05,1.7124693890810883e-06,0.00022121041137799287,0.0002651069811532929,0.001782873451219304,0.0011624501561773696,0.0005043939158241875,0.0009467747334838207,0.0008175652476177502,0.0005273919676137746,2.58342851154947e-07,4.136836153367058e-06
178279,,1.931883323467714e-05,3.195346867933114e-05,3.5459354248852685e-05,4.330057944636248e-05,4.4159908535891805e-05,5.098363106515369e-05,6.736582308061902e-05,7.060111537166059e-05,6.996089288386159e-05,5.9698698288948023e-05,7.845807496478144e-05,8.529498723723121e-05,6.415791771356543e-05,8.070252581247802e-05,9.28206529165549e-05
178607,,0.0001417664904949163,0.00013351299251532927,0.0001297246065768829,0.00023190015114119282,0.0002887698307137238,0.00047698066192565356,0.0008575009708060979,0.0008107032256201942,0.0006707901800218939,0.0005328052597762529,0.0004946710162701428,0.001459493874386392,0.001631824327858971,0.0021373820134302926,0.0025718826100071587
179310,,0.0,5.0639550943221614e-06,3.967771803344433e-05,,8.092812306406292e-05,0.0001277752529815473,0.00017472314345212222,0.0006236192152645531,0.00023423232689383247,0.00026163906985386714,0.00040830203566636513,0.0004997021658095763,0.0004073299357217453,0.0004520016650031804,0.00045679318268353143
179463,,2.702684479222715e-06,0.0005067153104828666,0.00013992082020060993,0.00018438042934797232,0.00023871480297506505,0.0004033693126760582,0.0009439403265932482,0.0009077165607326275,0.0009110658723310795,0.0007775619506266449,0.0010221815231879164,0.0008455730348530274,0.0025996842892376548,0.00044434145672301846,0.00044866134198045686
1936,,,1.7311348801428744e-05,3.9450289545539803e-05,5.423395077557852e-05,6.498401512955372e-05,1.3678030042935962e-05,0.0,0.0,0.0,,6.258549834563705e-06,5.114690868906509e-06,7.984741030071046e-06,4.318604551644016e-05,8.227054284776993e-05
5700,,,9.634808208746855e-06,2.0109403571230044e-05,2.8189945666110886e-05,1.987588535492083e-05,1.2475856905622704e-05,,,,,,,,,
7099,,,0.00015538483583674005,0.0001165146149512941,0.00010133377150805276,0.00010286685018269859,0.00018372210473154374,6.538108038082013e-05,,6.218171223611166e-05,6.0185166315348125e-05,7.828856356538313e-05,1.7727587457446934e-07,0.0,0.0,0.0
8096,,,4.682166899149797e-06,3.545185275433796e-05,4.0683747218971576e-05,9.123265355680528e-06,4.575108138110336e-06,7.797931720357124e-06,2.4382548038906277e-06,1.700099248403053e-06,,1.201072740186479e-07,3.915103237068669e-08,,,
9333,,,9.145981204333661e-06,1.4308574981157227e-05,3.696326952640663e-05,3.490080702818461e-05,4.153302085525121e-05,6.736800785120343e-05,0.0001878005700864585,5.81533542682404e-05,0.0002682665988034964,0.0002923131600023007,0.00025196351600738093,0.000235553943918939,0.0003688155346995826,0.00033269912042428984
9538,,,0.0,7.12372766385926e-05,7.317828491411861e-05,0.00013866205337438372,0.00022315953688205483,0.00023787660746984248,0.00023693045176005037,0.00016007848795091196,0.00014070531712152343,0.0,2.485307534891191e-05,2.7463694843080013e-05,0.00011018515394930994,0.00017025384656659743
11584,,,0.0,0.0,0.0,9.85516752231917e-06,0.0,0.0,,2.6748142260136568e-05,0.0001219913612430769,0.00010656333722817707,6.748745337168333e-05,4.0338423011887595e-05,,0.0
13524,,,1.6362879721389218e-05,5.819624390814864e-05,2.1441698452584804e-05,2.8458268132750206e-05,3.5179843486882455e-05,1.859312593024665e-05,2.5994342738219152e-05,2.930873897857437e-05,2.4050250823898027e-05,3.178046477685025e-05,3.286118411414165e-05,4.011430751942022e-05,4.8669351110740306e-05,4.7073828207968516e-05
19793,,,0.0,,1.1021025216437437e-06,7.77067687187507e-06,,,,,,,,,,
21098,,,0.0,6.3098084982685165e-06,1.6841302106739487e-05,1.649305578388692e-05,2.68157094467963e-05,8.857363389583801e-05,0.00012079816917354193,0.00013634595299911282,0.00012513439616817425,0.00013673724710775388,0.000133939675145421,0.0001248198252482021,0.00012453410713485138,
23449,,,4.89155848681216e-06,1.2689443992206856e-05,1.3675549350068557e-05,1.608350978552654e-05,2.1771142443154076e-05,2.940774032310877e-05,3.978951164153517e-06,,,,,,,
23797,,,4.055965201770836e-06,0.0,0.0,0.0,,4.3392092705528625e-05,8.655653527928127e-05,0.00017404859257675207,0.0001480677090187438,0.00015227160164326176,1.1412134425731463e-05,1.976457574372072e-05,1.7524363843995296e-06,2.396927086302563e-06
25068,,,9.214627445283041e-05,0.0001699813418364689,,,,,,,,,,,,
26742,,,3.872264572547613e-05,2.4592633208874485e-05,2.8837614581330197e-06,3.717776052653149e-05,0.00013959048219410448,0.00015903017909654502,0.0001924454292235442,0.00033576145500139817,0.00014682632183321044,0.00022487997193423897,0.00021057226156444357,0.0002740395699655805,0.00031784851740187056,0.00044666619005789235
26804,,,0.00020909077736819035,9.515884157181293e-05,0.00010558928323812503,0.00015249187160259797,0.0002031330091243408,0.0002898300878388383,0.00032320909941350225,0.00038507896939440374,0.0003689055633853002,0.00040324712086050034,0.0003887837675105076,0.00013033625433396607,0.000122635040832031,0.0001227132437970995
27169,,,3.4795834109970534e-05,0.0,1.3821835091441403e-06,0.0,0.0,,,,,,,,,
29573,,,5.40052720264164e-06,8.090957747251983e-06,1.5232085478136738e-05,7.824247254330583e-06,9.854155656774319e-06,2.071162514026927e-05,1.5374434950775953e-05,1.2561072236685008e-05,1.2595972186071264e-05,1.3596944134071067e-05,1.4615628498430532e-05,0.0,0.0,0.0
30915,,,4.029411027128141e-06,1.1749163203126864e-05,1.0366229371578167e-05,0.0,0.0,0.0,,,,,,,,
31128,,,0.0,1.6309651223530487e-05,0.00011009556002862197,5.5748005767691076e-06,,,,,,,,0.0,0.0,0.0
31262,,,4.68315343195386e-06,4.4006991764973374e-05,0.0002767721818364164,0.00012939132089615928,0.0002858177088507526,0.0006285049702573347,0.00048687782442783533,0.00032023061710593473,0.00019589975953380673,0.0006708259493520127,0.0002718753395607885,0.0002728942660138761,0.0001689075443792782,0.00027379437522763184
31333,,,0.0,2.57693863437319e-06,4.476887389919772e-06,5.038332673858821e-06,5.627631927619897e-06,6.528822763098242e-06,7.2596980510351315e-06,1.1782592657728667e-06,0.0,0.0,0.0,0.0,0.0,0.0
31654,,,3.6679454077194735e-05,6.535154795639513e-05,0.00021400641459978502,9.778012587968027e-05,5.8057574653582955e-05,,,,,,,,,
32187,,,4.447372091782814e-06,7.972546305799842e-06,,0.0,0.0,8.76979050199177e-06,0.0,0.0,,,,,,
32599,,,6.247218981728673e-06,1.4937929338715464e-05,4.1241117200917544e-05,6.871687748484135e-05,0.0002261675584698775,0.0002118941019185246,9.513922007067787e-05,6.946786502233976e-05,9.2932763903462e-05,0.00018940356612128688,0.00028089746006441897,0.00012288710370798457,7.483240213901284e-05,8.538381408695558e-05
33435,,,7.047214874756725e-06,,,0.0,4.898701205550131e-07,2.9246795556723415e-06,4.752436035713637e-06,3.063897527933091e-05,5.716439875517485e-05,6.230364660927329e-05,6.587936386808975e-05,,,
34547,,,2.4799790472802628e-06,2.181883292405866e-06,5.59170082731314e-06,1.4809960962681596e-05,1.6084467226613627e-05,2.5883462618157654e-06,1.4618143795195242e-06,0.0,0.0,0.0,0.0,,,
34690,,,3.828487179367319e-06,7.647668496629199e-06,1.728052669836524e-05,2.055294367517871e-05,3.2461960421681196e-05,3.465276761557511e-05,6.614399302526894e-05,0.0001141888795577592,0.00012264213915315675,0.0018322459936648795,0.002470037536037717,0.0027722728193903816,0.004254258330818457,0.002685706335166662
36006,,,7.869876358958124e-05,0.00024534500131756596,0.0002909283213594231,0.0003536733629232018,0.0004297403554646434,0.0005648179367124424,0.0006219255180668247,0.0005695662947053675,0.0004288472858944405,0.00042600921086038637,0.00048016125913684864,0.00024920882380580786,0.00025069576352124715,0.00030384133292404516
37912,,,0.0,3.026642714417449e-05,2.829831908073919e-05,3.2574782719918106e-05,4.388101215259437e-05,5.102094745788062e-05,5.2114036959828714e-05,4.784754390744877e-05,0.0,0.0,0.0,,0.0,
40303,,,0.0,0.0,3.551782533252014e-06,3.311388244827391e-05,4.703888222241608e-05,4.8052329738232785e-05,2.5079474404855387e-05,2.3933391336011355e-05,2.0940950614448913e-05,2.53219763668035e-05,2.4284054244436352e-05,2.95876946472883e-05,2.960906832579893e-05,4.426734548138433e-05
41284,,,0.00015694150239048437,4.28892690822786e-05,3.508719714056321e-05,3.4384544752888294e-05,1.823232865763248e-05,2.4781367234463063e-05,4.683661171796005e-06,,,,,,,
41578,,,1.8936168329720432e-05,2.4132237746461104e-05,4.177335924537003e-06,0.0,0.0,0.0,,,,,,,,
41818,,,0.0,2.3870877264676863e-05,5.214980143364876e-05,6.989882180266331e-05,6.817946623600209e-05,7.553273827745539e-05,2.6050338488908844e-05,1.5385948826375456e-05,1.3674140411565226e-05,1.5906046512837578e-05,8.508772167186081e-06,7.838184480334903e-06,7.4994401957574964e-06,1.0126830532377803e-05
42076,,,0.0,0.0,0.0,,,,,,,,,,,
43563,,,8.880192824705699e-06,2.5026107419945288e-05,3.487243409584556e-05,5.991613809262911e-05,8.649543125568054e-05,0.00017249783323575036,0.00013372389368233168,0.00012519290058502638,0.00011337348407020157,0.0001280416406118358,0.0001330168853124439,0.00011355592366121771,0.00015743608284701338,4.742178840894657e-05
44202,,,2.6161041320275495e-05,,,,,,,,,,,,,
44391,,,0.0,0.0,,1.9156887622724722e-05,4.5319458012687514e-05,,,,,5.683476206562419e-06,7.907490612037074e-06,1.037177660955519e-05,8.084139045033971e-06,1.2420936459913093e-05
48744,,,1.8362417293090817e-05,2.5039708260467323e-05,6.637890014358824e-06,,,,,0.0,3.94375609368533e-05,4.855680859722695e-05,3.673032403920714e-05,4.912939403923887e-05,3.500915153396831e-05,
49206,,,2.1777793860756773e-05,1.7653260030771616e-05,0.0,,,,,,,,,,,
49894,,,0.0,3.0430127982416496e-06,1.2858597487524771e-06,0.0,0.0,0.0,0.0,0.0,0.0,0.0,0.0,0.0,0.0,0.0
51243,,,0.0003271869751212268,7.926415619905521e-06,8.887354734535149e-06,1.6970519858260625e-05,1.990386109337995e-05,2.4372936511320736e-05,3.0143023760791013e-05,3.510117199091995e-05,4.3677225872127726e-05,5.8801718856469584e-05,7.118675611832479e-05,5.123886210254326e-05,,
52936,,,0.00011698675940380063,1.6825782089114064e-05,0.00011312670933064948,,0.0,,,9.540770301585511e-06,2.1151498877039533e-05,7.682861961392845e-06,,,,
53274,,,1.427430756412093e-06,6.725966175272604e-06,8.048581242062817e-06,9.292805852928802e-06,,,,,1.3793051088365112e-05,1.1603483671425562e-05,1.3458010773294068e-05,2.442115383476065e-05,1.7929443720889168e-05,0.0001459697365589912
55277,,,9.037594133593943e-05,9.891744086081953e-05,4.742053256627257e-05,7.689438363203625e-05,9.545846138827449e-05,0.00015540321717412634,0.00020543388756090746,0.00018877766186245915,0.0001975757539142212,0.00020486361428993522,0.0003471748333275892,0.00020102709077706495,0.0002964591324321075,0.0042801590150307834
56844,,,5.117145654674556e-06,1.1688239850479197e-05,,,,,,,,,,,,
57706,,,8.725060541266799e-07,,9.193004500537679e-07,5.424531833589616e-06,8.95307342282658e-06,9.994839919131582e-06,1.6168831098527243e-05,3.581236191962004e-05,0.0001677248942600913,2.212624209123133e-05,2.9900661348335066e-05,2.5673249184735464e-05,0.0002308926379319172,0.0009456807770783616
57948,,,3.7396992270016528e-06,9.45749168258953e-07,1.451836388512025e-07,9.361657802487314e-07,1.94783113179222e-06,2.7813343301058975e-06,2.627037158394262e-06,6.07079676388442e-07,3.5402150473936607e-06,,,,,
58008,,,1.227575652522339e-06,1.3117099286971838e-06,2.667822837392289e-07,0.0,,,,,,,,,,
60721,,,0.0,2.0490998287526076e-06,1.5247074072431092e-05,2.0667810121236256e-05,1.717731569068107e-05,4.928199144882859e-05,4.0527214996057056e-05,7.925441284264508e-05,8.549014716007319e-05,8.562591693518232e-05,7.223710001476556e-05,5.079305307442583e-05,0.00013188900600489013,9.283761867790693e-05
61620,,,2.8473309790865053e-05,0.0007192916681958204,8.551110602531787e-05,0.0001249962572997417,0.00013626185455177222,0.000162389992126947,0.0001881119157541937,0.00019477969615200511,0.00022197795348794191,0.00027314580064227674,0.0002965006342033677,0.00023084447704995817,0.0002589769800315071,0.0002655748961012675
62057,,,0.0,0.0,,,,,,,,,,,,
63294,,,4.007625094371751e-06,0.0,0.0,1.0170731882996103e-05,0.0,0.0,0.0,0.0,,,,,6.668930051538814e-06,3.341628225740562e-05
63447,,,2.9554878588386073e-07,2.3486267929089866e-05,,,,,0.0011342644476900043,0.0008066082176390373,0.0018435794686142105,0.0007127074358738313,,,,
65752,,,0.0018197958164100172,,,,,,,,,,2.223935242784487e-06,2.8454613128824812e-06,7.655763326462572e-06,1.238203407719505e-05
67014,,,3.45899775981894e-05,3.0269932515443056e-05,1.6120233163578707e-05,2.1644472054307933e-05,3.800217243754351e-05,0.0001872995325690292,0.00021899612808220514,2.0963349522717486e-05,0.00011053498467517252,0.0001439677050036765,8.976415588440985e-05,6.24686873203538e-05,8.721802463089931e-05,8.440898521334593e-05
67648,,,0.0,5.830112461650412e-05,,,2.384512508769898e-05,2.883727244828888e-05,6.67734224386232e-05,4.531649572216043e-05,3.968226350110768e-05,0.0,0.0,0.0,,
68128,,,1.0012403639501951e-05,,3.585301144610272e-05,6.711036029434105e-05,2.518211207526254e-05,2.8757892450388414e-05,,,,,,,,
69526,,,0.0,0.0,0.0,0.0,0.0,0.0,0.0,,,,,,,
69964,,,1.7191156221467073e-06,6.705775236765667e-07,5.4441660364157646e-05,4.124494961099471e-06,5.65481374528484e-06,0.0,,,,,,,0.0004701839355483445,0.00017220042454185153
70174,,,0.0,1.6428272987258743e-06,2.633672353921621e-05,6.708268367836561e-06,2.9968999430125012e-05,8.381083402180984e-05,0.0001071406661718178,9.6431776010521e-05,3.69805491471399e-05,1.6816539721414943e-05,5.435024615763468e-06,7.322195029092471e-08,1.2173817770427562e-06,2.8052346084719834e-05
70502,,,0.0,4.0165104854625666e-05,7.185803956669084e-05,0.00010576406551023721,0.0001685305552368686,0.00020473388045652997,0.00021625396273100282,0.0002102006245503332,0.0001970940691683981,0.00017232303061157897,0.0001397936158075508,0.00011183261689883222,0.00012225936191394393,0.00011023606097550658
72533,,,1.4386936725918116e-07,,,,,,,,,,,,,3.3198861162881443e-06
73567,,,7.902785449080325e-06,8.071888527550987e-06,1.1678392633847207e-05,,0.0,8.530679499141732e-06,0.0,0.0,0.0,,0.0,,,
73629,,,0.0,1.3945769054860706e-06,5.7810420405315354e-06,2.1788713068241242e-05,2.747992155537811e-05,4.4558517445319925e-05,3.915984988066766e-05,3.14058563686398e-05,2.237215851340591e-05,5.7406792976017e-05,3.610171506346339e-05,4.184482382768051e-05,4.473979782584284e-05,3.79678070043296e-05
74322,,,0.0,0.0,1.8913548741435496e-06,0.00022187629887705535,,,,8.513567555744933e-06,1.4415213232186115e-05,5.059719096825574e-06,0.0,0.0,1.5417884219756352e-05,3.778772139099732e-05
75472,,,9.134553866019931e-06,0.0018490315347809148,0.0022671122470143963,0.0026865573119694572,0.0038933884497748634,6.153503451924188e-05,4.4482466713860584e-05,2.8964834555376912e-05,7.098556210658016e-06,,,,,
76255,,,9.039106817226841e-07,1.3914220713443617e-06,,,,,,,,,,,,
76718,,,8.494458498317082e-06,0.0,1.0270126031690832e-06,0.0,,,,,,,,6.094206598136517e-06,1.1788231425420178e-06,0.00013169526365582466
76969,,,1.423073569860815e-07,,,,,,,,,,,,,
78016,,,5.5304042462965284e-05,0.00011390914259479479,0.00013155753716760502,0.00011122450902651887,8.88737905178142e-05,2.3819946801176184e-05,6.27338285735153e-07,0.0,5.883854695712103e-06,1.554620511987771e-05,5.491245498247775e-06,4.107728881490017e-05,8.806219095817034e-05,1.4561972317670302e-05
78329,,,1.0484130741978057e-05,8.093082002240733e-05,0.00010989314053214674,0.0001250986437993318,0.00015257233909010535,0.00017598217818946406,0.00018122548398317098,0.00019795860283045824,0.0002730049836768242,0.0003271561200520784,0.0002467115616189828,0.00020085473757099556,0.00022120708382094493,0.00024148940436987168
78454,,,0.0,0.0,0.0,,,,,,,,,,,
78748,,,0.0,,0.0,,,,1.714236717898291e-05,4.361105748645934e-05,3.163309321367541e-05,4.438676411481551e-05,3.078798034598431e-05,2.639088062216367e-05,4.907593049008698e-05,7.64705217710323e-05
79736,,,7.698902002907314e-06,9.391520595315128e-06,2.0989762945209425e-05,2.1954008685738682e-05,2.5390506010693767e-05,4.3434817108068325e-05,3.314623154311313e-05,,,,,,,
81184,,,1.567551299015835e-05,1.9671722914636964e-05,2.5992500184956148e-05,2.0851188926472246e-05,1.509656248349435e-05,1.704849312706412e-06,0.0,0.0,,,,,,
82895,,,7.633297571437127e-07,1.3494137020618735e-05,1.2514006765757494e-05,5.86004800626559e-05,4.446636711981854e-05,1.5563820138809472e-05,1.8600580172047286e-06,7.080141517728129e-06,0.00026954935717016053,0.00024668776960628884,0.00022968798802562555,0.0006480810046986026,1.836874438590244e-05,1.4031549135527201e-05
85760,,,7.335364664610114e-06,0.0,,,,,,,,,,,,
85984,,,1.3808992924871235e-06,0.0,0.0,0.0,0.0,,,,,,,,,
87291,,,0.0,0.0,,,,,,,,,,,0.0,
87996,,,0.0,0.0,,,,,,,,,,,,
88047,,,0.0,1.707361183780164e-05,1.757780048520328e-05,9.043164474782306e-05,0.0008031472401390231,9.028564440101557e-06,0.0015232445061962763,0.001334046496657232,0.000870041142047324,6.372411530333383e-06,0.0,0.0,0.0,0.0
91330,,,0.0,0.0,,4.053435674070525e-06,0.0001311429109261677,2.6078392704745045e-05,3.284104308447864e-05,4.919241639752233e-05,2.230779401862432e-05,1.605353824533248e-05,1.30515447552216e-05,2.6260545550645826e-05,2.8290523686850766e-05,7.138662872282932e-05
92872,,,2.775116777829097e-06,1.7036875546907074e-05,3.103050470539548e-05,1.0439772361603904e-05,8.760112387534789e-06,5.13481775409688e-06,7.796188459095304e-06,2.839264239943597e-05,3.3501509740809834e-05,2.4276402510713165e-05,2.5112568391464825e-05,3.775903900144691e-05,2.9146204050812985e-05,1.3522684357140351e-05
93021,,,0.0,,,,,,,,,,,,,
93156,,,4.616521362146108e-05,2.7060344474519176e-05,1.2482633580641368e-05,2.029052520898221e-07,0.0,,,,,,,,,
93771,,,0.0,7.676482648456807e-06,1.3920803897885011e-05,1.1870551530419708e-05,6.871444025180332e-05,3.5260619342617236e-05,,,,,,,2.077673111047355e-05,3.530002207835266e-05
93815,,,3.82708959122823e-06,7.458588770402778e-06,,,,,,,,,,,,0.0
95239,,,0.0,0.0,0.0,0.0,0.0,6.108861306315942e-07,,,,,2.156556316074535e-05,1.6871689136880578e-05,1.7625526705900708e-05,2.314475647375154e-05
95355,,,2.985815521456843e-05,6.294854584436817e-05,5.87683679171281e-05,0.00012297611902632022,0.0001429154258538228,0.00019678774846486327,0.00017513972174275694,0.00018749961876511615,0.00021057553568163407,0.0002425680901074492,0.00017783831830550664,6.308791972150643e-05,0.0,0.0
98505,,,1.841527900917519e-06,3.580603546731381e-05,1.696657442669966e-05,1.632487364815891e-05,3.383986948638868e-05,0.00039326623051588803,0.0006811107030706982,9.299135100596936e-06,,,,,,
99780,,,0.00023249511718964592,0.000307332093930392,0.0008129151549010104,0.0014456647735356454,,,,,,,,,,
100148,,,7.047954774359772e-07,9.908983501980758e-07,,,,,,,,,,,,
100549,,,0.0002357967136405766,,,,,,,,,2.4726084144638984e-06,1.39251608915411e-05,7.424705759499765e-07,,0.0
101378,,,0.0,,,,,,,,,,,,,2.5318535170296436e-05
101840,,,1.982684302965527e-06,1.0561333095060783e-05,0.0,1.1121584947182716e-06,,,,,,,,,0.0002849237813846213,0.0004919468885779947
101902,,,2.4474234647461847e-05,4.5031401464498936e-05,5.294765018581739e-05,4.821758908971316e-05,5.8602306244956226e-05,5.9439475400355636e-05,8.06718698115723e-05,6.927253172843586e-05,6.105933182009366e-05,6.165330575622032e-05,0.00010384834826944068,0.00020731815177232977,0.0002529328605198573,0.00020422637886578397
103032,,,0.00046185988358093304,0.0004209318524570232,0.00015338445718825503,0.0003379372540964834,0.0005256844055882729,1.0703312469200451e-05,0.00015900516190243185,9.163819388043334e-06,8.709682593072288e-06,1.3216043932399929e-05,8.27291851797859e-05,6.033038107355021e-06,2.6203805362793447e-06,1.602562043634958e-06
104546,,,4.0909871163150706e-06,0.0,3.568534491580999e-06,1.4190463211845013e-05,1.5110999712657049e-05,0.0,2.0728999567038717e-05,9.753777484476012e-06,,0.0,0.0,0.0,0.0,0.0
105570,,,1.0281809306078146e-05,2.523867313367109e-06,1.286888377772678e-06,8.475326910513363e-07,3.26237569554011e-05,7.838665554142135e-05,8.916347437778068e-05,0.0002090915880164245,0.0002461348630769865,0.00027694727593648296,0.00024349091939410535,0.0003205046425320412,6.334664177978733e-05,4.697830124596088e-05
105874,,,1.1913863408266296e-05,0.00016436412459344354,0.00134181297946182,0.001011538629182879,0.00018202528225298714,0.00028395936652622373,0.00015862202085310697,0.00010085070851469494,0.00020584814396191296,0.0003208281482131319,0.00019172127438415212,3.2104952649136e-05,0.00015375132333753655,0.0002724968727018109
111275,,,2.4590316674073256e-05,1.5138226253001292e-05,5.983828904513984e-06,,7.3009565711254974e-06,,,,,1.8888870627332693e-06,1.7828440516833822e-05,8.21896115167857e-05,1.6912781057886364e-05,1.6238448888469543e-05
113233,,,0.0001572221709732403,,,,,,,,,,,,,
115897,,,1.162102758759361e-05,1.0489192554353707e-05,1.7284641214446047e-06,0.0,,,,,,,,,,
116723,,,2.140965270270728e-05,3.5940571616601355e-06,,,,,,,,,,,,
118799,,,1.2448153132733392e-05,2.138591957239083e-05,2.5334177612027623e-05,9.696103388295952e-05,2.9988614148366748e-06,7.869300892781398e-06,4.851183728838615e-06,1.2684973562601436e-05,3.451967716608367e-05,2.8587052575242438e-05,1.865491881017902e-05,1.1479399419148295e-05,1.745211995796544e-05,2.284337106986092e-05
120824,,,0.0014724480569049598,0.0008028585975196143,1.9956137726910476e-06,1.095365750423976e-05,1.9146354614277805e-05,3.623563390398492e-05,1.8243578217961336e-05,0.0001351733088751534,8.100703841859093e-05,6.709192326681672e-05,6.575016546126649e-05,3.5399658789341876e-05,7.177668390848834e-05,0.00027632022048777505
121055,,,8.69546455714491e-05,0.0005258209737035455,0.0001916684129030981,0.00030000050907050296,0.00014730055996957153,0.00022801200415277086,0.000263108465207482,0.00010468354908565201,6.899588522095891e-06,3.290779165078928e-06,4.633211472811805e-06,1.6895458108436554e-05,0.00015646772558445453,0.0002882810822409602
121108,,,0.0001118448682179575,0.0001260016919673903,0.00011693851458550798,6.853061216137478e-05,0.0,2.17263297005872e-06,4.706198880579824e-06,4.117924082371031e-06,2.5725657783890785e-06,4.0421702713395885e-06,6.493590229002095e-06,1.0271856809696653e-05,8.456122760648038e-06,1.2440009433662355e-05
122061,,,0.0,2.979215041153759e-06,6.987329987221334e-06,6.224691666621655e-06,7.954415433158537e-06,2.401329899789705e-05,2.7424441682182064e-05,5.2252760737357074e-05,4.81690620027329e-05,4.810696682026911e-06,,,,
122668,,,4.715363728006516e-05,7.130212600706106e-05,7.808234724142748e-05,6.815375173709583e-05,8.0480981153598e-05,9.394452824919546e-05,5.822407951537587e-05,3.9529309645607746e-05,1.6638179942439464e-05,0.00017503024856795928,1.8236550878265862e-06,0.0003427098185281127,0.0003294450267279676,0.00033327509181286526
124723,,,2.685260081592363e-06,0.0,0.0,0.000308382448626498,0.0006740917534155862,0.0005121047630607876,0.0004449341028173396,0.0009810574183661523,0.0019267274027184181,0.0014213969631456747,0.0011474030641868225,0.0016372985135118747,0.0011444087043915644,0.0
125061,,,2.6342070089821048e-06,4.9275003922224245e-06,9.803569297528313e-07,0.0,0.0,1.2426489579587246e-05,0.0,0.0,0.0,0.0,0.0,0.0,0.0,0.0
125622,,,3.5350758812255945e-07,7.959155787553923e-06,3.09913433291264e-05,0.0001754407103067419,0.00011210468617996361,2.8836301439140254e-05,3.3091513703746234e-05,1.88538972309635e-05,2.5469458562811e-05,2.3839692462381364e-05,2.2884248233054822e-05,2.411215720453295e-05,1.9871085182637457e-05,2.6304116230240646e-05
125873,,,0.0,6.373760491692225e-05,0.00012219980507683232,8.373899753746957e-05,6.3775812640086e-05,3.88940142006456e-05,0.00012694213446602144,9.096833507754044e-05,0.00012916443593009223,0.00010898021586749631,0.00014109217724922175,0.00015818492766184493,2.5227040175767102e-05,3.052189095209608e-05
130712,,,7.175710772485925e-06,3.739929681630217e-05,0.00014257591733799052,0.00017069756657075603,6.198380401615325e-05,9.766130851786239e-05,0.0001070997730094884,0.00013567811932933298,7.004107398563259e-05,0.00018406952201060271,8.724455204516194e-05,4.061210413224422e-05,0.00026531950053126533,0.0002790872605207701
131407,,,7.054252142092375e-05,9.105615503908395e-05,0.00011370876640908026,0.0001549066987952519,0.00023063543284379317,0.0002464228231153623,0.0003249187124158872,0.001289681445292183,0.0012773620709184545,0.0024593479308401113,0.003465066583185316,0.008704980802342348,0.008214410569875213,0.006065440309276942
133018,,,2.9353132629955204e-05,3.142011493608474e-05,3.3205687715613005e-05,4.4445504045527856e-05,5.5959994606889366e-05,8.509305160257522e-05,9.62187066171688e-05,6.610375071554795e-05,5.62883031547579e-05,1.0288949593049467e-05,0.0,,,
133330,,,9.78155496335122e-06,8.613818925671203e-06,6.546268558059508e-06,0.0,0.0,0.0,1.5319600937652437e-05,0.0,1.4798127429954556e-05,4.059313582917851e-05,2.3875630674745346e-05,2.099042384074509e-05,0.0,1.049294517862428e-05
134096,,,1.0634083728195625e-05,,,,,,,,,,,,,
135164,,,0.0,0.0,0.0,0.0,,,,,,,,,,8.274050524343873e-06
135789,,,1.6763083195570755e-05,5.302294688257441e-06,,9.662959367201447e-06,3.4747921417173585e-06,3.825047788739134e-06,3.0170324593596153e-07,0.0,,,,,,
136599,,,5.433238986203028e-05,0.0,,1.2751703669097642e-05,1.0330086383655001e-06,8.072970061706457e-06,,,1.241387185533326e-06,0.0008318307110322024,0.0011270570556844242,0.001083007730239226,0.0011551879313272228,0.001383640235666346
136713,,,3.92393422816041e-07,1.1952124199576805e-05,,,,,,,4.98552103647231e-06,5.282878411952222e-06,6.612765971538465e-06,5.818723091311199e-06,6.6648599734526255e-06,1.1985499928906547e-05
137069,,,1.5343873545859185e-06,,,,,,,,,,,,,
137103,,,2.725214660156913e-06,3.993192755784069e-05,2.5920055312533436e-05,4.044742160340819e-05,3.390886948507662e-05,6.706468886840026e-05,1.6336121308056618e-05,0.0,0.0,,,,,
138280,,,3.7115090521255543e-05,0.00010954116956446077,,1.6799620999492087e-05,3.371670498656621e-05,0.0,0.0,0.0,0.0,0.0,1.3084275018283492e-07,,,
138351,,,3.926170369182953e-05,3.999467370354801e-05,6.993266646137923e-05,0.00011032773573035787,0.0,0.000143134637957335,0.0001478124013211072,0.00017100187185967782,0.0002029249721089509,0.00019722495180538125,,,,
140823,,,2.097450952504851e-06,0.0,,,,,,,,,,,,
143735,,,3.174465256913782e-05,6.869525150205434e-05,5.445268138937408e-06,7.38736423037484e-06,3.0283332757481147e-06,,0.0,0.0,4.028025749043442e-06,4.051618710229056e-06,8.374249219960402e-06,2.9008283722178495e-06,0.0057668620972160965,0.006582644948052235
145471,,,7.71797497045253e-06,2.521077037837331e-05,2.8583910580847805e-05,3.3367896052563766e-05,3.3824834854639935e-05,4.611055419326075e-05,4.2095676884151556e-05,1.580192957809636e-05,6.847761257458199e-05,,,,,
145961,,,3.332335168883956e-05,3.7198439042613366e-05,1.0702370640679508e-05,8.281675496280357e-06,1.2063848255448588e-05,,,,,,,,,
146584,,,6.062819558435905e-06,2.7288824573804273e-05,,,,,,,,,,,,
146655,,,7.121698101463478e-06,4.660811746109967e-05,4.8431748366631425e-05,5.617028640530395e-05,6.970702464851327e-05,9.57734239806393e-05,9.671209656152382e-05,8.228971917308215e-05,9.296884830079717e-05,9.903084957385557e-05,0.00012089682191938569,0.00010070721744705197,0.0001054899975549367,0.00011198915362782552
147786,,,4.271473292818389e-05,1.1386988243658684e-05,,6.906079764225383e-06,2.476233719146987e-06,8.138270426951796e-07,2.5356432640631795e-05,1.9387703909261692e-05,2.4797617434751798e-05,2.8062103716264933e-05,3.0187011999094268e-05,3.2789859507241876e-05,3.320905239303315e-05,5.8772585157590825e-05
151834,,,7.992313301049039e-06,,,,,,,,1.4628446845276102e-05,1.258259816922558e-05,4.1682538123775295e-06,2.945775384781048e-06,3.0663164996462864e-05,3.7212722561989796e-05
152760,,,0.0,8.456918507690213e-06,0.0,0.0,0.0,0.0,0.0,0.0,0.0,0.0,0.0,3.673629732961413e-05,,
153277,,,2.1311985955105045e-05,1.0309717545403157e-05,1.161447068759187e-05,,,,,,0.0,,,,,
154380,,,0.0001496818541185861,2.8811978497421322e-05,,,,,0.0,0.0,3.6778392604859782e-06,6.188807544116877e-06,5.2468647541899475e-06,4.576597191491382e-06,,
155154,,,0.0,4.700001796892528e-06,6.72671947760331e-06,9.708888966105463e-06,1.4273939122513554e-05,2.3440160847918432e-05,3.1619708381157596e-05,2.0252803954553363e-05,2.500631951887411e-05,,,,,
156106,,,1.2331660050786957e-07,1.944429442673244e-06,4.628830590903723e-06,3.043578781347331e-06,7.0792206446059825e-06,8.787875547384996e-06,9.300173912267024e-06,6.09785990639514e-06,1.5116341464128988e-05,1.1144914099222363e-05,6.0242476529423025e-06,6.37030967531045e-06,9.687856918310513e-06,0.0
156712,,,1.3899425098577006e-05,2.324285494820068e-05,2.3954418728431097e-05,2.8024526319810076e-05,2.7209099049705415e-05,3.5328468606877726e-05,2.7692106017429063e-05,2.1430879117315955e-05,2.1871340645274844e-05,0.0,0.0,,,
157246,,,0.001750828541243981,0.0016290005019718688,0.0035752863389960955,0.003051074220216162,0.0020119816154208522,0.003005370294547317,0.0030409109294685576,0.003581753889626903,0.0022089555583541145,0.002462692838350015,0.0021848620426661533,0.003225353406742057,0.0030928505704243105,0.0024789741565740524
157834,,,5.208482150117385e-06,,1.1442175326708231e-05,,1.3427320090993376e-05,4.882598127740342e-06,0.0,,,,,,,
158065,,,0.0,1.4030248502433134e-05,,,,,,,4.2044532768515454e-05,2.397333182260611e-05,1.3978562899694718e-05,0.0,,
158966,,,0.0,0.0,0.0,0.0,0.0,,,,,,,,,
159437,,,0.0,0.0,0.0,0.0,0.0,0.0,0.0,0.0,0.0,3.792907641992889e-06,9.41347422320791e-06,8.265293748839582e-06,6.056222638590277e-06,2.552050337390761e-06
159767,,,3.763285582125458e-05,8.772324803693194e-05,0.00010968851683062822,0.00012277134602714005,0.00013198534813958554,0.0001740259588834062,0.00016495662728019595,0.00016589752384824256,0.00014592429581703406,0.00019137756920554138,0.00011907786495544357,,,
160430,,,0.0,0.0,0.0,0.0,,,,,,,,,,
167641,,,4.7865749542464605e-05,4.944221013173482e-05,4.641497422552482e-05,3.037542562341647e-05,3.704065297530779e-05,4.157751935902706e-05,,,,2.001787900310798e-06,0.0,,,
167909,,,7.13490119882452e-05,3.818316793937877e-05,0.0,1.2117688429513212e-05,1.9436094868508518e-05,5.0712409300903566e-05,6.780504539738769e-05,9.821812751923883e-05,9.498202200328784e-05,6.9992033505271e-05,5.1115039748715354e-05,8.885286531783699e-05,0.00017711084031565123,0.0001326237338566953
167981,,,5.1302994253953956e-06,0.0,0.0,0.0,7.561921934128484e-06,1.544802729783539e-05,1.5198547883256876e-05,3.246601355331996e-05,5.654903390480536e-05,0.00013989887091750476,0.00014874362010955453,8.687925213461084e-05,4.6977269700066236e-05,8.820861335206951e-05
168960,,,0.0022125815504378072,0.00043802628620016014,4.488863570654967e-05,4.523471208880274e-05,0.0007427548170449899,0.000938627814164952,0.0011848425514135914,0.0016105231923407325,3.8811119015673935e-05,2.3238995949256097e-05,2.1152911279558314e-05,1.1977083382817995e-05,1.1732374959053136e-05,1.0393960227041703e-05
172082,,,0.0,5.968175014434129e-06,4.3598220600707736e-05,8.304631805972862e-05,0.00021307358902189594,,0.0009494881128358157,0.0013693155705935245,0.0017019018028603086,0.001411577552922522,0.0013587621048977874,0.0011253756967394466,0.001727440321155154,0.0019806056732932253
177236,,,0.0,3.808235346169483e-06,2.3702551565484777e-07,1.220827416339599e-06,9.45568813188384e-06,0.0,0.0,1.1696432448919027e-05,,,,,,
178046,,,0.0,0.0,,,,,0.00020377155727746592,0.0004341693006727275,0.00010257854289717136,0.00020990803972720243,7.541937422791973e-05,0.00024884243243146747,0.0001886285186556579,6.507487922008809e-05
178377,,,8.743969086678006e-07,4.664247009953161e-07,0.0,,,,,,1.020265355351462e-06,3.431865176292833e-07,0.0,0.0,,0.0
180000,,,6.986625318373859e-06,9.473756605275674e-06,1.070619126275454e-05,8.975373745161503e-06,1.1489943504456903e-05,1.806501832953573e-05,1.5674744111632503e-05,2.3049052526145738e-05,9.91674764253564e-06,1.193922353806569e-05,5.078202106737029e-06,,,
1151,,,,0.0,0.0,0.0,0.0,0.0,0.0,0.0,1.19760758067341e-05,1.279134461146999e-05,6.837257991151983e-06,1.4057375315160314e-05,8.938748335815612e-06,8.52513298613658e-06
2915,,,,1.2498541472920783e-05,2.5177164739444105e-05,3.4862772905617145e-05,4.7957886533945086e-05,6.886166267408292e-05,7.440592207464429e-05,5.6217879321198185e-05,5.240008346608751e-05,5.125057453891719e-05,5.7667043318014515e-05,,6.2250880362399e-05,6.882231332866496e-05
6217,,,,0.0,0.0,1.766294464321652e-06,0.0,0.0,0.0,,0.0,,0.0,,,
8354,,,,6.360236769338098e-05,3.546249978593362e-05,,,,,,,,,,,0.0
16757,,,,1.4713024718124306e-05,1.9169163052955404e-05,2.9067493274589772e-05,6.32733970652241e-05,7.414504482792011e-06,0.0,,,,,,,
16908,,,,1.0603257335432828e-05,5.41257243079531e-06,2.723659174046044e-05,4.56905445857177e-05,1.3107409745063752e-05,0.0,0.0,1.4787050359144687e-06,7.4590620741380974e-06,6.913994014598529e-06,1.3971367685857051e-05,9.380726683780326e-06,1.1936493732899234e-05
16944,,,,0.0,,,,,,,,,,,3.8062459849836496e-05,2.0884852224355862e-05
17254,,,,1.6267025908904736e-06,1.644322267592177e-05,2.753033741921809e-05,4.740937139286022e-05,9.33100951467096e-05,8.970902633885702e-05,8.298581265493954e-05,0.000172435166870379,0.0001330015905997099,0.000105831034850757,0.0002685510778700814,0.00023424986326277386,0.00019886935867224808
17824,,,,3.1548341417088865e-07,0.0,,9.92319548230132e-05,0.0008859072365685389,0.0006834160550970183,0.0009241914043972738,0.0,5.258296456536406e-06,0.0,0.000737716387366741,0.0017270525926637852,0.001127131647919693
19631,,,,0.0,2.2150129953497402e-05,1.676999173883127e-05,3.459309458029085e-05,0.0001317070740394004,0.0005356310707824728,0.000166522553568133,0.0,1.5520021734141648e-05,9.26141161348016e-06,2.0195177136008505e-06,0.0,0.0
20055,,,,0.0,0.0,0.0,0.0,0.0,,,,,,,,
22781,,,,0.0,0.0,,1.3057826591525965e-05,4.764499140038268e-06,1.0681015183424067e-06,5.026012180562385e-08,0.0,5.807907342445739e-06,4.934831026195575e-06,6.171934514599191e-06,3.149169365529748e-06,5.3522654578703746e-06
27757,,,,0.0,4.702524512850968e-06,,,,,,,,,,,
31716,,,,0.0,3.514972309029113e-07,0.0,5.026515488833967e-05,0.00017292641239872674,0.00031310848831813987,0.00043992159922883264,0.0005511422595783516,0.00034903910487766394,0.0002113664794071153,0.0,8.946095897834365e-05,4.552875524101689e-05
32483,,,,3.8130026510947316e-05,3.2651330147226204e-05,2.2596683480014815e-05,1.3353939140007796e-06,0.0,2.5405690313437667e-05,3.312933669934803e-05,7.834510081889496e-05,0.0,0.0,0.0,0.0,6.591792627224035e-08
34903,,,,2.180551251323811e-06,0.0,9.444517855223577e-06,3.308037166533307e-05,4.193315145971266e-05,,,,,,,,
40241,,,,0.00032865274348976213,0.00046365849842460084,0.0005508649219708075,0.0004236140915118732,0.0004594533698662143,0.0003862787863173991,0.0004919440471003332,0.0004356721881057729,0.004818605826092555,0.0018070542670807674,0.00031187740705045585,0.00037755838375067084,0.0004374864704514375
40394,,,,2.8258760803816325e-05,4.173772459717021e-05,4.544160752785835e-05,8.737072561133076e-05,9.998626854811238e-05,8.609671955058872e-05,0.00012251769974269114,0.00014423537818734138,0.0001655392116319737,0.00017598835372392694,0.0001332308306781206,0.00019333561751599457,0.00025597519285471915
41088,,,,8.412891044557031e-10,0.0,0.0,5.4029289015897044e-05,3.540469282504515e-05,0.00023441192089033696,0.00017602843634927104,5.95728224842904e-07,1.5391346807909668e-06,9.89816400395701e-07,1.682246145645422e-06,1.836547761270168e-05,7.178775551352203e-05
41738,,,,1.8712022368729122e-05,2.938594732259868e-05,4.404122169805851e-05,4.638392985391792e-05,6.395928023493923e-05,7.821258755773387e-05,8.570703924984403e-05,7.500393737726652e-05,8.205432696344778e-05,8.5001980910969e-05,5.7496353649828544e-05,6.256336596283206e-05,7.497683236792075e-05
42753,,,,2.7352622330892164e-05,3.6282317115033684e-05,3.558796816224948e-05,3.846306853267545e-05,,,,,,,,,
45003,,,,3.324704433383568e-06,1.2315554838360177e-05,3.1557030350858365e-05,3.246405133073234e-05,4.6577488217608015e-05,3.472468437427675e-05,,,,,,,
45815,,,,7.589829870697868e-07,0.0,0.0,0.0,,,,,,,,,
49313,,,,0.0,1.7159736261993088e-06,0.0,9.611411072645636e-06,3.4196514691862775e-06,0.0,0.0,,,,,,
49956,,,,3.1399713675301694e-06,3.845316518866609e-05,9.480641781903167e-05,0.0001388368588318116,0.00020344814296760082,0.00025053323692240763,4.283009251686426e-05,9.3619626210877e-05,5.351988137422552e-05,7.595441223629753e-05,6.710831171367253e-05,8.8481783876661e-05,
50415,,,,0.0,5.7319837836181e-05,0.00014233370456366435,0.00015466454251352455,0.00013090696250092965,0.0003258047696576098,0.00027540705719379096,7.208429004683487e-05,0.0002894837529124854,0.0001690677040338254,0.00024725909224329194,0.0003763629589738299,4.953570066097538e-05
50987,,,,0.00021786008627499816,,,,,,,,,,,,
52696,,,,8.131760268818085e-07,,,,,,,,,,,,
53023,,,,4.302492695037208e-06,4.51362414064123e-06,,,,,,,,,,,2.3140866235479734e-05
55311,,,,1.2900467342574494e-06,4.521044964286965e-06,5.756905918079848e-06,4.33096961461422e-06,1.4339134850100392e-05,1.9431687226889745e-05,2.8105257600393554e-05,2.332260475577395e-05,1.9797041761945695e-05,1.4165626532361859e-05,1.032114081470016e-05,1.659793909645603e-05,9.693231058332944e-06
58259,,,,5.693564229254714e-05,8.117315702662665e-05,0.00013170342199884304,0.00016702987994072935,0.00028531016162811106,0.00038632026034851163,0.0003345640490225565,0.00032346414615229456,0.00031640491759708913,0.00027706997683779594,0.00023154419727185367,,
58311,,,,5.945390101188454e-06,2.350505479360622e-05,,,0.0,0.0,0.0,0.0,0.0,0.0,0.0,0.0,7.83423747528155e-05
61513,,,,0.0,1.4694700288583247e-08,0.0,0.0,,,,,,,,,
62280,,,,6.2173368042037596e-06,1.55571322485202e-05,0.00013851772746285542,0.00029749961771952457,0.0002600269040399501,0.0002180412959765649,0.00015392263559627957,0.00015876119429321996,9.482124976253398e-05,5.926213467886103e-05,6.429917975304978e-05,8.547672740757777e-05,8.649707060573692e-05
62707,,,,0.0,,1.3659938140585892e-05,1.7802995332463124e-05,1.6290134981984406e-05,0.0,,,,,,,
63072,,,,4.94818208270696e-07,1.8809216369386556e-06,2.6592473687069025e-06,4.318025891916628e-06,6.025354519533797e-06,1.926160884720155e-06,3.221802679847683e-06,,,,,,
64005,,,,7.746176440018425e-05,,,,,,,,,,,,
64130,,,,0.0,0.0,0.0,0.0,0.0,0.0,0.0,0.0,0.0,0.0,0.0,0.0,0.0
64318,,,,1.6700710442251648e-05,2.395302273190368e-05,4.378661381060354e-05,6.0965332174048125e-05,8.264258863986486e-05,0.00011851837537367774,9.92261835520106e-05,0.00010330341969759296,0.00011615670556162654,9.839280851271498e-05,6.791859708050732e-05,7.310958092805624e-05,8.177270041115319e-05
66330,,,,0.0,,,,0.0005652133801882218,8.611356474529826e-05,7.106173683381299e-05,0.0003660156227447677,0.0005738781602672206,0.0004072950803339509,0.0009761031195687045,0.0011439549442386133,0.0010433828685597244
67167,,,,8.844472355142808e-06,,,,,,,0.0,,,,,
67595,,,,4.116708017803241e-07,1.0644840889049704e-06,1.1604652262827523e-06,3.9677488423002583e-07,0.0,0.0,0.0,0.0,0.0,0.0,0.0,0.0,0.0
67835,,,,8.063054991954202e-07,1.3937188488706782e-06,4.26695312553743e-06,2.1548609979853172e-05,1.681715019740312e-05,5.132568184742154e-05,0.0001816514025406566,1.0065365009234722e-05,8.40806968191744e-06,,,,
68529,,,,5.777405699256262e-05,2.703082770734744e-05,7.72900913224089e-05,,3.963987060293671e-05,1.7407127170314465e-05,9.206715389437875e-06,1.897921815746165e-05,1.723923725444457e-05,5.944379546906102e-06,7.50350384292823e-06,7.143201255897896e-06,4.924393279059005e-06
71536,,,,9.769049080939626e-06,,,,,,,,,,,,
71607,,,,1.01507840120864e-05,1.7260394958969883e-06,,4.680808569000824e-05,,,,,,,,,
71634,,,,3.808634958494099e-05,1.1028592987086057e-05,5.150499376394834e-05,0.00013176271610918698,5.348937408984063e-05,8.630548379123058e-06,1.9570978455992458e-05,2.7612116509692796e-05,8.372998357903996e-06,,,,
71787,,,,1.1201764425827688e-06,6.774183359535434e-06,1.6546795961532464e-05,2.406984802714871e-05,3.373188681424352e-05,4.374197518917986e-05,3.400815241890534e-05,,,,,,
76040,,,,2.2596324271426475e-05,2.7247060222093942e-05,3.1919797774364565e-05,5.83137607958976e-05,0.00010538774968965167,8.52032271884426e-05,7.100466490062711e-05,4.931092338538361e-05,5.4316512887033204e-05,6.033471636168836e-05,4.7951590806520774e-05,5.504121901564635e-05,7.106368491518245e-05
76674,,,,0.0,,4.7646992353606173e-05,6.556234507364668e-05,6.161781304916255e-06,4.927858408206244e-06,2.941947693925599e-05,1.2489061669315403e-05,1.6983168546236814e-06,,,,
77402,,,,1.5350020785048016e-06,3.287630600864441e-05,3.5646887093191036e-05,4.085068753489278e-05,5.496979891307002e-05,8.117478600396996e-05,9.177792806523359e-05,7.671358255612615e-05,7.535698522113596e-05,5.858443030852444e-05,6.556411710661408e-05,7.476422833106917e-05,4.456673173505194e-05
79585,,,,3.0629233070471013e-06,1.1788749833014467e-05,2.358285394372836e-06,0.0,,,,,,,,,
80123,,,,0.0,0.0,0.0,0.0,0.0,0.0,0.0,1.0556364564602497e-05,1.0929681864180947e-05,2.383358246597923e-06,0.0,0.0,0.0
80677,,,,4.229090220673448e-06,8.879272649376427e-06,1.0291965648679896e-05,1.5990774587702597e-05,1.7152876610541803e-05,9.934482623399234e-06,7.840763104687597e-06,9.170471955322237e-07,0.0,0.0,0.0,0.0,
81095,,,,4.3404909195884575e-06,9.707319010638093e-06,3.8562610096443276e-05,9.948545265369066e-06,1.294695048325271e-05,1.8657156791520066e-05,1.604522170617743e-05,1.6748698898928842e-05,,,,0.0,3.279897708719222e-05
81264,,,,3.6491615980019837e-06,9.240247961965474e-06,4.323579821413544e-06,4.9352423303964095e-06,4.6894886833066305e-06,,,,,,,,
84237,,,,2.397723022896514e-05,2.2186278916207314e-05,2.594224300683641e-05,3.13734929099114e-05,5.242429842993754e-05,3.8290521659898005e-05,2.4730649422015952e-05,2.2671910762897225e-05,5.619819351332536e-06,,,,
84460,,,,8.617036856495744e-05,0.0002511917210475521,0.00024473641959440686,0.00040742756801014394,0.0002320507953303521,0.0002638517449023215,2.5229752682876928e-05,4.804847298187091e-06,1.649473229856098e-06,2.3490619422412015e-08,,,
85626,,,,1.177040575301437e-05,3.250430967083893e-05,6.194841672213795e-05,6.515392083898883e-05,7.350879108328058e-05,7.702622115515473e-05,9.945704872689797e-05,7.759227958983936e-05,5.317413256808384e-05,6.50192939889705e-05,8.529360263877228e-05,9.281545307258983e-05,8.643304376751348e-05
88092,,,,2.487411452174029e-06,8.328221388554555e-06,1.3120668617040055e-05,1.7354545124540407e-05,1.985118965843987e-05,2.1663268917757626e-05,1.4755396016176695e-05,1.2026677880206459e-05,2.488302431602335e-06,0.0,,,
91982,,,,2.297385275705097e-05,1.611832285254119e-05,3.7991928462741276e-05,4.761746662699843e-05,2.4457292931107936e-06,2.2862065912294857e-05,1.9886346912596976e-05,2.2692890063673493e-05,2.7537795429415532e-05,5.436802072633097e-05,9.079549998363238e-05,9.503932231741992e-05,
93735,,,,4.043656080566337e-06,3.092426202230902e-05,4.014128087577811e-05,5.2982340983857214e-05,8.394434777974642e-05,7.613040531787624e-05,6.945709499623856e-05,7.0575710486615e-05,8.384953035244652e-05,0.0001164561552237729,0.00011065081462113669,6.30431531940711e-05,
94535,,,,5.092182734419629e-06,,,,,,,,,,,,
95747,,,,0.0,5.1812484588524335e-05,,,0.0,,,,,,,,
96058,,,,0.0,0.0,0.0,0.0,0.0,0.0,0.0,0.0,0.0,6.483410960585716e-07,7.965421700109672e-07,8.679173750503003e-06,2.664705154011762e-06
100834,,,,2.7045341485489717e-06,5.5068683225471494e-05,5.118739186099101e-05,3.99979949104145e-05,7.353440144957568e-05,9.899014775503875e-05,0.00011839903924827901,0.00014020072297925263,0.0001405155817338325,0.0001490110216606463,0.00013990219521828106,0.00038696535172737527,0.0006383039199693787
102106,,,,0.0,,2.638031459712239e-05,,,,8.146558204757713e-07,1.1452180707749138e-06,,,0.0,9.987757408871811e-06,
102240,,,,3.3321358204729266e-06,8.823138894274039e-06,1.0165213539320019e-05,1.798928537221077e-05,2.2685686739433238e-05,2.1813830106334063e-05,,,,,,,
102570,,,,0.0,2.904407512038479e-06,0.0,2.2077012567207937e-06,2.7280744783035642e-05,4.819526380160312e-05,0.00010718127462608022,0.00025558352056060204,0.0002470330379833345,0.00022335131513436516,0.00016405575098701696,0.00014417801769588866,0.00014116453585809332
102703,,,,0.0,2.036325439840568e-05,3.4782714473516435e-05,4.573973073196855e-05,6.004429272380829e-05,4.51386160912369e-05,2.9600910455883985e-05,,,0.0,,,
102749,,,,1.6816177371838194e-05,3.252436793673285e-05,,,,,,,,,,,
102794,,,,0.0,,,,,,,,,,,,
104341,,,,3.855908395421973e-09,0.0,,,,,,,,,,,
104485,,,,0.0,,,,,,,,,,,,
105623,,,,2.0965625557289834e-06,,,,,,,,,,,0.0,9.664864737601038e-06
105794,,,,0.0,1.1511093471061686e-06,4.584470130899746e-07,2.8774891227723332e-06,1.368516018849836e-06,2.316737054468596e-06,4.6425256101553725e-06,3.2558532129518145e-05,1.4135825436834735e-05,2.379028142417725e-05,2.7146024227971694e-05,2.7602841151261902e-05,7.366771315837148e-05
106461,,,,1.8115758715946141e-07,7.612589484500552e-06,4.7148728368453386e-06,1.1476103677880246e-05,,,,1.0902523027410917e-06,8.723687576583644e-05,6.446131347562349e-05,9.572299929074873e-05,0.0005404486390014726,0.0005773586907680722
106979,,,,4.202021743737586e-05,4.680335515415207e-05,7.120845210339034e-05,0.00013015550401853678,0.00017320897606097794,0.00017262223643685305,0.0001645612121481469,0.00015714092093566725,8.572824833264621e-05,0.0,4.4834363408904667e-07,3.1929227049562804e-06,9.282540765222042e-07
107662,,,,4.7517130338464054e-05,2.4069257811186373e-05,5.033340695271841e-05,0.00011165753034431064,0.00020463823605538999,0.0002854026737974299,0.00024325208567633406,0.00021186265774285966,0.00025921768071797825,0.00023407775837915645,0.00023755909886536742,0.0003050411062914732,0.0002603405805065547
107868,,,,1.3432582701142728e-07,4.4798263299774896e-06,1.0527301782066083e-07,,1.3764054681824513e-06,3.97000578489396e-06,2.247253394946328e-06,3.717532097554677e-07,,,2.7717324413972346e-06,9.371890330040574e-07,
109924,,,,1.4491625468801715e-05,1.1810865356948787e-06,,,,,0.0,0.0,0.0,0.0,0.0,0.0,0.0
114382,,,,0.00022419702634688535,0.0009303990632877292,0.0011211868445627235,0.0012193200850391483,0.00044657208387663763,0.0001374306497347301,0.00015203226588675524,0.0002444116233112238,0.0001802031087169104,0.00013486677159195884,0.00013304028463363278,0.00011951066681063157,0.0001375372668872455
116171,,,,0.0,,,,,,,,,,,,
116545,,,,0.0,1.5159787552716908e-06,4.662151430339992e-06,2.619451032440957e-05,3.078317478214259e-05,3.608693784437497e-05,6.462098507077692e-05,9.872070123602499e-05,0.0001837196895571444,0.00021386783886527847,0.0001851377022656257,5.233086833219862e-05,
118370,,,,2.8839881252719103e-05,3.367474254882459e-05,0.00011235415642581057,2.948968342192342e-05,,,,,,,,,
118995,,,,4.510010674136282e-06,2.201552649885398e-05,2.5734668387020672e-05,3.2336804579905254e-05,4.261589226734284e-05,4.3472103552557134e-05,2.029192584423723e-05,3.2020455023208425e-05,1.9796641404365633e-05,1.9995371856486593e-05,1.6650333548693397e-05,1.5972164590704464e-05,1.6152323335618764e-05
119974,,,,0.0,0.0,,,,,,,,,,,
120487,,,,0.0,0.00024443436311984715,0.0001848741065770183,0.00010536289842937407,6.8196400031128056e-06,6.406018435281868e-05,0.00010998636014216589,8.375457156545409e-05,4.820441385525624e-05,6.674342715251081e-05,7.043230663399477e-05,0.0001230411382284464,0.0001526352275890311
121386,,,,5.541991975601944e-07,0.0,3.7456818921351254e-07,,,,,,,,,,
124206,,,,0.0,0.0,1.1882267398532006e-06,1.5149133911066106e-06,1.674990781386052e-06,1.0739102061732879e-06,5.431038803171808e-08,0.0,,,0.0,7.359879360328435e-07,1.2281806410608978e-06
124938,,,,4.041412642954455e-06,1.4332182032463899e-05,1.580742280653236e-05,2.099611215486135e-05,2.6256572883518575e-05,2.9781955725223447e-05,3.677052603660674e-05,7.191460946215642e-05,9.295061900545155e-05,0.00010088946984699366,0.00017121330927710913,0.00012651361103353304,0.00015759749666015307
125418,,,,0.0,0.0015570198776016808,0.0001226213319767456,0.00027094338012926617,1.757672210391862e-05,0.00019193763373336856,0.0003011603988378958,0.0004199902446927157,0.0006874995614173455,0.0005126130800565225,0.0002819383033663483,0.0005140179803390333,0.00031747218751757657
129460,,,,3.3651564178228126e-07,2.44522751742083e-05,,,,,,,,,0.0,9.474713355375877e-07,1.8304543628407413e-05
135850,,,,1.3649004323263956e-05,1.3108407392430687e-05,1.8686470048737398e-05,2.3428337216836526e-05,1.9602611316390693e-05,3.508970231756931e-05,3.542141917729681e-05,3.406417458762934e-05,3.622619548889249e-05,2.794585030206668e-05,2.4395695125890266e-05,2.0682369563264796e-05,1.8845124654926894e-05
136134,,,,3.5803862137127303e-06,4.461311007613874e-06,5.842482693856643e-06,4.100870051890106e-06,1.481068116790364e-05,3.2370655543933893e-06,1.8341262398847164e-05,1.0735947379247349e-05,3.6985513675238385e-05,3.1864712038242934e-05,3.763292827321507e-05,3.062144669607943e-05,5.873179168682399e-07
138431,,,,0.0,0.0,0.0,0.0,0.0,2.0057631427545485e-05,3.803807526236396e-05,7.445469928294384e-05,0.0001131440948431748,0.0,0.0,1.579832941349697e-05,1.512789392404362e-05
138618,,,,0.0,0.0,0.0,,,,,,,,,,
141376,,,,4.92516581495756e-05,0.00011575316658672941,0.00013467967698734215,0.00014478430027715968,0.0003075149560866855,0.0003184638661506989,0.0003728914421655708,0.0003442724236686343,0.0003930349598513068,0.0004658646332501745,0.00046359908948469795,0.0004477662132179104,0.0005133421724822635
142006,,,,0.0,1.510615189666358e-07,3.2456350574869867e-07,1.7981817839885237e-07,1.2137614357869942e-07,3.287717312278672e-08,,0.0,0.0,0.0,0.0,,
142122,,,,0.0,2.6905261493381497e-06,1.2195794216928539e-05,3.4914298037386476e-05,,0.00022697645194553936,0.0,0.0,1.451960821308232e-05,3.4638249473447125e-05,4.184702048618923e-05,3.018011099202306e-05,4.00887973287696e-05
145408,,,,0.0,0.0,,,,,,,,,,,
146628,,,,0.0,0.0,0.0,0.0,0.0012685259876412725,5.076793164190034e-05,0.0,4.931461574232023e-05,0.00022722838942736758,0.0003189340974497065,0.0002516565209548791,0.00026252448151289307,0.00044166545085274917
147884,,,,3.438488784761201e-06,,,3.924835423202859e-06,0.0,2.7615663685574666e-06,1.7902176719336496e-06,2.4637251659618008e-06,5.2896844908132785e-06,7.899973613821902e-06,9.415385289601422e-06,3.871983101441506e-06,2.3025888082113074e-06
149968,,,,0.0,,,,,,,,,,,,
151022,,,,0.0,9.77757437271781e-05,9.242240845336877e-05,0.00016288818737879299,0.00011221879905026087,0.00036392033364004165,,,,,,,1.2051147699743246e-05
151558,,,,0.0,4.7405103130969554e-07,0.0,4.012554036253461e-08,4.891458586221586e-08,2.371919588861966e-06,,,,,,,
154013,,,,8.730688003765173e-06,1.5546992905321077e-06,3.1085254415350777e-06,8.418298541220692e-06,5.877190661067278e-05,0.00010008334280481058,2.4933254784825802e-05,0.00010552395280895627,0.00010749128602724513,2.0382027452179492e-07,3.9466518557654124e-05,5.6843942285873926e-05,2.1106055494977626e-05
154228,,,,2.7455469923911874e-05,2.3728120343986916e-05,,,,,,,,,,,
156213,,,,3.012656283055873e-06,5.786038238629654e-07,,,,,,,,,,,
156767,,,,4.775227064315942e-06,0.0,0.0,,,,,,,,,,
158314,,,,0.0,1.077121531153152e-07,1.7521165659538696e-06,1.132038073711845e-05,5.186888119692141e-06,2.253770878381846e-06,2.7873195755939377e-06,2.277932478287172e-06,4.052659639937217e-06,9.699511665708144e-06,4.656690740194224e-06,3.0635370647426918e-06,1.577605084499591e-05
158396,,,,7.88140665281714e-06,,,,,,,,,,,,
160831,,,,0.0,5.559886801188358e-06,1.0176080431482152e-05,2.6862705116898326e-05,4.8502392478622604e-05,8.956799139832322e-05,0.0001572540716187472,0.00021536997724663613,0.000331810356991817,0.00028258980258967433,0.0003952960771651633,0.000384493796809537,0.0003923186428723047
160993,,,,0.0,2.387668376390449e-06,2.714430805467733e-06,1.5236752957019037e-05,2.075641293724981e-05,1.9834113119813182e-05,1.5051525708207266e-05,1.248369096831668e-05,3.0092957576888245e-05,8.188798609826932e-05,0.0001111015238874659,0.00012746306385445468,9.22291205748922e-05
164981,,,,0.00015397623726875136,,,,,,,,,,,,
171209,,,,0.0,,,,,,,,,,,,
171806,,,,0.0,5.302435652132379e-06,5.0768761819963855e-06,1.1572982463916838e-05,1.2695337737614066e-05,1.669742169113742e-05,4.232583437171553e-05,5.5332821880203554e-05,4.1330754634685035e-05,1.2199070176382266e-05,6.816907247507944e-06,7.952611258459228e-06,2.9341581854213214e-06
172457,,,,0.0,,,,,,,0.0,0.0,0.0,0.0,0.0,
173597,,,,5.685642090187756e-06,0.0,0.0,0.0,1.1530733639976446e-05,5.910339867921464e-06,4.275516259168152e-06,3.897702332621266e-06,,,,,
176212,,,,0.0,,,,,,,,,,,4.5490780786403745e-05,5.075096787221736e-05
179971,,,,0.0,,,,,,,0.0,,,0.0,,
4927,,,,,8.186417530769727e-07,5.698156782328317e-06,4.8817747989455885e-06,9.528755527789377e-06,3.423524433764671e-06,,1.3837946792026326e-06,2.591714794532391e-05,3.1504444238367875e-05,8.027491384125517e-06,2.132131826913745e-06,2.8990109632573113e-05
7384,,,,,5.804406613990383e-08,,7.563913276081959e-06,7.386709345912489e-06,2.743443262525118e-06,0.0010344200441009643,0.000995097243465001,0.0007706029053120722,0.000602320075433671,0.0010733894638227416,0.0009894996044994841,0.0009268158230144659
7446,,,,,0.0,0.0,0.0,2.3789724141425086e-08,0.0,0.0,0.0,0.0,0.0,0.0,0.0,0.0
12126,,,,,0.0,1.498510470120097e-05,1.7212363309062245e-05,2.0853028347538457e-05,1.9863040385210973e-05,2.306875154824538e-05,2.4889674606558063e-05,1.0972199839183548e-06,0.0,0.0,0.0,0.0
13819,,,,,0.0,,9.569194623231952e-06,1.6562867176605746e-05,1.134216003233495e-05,1.4686357387322816e-05,1.561573273980727e-05,1.7921606713902517e-05,2.3747920007152168e-05,2.141342141511805e-05,1.731255912253638e-05,1.908053810145816e-05
15741,,,,,5.3872828515986586e-05,1.7077575725576634e-05,,5.170623716452595e-07,,,,,,,,0.0001371612105209711
17851,,,,,0.0001319033034653954,0.00023485153791383184,0.0002829758647489475,0.00033094492133854334,0.0003501012329428624,0.0003221911300623746,0.00033139121690920896,0.00030335782456347547,0.0002764605518679138,0.00021771589401194965,0.00033200799774176805,0.0003208599907103599
19141,,,,,0.0,2.7959749454812366e-05,4.2916406110330755e-06,0.00019712675203387855,2.4520446288011394e-05,,,,,,,
19560,,,,,7.08394764161877e-06,,,,,,,,,,,
19695,,,,,3.4899913185385213e-07,5.816164439401477e-06,6.104359191281972e-06,2.104662329654648e-06,3.0546727565037246e-06,4.896771867347924e-06,0.0,0.0,0.0,0.0,,
20910,,,,,7.096555694466374e-05,6.835470434450026e-05,7.032493805667677e-05,0.00010199152381617607,9.741529631033029e-05,7.885122725013843e-05,7.169013094385034e-05,,,,,
24766,,,,,0.0,8.40189049082395e-06,2.028978316396353e-05,6.134301746010038e-05,6.184788750554932e-05,4.559393895864788e-05,5.4273618942611336e-05,5.7635637368780536e-05,7.839203381376122e-05,6.70360472811931e-05,8.270071993816073e-05,9.988959407403315e-05
25228,,,,,0.0,,2.9274319789655027e-05,,2.3234751323524184e-08,5.946527231947438e-07,5.162586335024012e-07,9.440431737865727e-08,7.939829364775262e-08,1.4041153836942016e-06,6.531404255152848e-07,7.294196759633154e-09
26653,,,,,0.00015817044759874514,6.964395922242329e-05,,,,,,0.0003143925602566647,5.207870325948744e-05,0.00023968005714240976,,
27383,,,,,0.0,0.0,,,,,,,,,,
30773,,,,,4.904282747813217e-06,2.2773779863219568e-06,0.0,5.130569589071624e-07,0.0,0.0,,,,,,
31976,,,,,0.0,0.0,,,,,,,,,,1.5128704390350244e-06
32027,,,,,0.0,1.5249051324107769e-05,3.5042341324994955e-05,2.8978432903270908e-05,5.031845537754676e-05,1.5823837836319326e-05,0.0,0.0,0.0,0.0,,
34333,,,,,2.9956248640798596e-05,0.00017457110424098622,0.00031794890737396153,0.00041372624291051863,0.00040999949246485484,0.0003972230483128113,0.0004217134844584783,0.00039882493117416576,0.00037287247474680155,0.0002668592565463209,0.00028037996763066345,0.00033804057966473853
37057,,,,,0.0,2.3654677309112456e-05,2.2251653256527754e-05,1.903833362489332e-05,4.235811340035077e-06,,,,,,,
40465,,,,,4.563975531180061e-05,6.796672233527411e-05,7.895173010042635e-05,9.837560712282304e-05,0.00010207432864572335,8.43847193785294e-05,0.00011026745663167355,0.00015857178866615193,0.00016988494268353112,0.00015359306650994674,0.00018181836760526013,0.0002059600203267439
41033,,,,,0.0,,,3.0210158008307553e-05,3.8435274160643556e-05,0.00025652416373870884,0.00032798476588356476,0.0003504981680424425,0.0003032014116956755,0.00028360838340332994,0.0002746909624320337,0.00030819391520823603
41417,,,,,0.0,,,,,,,,,,,
41541,,,,,0.0,,0.0,,,,,,,,,
41925,,,,,0.0,1.3452957803935271e-05,7.467532325533737e-07,7.334517604173649e-06,3.714888215361664e-06,4.525620198629471e-06,1.6642375802594716e-05,0.00014182563180731192,0.0001714332094096623,0.00022116335240537785,0.0001627764001717066,0.00017558363509223072
43652,,,,,0.0,0.0,0.0,0.0,0.0,0.0,0.0,0.0,0.0,0.0,0.0,0.0
50022,,,,,9.01585988855881e-06,3.205011558271514e-05,3.2063692030986065e-05,6.360243437281786e-05,7.243317551352047e-05,7.554519744308901e-05,7.68267868631149e-05,5.5204025570515e-05,3.464741081502186e-05,4.596958526129974e-05,,
52954,,,,,1.1063125532764226e-05,,2.0499869740055215e-05,1.7765462007183497e-05,0.0,0.0,3.262281270709663e-06,1.568681070199554e-05,1.2528330358619742e-06,1.0420046772170055e-06,1.3281307439143213e-06,4.538611317105073e-06
52990,,,,,1.3751814844566305e-05,2.3147923564458e-05,,,,,,,,,,
55062,,,,,2.2373930238892525e-05,5.321551050834405e-06,1.3667675064777888e-05,4.277732253830251e-05,6.9746076522954895e-06,1.658013300253728e-05,1.6036829264988523e-05,3.49593039625438e-05,2.5618478031758838e-05,7.973853489308558e-05,3.979497427307731e-05,4.377193444368747e-05
59041,,,,,3.8894667458836575e-06,8.34110381279202e-06,,7.447033289271103e-06,,,,,2.2338561143872188e-05,0.0001064686584434048,0.000133489564212284,0.0001268109614434001
61210,,,,,2.718519553387901e-06,2.368558003369852e-06,,,,,,,,,,
61675,,,,,0.0,0.0,0.0,,,,,,,,,
64639,,,,,3.035043397603984e-06,2.4870750460131123e-06,0.0,0.0,0.0,,,,,,,
66731,,,,,0.0,0.0,0.0,0.0,0.0,0.0,0.0,0.0,0.0,0.0,0.0,
66857,,,,,3.0296063584972085e-06,6.693326391113629e-06,,,,,,,,,,
67121,,,,,0.0,5.866254020461308e-06,,,,,,,,,,
67773,,,,,1.0546386397116198e-06,1.8664736264413131e-06,6.41381373085209e-06,1.5623173073019454e-05,5.948096338822191e-07,0.0,1.3388989755414192e-06,1.0070594568883565e-06,6.459920341163304e-07,7.671407407403035e-07,5.301812243851524e-07,0.0
67906,,,,,2.4215396605556333e-05,,,,,,,,,,,
68404,,,,,0.0,0.0,0.0,0.0,0.0,0.0,0.0,,0.0,,,
68921,,,,,6.5391416284195455e-09,0.0,0.0,0.0,0.0,,,,,,,
70566,,,,,0.0,,,,,,,,,,,
71199,,,,,1.3783555397189644e-05,1.5467747528870692e-05,1.1478194586931396e-05,,,,,,,,,
71572,,,,,2.8060338409565584e-05,1.386802214597173e-05,5.703203354754299e-06,2.8353467139984186e-06,8.125773406619495e-06,1.7094885019271802e-05,2.3991928367740004e-05,2.6277309624347827e-05,1.3746945392189736e-05,3.8310400287137574e-05,2.5333237081621217e-05,3.308572006647647e-05
73923,,,,,0.0,0.0,0.0,,6.280353282748587e-07,1.5011759457987432e-06,1.402927801510589e-06,4.5676315880195727e-05,5.2947856178116685e-05,8.077451284054785e-06,2.142146361152131e-08,0.0
74536,,,,,1.2346487182467645e-06,,,,,,,,,,,
74859,,,,,0.0,,,0.0004184770265463325,6.6108676203257184e-06,0.00012141234526898798,0.00010942207472759306,0.0002922206774013063,0.0004869289848945103,0.0015545751139774682,0.001188220470860097,0.0008304016705565061
75864,,,,,1.2609889685140498e-05,2.0229738530950278e-05,3.355909027094861e-05,1.8959439131567165e-05,7.0272343640432715e-06,6.1870578148743515e-06,7.238530105437276e-06,8.044464927704987e-06,7.081638735209809e-06,6.889340653718812e-06,4.55961208337134e-06,5.112961773067299e-06
79656,,,,,1.2314158841832761e-06,,,,,,,,,,,
80613,,,,,1.0585400826382386e-05,2.031794713217259e-05,2.1290034227194356e-05,3.1157741561226454e-05,3.344921270037189e-05,2.562041927068474e-05,1.6815413075397378e-05,1.9340313834610786e-05,2.4905067919900186e-05,2.3833181573924526e-05,2.5878359776875408e-05,2.9658149993581296e-05
82396,,,,,1.2051344127171451e-05,,,,,,,,,,,
86883,,,,,0.0,0.0,0.0,1.1114777595932242e-05,0.0,0.0,0.0,0.0,0.0,0.0,0.0,0.0
88261,,,,,1.3996702024875543e-05,,,,,,,,,,,
88546,,,,,0.0,7.728228074366738e-07,0.0,0.0,0.0,,,,,,,
90262,,,,,2.3952434943892135e-05,,,,,,,,,,,
90878,,,,,4.5494792093453733e-07,,,,,,,,,,,
93888,,,,,5.258278077765186e-06,6.48855339193344e-05,9.338318437145983e-05,0.00010729274826311934,0.00012075111880211181,,,,,,,
96192,,,,,0.0,0.0,0.0,0.0,0.0,0.0,,,,,,
101298,,,,,1.3576139702616292e-05,7.426306757208983e-05,9.996018857539925e-05,0.00019967213114086747,0.00019680589500442998,0.00026287884734444046,0.0010077297196344232,0.0011644258489524571,0.0007375445308573685,0.0006016187483609994,0.00033290475376220534,0.0002625078754726466
103014,,,,,3.770807041053347e-06,2.7875955528530923e-05,4.405425890254675e-05,0.00010920150949703797,0.00010067861713371925,0.00012015354093621893,0.00014315343368770768,0.00023357173499738846,0.00028689931332684523,0.00018561116666112226,0.00026454693544611586,0.0003102149480215255
103283,,,,,7.157641563566014e-06,8.442047053266832e-06,1.0286276860678537e-05,7.667573742153601e-06,3.6164890435065394e-06,1.25134816085284e-06,2.7479527328786784e-06,2.8490246112383404e-06,5.253911940016672e-06,2.332400739651686e-06,8.863666105857231e-07,2.196093535520663e-06
103513,,,,,0.0,0.0,0.0,,,,,,,9.017677450367407e-06,4.056925307531575e-05,7.652152711726262e-05
104243,,,,,1.0454911887819766e-05,4.0774532037007386e-05,3.6096259053871956e-05,9.01208155980357e-05,,0.0,0.0,0.0,,,9.450555299787983e-05,
104387,,,,,2.6603579296456883e-05,7.989542871828023e-06,7.059805060559595e-06,,,,4.49905301007221e-06,1.5606258756887034e-05,2.1842360959606103e-06,,,
108222,,,,,6.585635660132623e-05,8.779778176002615e-05,,,,,,,,,,
116340,,,,,9.882185944072236e-07,2.6819150265763515e-06,2.7978354446333066e-06,3.896174208876251e-06,4.253818272310808e-06,,,,,,,
117113,,,,,5.672007364390248e-06,1.3777096821708886e-05,1.038893053838021e-05,1.4520106680176233e-05,7.821630511794564e-06,4.134125147275408e-06,2.300674040328646e-06,8.43473349674958e-07,,,,
122347,,,,,3.135775568082222e-06,2.415761066199116e-06,1.9073073230389903e-06,2.165241162914777e-05,4.316656657265279e-05,2.2507145315395357e-05,4.495629188185523e-05,9.102369797261238e-06,4.704419370487609e-05,,,
125846,,,,,9.399465039592275e-07,0.00011909383690380329,0.0,0.0,0.0,0.0,0.0,,,,1.2799324507883986e-06,1.355796665702213e-05
126166,,,,,2.7013267540502584e-06,,,,,,,,,,,
129987,,,,,0.0,0.0,9.627242241175767e-06,3.050692267935747e-05,4.4078879083370964e-05,2.696492355473775e-05,,,,,,
130892,,,,,5.376056100578181e-07,0.00024464456039659883,0.0004255365330337586,0.0004759045709907276,0.0010055486884817015,0.0006543729781834517,0.0008904953728837634,0.0007131008272320004,0.0005173527823373826,0.0005592226758967825,0.0004098745359867168,0.00019832234794636268
131835,,,,,1.2962195124559284e-06,3.722504848695577e-06,2.3072683543945773e-06,1.368516018849836e-06,6.2473599358691826e-06,1.7267205436891087e-05,2.9001030138284838e-05,2.7492955380448568e-05,2.027459701935433e-05,3.1247298312920685e-05,3.412385599656316e-05,5.668087968236358e-05
133688,,,,,1.6355201421193155e-06,2.529523843521443e-06,0.0,0.0,,,,,,,,
139054,,,,,6.433339786341746e-07,,3.015389553050523e-06,1.9505874529958467e-05,6.26362426179565e-06,1.2122630917710307e-05,1.978012394389645e-06,1.0081003865965181e-07,,,0.0,
140583,,,,,0.0,,,,,,,,,,,
141535,,,,,1.691793496874445e-05,9.279332604599658e-05,8.17547430341387e-05,4.834508899654461e-05,4.6282695246407234e-05,6.128964109981442e-05,7.297792434270077e-05,4.264032427906836e-05,0.0,,0.0,1.4102113735290764e-08
142710,,,,,0.0,2.471793478910113e-06,3.818398195789584e-06,2.12408251262724e-06,5.362812952982618e-06,9.84951104982006e-07,,,,,,
143487,,,,,0.0,0.0,0.0,0.0,0.0,0.0,0.0,0.0,0.0,0.0,0.0,
144116,,,,,0.0,,,,,,,,,,,
146370,,,,,5.1155043697613115e-05,,0.00021628492662316849,,,,,,,,,
148453,,,,,4.333334862800603e-05,0.000154402831568828,0.00045319059744296816,0.0007684747252708551,0.0009456741284060592,0.00122102878839935,0.0009934002697838103,0.0011933094063514937,2.6283262561413098e-05,1.4863098391246219e-05,1.6016774788675458e-05,2.5920603573945268e-05
148694,,,,,5.495817907930135e-07,0.0,0.0,0.0,0.0,0.0,0.0,,,,,
148970,,,,,0.0,3.5834256085392817e-05,,,0.0,,,,,,,
151479,,,,,0.00010342423957110661,5.1637264216984304e-05,4.240721997282703e-05,3.6893735354468636e-05,3.9973066176991e-05,,,,,,,
152582,,,,,3.708942352838412e-06,,,,,,,,,,,
153561,,,,,6.809524113729477e-07,,,,,,,,,,,
153605,,,,,4.206945745618498e-06,2.61801260680731e-05,,,,,,,,,,
154914,,,,,7.105254957037215e-06,8.879099872412607e-06,2.528108177035028e-06,0.0,0.0,0.0,3.212459627226182e-05,9.465510136680818e-05,0.00011872934246527972,,,
155145,,,,,2.266657519513966e-06,9.296201756729467e-06,8.559484685722117e-06,1.0019600652421637e-05,3.758128087574742e-05,4.619733657483079e-05,1.9753018687293516e-05,1.3694951669670284e-05,2.8559816791703787e-05,6.997404987432787e-05,3.739212869977296e-05,3.4351776499600354e-05
155403,,,,,0.0,1.530279150175332e-06,7.451900291198953e-06,1.1625407031967831e-05,9.53925950338609e-06,2.0163882200589568e-05,2.3739253669190634e-05,3.512128863943695e-05,1.1414091977349998e-05,1.468770365801088e-05,1.4090663888045518e-05,1.951667703659712e-05
156151,,,,,1.9153807091153834e-06,1.7257134139036877e-06,3.0945453957011804e-06,6.580286247975611e-06,1.451707262693791e-06,1.987115841424912e-06,2.1279724363384085e-06,,,,,
157683,,,,,0.0,,,,,,,,,,,
160617,,,,,0.0,0.0,,,,,,,,,,
162149,,,,,3.0977677257858015e-05,4.960048601493956e-05,4.1883198337769906e-05,0.0,0.0,0.0,0.0,0.0,0.0,0.0,0.0,0.0
176551,,,,,0.0,,,,,,,,,,,
179757,,,,,0.0,0.0,,0.0,0.0,0.0,,,,,,
180046,,,,,0.0,3.395903800666478e-07,0.0,,,,,,,,,
0,,,,,,0.0032841389184476784,6.507307235567772e-06,1.2955204061016061e-05,,4.587386758577407e-06,0.0,0.0,0.0,,,
4240,,,,,,0.0,7.168831032512387e-07,,5.2560260358997e-05,0.00012176342970958624,,,,,,
4525,,,,,,0.0,1.5632034334783955e-07,0.0,0.0,0.0,,,,,,
14049,,,,,,2.9824525129353346e-05,4.962025879670657e-05,6.116993507935715e-05,3.7939909262426024e-05,0.0,0.0,0.0,,,,
14584,,,,,,1.0739545769607738e-06,,1.9723623331538658e-07,0.0,,,,,,,
14940,,,,,,2.355738466522336e-06,8.325571703157097e-05,0.00010669958304945024,8.03198633290209e-05,0.0002083175269097148,0.000201943476501434,0.00011524901485610961,0.0,,,
18527,,,,,,1.3190878928118834e-05,6.405669142262374e-05,0.00010165142786186855,0.00011534590242796376,0.00013536818191153162,0.0001359458690302162,0.00010222786499368393,8.817399755364204e-05,0.00013612985666386975,0.00013971903293783243,9.310247906691228e-05
20313,,,,,,3.7954064135363845e-05,7.634456564783834e-05,2.426466899124854e-05,3.0001756472743983e-05,6.143609504448977e-06,1.900422548398696e-05,1.3242627675716058e-05,1.9617564394109463e-05,3.6577743644945704e-05,2.277701382885838e-05,1.599368806386852e-05
24711,,,,,,1.8439842535213994e-05,4.844954886225823e-05,0.00011316516884174399,0.0001394995881663333,0.00014706700769958424,0.00013841748241326987,0.0001337410510500847,0.0001274771708361212,0.0001055003263130959,9.315037765615596e-05,9.864012518465155e-05
28077,,,,,,0.0,1.7573592739422727e-07,3.365760461437335e-07,0.0,0.0,0.0,0.0,0.0,0.0,0.0,0.0
29813,,,,,,0.0,1.991341953475663e-06,4.69075099519985e-05,0.00013571487952324446,0.0001310468240028045,0.0001287240384481968,0.00011670151215657512,0.00015623109844631886,7.081266650346756e-05,,
35884,,,,,,0.0,,3.625590371996257e-05,3.9812862566615306e-05,4.546957737520576e-05,4.1031819961443444e-05,4.8073256712027875e-05,5.719331582632921e-05,5.259735457874851e-05,,
38982,,,,,,0.0,0.0,0.0,0.0,,,,,,,
40955,,,,,,1.568652863122863e-06,0.0,0.0,1.9788805354732312e-05,6.404179700044544e-05,9.570387778439767e-05,0.00017089751741200963,0.00018389709716899987,0.0001729471487354211,0.0001903137987516353,0.0002252859676258484
41471,,,,,,2.8896339723036184e-05,2.2427488751019657e-05,8.362330787998076e-06,2.579731204699567e-05,3.100653693934896e-05,3.840235831934913e-05,4.747696413228329e-05,3.7881755901229026e-05,,6.389845868242012e-05,
42398,,,,,,0.0,2.8090367431216075e-05,3.408120735546301e-06,0.0,0.0,0.0,0.0,1.3799172869372232e-05,2.7782886221771297e-05,1.0692791329986007e-05,7.379944094874174e-06
43411,,,,,,1.6580075818779e-05,2.969628514959652e-05,,0.0,,,,,,,
43466,,,,,,0.0,0.0,9.710091486295953e-08,1.1476805416254772e-06,1.1701587333206784e-06,0.0,0.0,0.0,0.0,0.0,0.0
44177,,,,,,3.279933685873718e-06,3.291688249095271e-07,0.0,,,,1.987375027428561e-06,1.4589162400547947e-05,1.7128641857824577e-05,2.1353504018213762e-05,2.7749880059087045e-05
46803,,,,,,3.416618813850544e-06,8.387631875137166e-06,1.4110098067167387e-05,1.2789104171007416e-05,1.4709738469627995e-05,1.1646281198531169e-05,1.5412886045717012e-05,1.3543360023862165e-05,1.8681848397226532e-05,1.396390237712434e-05,
47373,,,,,,2.07658668434805e-05,0.00010069798076916199,0.0001323362879677124,0.0002570196824493958,0.00037840422270530563,0.00029643517028697886,0.00023397273314957871,0.0001896967745002639,0.00020197334367313228,0.00022445072184100148,0.00019546080754201503
48325,,,,,,6.55494331123647e-07,2.0202164118010602e-07,,0.0,2.6841298383336737e-06,1.0878522707322867e-05,7.76701712472191e-06,6.0451543042282495e-06,4.3024654745175894e-06,6.7593821816384634e-06,0.0
52758,,,,,,3.9163854864351275e-05,0.00013255437410279123,0.00030842479165895146,0.00012558011334343647,,,,,,,
58623,,,,,,0.0,,,,,,0.0,2.435977234104126e-07,0.0,0.0,0.0
59327,,,,,,1.774529531038268e-06,3.1244155250033157e-06,0.0,,,,,,0.0016633357321141334,,
61121,,,,,,0.0,0.0,0.0,,,,,,,0.0,5.268030993068389e-08
63189,,,,,,0.0,,,,,,,,,,
70726,,,,,,1.6037155698647445e-07,9.956709767378316e-08,8.049665842139346e-06,0.0,0.0,0.0,0.0,0.0,0.0,0.0,0.0
71910,,,,,,0.0,,,,,,,,,,
72579,,,,,,2.4846299952766322e-05,2.7143783033631415e-05,8.363423173290283e-06,8.00495269973717e-06,,,,,,,
76497,,,,,,0.0,2.7567938869721732e-05,3.394975699196728e-05,,,,,,,,
76601,,,,,,0.0,0.0,0.0,0.0,0.0,,,,,,
79497,,,,,,1.9500807780137216e-05,4.33465359722815e-05,4.198679971517444e-05,5.212402790289783e-05,2.9414414106473372e-05,,,,,,
85341,,,,,,8.265629850822207e-06,1.2233411022787042e-05,2.2949437099429754e-05,2.9250809309967684e-05,1.8471975536143843e-05,1.213425973458716e-05,1.2827697079739634e-05,1.5185824133877212e-05,2.662012165115141e-06,1.5656947753660928e-06,3.407200353055309e-07
92961,,,,,,4.734908669269271e-06,1.4128172891519134e-05,6.32745974090118e-06,5.2530287529789656e-06,1.2702187194062336e-06,0.0,0.0,0.0,0.0,0.0,0.0
93281,,,,,,2.0176422841279814e-05,4.057498624143407e-05,1.6006600310584563e-05,3.6594733334550594e-07,,,,,,,
95293,,,,,,0.0,3.0465540546224173e-06,0.0,3.681662520969024e-05,1.3769524396143304e-05,0.0,0.0,0.0,0.0,,
96370,,,,,,1.8471169747775142e-06,1.0415315819263761e-05,1.2305234812152127e-05,1.5144875607699534e-05,1.740859654878383e-05,1.5328400236375505e-05,2.2981485953760117e-05,2.3208966895537294e-05,3.7555200356752404e-05,3.784674571126848e-05,3.593483332078918e-05
97919,,,,,,5.821343192697493e-06,1.1251082037137496e-06,2.0568644043133562e-05,3.109971464653712e-06,3.480743563802298e-06,1.1987068960340865e-05,0.00011871434992609564,0.0002106503287229907,0.00020197289307651514,3.0620964713148174e-05,3.0492660133970435e-05
101519,,,,,,9.498342930464139e-07,8.297224950449371e-06,1.411725925963853e-05,1.1081814643754858e-05,7.349023964237702e-06,1.9182801292194554e-05,1.2555293782265341e-05,3.3738010635115553e-06,5.150488308040791e-06,6.5492911772684686e-06,7.815326594793612e-06
101822,,,,,,3.6239387408812324e-06,0.0,0.0,,,,,,,,
102035,,,,,,6.796986354628973e-05,,,5.9493161632666765e-05,4.652761737526774e-05,2.321468723258083e-05,8.31614758153517e-06,2.6766151394673146e-05,2.95840898743509e-05,0.0001348981861057186,0.000173707027374782
103693,,,,,,0.0,0.0,0.0,0.0,0.0,0.0,0.0,0.0,0.0,0.0,
106407,,,,,,8.397221123098034e-07,5.965363522929371e-06,1.854930914241474e-05,2.0437751959198343e-05,2.748832841295529e-05,1.4686853218637232e-05,3.77256146977413e-05,7.171106674383301e-05,7.660807121983996e-05,8.15534934544457e-05,8.334565341905275e-05
112030,,,,,,9.969694377996646e-06,,,,,,,,,,
112245,,,,,,9.78241028338989e-06,1.704409491399355e-05,,0.0,,,,,,,
118931,,,,,,1.6429382587624421e-06,2.3686016865616274e-06,4.316135665658552e-07,,,,,,,,
122908,,,,,,1.0953572606644742e-05,5.8338951271609074e-05,2.917882491631934e-07,4.1726128164350904e-05,,,,,,,
124616,,,,,,6.369017578149981e-07,,,,,,,,,,
129656,,,,,,3.919721961919283e-06,3.2294588130491566e-05,4.5558778244551986e-05,4.1422217617039214e-05,2.2060879618483885e-05,3.0070470974655873e-05,0.0,0.0,0.0,0.0,9.622828551830707e-06
133795,,,,,,1.4303546808407207e-06,,,,,,,,,,
134050,,,,,,7.023917626108511e-06,0.0,0.0,0.0,0.0,0.0,0.0,0.0,0.0,0.0,0.0
136241,,,,,,1.0067835997835908e-05,7.552064791458779e-06,1.4046861096362884e-05,8.928417891090638e-06,9.56921421667331e-06,6.785796794685414e-06,4.594183302729295e-06,4.75379665251352e-06,5.606604733776106e-06,,
147134,,,,,,1.5265181867160936e-05,0.0,,,,,,,,,
147358,,,,,,2.6135724625879384e-06,4.519649264706039e-06,4.6572026291146967e-07,0.0,0.0,0.0,0.0,0.0,0.0,,
149414,,,,,,5.039521240189054e-07,1.6478155530815766e-05,2.6528940949709175e-05,2.4909163677653955e-05,2.0143907023974513e-05,,,,,,
151488,,,,,,4.0038384990617916e-05,4.961567871021358e-05,6.829896287245206e-05,7.540292525393672e-05,8.761324181825219e-05,9.117184531350517e-05,0.0001269988692588059,0.00010892553244933606,9.675801972039953e-05,9.108251022007679e-05,0.00010023798652370807
151736,,,,,,1.316201374581317e-05,2.4125506034748352e-05,5.9109575042108724e-05,6.899745283531095e-05,2.4511382736776032e-05,0.0,0.0,0.0,,,
151763,,,,,,5.184101844502429e-06,6.372294251122122e-07,2.2527412248206615e-06,8.893333416592117e-06,1.0725197018202659e-05,5.26479748840599e-06,9.870736064916534e-06,1.1737087994408163e-05,,1.0707465032559899e-05,9.487912927321048e-06
151816,,,,,,1.3898585280177728e-06,,,,0.0,,,,,,
152332,,,,,,9.693607399002463e-07,2.475835450756292e-06,2.0536843493515943e-06,3.4428673642415046e-05,5.010759246160935e-05,3.489512273277576e-05,3.805871220435301e-05,1.9278907964103023e-05,0.0,4.6958525919406156e-06,0.0
157923,,,,,,1.1943393666944006e-06,7.493818039319616e-06,2.147119704678477e-05,1.9468281960224294e-05,1.4273138180756065e-05,6.448533555406131e-06,3.1772377553732996e-07,2.724911852999794e-07,0.0,0.0,
161286,,,,,,0.0006181474545878423,,,0.0,,,,,3.745967387391132e-05,0.00024244100251854736,0.000219834501092047
162452,,,,,,2.6080541189118554e-07,3.105497776445297e-07,2.688481580268192e-07,1.0638030893475547e-06,1.6907099948789254e-06,2.343807482724653e-06,2.9655286670364293e-06,2.1536199886467335e-06,2.10451150051547e-06,4.5347096319229464e-06,4.385054967543018e-06
163618,,,,,,2.1253263936471154e-05,6.8677401291468676e-06,9.74043552219063e-06,2.239005193915746e-05,1.68302369419986e-05,2.2555265850581177e-05,2.121959231542256e-05,1.751288319592609e-05,1.2184132528409871e-05,1.0520723423526462e-05,1.4329206394407344e-05
166529,,,,,,0.0,2.351376578664063e-06,7.792955298470397e-05,0.0001784821568944025,0.00014908726208285903,7.884331725372977e-05,0.0,0.00012516428444779053,0.0001971825441147514,0.0003164365751815761,0.00014399857443910278
171272,,,,,,1.0390616654089258e-06,3.1071904171057507e-06,3.1242219357157235e-06,5.654409082092845e-06,7.093212831457797e-06,5.602732065310113e-06,5.574498873269499e-06,6.6095555868840684e-06,4.1803537912631854e-06,6.219775513264242e-06,
171628,,,,,,2.1143406448519597e-05,8.21398685679409e-06,,,,3.3876535721486402e-06,7.1061068315552965e-06,8.816029469231229e-06,1.4752814869192658e-05,1.5814984601454924e-05,1.5856719258048742e-05
176748,,,,,,1.8211383107024157e-06,1.543290013943639e-06,0.0,0.0,0.0,0.0,,,,,
177799,,,,,,0.0,3.830644948803459e-06,5.056651517632196e-06,,,,,,,,
178821,,,,,,0.0,0.0,0.0,0.0,0.0,0.0,1.526307223925775e-05,3.958568713206606e-05,7.063991902535812e-05,0.0,0.0
4142,,,,,,,4.6713198245925127e-05,2.8598646950013157e-06,0.0,0.0,,,,,,
20411,,,,,,,7.627835352788527e-07,1.4083273939436494e-06,9.259048402424387e-07,8.964988136944162e-06,1.1268821618964556e-05,3.272322680638063e-05,0.00011684124477817099,6.293443524878122e-05,2.5517033239408072e-05,1.6038858052691136e-05
21891,,,,,,,3.9826839069513264e-07,1.7805880262995205e-06,,,,,,,,
23948,,,,,,,2.579186098141679e-06,3.430854487238591e-05,4.919308019719187e-05,4.8453795120290964e-05,2.200829352074232e-05,1.750787719066628e-05,2.9213717334358996e-06,5.083293087504581e-06,5.334908405131325e-06,5.816446527218585e-06
25521,,,,,,,2.6005631540122402e-05,,,,,,,,,
27329,,,,,,,0.0,5.411142682568146e-05,5.561168025031543e-05,3.5643079201670325e-05,8.391720310507171e-09,0.0,1.9575516185343344e-06,2.2566892430508704e-05,,0.0
27971,,,,,,,4.795549692360092e-06,1.4237300265637864e-05,0.00012507766184606525,0.00015270718752243074,0.00018981332870979896,0.00019377146731976505,0.00023480040813465456,0.00041133872485101913,0.00029999731557682247,0.0002215016302847765
28530,,,,,,,2.7903579555980057e-05,4.8835327240458976e-05,1.5512449373637686e-05,1.1125897220070572e-05,1.929323633148083e-05,1.678443104349396e-05,1.4787344926408364e-05,1.2150337782121754e-05,7.887918438352436e-06,1.0944104755979367e-05
33275,,,,,,,7.201289906354041e-06,3.626233665557224e-05,2.314065058066391e-06,,,0.0,0.0,,,
33541,,,,,,,6.253908971987994e-06,3.543540098937056e-05,3.196021366180384e-05,1.615669607890016e-05,2.0685590565400175e-06,,,,,
42058,,,,,,,4.181818102298893e-07,,,,,,,,,
47453,,,,,,,2.852597348353887e-07,0.0,0.0,2.3012876284626304e-07,0.0,0.0,0.0,0.0,0.0,0.0
48487,,,,,,,1.263606036577982e-06,0.0,0.0,0.0,0.0,2.4021454803729582e-08,1.1635686820568085e-07,0.0,0.0,0.0
49625,,,,,,,0.0,1.2460474899789284e-05,1.0417881624685156e-05,0.0001428979029803562,0.00011273747558786823,0.00013123721474437596,0.00011042595661391027,8.138524023055132e-05,0.0001042022462699301,8.054478992552783e-05
50102,,,,,,,1.5362207500088003e-06,1.4576789339227485e-05,2.553150649185455e-05,3.901151992920365e-05,2.2591098496307042e-05,1.9685341997108356e-05,2.105448558417841e-05,1.6344040498168744e-05,1.4638678480887263e-05,1.566177509576166e-05
51804,,,,,,,0.0002682552676262694,0.00037856296723505153,0.0003474236602003395,0.00025817786902852216,,,,,,
56210,,,,,,,0.0,2.896046923402126e-05,3.112178766029447e-05,8.700984420206928e-06,2.776652416340613e-06,1.63654168002009e-05,9.057982849282074e-07,0.0,0.0,0.0
56522,,,,,,,0.00029611812423930087,,,,,,,,,
58357,,,,,,,1.7745843818398373e-06,,,,,,0.0,,0.0,0.0
63334,,,,,,,2.4689553643070337e-05,3.3755676538384936e-05,5.219733354332355e-05,4.002279776465527e-05,4.9161718598262796e-05,6.571621455020713e-05,5.458656178902414e-05,3.927890139117792e-05,4.1118767170610304e-05,3.4660888348947473e-05
70940,,,,,,,0.00042949193555594727,,,,,,,9.100361929619003e-07,5.871944497872165e-06,5.293209479660901e-06
72150,,,,,,,3.62354538564199e-05,,,,,,,,,
73068,,,,,,,2.9236583859636663e-05,6.781406517885516e-05,0.00010464897143988308,0.00012776702887471955,0.00011554265985326457,0.00012972802681057363,8.710376493275694e-05,0.0001229668593092245,0.00011266088605255249,9.421735651830687e-05
73317,,,,,,,0.0,0.00037352148773536667,,,,,,,,
73335,,,,,,,0.00044630553263882603,0.0009142872850839669,0.00033150402180975706,0.0005779059769679057,0.0005962631130954958,0.0005040794994731196,0.0004203191410644483,9.73682965137858e-07,1.0481950574389608e-05,2.0533488064889977e-05
83847,,,,,,,7.05203882694104e-06,1.3540358449208972e-05,2.2106936494280322e-05,2.110409627407426e-05,2.905230354938204e-05,3.428902530200373e-06,3.247969645472168e-07,0.0,,
93664,,,,,,,1.1063895893510784e-05,1.2935055621181998e-05,1.3613821669235908e-05,2.3891692004183616e-05,0.0004143014974942229,1.117510106075905e-05,0.00010932228901138062,7.621036338060594e-05,0.0,2.782600986082277e-07
102605,,,,,,,4.2380735124845805e-06,5.709460968255874e-05,1.5775234411106744e-05,1.6113431871485063e-05,0.00010705863061934181,0.0003394503806921432,0.004946261091794133,0.004553511662354504,0.004087134069731178,0.002041712077227376
105829,,,,,,,0.0,,,,,,,,,
109041,,,,,,,3.4611514493360504e-05,4.450802496959119e-05,4.622042611286019e-05,,,,,,,
115520,,,,,,,1.061186127007181e-06,1.032546853423996e-06,0.0,1.9728478581284436e-05,7.04105614309042e-05,6.58022914299205e-05,0.0,,,
116652,,,,,,,1.8917748558018801e-07,1.0574289628576294e-05,5.488048262616413e-06,2.824416332164756e-06,,,,,8.939176765087843e-06,9.949068255791189e-06
117319,,,,,,,0.0,0.0,0.0,,,,,,,
117925,,,,,,,8.009077769781443e-06,5.2393104761037815e-05,8.667340607843859e-05,6.942460081492467e-05,7.266122081818224e-05,7.078610272956628e-05,4.87660561085389e-05,2.526112225375185e-05,3.310381945304155e-05,3.6925763458357124e-05
127288,,,,,,,0.0,0.0,0.0,0.0,0.0,0.0,0.0,0.0,0.0,0.0
127386,,,,,,,0.0,0.0,2.9043439154405227e-08,1.238092744112895e-07,1.6926099866292966e-07,2.724833689903059e-07,3.257365893241133e-07,2.3949210202847067e-07,,
129745,,,,,,,1.1986783321849081e-05,1.0098495145747792e-05,1.394085079411451e-06,0.0,,,,,,
137746,,,,,,,0.0,0.0,0.0,,,,,,,
139394,,,,,,,1.6938952058850033e-05,2.6653351496877344e-05,4.443262817227162e-05,4.770265483836076e-05,0.001119077945924887,7.256849467600301e-05,0.00026995607765191264,0.00047994290468455814,0.00038641610540037587,0.0001639129202768177
140084,,,,,,,0.0,1.128567520609105e-05,4.404542104146509e-05,5.5532371762431735e-05,5.697289969768908e-05,5.7407193333597064e-05,9.420309993459831e-05,0.0002122177140891813,0.00031362923882162724,0.0002438266271049195
142612,,,,,,,0.0,0.0,0.0,0.0,0.0,0.0,0.0,0.0,,
145603,,,,,,,6.906969565630338e-06,4.969442758470901e-05,2.903112473620376e-05,1.7433542506676366e-05,1.7041234268953125e-05,1.935096334624044e-05,1.6817169350698987e-05,1.4251244509699823e-05,2.154892132000986e-06,0.0
147465,,,,,,,1.070346299993169e-07,0.0,0.0,0.0,0.0,1.7942265165033724e-05,2.8747193632629893e-05,5.339513588945671e-06,0.0,
147633,,,,,,,0.0004002004902254924,0.0005708544578371855,,,,,,,,
168791,,,,,,,0.0,0.0,0.0,0.0,0.0,4.519396506773683e-06,1.5248309181540828e-05,1.2998304291067809e-05,1.4420018891072659e-05,1.409454938309559e-05
179640,,,,,,,1.212757119795981e-05,4.38965319582417e-05,1.5554736621046502e-05,3.046720717074246e-06,,,0.0,0.0,0.0,0.0
179775,,,,,,,3.7337661627668684e-07,1.7812677327035613e-05,2.50222007428429e-05,1.9713658288957137e-05,3.396725021804298e-05,4.206797308261149e-05,2.3019240992668947e-05,0.0001504948204948291,0.00015441169350702071,0.0001843372115146616
179891,,,,,,,0.0,1.0045332394860322e-05,2.3530065012846174e-05,1.8991698334155844e-05,1.708268936728703e-05,,,,,
6119,,,,,,,,0.0,0.0,0.0,,,,,,
9280,,,,,,,,1.0997892369665956e-06,,1.0228671199485561e-05,8.316689939210927e-05,0.00012009093942938137,0.00010223313327795563,8.874996031538967e-05,0.0001313772472392109,0.00010242883904377921
12938,,,,,,,,1.0052857715762201e-05,3.0065768212640295e-05,9.205150513850523e-08,7.62793949472605e-05,7.847881348742865e-05,7.094041782264842e-05,8.865420853424e-05,9.738218779261201e-05,0.00011054149871093032
15233,,,,,,,,4.013059435142539e-06,1.902449820994498e-05,2.5435671899871762e-05,3.7334511909837096e-05,5.240000115127564e-05,6.06203622938649e-05,0.00015829171906011537,0.00022831151222770597,0.00023154330782387144
17913,,,,,,,,5.499553065550871e-07,9.94447356646835e-07,1.7461250009723055e-06,0.0017929259538963487,0.0019038582742966618,0.0021610630697127898,0.0018655080705183254,0.002766093937379589,0.0026436551827852027
18778,,,,,,,,8.424621024882664e-05,0.00012597429089964004,0.00018450711638456847,0.0003701330203151181,0.0002273528205632509,0.0001491324681630602,0.00043716630337713706,0.0003425466080874101,0.00026572531864777724
22380,,,,,,,,1.2865871219342139e-06,0.0,,,,2.5194628955313784e-05,1.700027814650687e-05,1.4332244443924449e-05,2.2816733743916483e-05
25825,,,,,,,,2.908172400145638e-06,4.336185465752701e-06,9.549423143068532e-06,1.0466405322873861e-05,0.0,0.0,0.0,0.0,0.0
29403,,,,,,,,6.499813864782933e-06,1.4428780571908518e-05,8.30304576349317e-06,5.679096720135729e-06,0.0,5.575107009585785e-06,4.909813389892236e-06,1.285287816691279e-06,
31011,,,,,,,,4.915733814937327e-06,4.761381414973193e-06,0.0,0.0,0.0,0.0,0.0,0.0,0.0
31057,,,,,,,,7.925862175689073e-07,5.115711372656937e-06,2.7635702872682037e-06,4.3677225872127726e-06,1.8833621281284118e-06,0.0,0.0,0.0,0.0
31878,,,,,,,,0.0,0.0,,,,,,,
38063,,,,,,,,9.58988055369561e-05,0.00011405091356294713,7.172386331027425e-05,2.860569619445685e-06,8.807866761367513e-08,0.0,,0.0007711435032705965,0.00010919001912908807
39975,,,,,,,,4.241125208926915e-06,7.408748980775539e-06,0.0,6.172278122784234e-06,1.3681900012560257e-05,2.5441671969572815e-05,6.082389701851105e-05,4.1371808209521403e-05,6.0589920772481644e-06
42003,,,,,,,,7.050655217186145e-05,,0.0,,0.0,0.0,,,0.0
42968,,,,,,,,0.0,7.641328841524015e-06,6.449404604519091e-06,3.964668260699113e-06,2.9422278558768116e-06,3.972263744329872e-06,3.2008693946792e-06,2.3957229366535147e-06,2.043455714439451e-06
51449,,,,,,,,2.144716457035619e-07,4.147403111249067e-07,0.0,0.0,,,,,
51573,,,,,,,,0.0009706472049694436,,1.3311476106574103e-05,2.4674259146187343e-05,2.162307268460921e-05,1.3839576734778779e-05,,0.0008619903773909466,0.0006068807364532276
51877,,,,,,,,1.8310805020282595e-06,1.3350339589227143e-05,,2.387310160814322e-05,,,1.8914412576265936e-05,,1.10859363596389e-05
61069,,,,,,,,0.0,,,,,,,,
64906,,,,,,,,1.0686926689817327e-05,9.737219584662516e-06,1.2364358170204022e-06,,,,,0.0,3.200855631388353e-05
65707,,,,,,,,0.0014857753263906332,,,,,,,,
66009,,,,,,,,0.000546670989485991,0.0004877852576407755,0.00036941778656766417,0.0003128514731444086,0.0007411622103046212,0.0011898909390464629,0.0011268450923080542,0.0014890135938100877,0.0013380801423948064
66152,,,,,,,,2.453230338783957e-05,2.4251155520171748e-05,4.08610187704465e-05,2.3815450489610037e-05,5.026281231738783e-05,6.267430375409585e-05,2.1168071557066307e-05,3.4297798281088714e-05,0.00010849382857169642
68324,,,,,,,,3.390157066296654e-06,4.963059056461383e-06,3.587707412773241e-06,8.853264927585068e-06,1.019222320170645e-05,3.656080006904206e-06,4.801951824655989e-06,2.3734874574247553e-05,
71055,,,,,,,,2.3760957995396935e-05,2.5026382998081137e-05,2.404109159702341e-05,2.5432115407429242e-05,9.366365585554225e-06,1.0760269736759532e-05,9.648287416103709e-06,8.344731149868128e-06,6.127881713311366e-06
72819,,,,,,,,0.0,5.105836603344439e-07,7.677095528551335e-07,1.2587580465760757e-07,3.603218220559437e-08,,,,
84656,,,,,,,,3.720785681405031e-06,,,,,,,,
86936,,,,,,,,0.0004119412853430503,,,,,,,,
94731,,,,,,,,4.855045743147977e-07,1.9749538624995556e-07,1.3807725770775784e-07,4.0450777247143925e-05,2.8825745764475497e-07,0.0,0.0,,
98738,,,,,,,,3.2207766579325786e-05,4.515325398457072e-05,4.692353089886846e-05,1.6607717997712323e-05,2.458796077951754e-05,2.0479043710394057e-05,1.7309894347083187e-05,2.15512241273481e-05,2.490060471151301e-05
100353,,,,,,,,0.000337588565933467,0.002482586709415912,,4.011242308422428e-06,1.889167313039313e-05,4.9296474295096955e-05,4.046887073255974e-05,4.445799847203327e-05,3.99607436523227e-05
100638,,,,,,,,2.168748933464201e-06,6.268921785097414e-05,5.2730139843005365e-05,3.3266038068897e-05,3.741573793077318e-05,4.804677334182464e-05,4.0806874520018076e-05,2.940101236047203e-05,3.177330496061358e-05
102213,,,,,,,,2.3714470932406293e-06,1.1500040167578294e-05,,,,0.0,7.64129628846032e-05,0.00012739660376359993,8.869024646255374e-05
102286,,,,,,,,1.0844958428756793e-06,2.270616073091401e-06,3.7059935968762204e-07,1.2588923141010439e-05,4.5000191998986754e-07,0.0,,,
103470,,,,,,,,6.954853027059477e-06,,,,,0.0,2.5796656333264245e-08,0.0,0.0
104582,,,,,,,,4.062823654009806e-06,1.7606481336670304e-05,1.7631177088208736e-05,1.9035694435151364e-05,1.828681289843522e-05,0.00033803917483008367,0.00036821032023473874,0.0003693668696192841,0.0004051661007338515
104886,,,,,,,,3.2248791715855385e-05,,,,,,,,
106620,,,,,,,,4.077024662808513e-07,1.1922912641666434e-06,0.0,1.3289128283719157e-06,8.389973519298631e-06,1.969547494852713e-05,3.080278475007762e-05,2.036147603836421e-05,0.0
113206,,,,,,,,1.9042460413775e-05,,,,,,,,
117998,,,,,,,,0.0,0.0,0.0,,,,,,
124028,,,,,,,,2.598371931275366e-05,2.2441865434608923e-05,7.427387410562112e-05,3.391933349506999e-05,,,,0.0,0.0
126102,,,,,,,,0.0,,,,,0.00034369681221590683,,,
126148,,,,,,,,1.470229227168786e-06,6.5373296323867646e-06,,,1.5107893641225658e-06,2.8153742283955025e-05,4.856006521343836e-05,3.580115659734528e-05,3.1714573168926765e-05
127322,,,,,,,,0.0,1.2413165894592795e-06,,,,,,,
129095,,,,,,,,2.4044614042940354e-06,0.00028534156640144906,6.566383657249103e-05,3.6943709494976773e-06,0.0,1.0624024144109542e-06,1.8699759612759233e-06,0.0,4.971616449191741e-06
135404,,,,,,,,0.0,0.0,0.0,6.008471742323135e-06,0.0,0.0,7.166908169898563e-06,1.1738587183500478e-05,
135501,,,,,,,,2.816654787887299e-06,,,,,,,,
146432,,,,,,,,4.500093348866428e-05,0.00011682735017235164,9.437470102519082e-05,0.0002992286061439405,0.0005165044368273166,0.00016040937492298329,0.00011579240364598829,8.417494506390562e-05,1.0814754333441873e-05
149753,,,,,,,,1.7802238978687844e-06,1.0604805199082908e-05,2.2884188280442676e-05,2.837844840844831e-05,4.0612032706957446e-05,4.2155795803072154e-05,5.5713793432284555e-05,7.524706812087285e-05,4.314339080735553e-05
152252,,,,,,,,6.555525514685556e-06,1.0479337541935877e-05,1.970804314714369e-05,2.3768708607480514e-05,1.93391127618706e-05,9.445578069751872e-06,2.9320209230417836e-05,3.622765793785067e-05,0.00010248270803762629
160644,,,,,,,,2.5840980967905107e-06,0.00015463145231329168,0.0002606577365769534,0.0004586750683177165,0.0008271293920410485,0.0005149834401603733,0.0004921765465162801,0.0005205632014382155,0.000869662171319904
165069,,,,,,,,7.702530071504265e-07,,,,,,,,
168041,,,,,,,,0.00018102887686332285,,,,,,,,
177842,,,,,,,,0.0,6.0904556601814245e-05,0.0001076947379217428,0.00012955842719867053,0.00010209566692074742,0.00011459413212422306,4.491839967800779e-05,7.624236287392316e-05,0.00012822473886867831
178117,,,,,,,,2.434016495255449e-05,1.8512520464531128e-05,2.9048601425052955e-05,2.3011523683863452e-05,5.089265486234161e-05,4.058247241622374e-05,2.3853064149657368e-05,1.73505286667878e-05,1.3017061443980001e-05
179980,,,,,,,,0.0,,,,,,,,
12368,,,,,,,,,0.0,1.2795159214252226e-06,,,,,1.2258968088283358e-06,5.566282593906723e-07
12920,,,,,,,,,1.7099731410304243e-05,6.981167739403207e-05,4.3904725409745576e-05,1.5533233534283696e-05,1.7953880424549503e-06,0.004163379197123857,0.003909189238283472,0.00263382087655843
21720,,,,,,,,,2.2700352043083125e-06,2.9180327128906155e-07,9.734395560188319e-07,6.392749695400541e-06,0.0,0.0,1.0343942795072383e-05,1.188683916384662e-06
26975,,,,,,,,,0.0005403132216954328,0.0006345118533832626,0.0006613597015569744,0.0010845739691084475,0.001472347236615753,2.204121515199701e-05,3.453991437355794e-05,2.6261431671425013e-05
29662,,,,,,,,,0.0,2.4695577798558183e-06,1.2973599600044087e-06,0.0,0.0,,1.1942465963423132e-08,6.32758061126399e-07
33382,,,,,,,,,2.0419745026922614e-05,2.326518946021095e-05,1.9391503376316868e-05,2.1269637012930332e-05,1.2792834733316101e-05,1.3515476558430324e-05,1.0767659345308273e-05,2.1078175454029696e-05
34985,,,,,,,,,7.09519601166458e-06,1.4343189376166468e-05,2.8594870875256293e-05,4.6952896059981925e-05,1.6779349453428902e-06,2.0891010962080877e-05,2.7377487354068697e-05,9.216136559165827e-06
35839,,,,,,,,,0.0,,,,,,,
38811,,,,,,,,,1.7938389759326846e-06,3.276205119384539e-06,4.185370504865452e-06,3.6356471845444724e-06,4.535960308403019e-06,1.5405447744593384e-05,1.7330713812947144e-05,1.8599769488367677e-05
46484,,,,,,,,,5.481914288267002e-05,0.000518531559484003,0.00029264219662383274,0.00020707695113555085,,,,
48771,,,,,,,,,0.0,0.0,0.0,0.0,0.0,7.496801218247753e-07,,5.520896480735672e-07
48842,,,,,,,,,1.6897472900032964e-06,4.338663591693166e-06,,,,,,
49439,,,,,,,,,0.00206719605760146,,,,,,,
53247,,,,,,,,,7.202772910292496e-07,9.113099008712016e-07,1.7906252798560201e-06,1.438324642131315e-06,2.702360858354278e-06,,,
54573,,,,,,,,,4.258813743845365e-06,8.563321394272295e-05,2.553130554149944e-05,1.80593297214439e-06,,,,
56666,,,,,,,,,5.27672819932896e-06,,,,,2.250166857017263e-06,4.1680812822117595e-06,8.895948336961486e-06
67407,,,,,,,,,0.0,2.018652687085364e-05,2.4287904343091592e-05,7.770580307184464e-05,0.00011002301418875115,0.0001546629518528514,,
67942,,,,,,,,,4.954578372228296e-06,0.0,1.4786211187113635e-06,1.6014303202486387e-07,1.926230792637785e-06,4.5059661717492125e-08,6.443576254345611e-07,
68468,,,,,,,,,7.7631951122159e-06,,,,,,,
68716,,,,,,,,,0.0,4.763297184897091e-06,3.8266244615912704e-07,0.0,0.0,0.0,,
75258,,,,,,,,,9.27679975243556e-05,8.061953666384912e-05,0.00023873840079530545,0.0001743058415625948,0.0002964837209573836,0.0002643128224135112,1.9865676263075548e-05,6.0135411267725834e-05
95088,,,,,,,,,1.6054051426989036e-05,5.49064215274899e-05,3.7381421626372826e-05,,,0.0,,
97090,,,,,,,,,1.7231240102795388e-05,6.081796918748471e-05,1.7795398173258404e-05,,,,,
101804,,,,,,,,,2.04223008495682e-05,,,,,,,
102525,,,,,,,,,0.0,0.0,0.0,0.0,0.0,0.0,,
107519,,,,,,,,,2.3234751323524182e-07,1.0357635358184607e-05,,,,,,
109096,,,,,,,,,0.0,2.9242645997884924e-05,7.919686043041144e-06,4.753285405045997e-06,,0.0,,
118281,,,,,,,,,4.310046370513736e-06,0.0002576376187448642,0.0002834889276951471,0.0001608888981965197,0.00018262703767889482,0.00026404077470589183,0.0002641521378717555,0.00017514085033337742
120922,,,,,,,,,4.284453291930874e-05,7.937868237458206e-05,9.423289313116888e-05,0.00011776566260438035,8.820422215063221e-05,0.0004308017951332727,0.0006399480707037884,0.000699374177106254
126228,,,,,,,,,2.544123948296266e-05,2.4300032480978022e-05,3.90488564520706e-05,0.00012485055048419235,0.0001333535841908318,0.00011565632346760145,0.00010123623041827885,8.326768656035533e-05
127368,,,,,,,,,0.0,0.00023546968322590424,0.00021602394401043398,2.8143456376533567e-05,1.3601538457965006e-05,1.5241430575941713e-07,,
134390,,,,,,,,,1.2707201672591994e-05,5.2991289963083305e-06,,,,0.0,0.0,1.9254356108685867e-05
138084,,,,,,,,,1.510258836029072e-07,0.0,,,,,,
138538,,,,,,,,,0.0,,,,,,,
140869,,,,,,,,,0.0,3.451931442693946e-06,2.727309100914831e-06,,,,,0.0
142337,,,,,,,,,8.991848762203858e-08,1.2400074154197761e-05,9.568491249649591e-05,0.0001628412018999348,0.0002713569798922006,0.0005252726427494696,0.000300576605506537,0.00012791222306084336
147161,,,,,,,,,0.0015644825884090765,0.0029720724694972263,0.0004525058951314471,4.945088714502177e-05,0.0,,,0.0
147205,,,,,,,,,5.088410539851796e-07,,5.761755165194224e-06,,,,,
147660,,,,,,,,,0.0016628687488034605,0.001642199311928459,0.001953454864072977,0.0021669543790357342,,,,
148729,,,,,,,,,5.785453079557521e-07,1.8352308579463785e-06,4.593459863565416e-06,1.2979592745615216e-06,2.8949056355533156e-06,,,
149101,,,,,,,,,2.608333183578825e-06,6.126359052386021e-05,8.507047722734472e-05,8.225394525286678e-05,9.76750134852308e-05,0.00033568653802993866,0.0006541219569779648,0.0006564337810931646
149227,,,,,,,,,4.255444704903454e-06,4.223046901239204e-06,,,,,,
153473,,,,,,,,,1.6229473799481643e-05,1.8520762833867253e-05,2.951368033205372e-05,4.802601451758054e-05,6.276027942118189e-05,5.0215613509516166e-05,7.346689094109642e-05,9.40681226557135e-08
154754,,,,,,,,,1.719847910342922e-05,1.839897869256901e-05,7.91716852694799e-06,,,,,
155458,,,,,,,,,0.0,0.0,0.0,0.0,0.0,0.0,0.0,
159963,,,,,,,,,7.1661781769579465e-06,2.3584516131536425e-06,,,,,,
168372,,,,,,,,,0.0,,,,,0.0,,
169681,,,,,,,,,1.7925145951072437e-05,,,,,,,
177726,,,,,,,,,0.00023923371265875134,0.00020725267509827256,0.0002355422462806426,0.0002420726075663643,0.0002159430784871191,0.00034132721913288864,0.00032396546988979944,0.000598294278183223
179622,,,,,,,,,2.4410429740494505e-06,1.4738366487726072e-05,,,,,,
179819,,,,,,,,,5.512131082363245e-05,7.044434738884903e-05,0.00012749465142270752,0.00013111630675519717,8.764436238773138e-05,0.00011993152784677996,0.0001859446770334294,0.00013329690717097878
3761,,,,,,,,,,0.0,0.0,0.0,0.0,0.0,,
6930,,,,,,,,,,1.6195265659553194e-05,,,,,,
7945,,,,,,,,,,0.0,0.0,,,,,
9690,,,,,,,,,,1.9178931095607563e-06,6.14290710169746e-06,1.5480706619779542e-05,1.1774124871030833e-05,8.570798255284179e-06,7.633110128693389e-06,1.6088998901527726e-05
11539,,,,,,,,,,0.0,3.140525800724515e-05,0.00011302566907099241,0.0003221458132392034,0.00047389443364306486,0.0008065889029110135,0.0008422278868406171
12242,,,,,,,,,,0.0,0.0,,6.865368432394136e-06,4.987822929240645e-06,1.925827066237086e-05,7.023501013220101e-06
12288,,,,,,,,,,0.0,0.0,0.0,0.0,,,
14450,,,,,,,,,,0.0,,,,,,
24427,,,,,,,,,,0.0,0.0,,,,,
29243,,,,,,,,,,4.674301789729184e-05,6.013422857306334e-05,7.433543281984935e-05,0.0014408644037472538,,,0.00011835682530572394
40214,,,,,,,,,,1.0214035010168538e-06,1.8883216877109447e-05,2.5083523392118478e-05,3.0549550558846826e-05,0.001370033551036365,8.499394117143311e-05,7.220898186861907e-05
44560,,,,,,,,,,2.1493750295325556e-05,3.477982049570939e-05,3.8767985693191135e-05,4.901591799712862e-05,3.220949106432057e-05,2.695312815992446e-05,1.836170851856809e-05
45389,,,,,,,,,,0.0,,,,,,
53372,,,,,,,,,,1.4737445972674685e-06,1.3634615408902739e-05,0.0,0.0,0.0,,
57644,,,,,,,,,,0.0004228997110531357,0.0004420530843954763,,,,,
58464,,,,,,,,,,0.0,3.958777273041137e-05,3.6465769464801694e-05,,,0.0,
60169,,,,,,,,,,5.8784091181449433e-05,5.749469686659641e-05,5.893543828821034e-05,7.184754724267723e-05,6.157492893018735e-05,9.453843494452352e-05,1.8113003424608156e-05
65011,,,,,,,,,,2.128046695791964e-06,2.6364267699520382e-06,0.0,0.0,2.815102365800321e-07,,
65048,,,,,,,,,,2.945049829648767e-05,,,,,,
66697,,,,,,,,,,8.57772745482647e-06,1.1826451433597757e-05,1.4446663061994996e-05,1.3878257954761018e-05,1.2456743481800699e-05,1.26974654484112e-05,8.774075816879792e-05
71956,,,,,,,,,,0.0,0.0,,,9.56560293685211e-07,0.00011883471252637003,8.426807213816725e-05
73031,,,,,,,,,,2.6904813921882304e-06,6.468421932542033e-06,1.2074784614674737e-05,2.649741870848075e-06,8.148476575836982e-07,6.66957269544716e-07,
76692,,,,,,,,,,0.0,0.0,0.0,0.0,0.0,0.0,0.0
77260,,,,,,,,,,0.0,9.204878008595317e-07,7.302602331849805e-06,1.7195681531658783e-05,1.6809337829979e-05,2.1088574066998272e-05,2.3116390153019633e-05
78604,,,,,,,,,,5.70627280353594e-07,4.8287637010720365e-06,7.10522604487916e-06,4.9580084373590215e-06,1.3796479873816034e-05,2.7684189159326655e-05,5.171336959579207e-05
79362,,,,,,,,,,1.3531479203855128e-05,,,,,,
80980,,,,,,,,,,5.998996589876385e-07,,,,,,
89348,,,,,,,,,,2.916523068206344e-05,1.9005568159236643e-05,2.3976774897794645e-05,2.3441054215430727e-05,2.1558231902962642e-05,1.575521871797878e-05,1.4190994873584071e-05
89687,,,,,,,,,,0.0,0.0,,,,,
94456,,,,,,,,,,2.562686287604444e-05,3.594484302641711e-05,5.115881258156694e-05,8.730844652999089e-05,6.863853782559855e-05,4.6310847967111806e-05,0.0
95499,,,,,,,,,,4.025080934288335e-05,0.00010883264029298304,0.00011969850892940444,0.00010002603297909054,9.400892975901533e-05,9.22972143141681e-05,9.967325360125114e-05
101056,,,,,,,,,,2.405324239570169e-05,2.97764250949757e-05,3.2372913923826234e-05,3.435878940438516e-05,,,
101957,,,,,,,,,,0.00018135785029076994,4.925553803133426e-05,1.913693218393921e-05,7.100720948387281e-05,5.117206115404708e-05,1.5906722019371266e-05,1.954952793755902e-05
102473,,,,,,,,,,7.6853801640138e-06,3.407038446065912e-06,0.0005297028650261939,0.0005630935598725737,0.001109261347866883,0.001022042824249812,0.0017725382244449055
105160,,,,,,,,,,0.0,1.0070064372608605e-06,0.0,1.5660412948274678e-06,3.816328049162995e-06,7.8304018085555e-06,5.459895383390296e-06
105534,,,,,,,,,,0.0,7.08885538197907e-05,8.023534233419338e-05,6.950944758949983e-05,7.402237885675881e-05,0.0002865744658168661,0.00017526841773004035
107403,,,,,,,,,,0.0,0.0,0.0,0.0,0.0,,
108963,,,,,,,,,,0.0,,,,,,
119206,,,,,,,,,,2.7615451541551568e-08,1.7276034603241113e-06,3.217033298831478e-06,7.448797116782109e-06,7.618574954039276e-06,3.409440148409732e-06,6.615944523161487e-06
120968,,,,,,,,,,3.734152152298089e-05,4.445144598797512e-05,,,,,
122702,,,,,,,,,,1.1621502523736286e-06,1.7904154868482577e-05,2.1671756166344766e-05,2.4045702759363612e-05,2.1908289149930407e-05,2.3420782364043626e-05,4.149976513751819e-05
124634,,,,,,,,,,8.14829797820483e-05,,1.7969249265929915e-05,2.3230734869535398e-05,2.4546250720603838e-06,1.715859235282857e-07,
126718,,,,,,,,,,1.323332437871151e-06,4.4409823055235e-06,1.3323179620824563e-05,3.0145825113040305e-05,9.162149990749116e-06,1.995736012733286e-05,5.205106389021954e-05
127750,,,,,,,,,,0.0,0.0,,,,,
132805,,,,,,,,,,4.602575256925261e-06,2.4328688103800656e-05,4.055718371848893e-05,1.2760965792966361e-05,1.374730851796682e-05,1.093303304438922e-05,2.0173370869312536e-05
137540,,,,,,,,,,0.00086068240150857,0.0005938134021024527,0.0005943639772099052,0.0004949407738567829,0.0006461548168093343,0.0009824894305326137,0.000804120787693722
137844,,,,,,,,,,0.0,1.3384793895258938e-05,1.489330197831234e-05,1.362455926499897e-05,9.29355522923275e-06,1.1160047005012314e-05,1.2643274383364132e-05
140627,,,,,,,,,,0.0,0.0,1.8896877778933937e-06,2.891695250898919e-07,3.418901832814715e-07,,
140958,,,,,,,,,,0.0,0.0,1.5408962541432404e-06,0.0,0.0,0.0,0.0
141312,,,,,,,,,,0.0,,,,,,
143147,,,,,,,,,,0.0,0.0,0.0,0.0,0.0,0.0,0.0
147241,,,,,,,,,,0.0,,,,0.0,0.0,0.0
149931,,,,,,,,,,0.0,3.398982394567825e-06,5.7673110838274355e-06,2.105072708507082e-06,0.0,,
151120,,,,,,,,,,1.8080480484789783e-05,3.1084274705368244e-05,3.683289736571869e-07,4.6981238844824034e-07,6.498391763742421e-06,2.2503247523903138e-07,0.0
153151,,,,,,,,,,0.0,0.0,4.6179645429849875e-06,5.251719482203912e-06,2.1639902539825596e-06,1.1353375714106295e-06,0.0
159071,,,,,,,,,,1.8410301027701045e-07,6.26534230102776e-06,8.826123067018348e-06,6.613470690121137e-06,4.689696942402288e-06,5.582379863503425e-06,6.27003750349355e-06
159516,,,,,,,,,,2.753518262907079e-05,4.432019948231879e-05,5.448434278459526e-05,4.840289113226841e-05,5.4119413626988246e-05,5.086874633339423e-05,5.531065131329471e-05
160911,,,,,,,,,,6.315276356381776e-05,7.601211865537085e-05,6.516372108972134e-05,7.534577028706284e-05,5.552212089625378e-05,6.231809020448014e-05,6.672050404014844e-05
169306,,,,,,,,,,0.0,,,,,,
169351,,,,,,,,,,0.0,6.329824279893696e-05,0.0,0.0,0.0,,
174156,,,,,,,,,,2.1799637446900808e-06,,,0.0,9.989163756996537e-07,,
178938,,,,,,,,,,3.282667135045263e-05,2.3014712537581445e-05,2.5102580412929437e-05,1.651758565099849e-05,1.3143396401798133e-05,1.1295269994060044e-05,1.2092481481381168e-05
179908,,,,,,,,,,4.625035824179057e-06,0.0,0.0,0.0,0.0,0.0,0.0
4188,,,,,,,,,,,6.572143595579902e-06,1.1670183244263918e-05,8.072316458317665e-06,6.71760701799802e-06,1.1029804506254266e-05,2.8086980011556315e-06
6164,,,,,,,,,,,8.385846106289817e-07,0.0,0.0,1.9825124664153597e-06,,
7348,,,,,,,,,,,1.6058395986186523e-06,1.4099392897049078e-05,1.1348631451226211e-05,1.4030395842706965e-05,1.0007358048076354e-05,8.625846932506626e-06
8158,,,,,,,,,,,2.5074040701779902e-05,,,,,5.258845708259962e-06
9654,,,,,,,,,,,0.0,,,0.0,0.0,0.0
10943,,,,,,,,,,,0.0,0.0,4.361503308159239e-06,3.7935165954185155e-06,1.0053092872886953e-05,1.3377827012602745e-05
11398,,,,,,,,,,,7.340120271516277e-05,6.087372947632328e-05,0.00011040418863991217,0.00012583163995206838,,
14165,,,,,,,,,,,0.0,1.3948458089365642e-06,1.7364187574982217e-05,3.235739940390825e-05,1.809347857849439e-05,2.3395190562498943e-05
16365,,,,,,,,,,,0.0,0.0,0.0007054702824938776,0.0011829093935839237,,
19338,,,,,,,,,,,0.0,0.0,0.0,,,0.0001188278142920478
28816,,,,,,,,,,,0.0,,0.0,,,
32195,,,,,,,,,,,0.0,0.0,0.0,,,
33202,,,,,,,,,,,0.0,0.0,0.0,0.0,0.0,0.0
40688,,,,,,,,,,,0.0,5.161898358409039e-05,3.6691094704771706e-05,3.9371836943470243e-05,5.736362699308943e-05,7.069497677675476e-05
43787,,,,,,,,,,,0.0,0.0,0.0,0.0,0.0,0.0
47916,,,,,,,,,,,0.0,2.1033185826145623e-06,7.314352471621171e-06,9.408232068303768e-06,1.1383205102185338e-05,4.971022107233548e-06
49153,,,,,,,,,,,1.255057297919142e-05,1.748681838195501e-05,1.6483054440447546e-05,1.3296655576214752e-05,1.299913320972045e-05,2.0694338611211667e-05
49643,,,,,,,,,,,7.328069761150388e-06,1.591461416505091e-05,1.5722506485614587e-05,1.3013061330280287e-05,1.3625068376449103e-05,
51332,,,,,,,,,,,0.0,,,,,
57314,,,,,,,,,,,1.5842309188190965e-05,1.5020535617256096e-05,4.170211363996064e-06,9.203435905797768e-08,0.0,0.0
60026,,,,,,,,,,,2.989021682238618e-05,,,,,
62397,,,,,,,,,,,0.0,2.780883751111761e-06,8.632646033606934e-06,6.07635170718096e-06,,
67737,,,,,,,,,,,5.748580164306728e-06,1.9028114993678315e-05,2.2696401579740264e-05,3.25756008157752e-05,5.6397947413482046e-05,5.380718228341655e-05
68182,,,,,,,,,,,5.088655279088444e-05,0.0001055059928592329,9.756382455329805e-05,0.00017740946335988148,0.0001680646097861648,0.0001328516369821185
73371,,,,,,,,,,,3.3573426783870883e-05,8.11140471509138e-06,3.6388535526611038e-06,6.417059074342348e-07,7.799019364364622e-07,0.0
79308,,,,,,,,,,,1.1097210938614685e-05,1.9844604242457083e-05,0.0,0.0,0.0,0.0
80506,,,,,,,,,,,0.0,0.0,0.0,0.0,0.0,
84825,,,,,,,,,,,2.8959407205544723e-05,6.366109902023205e-05,3.4033522627449494e-05,2.740179413279561e-05,8.322131505757973e-06,8.023616435596469e-07
93085,,,,,,,,,,,8.61158338264246e-07,7.302522260333793e-08,8.871623935197604e-08,6.033488703972196e-07,6.411979595518617e-07,5.987725073352194e-07
99101,,,,,,,,,,,1.17609960151758e-05,3.5361583258990255e-05,2.623510679159715e-05,1.3983984391137948e-05,7.765280559176476e-07,
100086,,,,,,,,,,,0.0,0.0,0.0,0.0,4.512538417085021e-06,
112806,,,,,,,,,,,3.506060745729896e-07,3.766163755644736e-06,3.627969565662053e-06,1.570723482894629e-06,1.4138165983604065e-08,0.0
112879,,,,,,,,,,,0.0003553216339670729,0.0,0.0012223895062987873,0.0009060828272165392,,
118753,,,,,,,,,,,2.8817167546281627e-07,8.646122299022401e-07,2.510050987349465e-06,5.159725538692877e-06,6.374492034198454e-06,1.0595388119781794e-05
119242,,,,,,,,,,,0.0,0.0,0.0,0.0,3.480987836872213e-07,
124233,,,,,,,,,,,0.0,3.900363616481572e-06,2.079123404251791e-05,3.7715443778735236e-05,3.2194157000778294e-05,3.1235749674972174e-05
124411,,,,,,,,,,,2.164979922907745e-06,3.15689158315454e-05,3.998416633953491e-05,3.767370726706941e-05,4.20491548889177e-05,2.8148575450859885e-05
127411,,,,,,,,,,,0.0,,3.924969297226082e-05,2.9482987258372276e-05,5.4517624891321744e-08,1.1561031708583007e-06
127493,,,,,,,,,,,4.038179730619156e-05,,,,,
129139,,,,,,,,,,,0.0,0.0,0.0,1.4497833508448798e-05,4.1754716871577345e-05,
129184,,,,,,,,,,,2.97234733398164e-06,3.7349358643998877e-06,3.488748494551891e-06,1.9166690357306746e-06,1.042154204700512e-06,0.0
136964,,,,,,,,,,,9.11508660127289e-06,1.0317214838201856e-05,1.8619213068656952e-05,9.789605780165194e-06,1.3467888387199564e-05,1.244595285324428e-05
137130,,,,,,,,,,,1.200603424824261e-06,2.0820996308712675e-06,8.337290645402472e-06,5.551631946480765e-06,5.424610784004571e-06,7.082232804906925e-06
138921,,,,,,,,,,,9.230892341557889e-06,1.2804556411612041e-05,1.3855315449791795e-05,1.5032579043881136e-05,1.3362334125253793e-05,1.592571695628616e-05
148006,,,,,,,,,,,3.778548295932374e-05,2.10588087112696e-05,3.3081056311935427e-06,0.0,0.0,2.377692019291975e-06
150588,,,,,,,,,,,1.4150370539186507e-05,2.057725861397083e-05,1.8385089895080245e-05,1.3322621206279458e-05,1.3295124283172643e-05,1.5475692031760347e-05
154521,,,,,,,,,,,0.0,0.0,,,,
156534,,,,,,,,,,,1.1755121810958446e-06,7.030279105891524e-06,7.075374570030499e-06,6.58518793712574e-06,,
157451,,,,,,,,,,,1.460159334028248e-06,0.0,0.0,0.0,,
160092,,,,,,,,,,,3.1629233022332583e-06,1.7156443306887716e-05,1.2867299996885148e-05,2.4657491760468895e-05,3.764034990937147e-05,5.105997165939026e-05
160476,,,,,,,,,,,0.0,0.0,,,,
161259,,,,,,,,,,,1.2061419602291958e-06,0.0,0.0,0.0,,
176445,,,,,,,,,,,2.3827198898044747e-05,7.128102477003913e-05,0.0001079704038636208,8.082199445908267e-05,9.390355631673706e-05,0.00017154783707175634
3039,,,,,,,,,,,,0.0,0.0,,,
8826,,,,,,,,,,,,0.0,5.136615447034094e-08,1.2504056126604066e-06,0.0,0.0038906056291655986
10373,,,,,,,,,,,,0.0,0.0,0.0,0.0,0.0
10514,,,,,,,,,,,,0.0,0.0,,0.0,
12055,,,,,,,,,,,,4.547285415800813e-05,0.0006028025727566075,,5.076886875930551e-08,0.0
15901,,,,,,,,,,,,2.613614354161791e-06,5.2377817146799485e-06,1.0742617625490151e-05,4.433707430994623e-06,1.5627411324360718e-06
16506,,,,,,,,,,,,0.0,0.0003957070794708103,,,
18242,,,,,,,,,,,,8.621300129058546e-06,,,,
23715,,,,,,,,,,,,2.0485496656620588e-06,3.1481971545787104e-05,3.754815978460904e-05,2.845504052738725e-05,3.3703025236689866e-05
25148,,,,,,,,,,,,8.167294633268058e-07,,,,
28941,,,,,,,,,,,,3.406522541474898e-05,6.281094085706956e-05,0.0,,
30416,,,,,,,,,,,,1.2186084021932017e-06,5.00350193697376e-07,1.7742241801262526e-07,1.978807701114281e-06,0.0
50564,,,,,,,,,,,,3.271722144267969e-06,1.0444164301398606e-05,8.508503272959745e-06,9.305912222117087e-06,1.2729940247085998e-05
70673,,,,,,,,,,,,4.099229233650048e-05,9.220099444122612e-05,3.0207997215406722e-06,,
71698,,,,,,,,,,,,0.0,3.5973534583481763e-06,3.7906440419840253e-07,,0.0
82680,,,,,,,,,,,,0.0,2.439109316693781e-06,1.6640533072269845e-05,1.4383870171228216e-05,1.6160806216294782e-05
89561,,,,,,,,,,,,1.8348387894248779e-06,1.4314400455370467e-06,8.516276064606013e-07,1.029301326533599e-06,2.3980077080447303e-06
90208,,,,,,,,,,,,1.1884294478081161e-05,6.626938645256654e-06,,7.1143358336813724e-06,0.0
92836,,,,,,,,,,,,2.3472324346916324e-05,8.108515502847602e-05,7.29398768085732e-05,8.952656221065394e-05,9.733338334293506e-05
94081,,,,,,,,,,,,0.0,4.127646361602653e-05,0.0,,
94107,,,,,,,,,,,,0.0,,,,
101083,,,,,,,,,,,,0.0,,,,
109176,,,,,,,,,,,,0.0,1.1165874432119845e-06,2.271006950561603e-06,4.732858170329518e-06,1.0678433900667395e-05
109265,,,,,,,,,,,,0.00013658246886730184,0.00015656482184624662,0.00015038588876262708,0.00014602278058845384,0.00013800355516899095
116288,,,,,,,,,,,,2.457723119637187e-05,2.353102328781856e-05,1.8735807342133226e-05,2.4415970009775878e-05,2.8659763565992394e-05
116796,,,,,,,,,,,,1.1448625359457519e-06,7.133866212392305e-06,9.184792470762156e-06,1.0884299214673008e-05,7.098766317562094e-06
116938,,,,,,,,,,,,6.0390738091736296e-06,1.088570964447521e-05,1.774646614454854e-05,8.281966261486369e-06,5.803371004138354e-06
124563,,,,,,,,,,,,1.620599441182015e-05,1.4141901006745224e-05,2.572073080327027e-05,2.3014149431037924e-05,1.3186016653367948e-05
125374,,,,,,,,,,,,2.1833420557173866e-05,2.227646760653228e-05,2.4888253553039604e-05,3.1566882992573924e-05,7.14952852390043e-05
125588,,,,,,,,,,,,0.0,2.3788167268429235e-06,0.0,,
128613,,,,,,,,,,,,0.00012325336395429236,8.327902227839983e-05,,,
130062,,,,,,,,,,,,0.0,0.0,0.0,0.0,0.0
135725,,,,,,,,,,,,3.2701367282509227e-05,8.624189410614865e-07,8.208631224229836e-06,1.5233445418061151e-05,1.0434699666721431e-05
148293,,,,,,,,,,,,0.0,1.0439544479578865e-05,1.1896877184960859e-05,5.231592686132958e-05,1.686493934349137e-05
156801,,,,,,,,,,,,5.985345821929287e-07,1.2042074536575814e-06,1.2893258954688904e-06,7.098537504267875e-07,4.017751637380158e-07
160387,,,,,,,,,,,,0.0,0.0,0.0,0.0,0.0
161482,,,,,,,,,,,,0.0,0.0,,0.0,0.0
168229,,,,,,,,,,,,0.0,,,,
168675,,,,,,,,,,,,0.0,0.0,0.0,0.0,0.0
169039,,,,,,,,,,,,7.179132054158636e-06,,5.36412742915885e-06,9.059190514971392e-06,1.0796167639476585e-05
176891,,,,,,,,,,,,1.121561724786134e-05,1.8913550530019775e-05,5.079406691681447e-05,4.368778974788102e-05,4.180255534967363e-05
21668,,,,,,,,,,,,,0.0,,,
23350,,,,,,,,,,,,,2.1420547736844326e-05,4.337459934298936e-05,2.7307706936354167e-05,3.5820989820251796e-05
26029,,,,,,,,,,,,,0.00017356012839423222,0.0001615467163734327,0.00017445575700832122,9.446060447246885e-05
37672,,,,,,,,,,,,,2.7797232983187553e-06,4.02664402022939e-06,1.4405934278748082e-06,
45496,,,,,,,,,,,,,0.0,9.355512264094304e-07,4.7464072460638055e-06,5.21886270379975e-06
65645,,,,,,,,,,,,,9.209653948686114e-06,1.7804198836124077e-05,3.242031410285693e-06,1.7481758233920792e-06
72383,,,,,,,,,,,,,2.824981891739269e-06,0.0,2.5335272120664314e-05,5.253972104202785e-05
78873,,,,,,,,,,,,,0.0,,,
86495,,,,,,,,,,,,,6.588335727339157e-07,8.179905689884933e-06,2.90408104498443e-05,5.218333199146088e-05
93600,,,,,,,,,,,,,0.0,,,1.3788031025929671e-05
104751,,,,,,,,,,,,,0.00010276362976657844,0.00025985597127303403,0.0002219114750981508,0.00017676956342317288
105605,,,,,,,,,,,,,0.0016432321749680963,0.0009455129037727792,0.00046563814030900263,0.00036647789724510567
132896,,,,,,,,,,,,,0.0,2.412381639200235e-07,,
137960,,,,,,,,,,,,,0.00011491681493302226,8.980469434704187e-05,9.221779423782839e-05,8.203458909036757e-05
146799,,,,,,,,,,,,,7.282092020947724e-07,,0.0,1.0631859103579961e-05
150310,,,,,,,,,,,,,0.0011680680753009772,0.0012019596047156906,0.001288544039821207,0.0012574232919946157
161552,,,,,,,,,,,,,0.0,6.3166886778666345e-06,8.98989208018812e-06,1.2564929307056962e-05
170685,,,,,,,,,,,,,0.0,,,
173686,,,,,,,,,,,,,2.881829190741506e-06,9.408907963229532e-06,7.648319367857569e-06,1.3297050537375698e-06
174254,,,,,,,,,,,,,0.00025154929808489905,0.0005657535106169615,0.0010438586034527625,0.0008562315559351964
180091,,,,,,,,,,,,,0.00020941307779801226,0.0001664384495740608,0.00021251800264352158,0.00022505828062477362
10239,,,,,,,,,,,,,,0.00038027802986218603,,
10532,,,,,,,,,,,,,,1.7325439930375724e-06,1.3795422565819725e-06,0.0
11352,,,,,,,,,,,,,,0.000310492610996723,0.00046455844498932296,0.0006128914247386008
19114,,,,,,,,,,,,,,0.0,,
26379,,,,,,,,,,,,,,1.4401067884910485e-05,5.012033394846671e-06,
32161,,,,,,,,,,,,,,0.0,5.9164475885250995e-06,6.935430341233419e-07
33621,,,,,,,,,,,,,,1.0757994235051246e-06,1.389717451797445e-06,1.13459879818916e-06
48227,,,,,,,,,,,,,,1.2115247570559256e-05,1.0111359253910288e-05,
53639,,,,,,,,,,,,,,9.053612530587106e-07,4.12961368893137e-05,1.0320748104009829e-05
70352,,,,,,,,,,,,,,0.0,0.00021414421305359025,0.0001618710854949915
74949,,,,,,,,,,,,,,2.0924580410060406e-07,,
76157,,,,,,,,,,,,,,9.211321346598329e-07,3.3507988917731925e-06,4.4429762929232166e-07
86479,,,,,,,,,,,,,,3.482176862781503e-05,2.347476445234466e-05,2.5472415706381142e-05
93370,,,,,,,,,,,,,,0.0,,
96423,,,,,,,,,,,,,,3.210500897371314e-08,0.0,0.0
102348,,,,,,,,,,,,,,7.448429671394024e-05,0.00011529224508893274,8.630212644344984e-05
102945,,,,,,,,,,,,,,0.0,0.0,
103899,,,,,,,,,,,,,,0.0,0.0,0.0
108712,,,,,,,,,,,,,,3.8386889062903015e-06,0.0,
130295,,,,,,,,,,,,,,4.673644437915431e-06,1.8078001571035066e-05,1.2379224460665412e-05
130348,,,,,,,,,,,,,,2.357690474790629e-06,4.8512117567831736e-06,3.1863753000433036e-06
144615,,,,,,,,,,,,,,2.7710002218943254e-06,2.6811639392770365e-06,1.424583642699909e-06
146325,,,,,,,,,,,,,,5.351679697609393e-06,1.973891475215437e-05,1.2073948818502988e-05
149833,,,,,,,,,,,,,,2.942395910152236e-06,0.0,
150196,,,,,,,,,,,,,,0.0,1.1055831584542263e-05,3.7531127758319566e-05
150935,,,,,,,,,,,,,,6.87159841191755e-08,8.568585444608525e-08,2.026165766564765e-07
150980,,,,,,,,,,,,,,0.0,,
151996,,,,,,,,,,,,,,0.0,,
153623,,,,,,,,,,,,,,0.0,0.0,0.0
3397,,,,,,,,,,,,,,,2.6776829514401637e-08,1.999150223010568e-06
4767,,,,,,,,,,,,,,,0.0,0.0
11423,,,,,,,,,,,,,,,0.0,
19249,,,,,,,,,,,,,,,0.0,0.0
21757,,,,,,,,,,,,,,,5.033679783826112e-05,
24089,,,,,,,,,,,,,,,4.184254487238458e-06,
28709,,,,,,,,,,,,,,,0.00016142572333734115,0.00010217618968046036
29154,,,,,,,,,,,,,,,1.5551768367328355e-05,1.6164156143695504e-05
31609,,,,,,,,,,,,,,,9.887612066487949e-07,5.264356879145018e-06
39694,,,,,,,,,,,,,,,0.0005816104633139421,0.00038108947010074147
45959,,,,,,,,,,,,,,,0.0,2.1401713603634758e-05
58721,,,,,,,,,,,,,,,0.0,1.0444209138052508e-06
71457,,,,,,,,,,,,,,,1.2959985484970393e-08,5.744044870493337e-07
73246,,,,,,,,,,,,,,,0.00012762179689981606,0.0001463038648016695
77587,,,,,,,,,,,,,,,8.89097847196192e-07,0.0
78668,,,,,,,,,,,,,,,0.0,
81576,,,,,,,,,,,,,,,5.463865616072683e-06,
84344,,,,,,,,,,,,,,,0.0,0.0
93487,,,,,,,,,,,,,,,0.0,3.67994928077848e-06
93995,,,,,,,,,,,,,,,0.0,0.0
96637,,,,,,,,,,,,,,,0.0005618740655837621,0.0005108123289216742
97606,,,,,,,,,,,,,,,2.5428348380056374e-06,1.2090536362245265e-05
100709,,,,,,,,,,,,,,,5.655266393441626e-07,0.0
103997,,,,,,,,,,,,,,,1.0965111686147471e-06,4.4647184023756345e-05
104635,,,,,,,,,,,,,,,0.0,0.0
105348,,,,,,,,,,,,,,,0.0,8.10466306625906e-07
107047,,,,,,,,,,,,,,,0.0,0.0
123521,,,,,,,,,,,,,,,0.0,0.0
124073,,,,,,,,,,,,,,,1.0319790094850392e-06,1.5122760970768322e-06
131988,,,,,,,,,,,,,,,0.0,0.0
132226,,,,,,,,,,,,,,,0.0,0.0001311953680378978
132379,,,,,,,,,,,,,,,0.0,0.0
145667,,,,,,,,,,,,,,,0.0,0.0
147072,,,,,,,,,,,,,,,1.1589011813833029e-05,1.9728965177845997e-05
148667,,,,,,,,,,,,,,,5.5320929776753787e-08,4.030719098286173e-08
159525,,,,,,,,,,,,,,,0.0,7.132103498307972e-07
160564,,,,,,,,,,,,,,,2.4645393885055266e-07,1.1751761446075637e-06
167320,,,,,,,,,,,,,,,1.9185598347068777e-06,4.39775227301349e-06
176301,,,,,,,,,,,,,,,0.0,0.0
10453,,,,,,,,,,,,,,,,1.1838211185449066e-07
12144,,,,,,,,,,,,,,,,0.0
28139,,,,,,,,,,,,,,,,0.0
28335,,,,,,,,,,,,,,,,0.0
30470,,,,,,,,,,,,,,,,6.4802724634323106e-06
43331,,,,,,,,,,,,,,,,1.0140176210893576e-05
46377,,,,,,,,,,,,,,,,2.7069574641305256e-06
56354,,,,,,,,,,,,,,,,3.138341663603942e-05
76111,,,,,,,,,,,,,,,,1.048311152077055e-06
97517,,,,,,,,,,,,,,,,0.0
105776,,,,,,,,,,,,,,,,0.0
110946,,,,,,,,,,,,,,,,0.0
111006,,,,,,,,,,,,,,,,1.4674843258639738e-05
122392,,,,,,,,,,,,,,,,0.0
123013,,,,,,,,,,,,,,,,0.0
123175,,,,,,,,,,,,,,,,5.4031087108393735e-11
129816,,,,,,,,,,,,,,,,0.0
132342,,,,,,,,,,,,,,,,7.718881104305127e-06
136919,,,,,,,,,,,,,,,,1.3457306741739192e-05
145998,,,,,,,,,,,,,,,,0.0
153543,,,,,,,,,,,,,,,,4.721236391531445e-06
156927,,,,,,,,,,,,,,,,0.0
167311,,,,,,,,,,,,,,,,0.0
170220,,,,,,,,,,,,,,,,1.5552740361976918e-05
175885,,,,,,,,,,,,,,,,0.0002616116077996926
178894,,,,,,,,,,,,,,,,0.0
