Siruta,Localitate,ActivitateDominanta
32768,Budesti,Alimentara
32768,Budesti,Alimentara
32768,Budesti,Alimentara
49153,Sahateni,Alimentara
57350,Cojocna,Alimentara
90119,Lunca Cernii De Jos,Lemnului
73736,Poiana Mare,Alimentara
147465,Bunesti,Alimentara
147465,Bunesti,Alimentara
147465,Bunesti,Alimentara
155662,Bara,Alimentara
139287,Valea Vinului,Lemnului
114710,Oras Ludus,Alimentara
122908,Grumazesti,Alimentara
131103,Oras Breaza,Textila
40991,Fundata,Lemnului
98337,Plugari,Alimentara
8229,Vadu Motilor,Lemnului
16427,Dobresti,Lemnului
16427,Dobresti,Lemnului
16427,Dobresti,Lemnului
32811,Caianu Mic,Textila
73772,Predesti,Alimentara
172082,Pausesti-Maglasi,Lemnului
49206,Sapoca,Alimentara
24631,Poduri,Lemnului
163903,Gagesti,Lemnului
106559,Municipiul Sighetu Marmatiei,Mobila
139330,Vama,Textila
139330,Vama,Textila
81987,Schela,Alimentara
81987,Schela,Alimentara
98373,Oras Podu Iloaiei,Alimentara
147526,Cacica,Alimentara
16454,Domnesti,Lemnului
16454,Domnesti,Lemnului
65609,Oras Fieni,Alimentara
122953,Hangu,Lemnului
41033,Halchiu,Lemnului
155724,Beba Veche,Energetica
49233,Sarulesti,Alimentara
49233,Sarulesti,Alimentara
16472,Dragoslavele,Alimentara
139358,Vetis,Alimentara
90208,Luncoiu De Jos,Mobila
57449,Cornesti,Lemnului
57449,Cornesti,Lemnului
65645,Motaieni,Alimentara
155760,Becicherecu Mic,Alimentara
32884,Cetate,Alimentara
32884,Cetate,Alimentara
114809,Municipiul Reghin,Lemnului
16506,Draganu,Lemnului
172153,Perisani,Alimentara
73852,Radovan,Alimentara
106620,Sarasau,Lemnului
163967,Gherghesti,Alimentara
82047,Slivilesti,Alimentara
147580,Calafindesti,Alimentara
41088,Harman,Textila
139394,Viile Satu Mare,Alimentara
98435,Popesti,ChimicaFarmaceutica
98435,Popesti,ChimicaFarmaceutica
98435,Popesti,ChimicaFarmaceutica
98435,Popesti,ChimicaFarmaceutica
98435,Popesti,ChimicaFarmaceutica
123013,Icusesti,Alimentara
24711,Racova,Textila
131210,Oras Busteni,Energetica
65681,Oras Gaesti,Alimentara
90262,Martinesti,Alimentara
155797,Belint,Lemnului
41113,Harseni,Lemnului
106648,Vadu Izei,Mobila
49313,Scortoasa,Mobila
8354,Valea Lunga,Alimentara
8354,Valea Lunga,Alimentara
16551,Godeni,ConstructiiMasini
114854,Oras Sovata,Mobila
65707,Gura Foii,Lemnului
73905,Rast,Alimentara
147633,Oras Cajvana,Lemnului
131256,Municipiul Campina,ConstructiiMasini
32955,Ciceu-Giurgesti,Alimentara
106684,Oras Baia Sprie,Alimentara
24766,Racaciuni,Alimentara
73923,Robanesti,Alimentara
155840,Bethausen,Textila
98505,Popricani,Metalurgica
131274,Poiana Campina,ConstructiiMasini
57546,Dabaca,Lemnului
147660,Ilisesti,Alimentara
41177,Hoghiz,Alimentara
65752,Petresti,Mobila
65752,Petresti,Mobila
82136,Stanesti,Alimentara
82136,Stanesti,Alimentara
82136,Stanesti,Alimentara
164062,Garceni,Alimentara
123102,Ion Creanga,Textila
16613,Harsesti,Textila
90342,Orastioara De Sus,Lemnului
8425,Vidra,Alimentara
8425,Vidra,Alimentara
8425,Vidra,Alimentara
114925,Municipiul Tarnaveni,ConstructiiMasini
57582,Feleacu,Alimentara
172279,Pesceana,Alimentara
33015,Chiochis,Textila
106746,Oras Borsa,Lemnului
147713,Carlibaba,Lemnului
24837,Rachitoasa,Lemnului
155911,Biled,ConstructiiMasini
131336,Oras Comarnic,Alimentara
73996,Sadova,Textila
73996,Sadova,Textila
16659,Hartiesti,Alimentara
114970,Acatari,Mobila
49439,Scutelnici,Alimentara
106782,Oras Cavnic,Lemnului
41248,Homorod,Alimentara
123175,Margineni,Lemnului
123175,Margineni,Lemnului
164133,Grivita,Alimentara
164133,Grivita,Alimentara
164133,Grivita,Alimentara
98603,Prisacani,Lemnului
57644,Fizesu Gherlii,Alimentara
74028,Salcuta,Alimentara
65841,Municipiul Moreni,Textila
172340,Pietrari,Alimentara
172340,Pietrari,Alimentara
155957,Barna,Alimentara
90431,Pestisu Mic,Textila
106817,Oras Targu Lapus,Mobila
82243,Stejari,Alimentara
41284,Jibert,Alimentara
147786,Cornu Luncii,Alimentara
49484,Siriu,Lemnului
65869,Iedera,Lemnului
131407,Oras Mizil,Alimentara
74073,Scaesti,Alimentara
98649,Probota,CalculatoareElectronica
172377,Popesti,Lemnului
172377,Popesti,Lemnului
172377,Popesti,Lemnului
172377,Popesti,Lemnului
172377,Popesti,Lemnului
123228,Moldoveni,Alimentara
123228,Moldoveni,Alimentara
33122,Chiuza,Lemnului
16739,Izvoru,Alimentara
164197,Hoceni,Alimentara
57706,Floresti,Alimentara
57706,Floresti,Alimentara
57706,Floresti,Alimentara
131443,Oras Plopeni,Alimentara
16757,Leordeni,Textila
123255,Oniceni,Lemnului
98685,Raducaneni,Alimentara
74108,Seaca De Camp,Alimentara
65921,Oras Pucioasa,Textila
156035,Bogda,Alimentara
41346,Lisa,Lemnului
41346,Lisa,Lemnului
115076,Adamus,Lemnului
131461,Dumbravesti,ConstructiiMasini
49545,Smeeni,Alimentara
82314,Stoina,Alimentara
57742,Frata,Alimentara
74135,Seaca De Padure,Alimentara
33177,Cosbuc,Textila
41382,Maierus,Mobila
24999,Rosiori,Alimentara
24999,Rosiori,Alimentara
24999,Rosiori,Alimentara
24999,Rosiori,Alimentara
90538,Pui,Lemnului
172457,Prundeni,Alimentara
147884,Crucea,Lemnului
147884,Crucea,Lemnului
33202,Dumitra,Alimentara
98738,Romanesti,Alimentara
98738,Romanesti,Alimentara
164277,Dimitrie Cantemir,Alimentara
74171,Secu,Alimentara
139704,Municipiul Zalau,Metalurgica
156106,Boldur,Alimentara
41417,Mandra,Lemnului
115147,Alunis,Alimentara
115147,Alunis,Alimentara
115147,Alunis,Alimentara
131540,Oras Sinaia,ConstructiiMasini
98774,Ruginoasa,Metalurgica
98774,Ruginoasa,Metalurgica
66009,Branesti,Lemnului
66009,Branesti,Lemnului
66009,Branesti,Lemnului
49625,Stalpu,Alimentara
82396,Telesti,Alimentara
139740,Oras Cehu Silvaniei,Textila
172509,Racovita,Lemnului
172509,Racovita,Lemnului
172509,Racovita,Lemnului
172509,Racovita,Lemnului
33248,Feldru,Lemnului
106979,Oras Viseu De Sus,Lemnului
147937,Darmanesti,Alimentara
147937,Darmanesti,Alimentara
147937,Darmanesti,Alimentara
57831,Geaca,Alimentara
123371,Pastraveni,Alimentara
49643,Tisau,Alimentara
25068,Sascut,Lemnului
115183,Apold,Lemnului
74224,Silistea Crucii,Alimentara
164339,Iana,Alimentara
156151,Brestovat,Alimentara
107001,Ardusat,Alimentara
33275,Galatii Bistritei,Alimentara
131577,Oras Slanic,Energetica
41471,Moieciu,Mobila
82430,Oras Tismana,Lemnului
74242,Sopot,Alimentara
98827,Schitu Duca,Alimentara
16908,Leresti,Lemnului
66081,Oras Titu,Textila
123424,Petricani,Textila
139811,Oras Jibou,Textila
148006,Oras Dolhasca,Alimentara
115236,Atintis,Alimentara
90663,Rapoltu Mare,Lemnului
107047,Arinis,ChimicaFarmaceutica
131620,Oras Urlati,ChimicaFarmaceutica
172581,Roesti,Lemnului
164393,Ivanesti,Alimentara
57902,Gilau,Alimentara
16944,Lunca Corbului,ConstructiiMasini
156213,Carpinis,Alimentara
33337,Ilva Mare,Lemnului
25148,Sanduleni,Mobila
41541,Ormenis,Alimentara
107083,Asuaju De Sus,Mobila
74322,Teasc,Energetica
33364,Ilva Mica,Lemnului
123479,Piatra Soimului,Lemnului
57948,Garbau,Lemnului
156259,Cenad,Alimentara
90725,Rachitova,Alimentara
98916,Scanteia,Lemnului
98916,Scanteia,Lemnului
33382,Josenii Bargaului,Lemnului
49769,Topliceni,Textila
66152,Branistea,Alimentara
66152,Branistea,Alimentara
66152,Branistea,Alimentara
66152,Branistea,Alimentara
41578,Parau,Lemnului
115307,Bahnea,Alimentara
139884,Oras Simleu Silvaniei,Textila
107118,Baita De Sub Codru,ChimicaFarmaceutica
74359,Terpezita,Alimentara
156277,Cenei,Energetica
8826,Vintu De Jos,Lemnului
82555,Turburea,Alimentara
123521,Pipirig,Lemnului
148097,Dolhesti,Alimentara
148097,Dolhesti,Alimentara
25228,Saucesti,Mobila
107154,Baiut,Lemnului
41621,Poiana Marului,Alimentara
156311,Cheveresu Mare,Alimentara
66198,Baleni,Mobila
66198,Baleni,Mobila
58008,Iara,Lemnului
172698,Rosiile,Alimentara
17049,Malureni,Lemnului
33435,Lechinta,Mobila
148131,Dorna-Arini,Lemnului
139937,Agrij,Alimentara
74411,Teslui,Alimentara
74411,Teslui,Alimentara
66223,Barbuletu,Alimentara
90805,Ribita,Alimentara
98998,Scobinti,Textila
107190,Basesti,Alimentara
82617,Oras Turceni,Alimentara
49849,Tintesti,Alimentara
115389,Band,Lemnului
164543,Ivesti,Alimentara
164543,Ivesti,Alimentara
41667,Prejmer,ConstructiiMasini
156357,Oras Ciacova,Alimentara
25291,Scorteni,Lemnului
25291,Scorteni,Lemnului
139982,Almasu,Alimentara
17101,Merisani,Mobila
123601,Pangarati,Energetica
107234,Bicaz,Alimentara
41701,Racos,Alimentara
49894,Ulmeni,ConstructiiMasini
49894,Ulmeni,ConstructiiMasini
148202,Dorna Candrenilor,Alimentara
33514,Lesu,Lemnului
131817,Oras Valenii De Munte,Alimentara
99058,Sinesti,Alimentara
99058,Sinesti,Alimentara
99058,Sinesti,Alimentara
164598,Laza,Alimentara
82680,Tantareni,Alimentara
131835,Gura Vitioarei,Lemnului
90878,Rau De Mori,Lemnului
33541,Livezile,ConstructiiMasini
33541,Livezile,ConstructiiMasini
33541,Livezile,ConstructiiMasini
33541,Livezile,ConstructiiMasini
107270,Bistra,Lemnului
107270,Bistra,Lemnului
41738,Recea,Mobila
41738,Recea,Mobila
41738,Recea,Mobila
74509,Tuglui,Mobila
172812,Runcu,Alimentara
172812,Runcu,Alimentara
172812,Runcu,Alimentara
25362,Secuieni,Alimentara
25362,Secuieni,Alimentara
25362,Secuieni,Alimentara
156437,Comlosu Mare,Alimentara
66330,Bezdead,Lemnului
123674,Podoleni,Alimentara
99101,Siretel,Mobila
58142,Iclod,Alimentara
49956,Vadu Pasii,Textila
74536,Unirea,Alimentara
74536,Unirea,Alimentara
74536,Unirea,Alimentara
74536,Unirea,Alimentara
82733,Urdari,Lemnului
107314,Barsana,Alimentara
140084,Babeni,Alimentara
17209,Micesti,ConstructiiMasini
131899,Adunati,Textila
9019,Cut,Mobila
74554,Urzicuta,Alimentara
156473,Costeiu,Alimentara
123709,Poienari,Alimentara
115520,Batos,Lemnului
9026,Bucerdea Granoasa,Alimentara
33603,Lunca Ilvei,Lemnului
148293,Dornesti,Alimentara
164687,Lipovat,Alimentara
74581,Valea Stanciului,Alimentara
33621,Maieru,Lemnului
107350,Bocicoiu Mare,Alimentara
41818,Sercaia,Alimentara
82779,Vagiulesti,Alimentara
58204,Izvoru Crisului,Mobila
99165,Stolniceni-Prajescu,Mobila
172894,Salatrucel,Alimentara
131933,Albesti-Paleologu,Alimentara
66401,Bilciuresti,Alimentara
17254,Mihaesti,Textila
17254,Mihaesti,Textila
17254,Mihaesti,Textila
50022,Valea Ramnicului,Mobila
148328,Dragoiesti,Alimentara
140146,Balan,Lemnului
90994,Romos,ChimicaFarmaceutica
156534,Criciova,Lemnului
115575,Bagaciu,Textila
74616,Vela,Alimentara
33658,Matei,Mobila
41854,Sinca,ChimicaFarmaceutica
66438,Buciumeni,Metalurgica
66438,Buciumeni,Metalurgica
99209,Strunga,Lemnului
107403,Bogdan Voda,Alimentara
82831,Vladimir,Alimentara
123790,Poiana Teiului,Lemnului
164749,Lunca Banului,Lemnului
25488,Solont,Lemnului
115600,Bala,Alimentara
115600,Bala,Alimentara
172947,Scundu,Alimentara
58259,Jucu,Mobila
50068,Valea Salciei,Textila
131988,Alunis,Mobila
131988,Alunis,Mobila
131988,Alunis,Mobila
148382,Draguseni,Alimentara
148382,Draguseni,Alimentara
148382,Draguseni,Alimentara
148382,Draguseni,Alimentara
107430,Boiu Mare,Lemnului
132011,Apostolache,Alimentara
66474,Bucsani,Alimentara
66474,Bucsani,Alimentara
91054,Sarmizegetusa,Alimentara
156589,Curtea,Alimentara
25521,Stanisesti,Alimentara
140208,Banisor,Alimentara
115637,Balauseri,Alimentara
17334,Mioarele,Lemnului
50102,Vernesti,Alimentara
33729,Magura Ilvei,Alimentara
172992,Sinesti,Alimentara
172992,Sinesti,Alimentara
172992,Sinesti,Alimentara
41925,Sanpetru,ConstructiiMasini
58311,Luna,Alimentara
148426,Dumbraveni,Alimentara
148426,Dumbraveni,Alimentara
148426,Dumbraveni,Alimentara
156623,Darova,Textila
82895,Oras Rovinari,ConstructiiMasini
74705,Verbita,Alimentara
140244,Benesat,Alimentara
41943,Soars,Alimentara
99290,Scheia,Alimentara
99290,Scheia,Alimentara
107485,Botiza,Alimentara
66526,Candesti,Alimentara
66526,Candesti,Alimentara
66526,Candesti,Alimentara
164829,Malusteni,Alimentara
33765,Mariselu,Lemnului
148453,Fantanele,Alimentara
148453,Fantanele,Alimentara
148453,Fantanele,Alimentara
148453,Fantanele,Alimentara
148453,Fantanele,Alimentara
148453,Fantanele,Alimentara
148453,Fantanele,Alimentara
132075,Aricestii Rahtivani,ConstructiiMasini
74732,Vartop,Alimentara
91116,Salasu De Sus,ConstructiiMasini
58357,Maguri-Racatau,Lemnului
17398,Mirosi,Alimentara
1017,Municipiul Alba Iulia,Alimentara
140280,Bobota,Mobila
115708,Beica De Jos,Lemnului
107519,Budesti,ConstructiiMasini
107519,Budesti,ConstructiiMasini
107519,Budesti,ConstructiiMasini
74750,Varvoru De Jos,Alimentara
156669,Denta,Alimentara
173061,Slatioara,Alimentara
173061,Slatioara,Alimentara
123914,Raucesti,Textila
17423,Moraresti,Lemnului
42003,Tarlungeni,Alimentara
66580,Cobia,Alimentara
58393,Manastireni,Textila
107546,Calinesti,Lemnului
107546,Calinesti,Lemnului
107546,Calinesti,Lemnului
25629,Strugari,Alimentara
164892,Miclesti,Alimentara
148514,Forasti,Alimentara
140324,Bocsa,Mobila
156712,Dudestii Vechi,Lemnului
99370,Sipote,Alimentara
132137,Aricestii Zeletin,Alimentara
9262,Municipiul Arad,ConstructiiMasini
1071,Ciugud,Alimentara
50228,Vintila Voda,Alimentara
33845,Micestii De Campie,Alimentara
115771,Bichis,Alimentara
107582,Cernesti,Alimentara
9280,Fantanele,Mobila
9280,Fantanele,Mobila
9280,Fantanele,Mobila
9280,Fantanele,Mobila
9280,Fantanele,Mobila
9280,Fantanele,Mobila
9280,Fantanele,Mobila
123969,Razboieni,Lemnului
132164,Baba Ana,Alimentara
42058,Teliu,Textila
164936,Muntenii De Jos,Alimentara
173132,Stanesti,ChimicaFarmaceutica
173132,Stanesti,ChimicaFarmaceutica
173132,Stanesti,ChimicaFarmaceutica
17496,Mosoaia,Mobila
33881,Milas,Alimentara
140379,Buciumi,Alimentara
140379,Buciumi,Alimentara
74842,Catane,Lemnului
25692,Tamasi,Mobila
42076,Ticusu,Lemnului
156767,Dumbrava,Energetica
156767,Dumbrava,Energetica
156767,Dumbrava,Energetica
58464,Margau,Lemnului
91232,Santamaria-Orlea,ConstructiiMasini
74859,Carcea,Alimentara
99441,Tansa,Alimentara
115824,Bogata,Alimentara
74867,Carna,Alimentara
9333,Livada,Textila
42101,Ucea,Alimentara
164981,Oras Murgeni,Alimentara
74875,Cotofenii Din Fata,Alimentara
124028,Rediu,Lemnului
124028,Rediu,Lemnului
124028,Rediu,Lemnului
1151,Oras Abrud,Textila
132226,Balta Doamnei,Alimentara
74883,Dobrotesti,Textila
74883,Dobrotesti,Textila
156801,Oras Faget,Textila
148612,Oras Frasin,Lemnului
66697,Cojasca,Lemnului
74891,Galiciuica,Alimentara
115851,Breaza,Alimentara
115851,Breaza,Alimentara
115851,Breaza,Alimentara
107662,Cicarlau,Lemnului
9360,Sofronea,Textila
25745,Tatarasti,Alimentara
50326,Viperesti,Alimentara
99478,Tatarusi,Alimentara
74907,Ghidici,Alimentara
140440,Camar,Textila
33952,Monor,Alimentara
74915,Ghindeni,Alimentara
58534,Marisel,Alimentara
17575,Mozaceni,Alimentara
124073,Romani,Alimentara
66731,Comisani,ChimicaFarmaceutica
74923,Intorsura,Alimentara
42156,Ungra,Lemnului
173230,Stoenesti,Alimentara
173230,Stoenesti,Alimentara
173230,Stoenesti,Alimentara
173230,Stoenesti,Alimentara
132271,Baltesti,Alimentara
74931,Plesoi,Alimentara
9397,Vladimirescu,Energetica
58552,Mintiu Gherlii,Alimentara
115897,Brancovenesti,Textila
148667,Fratautii Noi,Mobila
83133,Municipiul Odorheiu Secuiesc,Textila
1213,Municipiul Aiud,Lemnului
140477,Carastelec,Alimentara
107715,Campulung La Tisa,Lemnului
91330,Soimus,Mobila
74949,Rojiste,Lemnului
33989,Nimigea,Alimentara
42183,Vama Buzaului,Alimentara
74956,Talpas,Alimentara
83151,Bradesti,Textila
83151,Bradesti,Textila
165069,Oltenesti,Alimentara
66768,Contesti,Lemnului
66768,Contesti,Lemnului
99539,Todiresti,Alimentara
99539,Todiresti,Alimentara
99539,Todiresti,Alimentara
17619,Musatesti,Lemnului
107733,Copalnic-Manastur,Lemnului
124117,Oras Roznov,Lemnului
148694,Fratautii Vechi,Alimentara
140501,Chiesd,Alimentara
132315,Banesti,Textila
50399,Valcelele,Alimentara
50399,Valcelele,Alimentara
25825,Targu Trotus,Textila
50415,Zarnesti,Alimentara
9459,Oras Chisineu-Cris,ConstructiiMasini
132342,Bertea,Lemnului
115959,Ceuasu De Campie,Alimentara
124153,Sagna,Alimentara
148729,Frumosu,Lemnului
42236,Vistea,Mobila
83197,Feliceni,Lemnului
156927,Fardea,Alimentara
58623,Mociu,Alimentara
140547,Cizer,Lemnului
25861,Traian,Alimentara
25861,Traian,Alimentara
25861,Traian,Alimentara
25861,Traian,Alimentara
25861,Traian,Alimentara
165130,Osesti,Alimentara
99600,Trifesti,Alimentara
99600,Trifesti,Alimentara
9495,Oras Curtici,Textila
132379,Boldesti-Gradistea,Alimentara
34075,Nuseni,Alimentara
148765,Fundu Moldovei,Lemnului
140583,Coseiu,Lemnului
66857,Corbii Mari,Lemnului
50479,Ziduri,Textila
124206,Sabaoani,Alimentara
91447,Tomesti,Alimentara
91447,Tomesti,Alimentara
91447,Tomesti,Alimentara
91447,Tomesti,Alimentara
132404,Brebu,Lemnului
132404,Brebu,Lemnului
173374,Stoilesti,Mobila
17726,Negrasi,Alimentara
9538,Oras Ineu,Textila
42307,Voila,Lemnului
165185,Padureni,Textila
165185,Padureni,Textila
1348,Municipiul Blaj,ConstructiiMasini
124233,Secuieni,Alimentara
124233,Secuieni,Alimentara
124233,Secuieni,Alimentara
25932,Ungureni,Alimentara
25932,Ungureni,Alimentara
157004,Foeni,Alimentara
116046,Chetani,Alimentara
140627,Crasna,Textila
140627,Crasna,Textila
99673,Tibana,Alimentara
75098,Municipiul Galati,Metalurgica
107868,Coroieni,Mobila
58721,Moldovenesti,Alimentara
157031,Gavojdia,Lemnului
9574,Oras Lipova,CalculatoareElectronica
132459,Calugareni,Alimentara
132459,Calugareni,Alimentara
17771,Nucsoara,Alimentara
34155,Parva,Alimentara
75114,Sendreni,Textila
50549,Unguriu,Alimentara
83320,Municipiul Miercurea Ciuc,Alimentara
34173,Petru Rares,Lemnului
140672,Creaca,Lemnului
50564,Florica,Alimentara
132486,Carbunesti,Lemnului
66955,Cornatelu,Alimentara
148872,Galanesti,Lemnului
91535,Toplita,Alimentara
75150,Vanatori,Alimentara
75150,Vanatori,Alimentara
75150,Vanatori,Alimentara
75150,Vanatori,Alimentara
75150,Vanatori,Alimentara
107920,Cupseni,Mobila
165274,Perieni,Alimentara
9627,Oras Nadlac,Energetica
132510,Ceptura,Alimentara
157086,Oras Gataia,Alimentara
42398,Vulcan,Lemnului
116126,Chiheru De Jos,Lemnului
17824,Oarja,Alimentara
58794,Palatca,Alimentara
124331,Stanita,Alimentara
26029,Urechesti,Mobila
26029,Urechesti,Mobila
83375,Pauleni-Ciuc,Mobila
1455,Oras Campeni,Mobila
9654,Oras Pancota,Alimentara
148916,Gramesti,Alimentara
17851,Pietrosani,Lemnului
17851,Pietrosani,Lemnului
34235,Prundu Bargaului,Lemnului
75203,Municipiul Tecuci,Alimentara
99780,Tibanesti,Textila
107975,Desesti,Alimentara
67014,Cornesti,Alimentara
67014,Cornesti,Alimentara
116171,Coroisanmartin,CalculatoareElectronica
42449,Sinca Noua,Alimentara
75221,Draganesti,Alimentara
75221,Draganesti,Alimentara
75221,Draganesti,Alimentara
75221,Draganesti,Alimentara
34262,Rebra,Alimentara
42456,Crizbav,Alimentara
9690,Oras Sebis,Mobila
165336,Poienesti,Alimentara
132574,Cerasu,Lemnului
173533,Stroesti,Lemnului
42464,Sambata De Sus,Lemnului
140770,Cristolt,Alimentara
26083,Valea Seaca,Alimentara
26083,Valea Seaca,Alimentara
83428,Oras Baile Tusnad,Alimentara
34280,Rebrisoara,Alimentara
42472,Holbav,Lemnului
58856,Panticeu,Alimentara
148970,Granicesti,Alimentara
91624,Totesti,Alimentara
42480,Dragus,Alimentara
108017,Oras Dragomiresti,Alimentara
17913,Poienarii De Arges,Lemnului
124411,Stefan Cel Mare,Alimentara
124411,Stefan Cel Mare,Alimentara
124411,Stefan Cel Mare,Alimentara
124411,Stefan Cel Mare,Alimentara
124411,Stefan Cel Mare,Alimentara
124411,Stefan Cel Mare,Alimentara
75258,Munteni,Mobila
116224,Cozma,Alimentara
42498,Augustin,Alimentara
108035,Dumbravita,Metalurgica
108035,Dumbravita,Metalurgica
108035,Dumbravita,Metalurgica
26118,Vultureni,Alimentara
26118,Vultureni,Alimentara
83464,Oras Balan,Alimentara
157193,Ghizela,Alimentara
9743,Almas,Alimentara
140823,Criseni,Alimentara
34333,Rodna,Lemnului
173597,Sutesti,ChimicaFarmaceutica
173597,Sutesti,ChimicaFarmaceutica
83491,Oras Borsec,Alimentara
58918,Petrestii De Jos,Alimentara
99879,Tiganasi,CalculatoareElectronica
132645,Chiojdeanca,Alimentara
91688,Turdas,Alimentara
165416,Pogana,Alimentara
17968,Poienarii De Muscel,Mobila
67121,Costestii Din Vale,Textila
34360,Romuli,Lemnului
149049,Horodniceni,Alimentara
157246,Giarmata,Lemnului
116288,Craciunesti,Mobila
83525,Oras Cristuru Secuiesc,Mobila
9798,Apateu,Alimentara
140869,Cuzaplac,Alimentara
75338,Oras Beresti,Mobila
108106,Farcasa,Mobila
108106,Farcasa,Mobila
132681,Ciorani,Textila
124493,Tarcau,Lemnului
91731,General Berthelot,Alimentara
99922,Tutora,Alimentara
157273,Giera,Alimentara
165470,Puiesti,Alimentara
165470,Puiesti,Alimentara
34397,Salva,Textila
75356,Beresti-Meria,Textila
67167,Crangurile,Lemnului
50790,Municipiul Resita,Metalurgica
9832,Archis,Mobila
83561,Municipiul Gheorgheni,Alimentara
18028,Poiana Lacului,Alimentara
58990,Ploscos,Alimentara
132716,Cocorastii Mislii,Lemnului
149101,Horodnic De Jos,Alimentara
173686,Sirineasa,Alimentara
116340,Craiesti,Alimentara
34422,Silivasu De Campie,Alimentara
108151,Giulesti,Alimentara
99968,Valea Seaca,Alimentara
99968,Valea Seaca,Alimentara
157317,Giulvaz,Alimentara
149138,Iacobeni,Lemnului
149138,Iacobeni,Lemnului
91795,Vata De Jos,Lemnului
124563,Tasca,Lemnului
132752,Colceag,Mobila
140958,Dobrin,Alimentara
9887,Bata,Textila
1696,Oras Cugir,Alimentara
59041,Poieni,Lemnului
100004,Victoria,Alimentara
100004,Victoria,Alimentara
116395,Cucerdea,Alimentara
34477,Sanmihaiu De Campie,Lemnului
108204,Ieud,Alimentara
157362,Jamu Mare,Alimentara
26289,Zemes,Alimentara
83632,Municipiul Toplita,Textila
173748,Stefanesti,Alimentara
67256,Darmanesti,Alimentara
67256,Darmanesti,Alimentara
67256,Darmanesti,Alimentara
42682,Municipiul Braila,ConstructiiMasini
149183,Izvoarele Sucevei,Lemnului
108222,Lapus,Textila
132805,Cornu,ConstructiiMasini
50889,Oras Anina,Lemnului
124616,Tazlau,Lemnului
9930,Beliu,Alimentara
26320,Sarata,Textila
75472,Oras Targu Bujor,Mobila
108240,Leordina,Lemnului
42708,Chiscani,Metalurgica
116439,Cuci,Alimentara
124634,Tamaseni,Alimentara
67292,Dobra,Alimentara
67292,Dobra,Alimentara
141027,Dragu,Alimentara
26338,Buciumi,Alimentara
26338,Buciumi,Alimentara
173793,Susani,Alimentara
149227,Oras Liteni,Lemnului
165611,Pungesti,Alimentara
26346,Gioseni,Alimentara
50923,Oras Baile Herculane,Lemnului
132841,Cosminele,Lemnului
108268,Miresu Mare,Lemnului
26353,Odobesti,Alimentara
26353,Odobesti,Alimentara
18162,Popesti,Alimentara
18162,Popesti,Alimentara
18162,Popesti,Alimentara
18162,Popesti,Alimentara
18162,Popesti,Alimentara
157424,Jebel,Textila
34547,Spermezeu,Alimentara
124661,Timisesti,Alimentara
100086,Vanatori,Alimentara
100086,Vanatori,Alimentara
100086,Vanatori,Alimentara
100086,Vanatori,Alimentara
100086,Vanatori,Alimentara
26361,Prajesti,Lemnului
59130,Recea-Cristur,Alimentara
75515,Barcea,CalculatoareElectronica
67327,Dragodana,Alimentara
42753,Oras Faurei,Alimentara
1794,Oras Ocna Mures,Alimentara
157451,Lenauheim,Lemnului
26379,Itesti,Mobila
116493,Danes,Alimentara
42771,Surdila-Greci,Alimentara
10006,Birchis,Lemnului
75542,Balabanesti,Alimentara
50969,Oras Bocsa,Alimentara
141081,Fildu De Jos,Lemnului
173855,Tetoiu,Alimentara
91937,Valisoara,Alimentara
132896,Drajna,Lemnului
83749,Oras Vlahita,Lemnului
149290,Marginea,Lemnului
50987,Ocna De Fier,Alimentara
124723,Trifesti,Alimentara
124723,Trifesti,Alimentara
100148,Vladeni,Alimentara
100148,Vladeni,Alimentara
100148,Vladeni,Alimentara
100148,Vladeni,Alimentara
34618,Sant,Lemnului
157497,Liebling,Alimentara
108348,Moisei,Lemnului
116545,Deda,Lemnului
18242,Priboieni,Lemnului
51010,Municipiul Caransebes,ConstructiiMasini
10051,Barsa,Alimentara
149316,Malini,Lemnului
42824,Baraganul,Alimentara
83785,Atid,Alimentara
141134,Galgau,Alimentara
67407,Dragomiresti,Lemnului
67407,Dragomiresti,Lemnului
67407,Dragomiresti,Lemnului
91982,Vetel,Mobila
108366,Oarta De Jos,Alimentara
124750,Tupilati,Alimentara
1874,Municipiul Sebes,Lemnului
34645,Sieu,Lemnului
34645,Sieu,Lemnului
165719,Rebricea,Alimentara
157530,Lovrin,Textila
42842,Bertestii De Jos,Alimentara
75613,Balasesti,Alimentara
59238,Risca,Lemnului
173935,Tomsani,Lemnului
173935,Tomsani,Lemnului
116590,Eremitu,Lemnului
51056,Oras Moldova Noua,ConstructiiMasini
108400,Ocna Sugatag,Alimentara
10104,Barzava,Alimentara
149370,Manastirea Humorului,Lemnului
100219,Voinesti,Lemnului
100219,Voinesti,Lemnului
100219,Voinesti,Lemnului
34690,Sieu-Magherus,Lemnului
124803,Tibucani,Lemnului
83847,Avramesti,Lemnului
67470,Finta,Alimentara
1936,Oras Zlatna,Metalurgica
59283,Sacuieu,Alimentara
157585,Margina,ChimicaFarmaceutica
75668,Baleni,Alimentara
75668,Baleni,Alimentara
133018,Draganesti,Alimentara
133018,Draganesti,Alimentara
133018,Draganesti,Alimentara
133018,Draganesti,Alimentara
18331,Ratesti,Textila
42913,Bordei Verde,Lemnului
149414,Moara,Energetica
108455,Petrova,Lemnului
75686,Baneasa,Alimentara
75686,Baneasa,Alimentara
116652,Ernei,ConstructiiMasini
51118,Oras Oravita,Lemnului
100273,Bals,Alimentara
124849,Urecheni,Alimentara
141232,Garbou,Lemnului
108473,Poienile De Sub Munte,Lemnului
100282,Costesti,Lemnului
100282,Costesti,Lemnului
100282,Costesti,Lemnului
100282,Costesti,Lemnului
165817,Rosiesti,Alimentara
75711,Branistea,Textila
75711,Branistea,Textila
75711,Branistea,Textila
75711,Branistea,Textila
59327,Savadisla,Lemnului
92097,Vorta,Alimentara
67522,Glodeni,Textila
67522,Glodeni,Textila
26564,Municipiul Oradea,Textila
174021,Vaideeni,Lemnului
108491,Remetea Chioarului,Alimentara
34770,Sieu-Odorhei,Alimentara
10195,Bocsig,Alimentara
124885,Valea Ursului,Alimentara
100308,Draguseni,Alimentara
100308,Draguseni,Alimentara
100308,Draguseni,Alimentara
100308,Draguseni,Alimentara
26582,Sanmartin,Energetica
26582,Sanmartin,Energetica
26582,Sanmartin,Energetica
42968,Ciocile,Alimentara
100317,Fantanele,Alimentara
100317,Fantanele,Alimentara
100317,Fantanele,Alimentara
100317,Fantanele,Alimentara
100317,Fantanele,Alimentara
100317,Fantanele,Alimentara
100317,Fantanele,Alimentara
133090,Dumbrava,Lemnului
133090,Dumbrava,Lemnului
133090,Dumbrava,Lemnului
83936,Bilbor,Lemnului
100326,Harmanesti,Alimentara
18411,Recea,Alimentara
18411,Recea,Alimentara
18411,Recea,Alimentara
100335,Rachiteni,Alimentara
157683,Masloc,Alimentara
116723,Faragau,Alimentara
75766,Brahasesti,Alimentara
100344,Roscani,Alimentara
83963,Capalnita,Lemnului
149502,Moldova-Sulita,Lemnului
10239,Brazii,Lemnului
10239,Brazii,Lemnului
100353,Valea Lupului,Energetica
141312,Halmasd,Alimentara
51207,Oras Otelu Rosu,Textila
174085,Valea Mare,Alimentara
174085,Valea Mare,Alimentara
174085,Valea Mare,Alimentara
174085,Valea Mare,Alimentara
108552,Remeti,Lemnului
165899,Solesti,Alimentara
67595,Gura Ocnitei,Alimentara
43019,Ciresu,Alimentara
43019,Ciresu,Alimentara
100362,Ciohorani,Alimentara
124938,Alexandru Cel Bun,Lemnului
83981,Ciucsangeorgiu,Lemnului
92177,Zam,Lemnului
59416,Sic,Lemnului
26653,Santandrei,Alimentara
149539,Moldovita,Lemnului
34850,Sieut,Lemnului
59434,Sancraiu,Lemnului
75819,Buciumeni,Alimentara
75819,Buciumeni,Alimentara
157736,Manastiur,Lemnului
18475,Rociu,Alimentara
51243,Armenis,Lemnului
133161,Filipestii De Padure,Alimentara
10293,Buteni,Lemnului
108598,Repedea,Lemnului
116796,Fantanele,Alimentara
116796,Fantanele,Alimentara
116796,Fantanele,Alimentara
116796,Fantanele,Alimentara
116796,Fantanele,Alimentara
116796,Fantanele,Alimentara
116796,Fantanele,Alimentara
43073,Dudesti,Textila
67648,Gura Sutii,Textila
141376,Hereclean,Mobila
108614,Rona De Jos,Alimentara
26699,Oras Alesd,Textila
174156,Vladesti,Alimentara
174156,Vladesti,Alimentara
174156,Vladesti,Alimentara
2130,Albac,Lemnului
149584,Musenita,Alimentara
34903,Sintereag,Alimentara
157781,Moravita,Lemnului
75864,Cavadinesti,Alimentara
108632,Rona De Sus,Lemnului
125016,Vanatori-Neamt,Lemnului
165979,Stanilesti,Textila
67675,Hulubesti,Alimentara
133214,Filipestii De Targ,CalculatoareElectronica
18527,Rucar,Alimentara
51305,Bania,Alimentara
10346,Carand,Lemnului
59498,Sanmartin,Alimentara
59498,Sanmartin,Alimentara
59498,Sanmartin,Alimentara
43117,Frecatei,Alimentara
43117,Frecatei,Alimentara
26742,Astileu,Textila
84086,Ciumani,Lemnului
18554,Salatrucu,Lemnului
108669,Rozavlea,Alimentara
116867,Galesti,Alimentara
51332,Bautar,Lemnului
125061,Zanesti,Lemnului
10373,Cermei,Lemnului
141447,Hida,ChimicaFarmaceutica
84102,Carta,Mobila
84102,Carta,Mobila
157834,Mosnita Noua,Textila
174218,Voicesti,Alimentara
75917,Certesti,Alimentara
18581,Sapata,Alimentara
149655,Ostra,Lemnului
67737,I. L. Caragiale,Alimentara
108696,Ruscova,Mobila
133278,Fantanele,Alimentara
133278,Fantanele,Alimentara
133278,Fantanele,Alimentara
133278,Fantanele,Alimentara
133278,Fantanele,Alimentara
133278,Fantanele,Alimentara
133278,Fantanele,Alimentara
100521,Municipiul Giurgiu,Textila
34985,Teaca,Alimentara
108712,Satulung,Lemnului
125098,Dochia,Lemnului
166057,Stefan Cel Mare,Alimentara
166057,Stefan Cel Mare,Alimentara
166057,Stefan Cel Mare,Alimentara
166057,Stefan Cel Mare,Alimentara
166057,Stefan Cel Mare,Alimentara
166057,Stefan Cel Mare,Alimentara
43180,Galbenu,Energetica
174254,Voineasa,Lemnului
174254,Voineasa,Lemnului
75953,Corod,Alimentara
125105,Ruginoasa,ChimicaFarmaceutica
125105,Ruginoasa,ChimicaFarmaceutica
149682,Panaci,Lemnului
10417,Chisindia,Lemnului
26804,Municipiul Beius,Textila
84148,Corbu,Alimentara
84148,Corbu,Alimentara
84148,Corbu,Alimentara
51387,Berliste,Alimentara
125114,Ghindaoani,Alimentara
67773,Lucieni,Alimentara
59586,Sanpaul,Alimentara
59586,Sanpaul,Alimentara
125123,Valeni,Alimentara
125123,Valeni,Alimentara
125123,Valeni,Alimentara
100549,Slobozia,Alimentara
100549,Slobozia,Alimentara
157898,Nadrag,Lemnului
116938,Ganesti,Mobila
125132,Draganesti,Alimentara
125132,Draganesti,Alimentara
125132,Draganesti,Alimentara
125132,Draganesti,Alimentara
84175,Corund,Lemnului
133330,Floresti,ConstructiiMasini
133330,Floresti,ConstructiiMasini
133330,Floresti,ConstructiiMasini
174290,Zatreni,Alimentara
125141,Pancesti,Alimentara
125141,Pancesti,Alimentara
10453,Conop,Alimentara
26840,Oras Stei,Alimentara
141535,Horoatu Crasnei,Alimentara
125150,Gadinti,Alimentara
100576,Oras Buftea,Alimentara
157923,Nitchidorf,Alimentara
76004,Corni,Mobila
76004,Corni,Mobila
43242,Gemenele,Alimentara
18670,Schitu Golesti,ConstructiiMasini
35054,Telciu,Lemnului
125169,Negresti,Mobila
116983,Gheorghe Doja,Alimentara
116983,Gheorghe Doja,Alimentara
51449,Berzasca,Textila
67835,Ludesti,Alimentara
108794,Sacalaseni,Mobila
125178,Boghicea,Textila
149753,Paltinoasa,Lemnului
166137,Suletea,Alimentara
26877,Municipiul Marghita,Textila
100610,Municipiul Oltenita,ConstructiiMasini
2309,Almasu Mare,Lemnului
59657,Suatu,Alimentara
76040,Cosmesti,Alimentara
76040,Cosmesti,Alimentara
84237,Danesti,Lemnului
84237,Danesti,Lemnului
84237,Danesti,Lemnului
141580,Ileanda,Alimentara
43279,Gradistea,Alimentara
43279,Gradistea,Alimentara
43279,Gradistea,Alimentara
43279,Gradistea,Alimentara
133394,Fulga,Alimentara
10514,Covasint,Alimentara
35090,Tiha Bargaului,Lemnului
157969,Ohaba Lunga,Alimentara
149780,Partestii De Jos,Alimentara
100638,Mitreni,Alimentara
10532,Craiva,Alimentara
166182,Tanacu,Lemnului
26920,Oras Nucet,Lemnului
84264,Dealu,Lemnului
51500,Berzovia,Alimentara
59693,Tritenii De Jos,Alimentara
43313,Gropeni,Textila
117042,Ghindari,Lemnului
18741,Slobozia,Alimentara
18741,Slobozia,Alimentara
133429,Gherghita,Alimentara
158010,Ortisoara,Textila
43331,Oras Ianca,Alimentara
67906,Lunguletu,Mobila
100683,Municipiul Urziceni,Textila
108874,Sacel,Alimentara
108874,Sacel,Alimentara
149833,Patrauti,Textila
2381,Arieseni,Lemnului
76111,Costache Negri,Alimentara
35152,Tarlisua,Lemnului
149851,Poiana Stampei,Lemnului
166235,Tacuta,Alimentara
18778,Stalpeni,Lemnului
51546,Bolvasnita,Alimentara
108892,Oras Salistea De Sus,Lemnului
26975,Municipiul Salonta,Mobila
100709,Ciocarlia,ConstructiiMasini
100709,Ciocarlia,ConstructiiMasini
67942,Malu Cu Flori,Alimentara
76139,Cuca,Alimentara
76139,Cuca,Alimentara
158065,Peciu Nou,Alimentara
59764,Tureni,Alimentara
51573,Bozovici,Lemnului
108918,Salsig,Alimentara
117113,Glodeni,Lemnului
117113,Glodeni,Lemnului
84344,Ditrau,Lemnului
76157,Cudalbi,Alimentara
27007,Oras Vascau,Alimentara
100736,Manasia,Alimentara
133508,Gorgota,Alimentara
76175,Draguseni,Textila
76175,Draguseni,Textila
76175,Draguseni,Textila
76175,Draguseni,Textila
108945,Sapanta,Lemnului
43411,Oras Insuratei,Alimentara
100754,Adancata,Alimentara
100754,Adancata,Alimentara
92569,Municipiul Calarasi,Metalurgica
141722,Ip,Alimentara
10649,Dezna,Lemnului
84380,Darjiu,Textila
158109,Periam,Alimentara
108963,Oras Seini,Lemnului
125347,Municipiul Slatina,Metalurgica
174496,Titesti,Alimentara
174496,Titesti,Alimentara
68002,Manesti,Textila
68002,Manesti,Textila
174502,Diculesti,Alimentara
149931,Pojorata,Lemnului
166315,Tatarani,Textila
166315,Tatarani,Textila
18858,Stoenesti,Lemnului
18858,Stoenesti,Lemnului
18858,Stoenesti,Lemnului
18858,Stoenesti,Lemnului
92587,Modelu,Lemnului
51626,Brebu,Mobila
51626,Brebu,Mobila
100781,Adunatii-Copaceni,Alimentara
174511,Lacusteni,Alimentara
59826,Taga,Alimentara
117177,Gornesti,Lemnului
133562,Gornet,Alimentara
158136,Pietroasa,Alimentara
158136,Pietroasa,Alimentara
174520,Mitrofani,Alimentara
27070,Abram,Lemnului
84415,Frumoasa,Lemnului
84415,Frumoasa,Lemnului
125374,Slatioara,ChimicaFarmaceutica
125374,Slatioara,ChimicaFarmaceutica
35269,Uriu,Alimentara
43466,Jirlau,Alimentara
109005,Stramtura,Alimentara
10701,Dieci,Alimentara
51662,Brebu Nou,Alimentara
68048,Matasaru,Alimentara
149968,Preutesti,Lemnului
141786,Letca,Alimentara
76255,Fartanesti,Alimentara
100834,Afumati,Alimentara
100834,Afumati,Alimentara
43493,Marasu,Alimentara
158181,Pischia,Alimentara
59880,Unguras,Alimentara
125418,Oras Bals,ConstructiiMasini
84460,Galautas,Lemnului
133615,Gornet-Cricov,Alimentara
35312,Urmenis,Alimentara
109041,Suciu De Sus,Alimentara
51699,Buchin,ConstructiiMasini
92658,Municipiul Slobozia,Alimentara
100852,Alexeni,Alimentara
18938,Stolnici,Alimentara
76282,Foltesti,Alimentara
100870,Armasesti,Alimentara
10765,Ususau,Lemnului
166413,Todiresti,Lemnului
166413,Todiresti,Lemnului
166413,Todiresti,Lemnului
2577,Avram Iancu,Lemnului
2577,Avram Iancu,Lemnului
150043,Putna,Lemnului
117275,Grebenisu De Campie,Alimentara
76317,Frumusita,ConstructiiMasini
92701,Municipiul Fetesti,Textila
27169,Abramut,Alimentara
68128,Mogosani,Alimentara
125472,Municipiul Caracal,Alimentara
158243,Racovita,Alimentara
158243,Racovita,Alimentara
158243,Racovita,Alimentara
158243,Racovita,Alimentara
59942,Vad,Alimentara
51751,Bucosnita,Alimentara
109096,Sisesti,Lemnului
109096,Sisesti,Lemnului
43563,Maxineni,Textila
125490,Draghiceni,Alimentara
150070,Radaseni,Mobila
100923,Axintele,Alimentara
133688,Gura Vadului,Alimentara
141884,Lozna,Alimentara
141884,Lozna,Alimentara
19007,Suseni,Alimentara
19007,Suseni,Alimentara
19007,Suseni,Alimentara
76353,Fundeni,Alimentara
76353,Fundeni,Alimentara
117319,Gurghiu,Alimentara
10827,Felnac,Mobila
27212,Auseu,Textila
84558,Joseni,Lemnului
68182,Moroeni,Alimentara
133722,Iordacheanu,Mobila
51804,Carasova,Lemnului
92765,Oras Tandarei,Alimentara
150114,Rasca,Lemnului
35429,Zagra,Alimentara
125542,Oras Corabia,Textila
100969,Balotesti,Mobila
158314,Oras Recas,Alimentara
43625,Mircea Voda,Alimentara
43625,Mircea Voda,Alimentara
92783,Albesti,Alimentara
92783,Albesti,Alimentara
92783,Albesti,Alimentara
92783,Albesti,Alimentara
92783,Albesti,Alimentara
84594,Lazarea,Lemnului
76406,Ghidigeni,Lemnului
10872,Ghioroc,ConstructiiMasini
141946,Marca,Alimentara
109176,Oras Somcuta Mare,Lemnului
60026,Valea Ierii,Lemnului
51840,Carbunari,Alimentara
166529,Tutova,Alimentara
43652,Movila Miresii,Textila
101001,Baneasa,Energetica
101001,Baneasa,Energetica
84629,Lueta,Lemnului
27285,Avram Iancu,Textila
27285,Avram Iancu,Textila
125588,Garcov,Lemnului
174744,Municipiul Focsani,Textila
68253,Morteni,Alimentara
60062,Viisoara,ConstructiiMasini
60062,Viisoara,ConstructiiMasini
60062,Viisoara,ConstructiiMasini
60062,Viisoara,ConstructiiMasini
60062,Viisoara,ConstructiiMasini
60062,Viisoara,ConstructiiMasini
150178,Sadova,Lemnului
150178,Sadova,Lemnului
133795,Izvoarele,Lemnului
133795,Izvoarele,Lemnului
133795,Izvoarele,Lemnului
133795,Izvoarele,Lemnului
133795,Izvoarele,Lemnului
10916,Graniceri,Alimentara
51877,Constantin Daicoviciu,Alimentara
92836,Oras Amara,Alimentara
19114,Stefan Cel Mare,Alimentara
19114,Stefan Cel Mare,Alimentara
19114,Stefan Cel Mare,Alimentara
19114,Stefan Cel Mare,Alimentara
19114,Stefan Cel Mare,Alimentara
19114,Stefan Cel Mare,Alimentara
84656,Lunca De Jos,Lemnului
43698,Racovita,Alimentara
43698,Racovita,Alimentara
43698,Racovita,Alimentara
43698,Racovita,Alimentara
117426,Hodac,Lemnului
142006,Maeriste,ConstructiiMasini
150196,Satu Mare,Lemnului
150196,Satu Mare,Lemnului
125622,Oras Draganesti-Olt,Alimentara
68280,Nucet,Lemnului
158396,Remetea Mare,ConstructiiMasini
174780,Campineanca,Alimentara
10943,Gurahont,Alimentara
27329,Balc,Alimentara
101056,Barcanesti,Alimentara
101056,Barcanesti,Alimentara
60099,Vultureni,Mobila
60099,Vultureni,Mobila
19141,Suici,Alimentara
92872,Andrasesti,Alimentara
150221,Siminicea,Alimentara
76497,Gohor,Alimentara
109265,Oras Ulmeni,Textila
43732,Ramnicelu,Lemnului
43732,Ramnicelu,Lemnului
101083,Belciugatele,ConstructiiMasini
125659,Babiciu,Alimentara
68324,Ocnita,Alimentara
133866,Jugureni,Energetica
92907,Balaciu,Alimentara
174824,Golesti,Lemnului
174824,Golesti,Lemnului
51948,Ciclova Romana,Lemnului
125677,Baldovinesti,Textila
166636,Valeni,Alimentara
166636,Valeni,Alimentara
166636,Valeni,Alimentara
150258,Slatina,Lemnului
158449,Sacosu Turcesc,Alimentara
27383,Batar,Alimentara
68342,Odobesti,Alimentara
68342,Odobesti,Alimentara
142079,Mesesenii De Jos,Alimentara
117505,Hodosa,Alimentara
60169,Negreni,Lemnului
43787,Romanu,Alimentara
19212,Teiu,Alimentara
174860,Municipiul Adjud,Lemnului
76558,Grivita,Alimentara
76558,Grivita,Alimentara
76558,Grivita,Alimentara
51984,Ciuchici,Alimentara
166672,Vetrisoaia,Alimentara
84754,Lunca De Sus,Lemnului
150294,Straja,Lemnului
101145,Berceni,Metalurgica
101145,Berceni,Metalurgica
133919,Lapos,Alimentara
92961,Borcea,ChimicaFarmaceutica
43812,Rosiori,Alimentara
43812,Rosiori,Alimentara
43812,Rosiori,Alimentara
43812,Rosiori,Alimentara
150310,Stroiesti,Lemnului
76585,Independenta,Alimentara
76585,Independenta,Alimentara
76585,Independenta,Alimentara
142122,Mirsid,Textila
101163,Bolintin-Deal,Alimentara
109354,Valea Chioarului,Lemnului
27436,Biharia,Alimentara
117550,Ibanesti,Alimentara
117550,Ibanesti,Alimentara
117550,Ibanesti,Alimentara
19249,Tigveni,Alimentara
166707,Viisoara,Alimentara
166707,Viisoara,Alimentara
166707,Viisoara,Alimentara
166707,Viisoara,Alimentara
166707,Viisoara,Alimentara
166707,Viisoara,Alimentara
11058,Halmagiu,Alimentara
68404,Pietrosita,Lemnului
76601,Ivesti,Textila
76601,Ivesti,Textila
92989,Bordusani,Lemnului
125757,Barasti,Alimentara
158528,Satchinez,Alimentara
52035,Ciudanovita,Alimentara
101190,Oras Bolintin-Vale,Alimentara
174922,Oras Marasesti,Textila
68431,Poiana,Alimentara
68431,Poiana,Alimentara
133964,Lipanesti,Textila
150356,Stulpicani,Lemnului
84825,Lupeni,Alimentara
43867,Salcia Tudor,Alimentara
93021,Bucu,Alimentara
52062,Copacele,Alimentara
76638,Jorasti,Alimentara
2915,Oras Baia De Aries,Textila
142177,Napradea,Mobila
158564,Sacalaz,Alimentara
109425,Vima Mica,Alimentara
166770,Vinderei,Alimentara
27506,Boianu Mare,Alimentara
68468,Potlogi,Alimentara
101243,Brazii,Alimentara
101243,Brazii,Alimentara
134014,Magurele,Lemnului
76674,Liesti,Alimentara
19338,Titesti,ConstructiiMasini
19338,Titesti,ConstructiiMasini
93067,Oras Cazanesti,Mobila
150418,Sucevita,Lemnului
158608,Secas,Alimentara
35731,Municipiul Botosani,Textila
52115,Cornea,Alimentara
76692,Matca,Alimentara
125846,Barza,Alimentara
43929,Scortaru Nou,Alimentara
93085,Ciocanesti,Mobila
93085,Ciocanesti,Mobila
93085,Ciocanesti,Mobila
142239,Nusfalau,CalculatoareElectronica
134050,Magureni,Alimentara
117667,Iclanzel,Alimentara
11174,Halmagel,Alimentara
27560,Borod,Mobila
175019,Oras Odobesti,Alimentara
2988,Berghin,Lemnului
93101,Ciochina,Mobila
35759,Curtesti,Alimentara
76718,Mastacani,Alimentara
150445,Saru Dornei,Lemnului
68529,Produlesti,Alimentara
125873,Bobicesti,Alimentara
101298,Branesti,ConstructiiMasini
101298,Branesti,ConstructiiMasini
101298,Branesti,ConstructiiMasini
84923,Martinis,Alimentara
158653,Sanandrei,Textila
19392,Uda,Lemnului
52160,Cornereva,Alimentara
109504,Viseu De Jos,Lemnului
76745,Movileni,Alimentara
76745,Movileni,Alimentara
76745,Movileni,Alimentara
175055,Oras Panciu,Textila
142284,Pericei,Alimentara
134096,Maneciu,Mobila
68565,Pucheni,Alimentara
166869,Voinesti,Alimentara
166869,Voinesti,Alimentara
166869,Voinesti,Alimentara
43992,Silistea,Alimentara
43992,Silistea,Alimentara
43992,Silistea,Alimentara
76763,Namoloasa,Alimentara
101341,Brezoaele,Alimentara
3039,Bistra,Lemnului
3039,Bistra,Lemnului
11236,Hasmas,CalculatoareElectronica
93156,Ciulnita,Alimentara
158699,Sanmihaiu Roman,ConstructiiMasini
27631,Bors,CalculatoareElectronica
150524,Todiresti,Lemnului
150524,Todiresti,Lemnului
150524,Todiresti,Lemnului
35839,Rachiti,Alimentara
60419,Municipiul Constanta,Energetica
101378,Bucsani,Alimentara
101378,Bucsani,Alimentara
142337,Plopis,Alimentara
76807,Nicoresti,Alimentara
125962,Brastavatu,Alimentara
158733,Sanpetru Mare,Alimentara
68627,Oras Racari,ChimicaFarmaceutica
175126,Andreiasu De Jos,Lemnului
117783,Ideciu De Jos,Textila
93209,Cocora,Alimentara
44060,Stancuta,Alimentara
27686,Bratca,Alimentara
60455,Oras Eforie,ChimicaFarmaceutica
142373,Poiana Blenchii,Alimentara
11307,Ignesti,Lemnului
35884,Stauceni,Alimentara
125999,Brebeni,Lemnului
134194,Manesti,Lemnului
134194,Manesti,Lemnului
93236,Cosambesti,Lemnului
158779,Sag,Lemnului
158779,Sag,Lemnului
150588,Udesti,Alimentara
85056,Meresti,Lemnului
60482,Municipiul Mangalia,ConstructiiMasini
117827,Oras Iernut,Alimentara
126022,Brancoveni,Alimentara
166985,Vulturesti,Alimentara
166985,Vulturesti,Alimentara
166985,Vulturesti,Alimentara
166985,Vulturesti,Alimentara
44113,Surdila-Gaiseanca,Alimentara
101458,Oras Budesti,Lemnului
85074,Mihaileni,Textila
85074,Mihaileni,Textila
85074,Mihaileni,Textila
158804,Stiuca,Lemnului
11352,Iratosu,Lemnului
142426,Romanasi,Lemnului
60507,Oras Navodari,ChimicaFarmaceutica
93281,Cuza Voda,Mobila
93281,Cuza Voda,Mobila
93281,Cuza Voda,Mobila
175206,Balesti,Alimentara
175206,Balesti,Alimentara
19560,Ungheni,Alimentara
19560,Ungheni,Alimentara
35946,Oras Darabani,Alimentara
44140,Sutesti,Lemnului
44140,Sutesti,Lemnului
27757,Brusturi,Alimentara
27757,Brusturi,Alimentara
68716,Runcu,Alimentara
68716,Runcu,Alimentara
68716,Runcu,Alimentara
60534,Oras Techirghiol,Alimentara
167035,Vutcani,Alimentara
175224,Barsesti,Lemnului
126077,Bucinisu,Textila
76932,Oancea,Alimentara
11398,Macea,Mobila
85127,Mugeni,Alimentara
158859,Teremia Mare,Alimentara
93325,Dichiseni,Alimentara
101519,Bulbucata,ConstructiiMasini
44177,Tichilesti,Alimentara
126102,Cezieni,Alimentara
60570,Agigea,Lemnului
167071,Zapodeni,Alimentara
175260,Boghesti,Alimentara
11423,Misca,ChimicaFarmaceutica
142499,Rus,Lemnului
117925,Livezeni,Alimentara
36006,Municipiul Dorohoi,Textila
76969,Pechea,ConstructiiMasini
44202,Traian,Lemnului
44202,Traian,Lemnului
44202,Traian,Lemnului
44202,Traian,Lemnului
44202,Traian,Lemnului
150702,Ulma,Alimentara
158895,Tomesti,Lemnului
158895,Tomesti,Lemnului
158895,Tomesti,Lemnului
158895,Tomesti,Lemnului
19631,Valea Danului,Mobila
68789,Salcioara,Alimentara
68789,Salcioara,Alimentara
93370,Dor Marunt,Alimentara
101564,Butimanu,Alimentara
134336,Pacureti,Alimentara
76996,Piscu,Mobila
126148,Cilieni,Alimentara
27846,Budureasa,Alimentara
109773,Municipiul Drobeta-Turnu Severin,ChimicaFarmaceutica
142550,Salatig,Alimentara
11478,Moneasa,Mobila
126166,Carlogani,Alimentara
60632,Limanu,ConstructiiMasini
36060,Oras Saveni,Textila
44257,Tudor Vladimirescu,Lemnului
44257,Tudor Vladimirescu,Lemnului
77028,Priponesti,ChimicaFarmaceutica
150766,Vadu Moldovei,Mobila
11502,Olari,Textila
11502,Olari,Textila
19695,Valea Iasului,Lemnului
117998,Lunca,Alimentara
117998,Lunca,Alimentara
117998,Lunca,Alimentara
117998,Lunca,Alimentara
101617,Buturugeni,Energetica
134390,Plopu,Alimentara
158966,Topolovatu Mare,ConstructiiMasini
85243,Ocland,Lemnului
93441,Dorobantu,Lemnului
93441,Dorobantu,Lemnului
109826,Simian,Textila
109826,Simian,Textila
27908,Buduslau,Alimentara
167179,Zorleni,Textila
175368,Bolotesti,Alimentara
44300,Tufesti,Alimentara
60687,Oras Ovidiu,ConstructiiMasini
11539,Paulis,Lemnului
126228,Colonesti,Alimentara
126228,Colonesti,Alimentara
68887,Selaru,Alimentara
142612,Sag,Lemnului
142612,Sag,Lemnului
77082,Rediu,Alimentara
77082,Rediu,Alimentara
77082,Rediu,Alimentara
27935,Bulz,Alimentara
101662,Calugareni,Alimentara
101662,Calugareni,Alimentara
36131,Albesti,Alimentara
36131,Albesti,Alimentara
36131,Albesti,Alimentara
36131,Albesti,Alimentara
36131,Albesti,Alimentara
44328,Ulmu,Alimentara
44328,Ulmu,Alimentara
85289,Plaiesii De Jos,Lemnului
134443,Podenii Noi,Textila
118058,Lunca Bradului,Lemnului
93487,Dragalina,Mobila
60721,Tuzla,ConstructiiMasini
167222,Ibanesti,Alimentara
167222,Ibanesti,Alimentara
167222,Ibanesti,Alimentara
68921,Tatarani,Lemnului
68921,Tatarani,Lemnului
159035,Tormac,Alimentara
167231,Fruntiseni,Alimentara
11584,Oras Pecica,Textila
27971,Buntesti,Lemnului
44355,Unirea,Alimentara
44355,Unirea,Alimentara
44355,Unirea,Alimentara
44355,Unirea,Alimentara
3397,Blandiana,Lemnului
77126,Scanteiesti,Alimentara
167240,Rafaila,Alimentara
175439,Bordesti,Textila
118094,Magherani,Lemnului
19793,Vedea,Mobila
19793,Vedea,Mobila
19793,Vedea,Mobila
142676,Sanmihaiu Almasului,Alimentara
167259,Pogonesti,Alimentara
52570,Dalboset,Alimentara
85341,Praid,Lemnului
101724,Cascioarele,Textila
159071,Traian Vuia,Alimentara
77153,Schela,Lemnului
77153,Schela,Lemnului
93539,Dragos Voda,Alimentara
109924,Oras Baia De Arama,Lemnului
167268,Ciocani,Alimentara
44391,Vadeni,Alimentara
60776,Oras Cernavoda,Lemnului
175466,Brosteni,Lemnului
175466,Brosteni,Lemnului
150891,Valea Moldovei,Lemnului
36202,Avrameni,Alimentara
101742,Cernica,Alimentara
167277,Cozmesti,Alimentara
167277,Cozmesti,Alimentara
68976,Uliesti,Alimentara
142710,Somes-Odorhei,Textila
167286,Dodesti,Lemnului
11637,Peregu Mare,Alimentara
126326,Corbu,Mobila
126326,Corbu,Mobila
126326,Corbu,Mobila
77180,Slobozia Conachi,Alimentara
167295,Feresti,Textila
60801,Oras Harsova,Metalurgica
3459,Bucium,Lemnului
167302,Muntenii De Sus,Textila
93575,Facaeni,Alimentara
167311,Pochidia,Alimentara
11664,Petris,Alimentara
44435,Victoria,Alimentara
44435,Victoria,Alimentara
150935,Vama,Lemnului
150935,Vama,Lemnului
175509,Chiojdeni,Alimentara
167320,Puscasi,Textila
134559,Poienarii Burchii,Lemnului
93600,Gheorghe Doja,Textila
93600,Gheorghe Doja,Textila
159142,Uivar,Textila
85412,Remetea,Alimentara
85412,Remetea,Alimentara
77224,Smardan,Alimentara
77224,Smardan,Alimentara
52650,Doclin,Lemnului
28077,Cabesti,Textila
101804,Chirnogi,ConstructiiMasini
126380,Coteana,Alimentara
44462,Visani,Alimentara
60847,Municipiul Medgidia,Alimentara
142774,Surduc,Mobila
93628,Gheorghe Lazar,Alimentara
101822,Chiselet,Alimentara
118209,Mica,Alimentara
118209,Mica,Alimentara
69063,Valea Lunga,Alimentara
69063,Valea Lunga,Alimentara
150980,Vatra Moldovitei,Lemnului
126406,Crampoia,Textila
110027,Obarsia-Closani,Lemnului
36300,Baluseni,Lemnului
77260,Smulti,Alimentara
93646,Giurgeni,Lemnului
101840,Ciocanesti,CalculatoareElectronica
101840,Ciocanesti,CalculatoareElectronica
101840,Ciocanesti,CalculatoareElectronica
60883,Adamclisi,Alimentara
11735,Pilu,Alimentara
52696,Dognecea,Alimentara
44505,Viziru,Alimentara
85467,Sacel,Alimentara
85467,Sacel,Alimentara
126433,Curtisoara,Lemnului
93664,Gradistea,Alimentara
93664,Gradistea,Alimentara
93664,Gradistea,Alimentara
93664,Gradistea,Alimentara
175590,Ciorasti,Alimentara
77288,Suceveni,Alimentara
28139,Capalna,Alimentara
151022,Veresti,ConstructiiMasini
110063,Municipiul Orsova,ConstructiiMasini
159213,Varias,Lemnului
52721,Domasnea,Alimentara
11762,Plescuta,Alimentara
44532,Zavoaia,Alimentara
134648,Posesti,Textila
77313,Tudor Vladimirescu,Mobila
77313,Tudor Vladimirescu,Mobila
142854,Samsud,Alimentara
118281,Oras Miercurea Nirajului,Alimentara
101902,Ciolpani,ConstructiiMasini
44560,Cazasu,Textila
60945,Albesti,Mobila
60945,Albesti,Mobila
60945,Albesti,Mobila
60945,Albesti,Mobila
60945,Albesti,Mobila
77331,Tulucesti,Alimentara
93717,Grindu,Alimentara
93717,Grindu,Alimentara
36373,Braesti,Alimentara
36373,Braesti,Alimentara
36373,Braesti,Alimentara
52758,Ezeris,ConstructiiMasini
85528,Sarmas,Lemnului
159259,Victor Vlad Delamarina,Alimentara
19999,Vladesti,Alimentara
19999,Vladesti,Alimentara
19999,Vladesti,Alimentara
28193,Carpinet,Mobila
142881,Sarmasag,Alimentara
110116,Oras Strehaia,Alimentara
93735,Grivita,Lemnului
93735,Grivita,Lemnului
93735,Grivita,Lemnului
126503,Cungrea,ConstructiiMasini
151077,Vicovu De Jos,Textila
52785,Farliug,Alimentara
69170,Valea Mare,Alimentara
69170,Valea Mare,Alimentara
69170,Valea Mare,Alimentara
69170,Valea Mare,Alimentara
167473,Municipiul Ramnicu Valcea,Alimentara
175670,Campuri,Lemnului
151095,Oras Vicovu De Sus,Textila
77377,Tepu,Alimentara
11842,Savarsin,Alimentara
101957,Ciorogarla,Textila
36426,Broscauti,Alimentara
93771,Independenta,Alimentara
93771,Independenta,Alimentara
93771,Independenta,Alimentara
61005,Aliman,Alimentara
85582,Secuieni,Alimentara
85582,Secuieni,Alimentara
85582,Secuieni,Alimentara
20048,Raca,Lemnului
151120,Volovat,Lemnului
28246,Cefa,ConstructiiMasini
20055,Vulturesti,Lemnului
20055,Vulturesti,Lemnului
20055,Vulturesti,Lemnului
20055,Vulturesti,Lemnului
77402,Umbraresti,Alimentara
20063,Bughea De Sus,Alimentara
101984,Clejani,Alimentara
134755,Predeal-Sarari,Alimentara
118370,Mihesu De Campie,Alimentara
36453,Oras Bucecea,Alimentara
159339,Voiteg,Lemnului
142952,Valcau De Jos,Lemnului
93815,Jegalia,Mobila
175732,Carligele,Alimentara
151157,Vulturesti,Alimentara
151157,Vulturesti,Alimentara
151157,Vulturesti,Alimentara
151157,Vulturesti,Alimentara
52856,Forotic,Alimentara
126585,Daneasa,Alimentara
85626,Siculeni,Alimentara
69250,Vacaresti,Alimentara
159366,Birda,Lemnului
61069,Oras Baneasa,Alimentara
159375,Checea,Alimentara
102035,Clinceni,Alimentara
36499,Calarasi,Alimentara
36499,Calarasi,Alimentara
36499,Calarasi,Alimentara
110232,Oras Vanju Mare,Alimentara
93851,Lehliu,Alimentara
159384,Dudestii Noi,Lemnului
77475,Valea Marului,Alimentara
159393,Fibis,Alimentara
11940,Secusigiu,Alimentara
175787,Corbita,Lemnului
159400,Ghilad,Alimentara
52909,Garnic,Alimentara
28335,Ceica,Textila
143021,Varsolt,Alimentara
3761,Cenade,Alimentara
85680,Sancraieni,Alimentara
36532,Concesti,Mobila
69303,Valeni-Dambovita,Alimentara
102071,Colibasi,Alimentara
126647,Deveselu,ChimicaFarmaceutica
159419,Gottlob,Lemnului
93888,Oras Lehliu Gara,Alimentara
61121,Castelu,Mobila
77509,Varlezi,Alimentara
118469,Nades,ConstructiiMasini
159428,Iecea Mare,Alimentara
134853,Provita De Jos,Alimentara
52936,Glimboca,Lemnului
151246,Zamostea,Lemnului
159437,Parta,ConstructiiMasini
69330,Visina,Alimentara
69330,Visina,Alimentara
126674,Dobretu,Alimentara
159446,Padureni,Alimentara
159446,Padureni,Alimentara
36569,Copalau,Alimentara
110296,Bala,Alimentara
110296,Bala,Alimentara
143067,Zalha,Alimentara
52954,Goruia,Alimentara
11995,Seleus,Lemnului
102106,Comana,Alimentara
102106,Comana,Alimentara
102106,Comana,Alimentara
167641,Oras Baile Govora,Lemnului
3805,Cergau,Alimentara
159455,Saravale,Alimentara
77536,Vladesti,Alimentara
77536,Vladesti,Alimentara
77536,Vladesti,Alimentara
93931,Lupsanu,Alimentara
159464,Sandra,Alimentara
118511,Neaua,Alimentara
61167,Cerchezu,Alimentara
134899,Provita De Sus,Mobila
159473,Tomnatic,Lemnului
77561,Radesti,Alimentara
77561,Radesti,Alimentara
159482,Valcani,Alimentara
52990,Gradinari,Alimentara
52990,Gradinari,Alimentara
52990,Gradinari,Alimentara
28415,Cetariu,Lemnului
126718,Dobrosloveni,Alimentara
3841,Ceru-Bacainti,Alimentara
85760,Sandominic,Lemnului
159491,Livezile,Alimentara
159491,Livezile,Alimentara
159491,Livezile,Alimentara
159491,Livezile,Alimentara
12037,Semlac,Alimentara
77579,Negrilesti,Alimentara
77579,Negrilesti,Alimentara
77579,Negrilesti,Alimentara
175885,Cotesti,Alimentara
102160,Corbeanca,Textila
159507,Pesac,Alimentara
44818,Municipiul Buzau,Alimentara
77587,Poiana,Alimentara
77587,Poiana,Alimentara
167696,Oras Baile Olanesti,Alimentara
69394,Visinesti,Alimentara
12055,Sintea Mare,Textila
61210,Chirnogeni,Energetica
77595,Cuza Voda,Alimentara
77595,Cuza Voda,Alimentara
77595,Cuza Voda,Alimentara
134942,Puchenii Mari,Alimentara
85788,Sanmartin,Alimentara
85788,Sanmartin,Alimentara
85788,Sanmartin,Alimentara
159516,Bucovat,Alimentara
159516,Bucovat,Alimentara
53023,Iablanita,Lemnului
77601,Suhurlui,Alimentara
159525,Otelec,Alimentara
36649,Cordareni,Lemnului
143147,Zimbor,Alimentara
93995,Mihail Kogalniceanu,Alimentara
93995,Mihail Kogalniceanu,Alimentara
93995,Mihail Kogalniceanu,Alimentara
44845,Municipiul Ramnicu Sarat,Energetica
118575,Ogra,Textila
151344,Zvoristea,Alimentara
126772,Dobroteasa,Alimentara
12091,Oras Santana,Alimentara
44863,Amaru,Alimentara
175938,Dumbraveni,Alimentara
175938,Dumbraveni,Alimentara
175938,Dumbraveni,Alimentara
36676,Corlateni,Alimentara
102213,Cornetu,Alimentara
69447,Varfuri,Alimentara
61256,Ciobanu,Alimentara
20297,Municipiul Bacau,Alimentara
53069,Lapusnicel,Lemnului
28497,Cherechiu,Alimentara
85840,Sansimion,Lemnului
20313,Hemeius,ConstructiiMasini
94045,Milosesti,Textila
12126,Socodor,Mobila
102240,Cosereni,Alimentara
61283,Ciocarlia,Alimentara
61283,Ciocarlia,Alimentara
126825,Dobrun,Alimentara
118637,Papiu Ilarian,Alimentara
175983,Dumitresti,Lemnului
135020,Rafov,Lemnului
53103,Lapusnicu Mare,Alimentara
12144,Sagu,Mobila
167794,Oras Brezoi,Lemnului
28530,Chislaz,Textila
85877,Subcetate,Lemnului
3958,Cetatea De Balta,Alimentara
110456,Balta,Alimentara
159614,Municipiul Tulcea,ConstructiiMasini
94081,Movila,Alimentara
44934,Balta Alba,Alimentara
61318,Cobadin,Alimentara
20359,Letea Veche,ConstructiiMasini
53130,Luncavita,Textila
53130,Luncavita,Textila
151433,Comanesti,Lemnului
102286,Crevedia,Textila
151442,Iaslovat,Alimentara
36756,Corni,Alimentara
36756,Corni,Alimentara
69526,Voinesti,Lemnului
69526,Voinesti,Lemnului
69526,Voinesti,Lemnului
151451,Ciocanesti,Lemnului
151451,Ciocanesti,Lemnului
151451,Ciocanesti,Lemnului
94107,Munteni-Buzau,Textila
159650,Oras Babadag,Mobila
85920,Suseni,Lemnului
85920,Suseni,Lemnului
85920,Suseni,Lemnului
118691,Panet,Alimentara
151460,Serbauti,Alimentara
4008,Ciuruleasa,Lemnului
94125,Alexandru Odobescu,Alimentara
12206,Seitin,Lemnului
53167,Lupac,Alimentara
151479,Horodnic De Sus,Lemnului
126905,Fagetelu,Alimentara
20411,Magura,ChimicaFarmaceutica
20411,Magura,ChimicaFarmaceutica
20411,Magura,ChimicaFarmaceutica
61372,Cogealac,Alimentara
44989,Balaceanu,Alimentara
12224,Sepreus,Textila
28610,Ciuhoi,Lemnului
151488,Fantana Mare,Alimentara
159687,Oras Isaccea,Lemnului
110535,Balacita,Alimentara
36809,Cotusca,Alimentara
45003,Beceni,Alimentara
151497,Cosna,Lemnului
102348,Crevedia Mare,Alimentara
151503,Capu Campului,Lemnului
94161,Perieti,Lemnului
94161,Perieti,Lemnului
12242,Sicula,Lemnului
53210,Marga,Lemnului
135128,Salcia,Alimentara
135128,Salcia,Alimentara
135128,Salcia,Alimentara
151512,Hantesti,Lemnului
118753,Pasareni,Alimentara
85984,Simonesti,Lemnului
151521,Burla,Alimentara
167909,Oras Calimanesti,Lemnului
135146,Salciile,Energetica
151530,Balaceana,Alimentara
110571,Bacles,Alimentara
69615,Vulcana-Bai,Mobila
159730,Oras Macin,Textila
20466,Margineni,Mobila
20466,Margineni,Mobila
77812,Municipiul Targu Jiu,Energetica
28665,Ciumeghiu,Alimentara
135164,Scorteni,Textila
135164,Scorteni,Textila
53247,Maureni,Alimentara
151549,Hartop,Textila
12288,Silindia,Lemnului
126978,Falcoiu,Alimentara
151558,Voitinel,Textila
4106,Calnic,Alimentara
4106,Calnic,Alimentara
61452,Comana,Alimentara
61452,Comana,Alimentara
61452,Comana,Alimentara
151567,Ciprian Porumbescu,Lemnului
94223,Perisoru,Alimentara
118799,Petelea,Mobila
102419,Curcani,Alimentara
176150,Fitionesti,Alimentara
159767,Oras Sulina,Alimentara
53274,Mehadia,Lemnului
151576,Berchisesti,Alimentara
151585,Poieni-Solca,Alimentara
28709,Campani,Alimentara
118824,Pogaceaua,Alimentara
127019,Farcasele,Alimentara
36907,Cristesti,Alimentara
36907,Cristesti,Alimentara
36907,Cristesti,Alimentara
159785,Baia,Alimentara
159785,Baia,Alimentara
45101,Berca,Alimentara
4142,Cricau,ChimicaFarmaceutica
102446,Daia,Textila
167981,Municipiul Dragasani,ConstructiiMasini
12340,Simand,Mobila
135226,Secaria,Alimentara
94269,Reviga,Alimentara
102473,Dascalu,Lemnului
61513,Corbu,ChimicaFarmaceutica
61513,Corbu,ChimicaFarmaceutica
61513,Corbu,ChimicaFarmaceutica
135244,Sangeru,Alimentara
53327,Mehadica,Lemnului
12368,Siria,CalculatoareElectronica
20563,Municipiul Onesti,ChimicaFarmaceutica
176212,Garoafa,Alimentara
77910,Balesti,Alimentara
77910,Balesti,Alimentara
36952,Cristinesti,Alimentara
143450,Municipiul Sibiu,ConstructiiMasini
127064,Ganeasa,Alimentara
127064,Ganeasa,Alimentara
28763,Cociuba Mare,Alimentara
4188,Craciunelu De Jos,Alimentara
53345,Naidas,Alimentara
110688,Balvanesti,Alimentara
159847,Beidaud,Alimentara
94312,Roseti,Alimentara
168041,Oras Horezu,Alimentara
12402,Sistarovat,Alimentara
86133,Tulghes,Lemnului
61559,Crucea,Energetica
61559,Crucea,Energetica
94330,Salcioara,Alimentara
94330,Salcioara,Alimentara
53372,Obreja,Alimentara
102525,Darasti-Ilfov,Mobila
143487,Cristian,ConstructiiMasini
143487,Cristian,ConstructiiMasini
20607,Gura Vaii,Alimentara
151683,Municipiul Turnu Magurele,ChimicaFarmaceutica
159883,C.a. Rosetti,Alimentara
159883,C.a. Rosetti,Alimentara
143502,Poplaca,Alimentara
102543,1 Decembrie,Alimentara
4240,Daia Romana,Textila
28816,Copacel,Alimentara
135315,Starchiojd,Alimentara
118931,Rastolita,Lemnului
37011,Dersca,Alimentara
110740,Breznita-Motru,Alimentara
127126,Giuvarasti,Alimentara
151709,Ciuperceni,Alimentara
151709,Ciuperceni,Alimentara
143520,Rasinari,Textila
12457,Taut,Lemnului
94376,Saveni,Mobila
127144,Gostavatu,Textila
102570,Domnesti,Energetica
102570,Domnesti,Energetica
4268,Dostat,Alimentara
86188,Tusnad,Alimentara
176301,Gugesti,Lemnului
53425,Paltinis,Alimentara
53425,Paltinis,Alimentara
61620,Cumpana,Alimentara
151736,Islaz,Lemnului
45245,Bisoca,Alimentara
20670,Stefan Cel Mare,Alimentara
20670,Stefan Cel Mare,Alimentara
20670,Stefan Cel Mare,Alimentara
20670,Stefan Cel Mare,Alimentara
20670,Stefan Cel Mare,Alimentara
20670,Stefan Cel Mare,Alimentara
168130,Oras Ocnele Mari,Alimentara
37057,Dangeni,Lemnului
78016,Dragutesti,Alimentara
127171,Gradinari,ChimicaFarmaceutica
127171,Gradinari,ChimicaFarmaceutica
127171,Gradinari,ChimicaFarmaceutica
143557,Selimbar,ChimicaFarmaceutica
159945,Carcaliu,Alimentara
102605,Dragomiresti-Vale,Alimentara
4302,Farau,Alimentara
86222,Ulies,Lemnului
176338,Gura Calitei,Lemnului
151763,Lita,Alimentara
118995,Raciu,ConstructiiMasini
118995,Raciu,ConstructiiMasini
28889,Cristioru De Jos,Mobila
159963,Casimcea,Energetica
94429,Scanteia,Alimentara
94429,Scanteia,Alimentara
12509,Tarnova,Alimentara
12509,Tarnova,Alimentara
110820,Breznita-Ocol,Alimentara
61675,Deleni,Alimentara
61675,Deleni,Alimentara
61675,Deleni,Alimentara
37100,Dobarceni,Alimentara
151790,Municipiul Alexandria,ConstructiiMasini
135404,Surani,Alimentara
102641,Dragoesti,ConstructiiMasini
102641,Dragoesti,ConstructiiMasini
53489,Coronini,Alimentara
94456,Sfantu Gheorghe,Alimentara
94456,Sfantu Gheorghe,Alimentara
127224,Grojdibodu,Alimentara
143619,Municipiul Medias,ConstructiiMasini
135431,Sirna,ConstructiiMasini
78089,Turcinesti,Textila
53513,Pojejena,Alimentara
151816,Nanov,Alimentara
28941,Curatele,Lemnului
69900,Municipiul Craiova,ConstructiiMasini
4366,Galda De Jos,Alimentara
127251,Ianca,Alimentara
45334,Blajani,Alimentara
151834,Poroschia,Alimentara
110875,Brosteni,Lemnului
110875,Brosteni,Lemnului
12572,Varadia De Mures,Alimentara
143646,Tarnava,Mobila
94492,Stelnica,Alimentara
86311,Varsag,Lemnului
168229,Alunu,Alimentara
61737,Dobromir,Mobila
20778,Oras Buhusi,Alimentara
160047,Ceatalchioi,Alimentara
102703,Dridu,Textila
45361,Boldu,Alimentara
37173,Draguseni,Textila
37173,Draguseni,Textila
37173,Draguseni,Textila
37173,Draguseni,Textila
127288,Iancu Jianu,Alimentara
78141,Municipiul Motru,Alimentara
151870,Municipiul Rosiori De Vede,Alimentara
176445,Homocea,Alimentara
143682,Oras Agnita,Textila
86339,Voslabeni,Lemnului
94535,Suditi,Alimentara
29001,Curtuiseni,Textila
53577,Prigor,Lemnului
45389,Bozioru,Alimentara
69964,Bucovat,Textila
69964,Bucovat,Textila
135501,Soimari,Textila
20821,Oras Comanesti,Lemnului
127322,Icoana,Alimentara
102749,Oras Fierbinti-Targ,Alimentara
160092,Ceamurlia De Jos,Alimentara
86366,Zetea,Mobila
37217,Durnesti,Alimentara
12643,Vinga,Textila
94562,Stefan Cel Mare,Alimentara
94562,Stefan Cel Mare,Alimentara
94562,Stefan Cel Mare,Alimentara
94562,Stefan Cel Mare,Alimentara
94562,Stefan Cel Mare,Alimentara
94562,Stefan Cel Mare,Alimentara
110946,Burila Mare,Alimentara
151905,Oras Videle,Alimentara
29038,Derna,Textila
61808,Garliciu,Alimentara
119153,Rusii-Munti,Textila
94580,Stefan Voda,Alimentara
143735,Oras Cisnadie,ConstructiiMasini
168309,Amarasti,Alimentara
176506,Jaristea,Alimentara
135547,Sotrile,Lemnului
160127,Cerna,Alimentara
151932,Crevenicu,Alimentara
4482,Garbova,Alimentara
61826,Ghindaresti,ChimicaFarmaceutica
53639,Ramna,Lemnului
127368,Izbiceni,Mobila
102794,Floresti-Stoenesti,ChimicaFarmaceutica
20876,Municipiul Moinesti,Alimentara
94606,Ulmu,Mobila
94606,Ulmu,Mobila
12689,Varfurile,Lemnului
143771,Oras Copsa Mica,Metalurgica
127386,Izvoarele,Alimentara
127386,Izvoarele,Alimentara
127386,Izvoarele,Alimentara
127386,Izvoarele,Alimentara
127386,Izvoarele,Alimentara
111006,Butoiesti,Alimentara
37280,Oras Flamanzi,Alimentara
29092,Diosig,Textila
176551,Jitia,Alimentara
86438,Madaras,Alimentara
86438,Madaras,Alimentara
86438,Madaras,Alimentara
119206,Saschiz,Lemnului
151978,Oras Zimnicea,ChimicaFarmaceutica
53675,Racasdia,Alimentara
4525,Garda De Sus,Lemnului
20910,Oras Slanic-Moldova,Lemnului
160172,Chilia Veche,Alimentara
61871,Independenta,Alimentara
61871,Independenta,Alimentara
61871,Independenta,Alimentara
86446,Cozmeni,Lemnului
127411,Leleasca,Alimentara
78258,Oras Novaci,Alimentara
86453,Tomesti,Alimentara
86453,Tomesti,Alimentara
86453,Tomesti,Alimentara
86453,Tomesti,Alimentara
168372,Oras Babeni,Alimentara
102838,Frasinet,Alimentara
102838,Frasinet,Alimentara
45496,Bradeanu,Alimentara
94651,Unirea,ChimicaFarmaceutica
94651,Unirea,ChimicaFarmaceutica
94651,Unirea,ChimicaFarmaceutica
94651,Unirea,ChimicaFarmaceutica
86461,Ciceu,Lemnului
143806,Oras Dumbraveni,Alimentara
151996,Balaci,Alimentara
135618,Stefesti,Lemnului
53700,Eftimie Murgu,Lemnului
119242,Oras Sarmasu,Mobila
37324,Frumusica,Alimentara
86479,Leliceni,Mobila
70094,Isalnita,Alimentara
86487,Porumbeni,Alimentara
86495,Racu,Lemnului
70110,Podari,Textila
53728,Rusca Montana,Alimentara
94688,Valea Ciorii,Alimentara
29154,Dobresti,Alimentara
29154,Dobresti,Alimentara
29154,Dobresti,Alimentara
45539,Braesti,Lemnului
45539,Braesti,Lemnului
45539,Braesti,Lemnului
160225,Ciucurova,Alimentara
86501,Satu Mare,Lemnului
86501,Satu Mare,Lemnului
135654,Talea,Alimentara
152038,Babaita,Alimentara
20965,Oras Targu Ocna,Mobila
176613,Maicanesti,Alimentara
143851,Oras Ocna Sibiului,Mobila
12778,Zabrani,Alimentara
86519,Santimbru,Lemnului
86519,Santimbru,Lemnului
78329,Oras Targu Carbunesti,Lemnului
111097,Cazanesti,Energetica
53755,Sacu,Alimentara
102909,Fratesti,Alimentara
61951,Ion Corvin,Alimentara
135681,Tataru,Alimentara
127493,Maruntei,Alimentara
168452,Oras Balcesti,Alimentara
160261,Crisan,Alimentara
94731,Valcelele,Alimentara
94731,Valcelele,Alimentara
12812,Zarand,Lemnului
21007,Agas,Lemnului
152083,Blejesti,Alimentara
143888,Altina,Alimentara
37397,George Enescu,Alimentara
53791,Sasca Montana,Alimentara
70174,Simnicu De Sus,ConstructiiMasini
102945,Frumusani,Alimentara
119331,Oras Sangeorgiu De Padure,Mobila
176686,Mera,Alimentara
135725,Teisani,Lemnului
143922,Apoldu De Jos,Alimentara
12849,Zerind,Alimentara
94768,Vlad Tepes,Alimentara
127536,Mihaesti,Alimentara
127536,Mihaesti,Alimentara
127536,Mihaesti,Alimentara
45619,Breaza,Alimentara
45619,Breaza,Alimentara
45619,Breaza,Alimentara
160305,Daeni,Alimentara
29243,Draganesti,Alimentara
29243,Draganesti,Alimentara
29243,Draganesti,Alimentara
29243,Draganesti,Alimentara
152127,Bogdana,Alimentara
152127,Bogdana,Alimentara
160323,Dorobantu,Metalurgica
160323,Dorobantu,Metalurgica
62020,Istria,Alimentara
94795,Vladeni,Alimentara
94795,Vladeni,Alimentara
94795,Vladeni,Alimentara
94795,Vladeni,Alimentara
127563,Milcov,Alimentara
12876,Zimandu Nou,ConstructiiMasini
37459,Gorbanesti,Alimentara
143959,Arpasu De Jos,Alimentara
119386,Sanger,Mobila
53853,Sichevita,Lemnului
4703,Hoparta,Lemnului
103014,Fundeni,Alimentara
103014,Fundeni,Alimentara
45673,Buda,Alimentara
62057,Lipnita,Alimentara
21098,Ardeoani,ConstructiiMasini
168559,Barbatesti,Lemnului
168559,Barbatesti,Lemnului
152172,Botoroaga,Lemnului
176748,Milcovul,Lemnului
135789,Telega,Alimentara
12912,Dorobanti,Alimentara
111220,Ciresu,Alimentara
111220,Ciresu,Alimentara
78454,Oras Ticleni,Alimentara
12920,Frumuseni,Alimentara
103032,Oras Fundulea,ChimicaFarmaceutica
143995,Atel,Alimentara
160387,Frecatei,Alimentara
160387,Frecatei,Alimentara
21123,Asau,Alimentara
127625,Morunglav,Textila
78472,Albeni,ChimicaFarmaceutica
12938,Zadareni,Lemnului
168602,Oras Berbesti,Lemnului
176793,Movilita,Alimentara
176793,Movilita,Alimentara
29341,Dragesti,Alimentara
86687,Municipiul Deva,ConstructiiMasini
4767,Horea,Lemnului
135850,Tinosu,Alimentara
152234,Bragadiru,Alimentara
111275,Corcova,ConstructiiMasini
37547,Havarna,Lemnului
119466,Sanpaul,ConstructiiMasini
119466,Sanpaul,ConstructiiMasini
160430,Greci,Alimentara
160430,Greci,Alimentara
70316,Municipiul Bailesti,Textila
103087,Gaiseni,Alimentara
144054,Oras Avrig,ConstructiiMasini
45753,Calvini,Alimentara
62137,Mereni,Alimentara
62137,Mereni,Alimentara
62137,Mereni,Alimentara
152252,Branceni,Alimentara
127689,Movileni,Lemnului
127689,Movileni,Lemnului
127689,Movileni,Lemnului
160458,Grindu,Alimentara
160458,Grindu,Alimentara
21196,Balcani,Alimentara
152270,Bujoreni,Lemnului
152270,Bujoreni,Lemnului
78542,Alimpesti,Alimentara
70352,Municipiul Calafat,Textila
176855,Nanesti,Lemnului
135896,Tomsani,Alimentara
135896,Tomsani,Alimentara
29403,Finis,Alimentara
103130,Ganeasa,Alimentara
103130,Ganeasa,Alimentara
86749,Carjiti,Alimentara
160476,Hamcearca,Alimentara
168675,Berislavesti,ChimicaFarmaceutica
127714,Nicolae Titulescu,Alimentara
119527,Sanpetru De Campie,Lemnului
62191,Mihail Kogalniceanu,Alimentara
62191,Mihail Kogalniceanu,Alimentara
62191,Mihail Kogalniceanu,Alimentara
37618,Hanesti,Alimentara
144116,Axente Sever,Alimentara
45815,C.a. Rosetti,Alimentara
45815,C.a. Rosetti,Alimentara
152314,Bujoru,Alimentara
176891,Naruja,Lemnului
21249,Beresti-Bistrita,Alimentara
127750,Obarsia,Alimentara
78604,Aninoasa,Alimentara
78604,Aninoasa,Alimentara
78604,Aninoasa,Alimentara
152332,Buzescu,Mobila
70414,Oras Filiasi,Alimentara
135949,Valea Calugareasca,Alimentara
160528,Horia,Alimentara
160528,Horia,Alimentara
160528,Horia,Alimentara
144152,Bazna,Alimentara
29467,Girisu De Cris,Mobila
103194,Gaujani,Lemnului
86810,Municipiul Hunedoara,Metalurgica
152350,Calinesti,Mobila
152350,Calinesti,Mobila
152350,Calinesti,Mobila
119590,Solovastru,Mobila
37672,Hiliseu-Horia,Alimentara
54056,Slatina-Timis,Alimentara
62253,Mihai Viteazu,Alimentara
62253,Mihai Viteazu,Alimentara
168755,Boisoara,Lemnului
176944,Nereju,Lemnului
160564,Izvoarele,Alimentara
160564,Izvoarele,Alimentara
160564,Izvoarele,Alimentara
160564,Izvoarele,Alimentara
160564,Izvoarele,Alimentara
111417,Corlatel,Alimentara
4927,Ighiu,Alimentara
45888,Canesti,Mobila
144198,Biertan,ChimicaFarmaceutica
127812,Oboga,Textila
103238,Ghimpati,Lemnului
62280,Mircea Voda,Alimentara
62280,Mircea Voda,Alimentara
119625,Stanceni,Lemnului
78668,Arcani,Alimentara
29519,Hidiselu De Sus,Alimentara
95060,Municipiul Iasi,ConstructiiMasini
111444,Cujmir,Alimentara
168791,Budesti,Lemnului
168791,Budesti,Lemnului
168791,Budesti,Lemnului
21338,Beresti-Tazlau,Lemnului
54109,Socol,Alimentara
152412,Calmatuiu,Alimentara
86883,Ghelari,Textila
37734,Hlipiceni,Alimentara
70502,Oras Segarcea,Alimentara
177003,Nistoresti,Lemnului
144232,Barghis,Lemnului
160617,Jijila,Textila
119661,Suplac,Alimentara
13169,Municipiul Pitesti,ConstructiiMasini
95088,Barnova,Textila
103283,Garbovi,Alimentara
127858,Oporelu,Alimentara
4981,Intregalde,Alimentara
78711,Baia De Fier,Lemnului
70520,Afumati,Alimentara
70520,Afumati,Alimentara
111480,Devesel,Alimentara
13187,Bascov,ConstructiiMasini
29573,Holod,Mobila
160644,Jurilovca,Alimentara
45959,Catina,Alimentara
45959,Catina,Alimentara
37770,Hudesti,Mobila
103309,Gogosari,Alimentara
152467,Calmatuiu De Sus,Alimentara
54163,Sopotu Nou,Alimentara
62360,Oras Murfatlar,Alimentara
86936,Teliucu Inferior,ChimicaFarmaceutica
127901,Optasi-Magura,Textila
78748,Balanesti,Alimentara
70566,Almaj,ChimicaFarmaceutica
136107,Valea Doftanei,Lemnului
21418,Berzunti,Lemnului
119723,Suseni,Textila
119723,Suseni,Textila
119723,Suseni,Textila
160680,Luncavita,Mobila
160680,Luncavita,Mobila
144303,Blajel,Alimentara
168880,Bujoreni,Mobila
168880,Bujoreni,Mobila
95159,Holboca,Textila
152500,Cervenia,Alimentara
103354,Gostinu,Alimentara
62397,Oras Negru Voda,Lemnului
37823,Ibanesti,Mobila
37823,Ibanesti,Mobila
37823,Ibanesti,Mobila
111550,Darvari,Lemnului
46019,Cernatesti,Mobila
46019,Cernatesti,Mobila
127938,Orlea,Alimentara
136134,Varbilau,ChimicaFarmaceutica
119750,Saulia,Alimentara
103372,Gostinari,Alimentara
21454,Barsanesti,Lemnului
86990,Municipiul Petrosani,Energetica
177101,Paltin,Lemnului
152528,Ciolanesti,Alimentara
160724,Mahmudia,Alimentara
37850,Leorda,Alimentara
13276,Bradu,Mobila
29662,Husasau De Tinca,Alimentara
144349,Brateiu,ConstructiiMasini
111587,Dumbrava,Alimentara
111587,Dumbrava,Alimentara
111587,Dumbrava,Alimentara
62440,Nicolae Balcescu,Alimentara
62440,Nicolae Balcescu,Alimentara
62440,Nicolae Balcescu,Alimentara
62440,Nicolae Balcescu,Alimentara
70637,Amarastii De Jos,Alimentara
78828,Barbatesti,Alimentara
78828,Barbatesti,Alimentara
103407,Gradinari,Lemnului
103407,Gradinari,Lemnului
103407,Gradinari,Lemnului
127983,Osica De Sus,Alimentara
5103,Jidvei,Textila
13301,Oras Mioveni,ConstructiiMasini
152564,Contesti,Alimentara
152564,Contesti,Alimentara
119803,Sincai,Alimentara
144376,Bradeni,Alimentara
54270,Teregova,Lemnului
21506,Blagesti,Textila
21506,Blagesti,Textila
168960,Bunesti,Lemnului
168960,Bunesti,Lemnului
168960,Bunesti,Lemnului
136198,Valcanesti,ConstructiiMasini
152582,Cosmesti,Alimentara
152582,Cosmesti,Alimentara
95239,Rediu,Mobila
95239,Rediu,Mobila
95239,Rediu,Mobila
160779,Maliuc,Alimentara
70673,Amarastii De Sus,Alimentara
87059,Municipiul Lupeni,Textila
103443,Gradistea,Lemnului
103443,Gradistea,Lemnului
103443,Gradistea,Lemnului
103443,Gradistea,Lemnului
62486,Oltina,Alimentara
37912,Lunca,Alimentara
37912,Lunca,Alimentara
37912,Lunca,Alimentara
37912,Lunca,Alimentara
78873,Bengesti-Ciocadia,Lemnului
144410,Bruiu,Mobila
29724,Ineu,Alimentara
46108,Chiliile,Alimentara
54305,Ticvaniu Mare,Lemnului
87077,Oras Petrila,Mobila
152617,Crangeni,Mobila
5167,Livezile,Alimentara
5167,Livezile,Alimentara
5167,Livezile,Alimentara
5167,Livezile,Alimentara
103470,Greaca,Alimentara
119858,Taureni,Alimentara
136241,Cocorastii Colt,Lemnului
13365,Maracineni,ConstructiiMasini
13365,Maracineni,ConstructiiMasini
128052,Perieti,Textila
128052,Perieti,Textila
21560,Bogdanesti,Alimentara
21560,Bogdanesti,Alimentara
21560,Bogdanesti,Alimentara
136250,Olari,Alimentara
136250,Olari,Alimentara
95293,Tomesti,Alimentara
95293,Tomesti,Alimentara
95293,Tomesti,Alimentara
95293,Tomesti,Alimentara
160831,Mihai Bravu,Alimentara
160831,Mihai Bravu,Alimentara
29760,Lazuri De Beius,Energetica
111685,Floresti,Alimentara
111685,Floresti,Alimentara
111685,Floresti,Alimentara
37958,Manoleasa,Lemnului
70726,Apele Vii,Alimentara
62538,Ostrov,Alimentara
62538,Ostrov,Alimentara
144456,Chirpar,Alimentara
169039,Cernisoara,Lemnului
54350,Tarnova,Alimentara
54350,Tarnova,Alimentara
78926,Berlesti,Alimentara
136269,Vadu Sapat,Mobila
13392,Oras Stefanesti,Alimentara
13392,Oras Stefanesti,Alimentara
136278,Batrani,Lemnului
152662,Crangu,Alimentara
177236,Paunesti,Mobila
119894,Oras Ungheni,Mobila
103513,Gruiu,ConstructiiMasini
70744,Argetoaia,Textila
5210,Lopadea Noua,Alimentara
21597,Brusturoasa,Lemnului
87139,Oras Uricani,Lemnului
46180,Chiojdu,Lemnului
128105,Oras Piatra-Olt,Alimentara
177263,Poiana Cristei,Alimentara
160877,Mihail Kogalniceanu,Energetica
160877,Mihail Kogalniceanu,Energetica
160877,Mihail Kogalniceanu,Energetica
54387,Toplet,Alimentara
29813,Lazareni,Textila
95355,Oras Harlau,Energetica
144508,Carta,Lemnului
144508,Carta,Lemnului
87175,Municipiul Vulcan,Textila
54412,Turnu Ruieni,Lemnului
160911,Murighiol,Alimentara
103568,Gurbanesti,Alimentara
62609,Pantelimon,Alimentara
144535,Cartisoara,Alimentara
152724,Didesti,Mobila
79004,Balteni,Alimentara
79004,Balteni,Alimentara
79004,Balteni,Alimentara
169119,Caineni,Lemnului
95391,Municipiul Pascani,Alimentara
21668,Buhoci,Lemnului
111783,Garla Mare,Alimentara
119974,Valea Larga,Alimentara
46251,Cilibia,Lemnului
144553,Darlos,Textila
38063,Mihai Eminescu,Alimentara
13490,Municipiul Campulung,ConstructiiMasini
87219,Oras Aninoasa,Mobila
128178,Parscoveni,Alimentara
152760,Dobrotesti,Alimentara
152760,Dobrotesti,Alimentara
5309,Lunca Muresului,Alimentara
177352,Pufesti,Mobila
111818,Godeanu,Alimentara
29902,Lugasu De Jos,Alimentara
87246,Banita,Alimentara
62672,Pecineaga,ConstructiiMasini
13524,Valea Mare Pravat,Lemnului
54485,Valiug,Lemnului
144599,Gura Raului,Lemnului
103639,Hotarele,Alimentara
5336,Lupsa,Alimentara
21720,Casin,Lemnului
128221,Plesoiu,Alimentara
169182,Copaceni,Alimentara
169182,Copaceni,Alimentara
70879,Oras Bechet,Textila
152797,Dracsenei,Alimentara
160993,Nalbant,Energetica
54500,Varadia,Alimentara
79077,Bolbosi,Alimentara
144615,Hoghilag,Lemnului
46313,Cislau,Textila
95471,Oras Targu Frumos,Alimentara
70897,Bistret,Alimentara
62707,Pestera,Alimentara
111863,Gogosu,Lemnului
111863,Gogosu,Lemnului
87291,Municipiul Brad,Textila
29948,Lunca,Energetica
29948,Lunca,Energetica
29948,Lunca,Energetica
29948,Lunca,Energetica
21757,Caiuti,Lemnului
177405,Racoasa,Lemnului
54537,Vermes,Alimentara
144651,Iacobeni,Lemnului
144651,Iacobeni,Lemnului
161035,Niculitel,Alimentara
95499,Ion Neculce,Alimentara
103693,Iepuresti,Lemnului
120076,Vargata,Mobila
38161,Mihaileni,Alimentara
38161,Mihaileni,Alimentara
38161,Mihaileni,Alimentara
70940,Barca,Alimentara
161053,Nufaru,Lemnului
136483,Municipiul Satu Mare,ConstructiiMasini
152868,Draganesti De Vede,Alimentara
169253,Costesti,Lemnului
169253,Costesti,Lemnului
169253,Costesti,Lemnului
169253,Costesti,Lemnului
46377,Cochirleanca,Textila
62761,Poarta Alba,Alimentara
128301,Poboru,Alimentara
54573,Vrani,Alimentara
111916,Greci,Alimentara
111916,Greci,Alimentara
79157,Borascu,Mobila
13622,Municipiul Curtea De Arges,CalculatoareElectronica
70968,Botosesti-Paia,Alimentara
30014,Madaras,Textila
30014,Madaras,Textila
30014,Madaras,Textila
177469,Reghiu,Alimentara
87362,Criscior,ConstructiiMasini
152902,Draganesti-Vlasca,Alimentara
70986,Brabova,Alimentara
120138,Vatava,Lemnului
144713,Jina,Alimentara
136526,Municipiul Carei,Alimentara
62798,Rasova,Alimentara
161106,Ostrov,Alimentara
161106,Ostrov,Alimentara
103764,Ileana,Mobila
169306,Creteni,Alimentara
54617,Zavoi,Lemnului
144731,Laslea,Lemnului
21855,Cleja,Textila
38241,Mihalaseni,Alimentara
13668,Oras Costesti,Alimentara
46439,Colti,Alimentara
62823,Saraiu,Alimentara
136553,Capleni,Alimentara
120174,Vetca,Alimentara
161133,Pardina,Alimentara
111989,Grozesti,Alimentara
111989,Grozesti,Alimentara
30069,Magesti,Lemnului
152948,Furculesti,Alimentara
128374,Oras Potcoava,Textila
95612,Alexandru I. Cuza,Alimentara
161151,Peceneaga,Alimentara
87424,Oras Calan,Textila
21891,Colonesti,Alimentara
21891,Colonesti,Alimentara
79237,Branesti,Lemnului
79237,Branesti,Lemnului
79237,Branesti,Lemnului
169351,Daesti,Mobila
71055,Bradesti,Alimentara
71055,Bradesti,Alimentara
46484,Costesti,ConstructiiMasini
46484,Costesti,ConstructiiMasini
46484,Costesti,ConstructiiMasini
46484,Costesti,ConstructiiMasini
136599,Oras Negresti-Oas,Mobila
177557,Ruginesti,Lemnului
144795,Loamnes,Alimentara
161179,Sarichioi,Lemnului
120218,Viisoara,Alimentara
120218,Viisoara,Alimentara
120218,Viisoara,Alimentara
120218,Viisoara,Alimentara
120218,Viisoara,Alimentara
120218,Viisoara,Alimentara
62878,Sacele,ChimicaFarmaceutica
112030,Gruia,Alimentara
152993,Frumoasa,Alimentara
152993,Frumoasa,Alimentara
54699,Zorlentu Mare,Alimentara
38321,Mileanca,Alimentara
95667,Andrieseni,Alimentara
128436,Priseaca,Textila
62903,Seimeni,Alimentara
103862,Ion Roata,Mobila
13757,Oras Topoloveni,ConstructiiMasini
169404,Danicei,Alimentara
120254,Vanatori,ConstructiiMasini
120254,Vanatori,ConstructiiMasini
120254,Vanatori,ConstructiiMasini
120254,Vanatori,ConstructiiMasini
120254,Vanatori,ConstructiiMasini
136642,Oras Tasnad,ConstructiiMasini
153026,Galateni,Alimentara
177600,Sihlea,Lemnului
30149,Nojorid,Textila
5577,Metes,Lemnului
79308,Oras Bumbesti-Jiu,Alimentara
112076,Hinova,Textila
161231,Sfantu Gheorghe,Alimentara
161231,Sfantu Gheorghe,Alimentara
21971,Corbasca,Alimentara
71126,Bralostita,Alimentara
128472,Radomiresti,Lemnului
46554,Cozieni,Alimentara
103899,Izvoarele,Lemnului
103899,Izvoarele,Lemnului
103899,Izvoarele,Lemnului
103899,Izvoarele,Lemnului
103899,Izvoarele,Lemnului
144866,Ludos,Alimentara
153062,Gratia,Alimentara
62949,Silistea,Alimentara
62949,Silistea,Alimentara
62949,Silistea,Alimentara
38376,Mitoc,Alimentara
161259,Slava Cercheza,Alimentara
177655,Slobozia Bradului,Alimentara
13819,Albestii De Arges,Lemnului
120316,Voivodeni,Textila
144893,Marpod,Alimentara
112129,Husnicioara,Alimentara
95747,Aroneanu,Alimentara
79362,Bumbesti-Pitic,Alimentara
161286,Smardan,Alimentara
161286,Smardan,Alimentara
62985,Targusor,Alimentara
136713,Acas,Alimentara
128524,Redea,Alimentara
153106,Izvoarele,Alimentara
153106,Izvoarele,Alimentara
153106,Izvoarele,Alimentara
153106,Izvoarele,Alimentara
153106,Izvoarele,Alimentara
161302,Somova,Alimentara
30229,Olcea,Alimentara
120343,Zagar,Alimentara
87576,Oras Hateg,Alimentara
103960,Jilavele,Alimentara
71199,Bratovoesti,Alimentara
144928,Oras Miercurea Sibiului,Textila
153124,Lisa,Alimentara
153124,Lisa,Alimentara
22059,Cotofanesti,Textila
79406,Bustuchin,Alimentara
95792,Baltati,Alimentara
128560,Rotunda,Alimentara
120370,Zau De Campie,Alimentara
38456,Nicseni,Alimentara
103997,Joita,Alimentara
177726,Slobozia Ciorasti,Mobila
153151,Lunca,Alimentara
153151,Lunca,Alimentara
153151,Lunca,Alimentara
153151,Lunca,Alimentara
30274,Osorhei,Textila
136768,Andrid,Alimentara
13891,Albestii De Muscel,Alimentara
5700,Mihalt,Alimentara
63045,Topalu,Alimentara
144964,Merghindeal,Alimentara
161348,Stejaru,Alimentara
161348,Stejaru,Alimentara
169547,Dragoesti,Alimentara
169547,Dragoesti,Alimentara
128588,Rusanesti,Alimentara
87638,Municipiul Orastie,Alimentara
38492,Paltinis,Alimentara
38492,Paltinis,Alimentara
71260,Breasta,Alimentara
144991,Micasasa,Lemnului
22111,Damienesti,Alimentara
63072,Topraisar,ChimicaFarmaceutica
136802,Apa,Alimentara
177762,Soveja,Lemnului
128613,Scarisoara,Textila
128613,Scarisoara,Textila
161384,Topolog,Alimentara
169583,Fauresti,Alimentara
104047,Letca Noua,Alimentara
13935,Albota,Lemnului
87665,Oras Simeria,ConstructiiMasini
112245,Eselnita,Lemnului
153204,Mavrodin,Textila
5755,Miraslau,Mobila
30336,Pietroasa,Lemnului
30336,Pietroasa,Lemnului
95872,Belcesti,Alimentara
177799,Straoane,Textila
112263,Ilovat,Alimentara
79497,Capreni,Textila
38544,Pomarla,Alimentara
145042,Mihaileni,Alimentara
145042,Mihaileni,Alimentara
145042,Mihaileni,Alimentara
104083,Luica,Alimentara
128659,Schitu,Alimentara
128659,Schitu,Alimentara
136848,Oras Ardud,ConstructiiMasini
63125,Valu Lui Traian,ConstructiiMasini
22166,Oras Darmanesti,Lemnului
153240,Magura,Alimentara
153240,Magura,Alimentara
153240,Magura,Alimentara
120478,Chibed,Alimentara
120487,Corunca,Textila
71340,Bulzesti,Alimentara
13999,Aninoasa,Lemnului
13999,Aninoasa,Lemnului
13999,Aninoasa,Lemnului
63152,Lumina,Alimentara
177842,Suraia,Textila
46769,Galbinasi,Alimentara
46769,Galbinasi,Alimentara
120496,Sarateni,Alimentara
120496,Sarateni,Alimentara
38580,Prajeni,Alimentara
104118,Mihai Bravu,Alimentara
104118,Mihai Bravu,Alimentara
120502,Madaras,Alimentara
120502,Madaras,Alimentara
120502,Madaras,Alimentara
63161,Dumbraveni,Alimentara
63161,Dumbraveni,Alimentara
63161,Dumbraveni,Alimentara
161464,Turcoaia,Alimentara
120511,Bereni,Mobila
54975,Municipiul Cluj-Napoca,Energetica
153277,Maldaeni,Alimentara
87745,Baia De Cris,CalculatoareElectronica
5826,Mogos,Alimentara
63170,Vulturu,Alimentara
63170,Vulturu,Alimentara
95943,Bivolari,Alimentara
128711,Oras Scornicesti,Alimentara
161482,Valea Nucarilor,Textila
104136,Oras Mihailesti,Alimentara
153295,Mereni,Alimentara
153295,Mereni,Alimentara
153295,Mereni,Alimentara
112334,Ilovita,Lemnului
30416,Pocola,Alimentara
145104,Mosna,Alimentara
145104,Mosna,Alimentara
46803,Gheraseni,Alimentara
169681,Fartatesti,Alimentara
63189,Tortoman,Alimentara
136919,Batarci,Lemnului
177879,Tanasoaia,Alimentara
22237,Dealu Morii,Alimentara
63198,Amzacea,Lemnului
55008,Municipiul Dej,ConstructiiMasini
79585,Catunele,Alimentara
14049,Arefu,Textila
38633,Radauti-Prut,Alimentara
46830,Ghergheasa,Alimentara
112370,Isverna,Lemnului
104181,Manastirea,Alimentara
145140,Nocrich,Lemnului
161525,I.c.bratianu,Alimentara
153339,Marzanesti,Mobila
96003,Ungheni,Alimentara
96003,Ungheni,Alimentara
14085,Babana,Lemnului
161543,Vacareni,Alimentara
30470,Pomezeu,Textila
136964,Beltiug,Alimentara
161552,Bestepe,Alimentara
46867,Glodeanu Sarat,Alimentara
55062,Cuzdrioara,Mobila
38679,Rauseni,Alimentara
161561,Valea Teilor,Mobila
71457,Calopar,Alimentara
104225,Marsa,Alimentara
87843,Balsa,Alimentara
79656,Ciuperceni,Alimentara
79656,Ciuperceni,Alimentara
153384,Mosteni,Alimentara
63278,Horia,Alimentara
63278,Horia,Alimentara
63278,Horia,Alimentara
145202,Orlat,Lemnului
104243,Moara Vlasiei,CalculatoareElectronica
63286,Costinesti,Lemnului
153400,Nasturelu,Alimentara
96058,Braesti,Alimentara
96058,Braesti,Alimentara
96058,Braesti,Alimentara
46910,Glodeanu-Silistea,Alimentara
63294,Baraganu,Alimentara
177986,Tataranu,Alimentara
55106,Jichisu De Jos,Energetica
63300,Cuza Voda,Alimentara
63300,Cuza Voda,Alimentara
63300,Cuza Voda,Alimentara
145220,Pauca,Alimentara
137032,Berveni,Alimentara
38731,Ripiceni,Alimentara
104270,Movilita,ConstructiiMasini
104270,Movilita,ConstructiiMasini
112469,Izvoru Barzii,Alimentara
14165,Baiculesti,Lemnului
63318,Saligny,Lemnului
63326,Gradina,Alimentara
71518,Caraula,Alimentara
153437,Necsesti,Alimentara
128864,Seaca,Alimentara
128864,Seaca,Alimentara
63334,Fantanele,Alimentara
63334,Fantanele,Alimentara
63334,Fantanele,Alimentara
63334,Fantanele,Alimentara
63334,Fantanele,Alimentara
63334,Fantanele,Alimentara
63334,Fantanele,Alimentara
30568,Popesti,Textila
30568,Popesti,Textila
30568,Popesti,Textila
30568,Popesti,Textila
30568,Popesti,Textila
22380,Dofteana,Mobila
96110,Butea,Alimentara
137069,Bixad,Lemnului
137069,Bixad,Lemnului
71536,Carpen,Alimentara
128882,Samburesti,Alimentara
55160,Mica,Lemnului
55160,Mica,Lemnului
79736,Calnic,Alimentara
79736,Calnic,Alimentara
145275,Poiana Sibiului,Alimentara
178046,Tamboesti,Textila
104323,Nana,Alimentara
153473,Olteni,Alimentara
137103,Barsau,Textila
145293,Porumbacu De Jos,ConstructiiMasini
96147,Ceplenita,Alimentara
104341,Nicolae Balcescu,Alimentara
104341,Nicolae Balcescu,Alimentara
104341,Nicolae Balcescu,Alimentara
104341,Nicolae Balcescu,Alimentara
71572,Castranova,Alimentara
120726,Municipiul Piatra-Neamt,Alimentara
38811,Roma,Alimentara
47006,Grebanu,Mobila
6048,Noslac,ConstructiiMasini
153507,Orbeasca,Alimentara
63394,Municipiul Sfantu Gheorghe,Alimentara
112548,Jiana,Lemnului
137130,Bogdand,Alimentara
169896,Francesti,Alimentara
71607,Calarasi,Alimentara
71607,Calarasi,Alimentara
71607,Calarasi,Alimentara
30648,Rabagani,Lemnului
22460,Faraoani,Lemnului
87996,Baru,Textila
14272,Balilesti,Lemnului
38848,Romanesti,Alimentara
38848,Romanesti,Alimentara
96192,Ciortesti,Textila
104387,Niculesti,Alimentara
120771,Dumbrava Rosie,ChimicaFarmaceutica
128962,Spineni,Lemnului
153543,Peretu,Alimentara
178117,Tulnici,Lemnului
145355,Racovita,Lemnului
145355,Racovita,Lemnului
145355,Racovita,Lemnului
145355,Racovita,Lemnului
71634,Celaru,Alimentara
63447,Oras Baraolt,Alimentara
22488,Filipeni,Alimentara
112600,Livezile,Alimentara
112600,Livezile,Alimentara
112600,Livezile,Alimentara
112600,Livezile,Alimentara
55259,Municipiul Turda,ConstructiiMasini
79834,Crasna,Textila
79834,Crasna,Textila
153561,Piatra,Alimentara
137185,Botiz,Alimentara
104421,Nuci,Lemnului
145382,Rau Sadului,Lemnului
6119,Ocolis,Lemnului
47079,Gura Teghii,Lemnului
38893,Santa Mare,Alimentara
55277,Mihai Viteazu,Alimentara
55277,Mihai Viteazu,Alimentara
88047,Bacia,Lemnului
153589,Pietrosani,Alimentara
153589,Pietrosani,Alimentara
120824,Savinesti,Textila
30719,Remetea,Lemnului
30719,Remetea,Lemnului
96254,Ciurea,Lemnului
161794,Municipiul Barlad,ConstructiiMasini
145408,Rosia,Alimentara
145408,Rosia,Alimentara
178180,Tifesti,Lemnului
153605,Plosca,Textila
169994,Galicea,Alimentara
55311,Sandulesti,Alimentara
137229,Calinesti-Oas,Alimentara
14352,Beleti-Negresti,ChimicaFarmaceutica
129040,Sprancenata,Alimentara
71698,Cerat,Alimentara
6164,Ohaba,Alimentara
153623,Plopii-Slavitesti,Lemnului
112664,Malovat,Alimentara
88092,Baita,Mobila
120860,Municipiul Roman,Metalurgica
104485,Ogrezeni,Mobila
63526,Oras Covasna,Lemnului
161829,Municipiul Husi,Textila
71723,Cernatesti,Alimentara
71723,Cernatesti,Alimentara
22576,Filipesti,ChimicaFarmaceutica
30773,Rieni,Alimentara
47159,Largu,Textila
137274,Camarzana,Alimentara
120888,Cordun,Alimentara
55357,Municipiul Campia Turzii,Metalurgica
79932,Cruset,Alimentara
145471,Sadu,Lemnului
63553,Comandau,Lemnului
161856,Oras Negresti,Mobila
14405,Berevoesti,ConstructiiMasini
38982,Suharau,Alimentara
104519,Oinacu,Lemnului
129095,Stoenesti,Lemnului
129095,Stoenesti,Lemnului
129095,Stoenesti,Lemnului
129095,Stoenesti,Lemnului
6217,Pianu,Textila
137292,Cauas,Alimentara
96334,Coarnele Caprei,Alimentara
47186,Lopatari,Lemnului
129111,Stoicanesti,Alimentara
55384,Municipiul Gherla,Mobila
145499,Oras Saliste,Textila
120922,Horia,Mobila
120922,Horia,Mobila
120922,Horia,Mobila
63580,Oras Intorsura Buzaului,Lemnului
153696,Poeni,Alimentara
104546,Peris,Alimentara
178279,Urechesti,Textila
178279,Urechesti,Textila
112744,Obarsia De Camp,Alimentara
71787,Cetate,Alimentara
71787,Cetate,Alimentara
14450,Barla,Alimentara
129139,Strejesti,Alimentara
96370,Comarna,Lemnului
170097,Ghioroiu,Alimentara
30844,Rosia,Alimentara
30844,Rosia,Alimentara
6271,Poiana Vadului,Alimentara
112771,Oprisor,Alimentara
71812,Cioroiasi,Alimentara
104582,Petrachioaia,Alimentara
22665,Gaiceana,Alimentara
120968,Oras Bicaz,ChimicaFarmaceutica
39051,Sulita,Alimentara
178313,Valea Sarii,Lemnului
63633,Barcani,Alimentara
137363,Cehal,Alimentara
55446,Oras Huedin,Alimentara
30871,Sacadat,Mobila
88216,Batrana,Alimentara
161945,Municipiul Vaslui,Alimentara
129184,Studina,Alimentara
96423,Costuleni,Lemnului
112806,Padina,Alimentara
112806,Padina,Alimentara
80043,Danciulesti,Lemnului
55473,Aghiresu,Textila
153776,Vitanesti,Textila
71858,Ciupercenii Noi,Alimentara
104635,Plataresti,Lemnului
170168,Glavile,Lemnului
137407,Certeze,Lemnului
22718,Ghimes-Faget,Lemnului
145603,Slimnic,Alimentara
30915,Oras Sacueni,Textila
47300,Luciu,Energetica
88261,Beriu,Lemnului
63688,Sita Buzaului,Lemnului
178377,Vidra,Lemnului
178377,Vidra,Lemnului
178377,Vidra,Lemnului
71885,Cosoveni,Alimentara
39122,Sendriceni,Alimentara
162014,Albesti,Alimentara
162014,Albesti,Alimentara
162014,Albesti,Alimentara
162014,Albesti,Alimentara
162014,Albesti,Alimentara
121055,Oras Targu Neamt,Lemnului
96478,Cotnari,Alimentara
129246,Serbanesti,Textila
137443,Craidorolt,Mobila
71910,Cotofenii Din Dos,Alimentara
153829,Putineiu,Alimentara
153829,Putineiu,Alimentara
47337,Magura,Alimentara
47337,Magura,Alimentara
47337,Magura,Alimentara
104680,Prundu,Textila
112879,Patulele,Alimentara
170220,Golesti,Lemnului
170220,Golesti,Lemnului
14584,Bogati,Alimentara
80123,Danesti,Alimentara
80123,Danesti,Alimentara
80123,Danesti,Alimentara
63740,Municipiul Targu Secuiesc,Textila
6397,Ponor,Alimentara
22781,Garleni,Alimentara
39168,Oras Stefanesti,Alimentara
39168,Oras Stefanesti,Alimentara
145667,Seica Mare,Alimentara
129282,Stefan Cel Mare,Lemnului
129282,Stefan Cel Mare,Lemnului
129282,Stefan Cel Mare,Lemnului
129282,Stefan Cel Mare,Lemnului
129282,Stefan Cel Mare,Lemnului
129282,Stefan Cel Mare,Lemnului
112904,Dubova,Alimentara
104715,Putineiu,Energetica
104715,Putineiu,Energetica
153865,Radoiesti,Alimentara
30988,Salacea,Textila
47373,Maracineni,Alimentara
47373,Maracineni,Alimentara
71956,Daneti,Textila
121108,Agapia,Mobila
162069,Alexandru Vlahuta,Alimentara
88350,Blajeni,Alimentara
63777,Aita Mare,Lemnului
137504,Crucisor,Alimentara
31011,Salard,Alimentara
129317,Tatulesti,Alimentara
178475,Vintileasca,Lemnului
55598,Aiton,Alimentara
104751,Radovanu,Textila
22834,Glavanesti,Alimentara
39220,Stiubieni,Alimentara
153909,Rasmiresti,Alimentara
47417,Margaritesti,Alimentara
63802,Batani,Lemnului
112959,Podeni,Alimentara
121153,Bahna,Alimentara
6468,Posaga,Alimentara
72007,Oras Dabuleni,Alimentara
137540,Culciu,Alimentara
55623,Alunis,Alimentara
55623,Alunis,Alimentara
55623,Alunis,Alimentara
145738,Seica Mica,Lemnului
96593,Cozmesti,Alimentara
96593,Cozmesti,Alimentara
14673,Boteni,Lemnului
31057,Sambata,Lemnului
153936,Salcia,Textila
153936,Salcia,Textila
153936,Salcia,Textila
104788,Rasuceni,Alimentara
47453,Merei,Textila
39266,Todireni,Alimentara
112995,Ponoarele,Textila
72034,Desa,Alimentara
129380,Teslui,Alimentara
129380,Teslui,Alimentara
145765,Sura Mare,Energetica
162149,Arsura,Alimentara
170346,Gradistea,Alimentara
170346,Gradistea,Alimentara
170346,Gradistea,Alimentara
170346,Gradistea,Alimentara
22898,Helegiu,Alimentara
178545,Vizantea-Livezi,Alimentara
72052,Diosti,Alimentara
153972,Saceni,Alimentara
80249,Dragotesti,Lemnului
80249,Dragotesti,Lemnului
63866,Belin,Alimentara
96637,Cristesti,Alimentara
96637,Cristesti,Alimentara
96637,Cristesti,Alimentara
104831,Roata De Jos,Alimentara
88449,Bosorod,Alimentara
145792,Sura Mica,Alimentara
14726,Botesti,Alimentara
14726,Botesti,Alimentara
14726,Botesti,Alimentara
55687,Apahida,Lemnului
137611,Doba,Metalurgica
162194,Banca,Mobila
6547,Radesti,Lemnului
6547,Radesti,Lemnului
63893,Bodoc,Alimentara
31128,Sarbi,Alimentara
96664,Cucuteni,Alimentara
121242,Baltatesti,Alimentara
80285,Farcasesti,ConstructiiMasini
22941,Horgesti,Alimentara
154013,Scrioastea,Textila
39328,Trusesti,Alimentara
14753,Bradulet,Alimentara
145827,Oras Talmaciu,ConstructiiMasini
72098,Dobresti,Alimentara
72098,Dobresti,Alimentara
72098,Dobresti,Alimentara
178607,Vanatori,Lemnului
178607,Vanatori,Lemnului
178607,Vanatori,Lemnului
178607,Vanatori,Lemnului
178607,Vanatori,Lemnului
129460,Tia Mare,Alimentara
104886,Sarulesti,Alimentara
104886,Sarulesti,Alimentara
6592,Rametea,Alimentara
63937,Borosneu Mare,Alimentara
137675,Dorolt,Lemnului
96717,Dagata,Alimentara
170444,Gusoeni,Alimentara
121297,Bicaz-Chei,Lemnului
154068,Scurtu Mare,Alimentara
72150,Dragotesti,Textila
72150,Dragotesti,Textila
47578,Mihailesti,Alimentara
129503,Topana,Alimentara
39391,Tudora,Alimentara
55776,Aschileu,Alimentara
6627,Ramet,Alimentara
88546,Branisca,Alimentara
31208,Spinus,Energetica
80365,Glogova,Lemnului
145907,Tilisca,Alimentara
39417,Ungureni,Alimentara
39417,Ungureni,Alimentara
121340,Bicazu Ardelean,Lemnului
113153,Poroina Mare,Alimentara
137728,Foieni,Mobila
14851,Budeasa,ChimicaFarmaceutica
178689,Vartescoiu,Alimentara
64005,Brates,Mobila
23047,Huruiesti,Textila
145934,Turnu Rosu,Alimentara
47630,Manzalesti,Alimentara
104975,Schitu,Alimentara
104975,Schitu,Alimentara
137746,Gherta Mica,Alimentara
170514,Ionesti,Mobila
170514,Ionesti,Mobila
162327,Bacani,Alimentara
154139,Seaca,Alimentara
154139,Seaca,Alimentara
72221,Dranic,Alimentara
31262,Suplacu De Barcau,Alimentara
55838,Baciu,ChimicaFarmaceutica
129567,Traian,Alimentara
129567,Traian,Alimentara
129567,Traian,Alimentara
129567,Traian,Alimentara
129567,Traian,Alimentara
137764,Halmeu,Alimentara
64041,Bradut,Lemnului
80427,Godinesti,Alimentara
121386,Bira,Mobila
145961,Valea Viilor,ConstructiiMasini
96815,Deleni,Alimentara
96815,Deleni,Alimentara
96815,Deleni,Alimentara
129585,Tufeni,Alimentara
154166,Sfintesti,Alimentara
113206,Pristol,Alimentara
178750,Vrancioaia,Alimentara
105026,Sinesti,Textila
105026,Sinesti,Textila
105026,Sinesti,Textila
88644,Bretea Romana,Metalurgica
14922,Bughea De Jos,Lemnului
154184,Segarcea-Vale,Alimentara
145998,Vurpar,Alimentara
162381,Bacesti,Lemnului
113233,Prunisor,Alimentara
72276,Farcas,Alimentara
23127,Izvoru Berheciului,Alimentara
14940,Buzoesti,Alimentara
129629,Urzica,Alimentara
146012,Alma,Alimentara
64096,Bretcu,Textila
31333,Simian,Alimentara
31333,Simian,Alimentara
146021,Boita,Alimentara
6761,Rosia Montana,Alimentara
39532,Unteni,Alimentara
55918,Baisoara,Lemnului
137844,Hodod,Alimentara
154228,Silistea,Lemnului
154228,Silistea,Lemnului
154228,Silistea,Lemnului
170612,Lalosu,Lemnului
96888,Dobrovat,Alimentara
129656,Valea Mare,Mobila
129656,Valea Mare,Mobila
129656,Valea Mare,Mobila
129656,Valea Mare,Mobila
80506,Hurezani,Alimentara
121466,Bargauani,Lemnului
64130,Catalina,Alimentara
178821,Vulturu,Alimentara
178821,Vulturu,Alimentara
96904,Dolhesti,Alimentara
96904,Dolhesti,Alimentara
31379,Sinteu,Alimentara
105106,Singureni,Alimentara
162452,Balteni,Alimentara
162452,Balteni,Alimentara
162452,Balteni,Alimentara
47774,Movila Banului,Alimentara
23207,Lipova,Alimentara
154282,Silistea-Gumesti,Alimentara
137899,Homoroade,Alimentara
96940,Dumesti,Lemnului
96940,Dumesti,Lemnului
80560,Ionesti,Alimentara
80560,Ionesti,Alimentara
105142,Slobozia Moara,Alimentara
129718,Vadastra,Alimentara
39612,Vaculesti,Alimentara
31422,Soimi,Alimentara
72383,Galicea Mare,Alimentara
170685,Ladesti,Alimentara
162498,Berezeni,Textila
64194,Cernat,Alimentara
154308,Sarbeni,Alimentara
178885,Negrilesti,Alimentara
178885,Negrilesti,Alimentara
178885,Negrilesti,Alimentara
105160,Snagov,Energetica
47818,Murgesti,Alimentara
178894,Ploscuteni,Alimentara
56014,Belis,Lemnului
129745,Vadastrita,Alimentara
88788,Buces,ConstructiiMasini
178901,Popesti,Alimentara
178901,Popesti,Alimentara
178901,Popesti,Alimentara
178901,Popesti,Alimentara
178901,Popesti,Alimentara
15064,Caldararu,Alimentara
72409,Ghercesti,ConstructiiMasini
178910,Paulesti,Lemnului
178910,Paulesti,Lemnului
178910,Paulesti,Lemnului
129763,Valeni,Alimentara
129763,Valeni,Alimentara
129763,Valeni,Alimentara
80613,Jupanesti,Alimentara
39658,Viisoara,Alimentara
39658,Viisoara,Alimentara
39658,Viisoara,Alimentara
39658,Viisoara,Alimentara
39658,Viisoara,Alimentara
39658,Viisoara,Alimentara
137960,Lazuri,Lemnului
154344,Slobozia Mandra,Alimentara
47854,Naeni,Alimentara
64238,Chichis,Alimentara
97009,Erbiceni,Lemnului
113395,Punghina,Alimentara
178929,Biliesti,Textila
178938,Gologanu,Alimentara
23289,Livezi,Lemnului
23289,Livezi,Lemnului
162559,Blagesti,Alimentara
162559,Blagesti,Alimentara
178947,Obrejita,Alimentara
15108,Calinesti,ConstructiiMasini
15108,Calinesti,ConstructiiMasini
15108,Calinesti,ConstructiiMasini
121607,Bodesti,Lemnului
105222,Sohatu,Alimentara
64265,Dobarlau,Alimentara
39694,Varfu Campului,Alimentara
72463,Gighera,Lemnului
154380,Smardioasa,Lemnului
178956,Rastoaca,Textila
6930,Rosia De Secas,Lemnului
31510,Suncuius,Textila
178965,Spulber,Lemnului
129816,Verguleasa,Alimentara
56096,Bobalna,Alimentara
162595,Bogdana,Alimentara
162595,Bogdana,Alimentara
80677,Lelesti,Lemnului
88868,Bucuresci,Alimentara
97063,Focuri,Alimentara
105259,Spantov,Alimentara
170792,Lapusata,Alimentara
47916,Oras Nehoiu,Mobila
154415,Stejaru,Lemnului
154415,Stejaru,Lemnului
121652,Borca,Lemnului
138039,Oras Livada,Lemnului
23350,Luizi-Calugara,Mobila
39738,Vladeni,Alimentara
39738,Vladeni,Alimentara
39738,Vladeni,Alimentara
39738,Vladeni,Alimentara
72506,Giubega,Lemnului
113466,Rogova,Alimentara
64318,Ghelinta,Lemnului
6976,Salciua,Lemnului
97090,Golaiesti,Lemnului
80711,Licurici,Alimentara
31565,Tarcea,Lemnului
105295,Stanesti,Alimentara
105295,Stanesti,Alimentara
105295,Stanesti,Alimentara
72533,Giurgita,Alimentara
113493,Salcia,Lemnului
113493,Salcia,Lemnului
113493,Salcia,Lemnului
146263,Municipiul Suceava,Lemnului
64345,Ghidfalau,Alimentara
88920,Bulzestii De Sus,Alimentara
23387,Magiresti,Alimentara
154460,Suhaia,Alimentara
138084,Mediesu Aurit,Mobila
129898,Visina,Alimentara
129898,Visina,Alimentara
146281,Ipotesti,Mobila
146281,Ipotesti,Mobila
113518,Stangaceaua,Alimentara
39792,Vlasinesti,Alimentara
31609,Tarcaia,Lemnului
170872,Livezi,Alimentara
170872,Livezi,Alimentara
129914,Vitomiresti,Alimentara
80766,Logresti,Alimentara
15233,Cateasca,ChimicaFarmaceutica
72579,Gangiova,Alimentara
154497,Storobaneasa,Alimentara
7044,Salistea,Mobila
105348,Stoenesti,Alimentara
105348,Stoenesti,Alimentara
105348,Stoenesti,Alimentara
105348,Stoenesti,Alimentara
121732,Borlesti,Alimentara
64390,Haghig,Alimentara
162693,Bogdanesti,Alimentara
162693,Bogdanesti,Alimentara
162693,Bogdanesti,Alimentara
56210,Bontida,ChimicaFarmaceutica
48021,Odaile,Alimentara
146325,Mitocu Dragomirnei,Textila
23449,Manastirea Casin,Lemnului
154521,Talpa,Alimentara
39836,Vorniceni,Alimentara
72604,Gogosu,Alimentara
72604,Gogosu,Alimentara
97189,Gorban,Alimentara
31654,Tauteu,Textila
105384,Soldanu,Lemnului
64425,Ilieni,Lemnului
138164,Micula,Alimentara
7099,Sasciori,Alimentara
179132,Municipiul Bucuresti,Energetica
39872,Vorona,Mobila
146370,Oras Salcea,ConstructiiMasini
72640,Goicea,Alimentara
129987,Valcele,Alimentara
129987,Valcele,Alimentara
89026,Bunila,Alimentara
121796,Botesti,Mobila
121796,Botesti,Mobila
121796,Botesti,Mobila
23494,Motoseni,Alimentara
113607,Svinita,Alimentara
56265,Borsa,Alimentara
105419,Stefanestii De Jos,Alimentara
170952,Lungesti,Alimentara
64461,Lemnia,Alimentara
80846,Matasari,ConstructiiMasini
15313,Cepari,Alimentara
97241,Grajduri,Alimentara
113625,Sisesti,Alimentara
113625,Sisesti,Alimentara
154585,Tatarastii De Jos,Alimentara
138208,Moftin,Lemnului
31716,Tileagd,Mobila
72677,Goiesti,Alimentara
162791,Bogdanita,Alimentara
130026,Vladila,Textila
105455,Tamadau Mare,Alimentara
64504,Malnas,Alimentara
89080,Burjuc,Alimentara
146432,Scheia,ConstructiiMasini
146432,Scheia,ConstructiiMasini
39942,Lozna,Mobila
39942,Lozna,Mobila
56327,Buza,Alimentara
48138,Padina,Alimentara
48138,Padina,Alimentara
80908,Musetesti,Lemnului
130062,Voineasa,Alimentara
130062,Voineasa,Alimentara
171021,Malaia,Lemnului
121876,Bozieni,Textila
39959,Dimacheni,Alimentara
179221,Oras Bragadiru,Alimentara
7197,Scarisoara,Alimentara
7197,Scarisoara,Alimentara
39967,Candesti,Alimentara
39967,Candesti,Alimentara
39967,Candesti,Alimentara
56354,Caianu,Alimentara
113698,Sovarna,Alimentara
48165,Pardosi,Alimentara
39975,Cosula,Alimentara
97321,Gropnita,Alimentara
15402,Cetateni,Alimentara
138280,Odoreu,Alimentara
154665,Tatarastii De Sus,Alimentara
31789,Tinca,Lemnului
39983,Blandesti,Alimentara
179249,Chiajna,Alimentara
162871,Botesti,Alimentara
162871,Botesti,Alimentara
162871,Botesti,Alimentara
64568,Moacsa,Alimentara
171067,Mateesti,Lemnului
89151,Cerbal,Alimentara
105534,Tartasesti,Lemnului
146502,Municipiul Campulung Moldovenesc,Alimentara
113732,Tamna,Alimentara
130124,Vulpeni,Alimentara
121938,Brusturi,Alimentara
121938,Brusturi,Alimentara
80980,Negomir,Alimentara
154709,Toporu,Alimentara
179285,Oras Chitila,Alimentara
15448,Cicanesti,Alimentara
64602,Ojdula,Lemnului
23644,Negri,Alimentara
171101,Maciuca,Alimentara
31841,Tulca,Lemnului
40035,Adaseni,Alimentara
48227,Panatau,Lemnului
105570,Tunari,Alimentara
56425,Calarasi,Alimentara
56425,Calarasi,Alimentara
56425,Calarasi,Alimentara
146539,Municipiul Falticeni,Alimentara
179310,Dobroesti,Textila
138351,Orasu Nou,Textila
162924,Bunesti-Averesti,Alimentara
72819,Grecesti,Alimentara
154736,Traian,Alimentara
154736,Traian,Alimentara
154736,Traian,Alimentara
154736,Traian,Alimentara
154736,Traian,Alimentara
97394,Grozesti,Alimentara
97394,Grozesti,Alimentara
64639,Ozun,Alimentara
154754,Trivalea-Mosteni,Alimentara
105605,Ulmeni,Textila
105605,Ulmeni,Textila
15493,Ciofrangeni,Lemnului
31878,Tetchea,Lemnului
56461,Calatele,Lemnului
179347,Glina,Alimentara
105623,Ulmi,Alimentara
105623,Ulmi,Alimentara
89240,Certeju De Sus,Alimentara
146584,Oras Gura Humorului,Lemnului
97438,Halaucesti,ChimicaFarmaceutica
23715,Nicolae Balcescu,Alimentara
23715,Nicolae Balcescu,Alimentara
23715,Nicolae Balcescu,Alimentara
23715,Nicolae Balcescu,Alimentara
154790,Troianul,Alimentara
122025,Ceahlau,Lemnului
31921,Uileacu De Beius,Mobila
72882,Izvoare,Alimentara
7348,Sancel,Alimentara
179383,Jilava,Textila
130231,Vulturesti,Alimentara
130231,Vulturesti,Alimentara
130231,Vulturesti,Alimentara
130231,Vulturesti,Alimentara
97465,Helesteni,Textila
113849,Vanatori,Textila
113849,Vanatori,Textila
113849,Vanatori,Textila
113849,Vanatori,Textila
113849,Vanatori,Textila
163002,Codaesti,Alimentara
138431,Paulesti,Lemnului
138431,Paulesti,Lemnului
138431,Paulesti,Lemnului
15554,Ciomagesti,Alimentara
48325,Oras Patarlagele,Lemnului
81095,Pades,Lemnului
146628,Municipiul Radauti,Lemnului
56522,Camarasu,Alimentara
171209,Madulari,Alimentara
122061,Candesti,Alimentara
122061,Candesti,Alimentara
122061,Candesti,Alimentara
64719,Poian,Alimentara
154834,Tiganesti,Mobila
179409,Oras Magurele,ChimicaFarmaceutica
7384,Santimbru,Textila
7384,Santimbru,Textila
146655,Oras Siret,Lemnului
72926,Leu,Alimentara
154852,Vedea,ChimicaFarmaceutica
154852,Vedea,ChimicaFarmaceutica
154852,Vedea,ChimicaFarmaceutica
113894,Vanjulet,Alimentara
31976,Vadu Crisului,Alimentara
97517,Horlesti,Alimentara
130286,Balteni,Alimentara
130286,Balteni,Alimentara
130286,Balteni,Alimentara
105712,Valea Argovei,Lemnului
163057,Coroiesti,Alimentara
23797,Oituz,Alimentara
130295,Calui,Lemnului
56568,Capusu Mare,Alimentara
72953,Lipovu,Alimentara
130302,Gavanesti,Alimentara
64773,Reci,Alimentara
89348,Densus,Alimentara
179463,Mogosoaia,Mobila
40198,Municipiul Brasov,ConstructiiMasini
130311,Ghimpeteni,Alimentara
138501,Petresti,Textila
138501,Petresti,Textila
113929,Vladaia,Alimentara
171272,Maldaresti,Lemnului
97553,Ipatele,Alimentara
130320,Gradinile,Alimentara
72980,Macesu De Jos,Textila
122132,Costisa,Alimentara
7446,Sohodol,Lemnului
40214,Oras Ghimbav,ConstructiiMasini
146708,Oras Solca,Lemnului
32027,Oras Valea Lui Mihai,Textila
179481,Oras Otopeni,Alimentara
154914,Viisoara,Alimentara
154914,Viisoara,Alimentara
154914,Viisoara,Alimentara
154914,Viisoara,Alimentara
154914,Viisoara,Alimentara
154914,Viisoara,Alimentara
81184,Pestisani,Alimentara
130339,Gura Padinii,Mobila
15652,Cocu,Metalurgica
138538,Pir,Alimentara
32045,Viisoara,Alimentara
32045,Viisoara,Alimentara
32045,Viisoara,Alimentara
32045,Viisoara,Alimentara
32045,Viisoara,Alimentara
32045,Viisoara,Alimentara
130348,Ipotesti,Alimentara
130348,Ipotesti,Alimentara
40241,Municipiul Codlea,ConstructiiMasini
105776,Valea Dragului,Alimentara
73013,Macesu De Sus,Lemnului
130357,Osica De Jos,Alimentara
154932,Vartoape,Alimentara
113974,Voloiac,Alimentara
179515,Oras Pantelimon,Alimentara
64826,Sanzieni,Alimentara
146744,Municipiul Vatra Dornei,Alimentara
23868,Oncesti,Alimentara
23868,Oncesti,Alimentara
130366,Sarbii - Magura,Alimentara
171325,Mihaesti,ChimicaFarmaceutica
171325,Mihaesti,ChimicaFarmaceutica
171325,Mihaesti,ChimicaFarmaceutica
105794,Valea Macrisului,Alimentara
163137,Costesti,Alimentara
163137,Costesti,Alimentara
163137,Costesti,Alimentara
163137,Costesti,Alimentara
73031,Maglavit,Alimentara
130375,Visina Noua,Alimentara
97606,Lespezi,Alimentara
122187,Cracaoani,Lemnului
138574,Piscolt,Alimentara
179533,Oras Popesti Leordeni,ChimicaFarmaceutica
130384,Soparlita,Textila
89428,Dobra,Lemnului
89428,Dobra,Lemnului
40278,Municipiul Fagaras,Metalurgica
32090,Varciorog,Textila
56666,Caseiu,ChimicaFarmaceutica
179551,Oras Voluntari,Alimentara
154978,Zambreasca,Alimentara
105829,Vasilati,Alimentara
48487,Pietroasele,Alimentara
64871,Turia,Lemnului
73068,Malu Mare,Lemnului
146799,Adancata,Alimentara
146799,Adancata,Alimentara
40303,Oras Predeal,Mobila
81264,Plopsoru,Alimentara
154996,Nenciulesti,Alimentara
138618,Pomi,Alimentara
15741,Corbeni,Mobila
179588,Copaceni,Lemnului
179588,Copaceni,Lemnului
122249,Damuc,Lemnului
64906,Valea Crisului,Lemnului
163208,Cretesti,Textila
23948,Orbeni,ConstructiiMasini
114060,Branistea,Alimentara
114060,Branistea,Alimentara
114060,Branistea,Alimentara
114060,Branistea,Alimentara
97679,Letcani,Metalurgica
73102,Melinesti,Textila
105874,Varasti,Lemnului
179604,Poienile Izei,Alimentara
32153,Tamaseu,Alimentara
114079,Vrata,Alimentara
179613,Sieu,Mobila
179613,Sieu,Mobila
32161,Paleu,ChimicaFarmaceutica
179622,Grosii Tiblesului,Alimentara
138663,Sanislau,Alimentara
23975,Palanca,Alimentara
122285,Dobreni,Lemnului
48557,Parscov,Lemnului
179631,Treznea,Mobila
64942,Valcele,Mobila
64942,Valcele,Mobila
146860,Arbore,Alimentara
40367,Oras Rasnov,ChimicaFarmaceutica
32179,Sannicolau Roman,Lemnului
105909,Vedea,Alimentara
105909,Vedea,Alimentara
105909,Vedea,Alimentara
163253,Danesti,Alimentara
163253,Danesti,Alimentara
163253,Danesti,Alimentara
179640,Vulcana-Pandele,Textila
32187,Rosiori,Mobila
32187,Rosiori,Mobila
32187,Rosiori,Mobila
32187,Rosiori,Mobila
97722,Lungani,Alimentara
32195,Gepiu,Alimentara
56773,Catina,Mobila
56773,Catina,Mobila
32201,Toboliu,Lemnului
179659,Negrilesti,Lemnului
179659,Negrilesti,Lemnului
179659,Negrilesti,Lemnului
155083,Beciu,Lemnului
40394,Oras Rupea,Alimentara
171469,Milcoiu,Alimentara
105936,Vidra,ConstructiiMasini
105936,Vidra,ConstructiiMasini
105936,Vidra,ConstructiiMasini
15830,Corbi,Alimentara
155092,Beuca,Alimentara
89561,Oras Geoagiu,Mobila
146904,Baia,Lemnului
146904,Baia,Lemnului
179677,Camin,Alimentara
24034,Parava,Alimentara
179686,Dumitrita,Lemnului
64997,Varghis,Alimentara
81380,Polovragi,Lemnului
130534,Municipiul Ploiesti,ConstructiiMasini
155109,Dracea,Alimentara
122347,Doljesti,Textila
138734,Santau,Lemnului
155118,Fantanele,Alimentara
155118,Fantanele,Alimentara
155118,Fantanele,Alimentara
155118,Fantanele,Alimentara
155118,Fantanele,Alimentara
155118,Fantanele,Alimentara
155118,Fantanele,Alimentara
179695,Simisna,Alimentara
97777,Madarjac,Mobila
146931,Oras Milisauti,Alimentara
65011,Zagon,Lemnului
179702,Traian,Alimentara
179702,Traian,Alimentara
179702,Traian,Alimentara
179702,Traian,Alimentara
179702,Traian,Alimentara
105972,Vanatorii Mici,Alimentara
155127,Frasinet,ConstructiiMasini
155127,Frasinet,ConstructiiMasini
40438,Municipiul Sacele,Textila
130552,Barcanesti,Alimentara
130552,Barcanesti,Alimentara
179711,Vladeni,Mobila
179711,Vladeni,Mobila
179711,Vladeni,Mobila
179711,Vladeni,Mobila
163324,Deleni,Alimentara
163324,Deleni,Alimentara
163324,Deleni,Alimentara
155136,Purani,Alimentara
81415,Prigoria,Alimentara
179720,Poiana Ilvei,Lemnului
155145,Saelele,Alimentara
56844,Ceanu Mare,Mobila
138770,Sacaseni,Alimentara
155154,Uda-Clocociov,Alimentara
40465,Oras Victoria,ChimicaFarmaceutica
171539,Muereasca,Alimentara
97811,Mircesti,Lemnului
65048,Zabala,Lemnului
24089,Parincea,Alimentara
179739,Malu,Alimentara
122392,Dragomiresti,Lemnului
122392,Dragomiresti,Lemnului
122392,Dragomiresti,Lemnului
15901,Cosesti,Lemnului
73246,Mischii,Lemnului
179748,Cosoba,Alimentara
48682,Podgoria,Textila
40492,Oras Zarnesti,Lemnului
179757,Herasti,Alimentara
146995,Balcauti,Lemnului
163379,Delesti,Lemnului
179766,Isvoarele,Alimentara
130614,Berceni,ChimicaFarmaceutica
130614,Berceni,ChimicaFarmaceutica
138805,Sauca,Alimentara
179775,Sabareni,Lemnului
179784,Boranesti,Alimentara
65099,Valea Mare,Alimentara
65099,Valea Mare,Alimentara
65099,Valea Mare,Alimentara
65099,Valea Mare,Alimentara
40526,Apata,Alimentara
65105,Mereni,Alimentara
65105,Mereni,Alimentara
65105,Mereni,Alimentara
97875,Mironeasa,Alimentara
179793,Buesti,Alimentara
89687,Gurasada,Mobila
7767,Stremt,ChimicaFarmaceutica
81497,Rosia De Amaradia,Alimentara
65113,Arcus,Lemnului
179800,Maia,Alimentara
122463,Dulcesti,Alimentara
147036,Bilca,Lemnului
40544,Beclean,Alimentara
65121,Bixad,Alimentara
65121,Bixad,Alimentara
73317,Marsani,Alimentara
48744,Oras Pogoanele,ConstructiiMasini
179819,Ograda,Alimentara
155243,Municipiul Timisoara,ConstructiiMasini
147054,Bogdanesti,Lemnului
147054,Bogdanesti,Lemnului
147054,Bogdanesti,Lemnului
171628,Nicolae Balcescu,Alimentara
171628,Nicolae Balcescu,Alimentara
171628,Nicolae Balcescu,Alimentara
171628,Nicolae Balcescu,Alimentara
15983,Cotmeana,Alimentara
65139,Micfalau,Alimentara
73335,Motatei,Alimentara
179828,Rosiori,Alimentara
179828,Rosiori,Alimentara
179828,Rosiori,Alimentara
179828,Rosiori,Alimentara
130678,Blejoi,Lemnului
138869,Socond,Alimentara
24187,Pancesti,Alimentara
24187,Pancesti,Alimentara
65147,Dalnic,Alimentara
97919,Miroslava,ConstructiiMasini
179837,Coas,Lemnului
155261,Dumbravita,Mobila
155261,Dumbravita,Mobila
155261,Dumbravita,Mobila
7810,Sibot,Alimentara
65154,Estelnic,Textila
147072,Boroaia,Lemnului
48771,Posta Calnau,Alimentara
179846,Coltau,Alimentara
32394,Municipiul Bistrita,ConstructiiMasini
179855,Gardani,Alimentara
114319,Municipiul Targu Mures,Energetica
130712,Brazi,ConstructiiMasini
73371,Murgasi,Alimentara
179864,Oncesti,Lemnului
179864,Oncesti,Lemnului
155289,Ghiroda,ConstructiiMasini
56988,Chinteni,Mobila
163486,Dragomiresti,Alimentara
163486,Dragomiresti,Alimentara
163486,Dragomiresti,Alimentara
40606,Bod,Alimentara
179873,Agris,Lemnului
179882,Ciumesti,Lemnului
81576,Runcu,Textila
81576,Runcu,Textila
81576,Runcu,Textila
138921,Supur,Energetica
155314,Giroc,Textila
179891,Raciu,Lemnului
179891,Raciu,Lemnului
114355,Cristesti,Alimentara
114355,Cristesti,Alimentara
114355,Cristesti,Alimentara
122551,Farcasa,Lemnului
122551,Farcasa,Lemnului
7865,Sona,ChimicaFarmaceutica
40633,Bran,Lemnului
147134,Bosanci,Textila
179908,Pietrari,Alimentara
179908,Pietrari,Alimentara
89801,Harau,Lemnului
48842,Puiesti,Alimentara
48842,Puiesti,Alimentara
179917,Rau Alb,Alimentara
114382,Sancraiu De Mures,ChimicaFarmaceutica
24276,Pargaresti,Lemnului
179926,Rascaeti,Alimentara
155350,Municipiul Lugoj,Textila
147161,Botosana,Alimentara
179935,Persinari,Alimentara
130785,Bucov,Alimentara
32483,Oras Beclean,Metalurgica
179944,Runcu Salvei,Alimentara
40688,Budila,Mobila
114417,Sangeorgiu De Mures,ConstructiiMasini
179953,Ciceu- Mihaiesti,Lemnului
122613,Faurei,Alimentara
73460,Negoi,Alimentara
179962,Galbinasi,Alimentara
179962,Galbinasi,Alimentara
81656,Samarinesti,Alimentara
57083,Chiuiesti,Alimentara
40704,Bunesti,Alimentara
40704,Bunesti,Alimentara
40704,Bunesti,Alimentara
89856,Ilia,Lemnului
179971,Colelia,Energetica
98051,Miroslovesti,Alimentara
139009,Tarna Mare,Alimentara
16132,Cuca,Alimentara
16132,Cuca,Alimentara
147205,Breaza,Lemnului
147205,Breaza,Lemnului
147205,Breaza,Lemnului
7945,Spring,Alimentara
155403,Oras Buzias,Metalurgica
179980,Marculesti,Lemnului
24338,Parjol,Lemnului
114453,Santana De Mures,Alimentara
48922,Racoviteni,Alimentara
171806,Olanu,Alimentara
179999,Moldoveni,Alimentara
179999,Moldoveni,Alimentara
73503,Orodel,Alimentara
130847,Paulesti,Textila
130847,Paulesti,Textila
130847,Paulesti,Textila
32544,Oras Nasaud,Textila
163618,Dranceni,Alimentara
180000,Platonesti,Metalurgica
147241,Brodina,Lemnului
139054,Terebesti,Alimentara
122668,Gheraesti,Mobila
180019,Sarateni,Alimentara
180019,Sarateni,Alimentara
65342,Municipiul Targoviste,Metalurgica
180028,Porumbesti,Alimentara
40768,Cata,Alimentara
98113,Mogosesti,Alimentara
155458,Oras Deta,Metalurgica
180037,Boghis,Alimentara
48968,Ramnicelu,Lemnului
48968,Ramnicelu,Lemnului
57163,Ciucea,Lemnului
180046,Gura Ialomitei,Lemnului
130892,Targsoru Vechi,Lemnului
8014,Sugag,Lemnului
106318,Municipiul Baia Mare,Mobila
122702,Girov,Alimentara
114514,Municipiul Sighisoara,Alimentara
180055,Crivat,Alimentara
32599,Oras Sangeorz-Bai,Lemnului
81754,Sacelu,Alimentara
73567,Ostroveni,Alimentara
139107,Tiream,Energetica
180064,Barbulesti,Alimentara
65379,Aninoasa,Alimentara
65379,Aninoasa,Alimentara
65379,Aninoasa,Alimentara
89954,Lapugiu De Jos,Lemnului
163681,Duda-Epureni,Textila
155494,Oras Jimbolia,ConstructiiMasini
171879,Orlesti,Alimentara
24427,Plopana,Lemnului
40820,Cincu,Lemnului
32633,Bistrita Bargaului,Lemnului
98168,Mogosesti-Siret,Alimentara
180091,Racsa,Alimentara
106363,Grosi,Textila
49019,Robeasca,Alimentara
73594,Perisor,Alimentara
65413,Doicesti,ChimicaFarmaceutica
139143,Tarsolt,Alimentara
57225,Ciurila,ChimicaFarmaceutica
155528,Oras Sannicolau Mare,ConstructiiMasini
130954,Oras Azuga,Lemnului
32660,Branistea,Alimentara
32660,Branistea,Alimentara
32660,Branistea,Alimentara
32660,Branistea,Alimentara
163734,Dumesti,Alimentara
163734,Dumesti,Alimentara
49046,Rusetu,Alimentara
65431,Razvad,Lemnului
155546,Balint,Alimentara
40857,Comana,Lemnului
40857,Comana,Lemnului
40857,Comana,Lemnului
81816,Saulesti,Alimentara
171931,Otesani,Lemnului
98202,Mosna,Alimentara
98202,Mosna,Alimentara
73629,Pielesti,Textila
147358,Oras Brosteni,Lemnului
16285,Davidesti,Alimentara
8096,Oras Teius,Lemnului
139170,Turt,Mobila
130981,Oras Baicoi,Alimentara
106407,Recea,Alimentara
106407,Recea,Alimentara
106407,Recea,Alimentara
114603,Albesti,Textila
114603,Albesti,Textila
114603,Albesti,Textila
114603,Albesti,Textila
114603,Albesti,Textila
98220,Motca,Lemnului
49073,Sageata,Alimentara
32704,Budacu De Jos,Alimentara
73665,Piscu Vechi,Alimentara
40900,Cristian,ConstructiiMasini
40900,Cristian,ConstructiiMasini
81861,Scoarta,Lemnului
65477,Sotanga,Alimentara
155591,Banloc,Alimentara
16329,Dambovicioara,Lemnului
24524,Podu Turcului,Alimentara
139214,Turulung,Alimentara
122828,Garcina,ConstructiiMasini
163789,Epureni,Alimentara
98257,Movileni,Alimentara
98257,Movileni,Alimentara
98257,Movileni,Alimentara
90066,Lelese,Alimentara
171995,Pausesti,Lemnului
106461,Oras Tautii-Magheraus,ConstructiiMasini
65501,Ulmi,Lemnului
65501,Ulmi,Lemnului
8158,Unirea,Alimentara
8158,Unirea,Alimentara
8158,Unirea,Alimentara
8158,Unirea,Alimentara
40928,Dumbravita,Alimentara
40928,Dumbravita,Alimentara
40928,Dumbravita,Alimentara
57314,Catcau,Alimentara
73709,Plenita,Alimentara
16365,Darmanesti,ConstructiiMasini
16365,Darmanesti,ConstructiiMasini
16365,Darmanesti,ConstructiiMasini
139250,Urziceni,Lemnului
122864,Grinties,Lemnului
163832,Falciu,ChimicaFarmaceutica
40955,Feldioara,CalculatoareElectronica
131069,Oras Boldesti-Scaeni,Alimentara
98300,Oteleni,Alimentara
