Siruta,Localitate,Carne,Peste,LegumeFructe,Uleiuri,Lactate,Morarit,Panificatie,Populatie,Judet
32768,Budesti,,,,,,,,1961,bn
49153,Sahateni,,,,,,,,3397,bz
57350,Cojocna,0.0,0.0,0.0,0.0,100.0,0.0,0.0,4189,cj
90119,Lunca Cernii De Jos,,,,,,,,887,hd
73736,Poiana Mare,0.0,0.0,100.0,0.0,0.0,0.0,0.0,10675,dj
147465,Bunesti,0.0,0.0,0.0,0.0,0.0,0.0,100.0,2769,sv
155662,Bara,,,,,,,,323,tm
139287,Valea Vinului,,,,,,,,2001,sm
114710,Oras Ludus,3.870967741935484,0.0,0.0,0.0,0.967741935483871,0.0,99.03225806451613,17606,ms
122908,Grumazesti,0.0,0.0,0.0,0.0,0.0,0.0,100.0,5488,nt
131103,Oras Breaza,0.0,0.0,0.0,0.0,0.0,0.0,100.0,16766,ph
40991,Fundata,,,,,,,,785,bv
98337,Plugari,,,,,,,,3536,is
8229,Vadu Motilor,,,,,,,,1375,ab
16427,Dobresti,,,,,,,,1783,ag
32811,Caianu Mic,,,,,,,,4316,bn
73772,Predesti,,,,,,,,2085,dj
172082,Pausesti-Maglasi,0.0,0.0,0.0,0.0,0.0,0.0,100.0,4013,vl
49206,Sapoca,0.0,0.0,0.0,0.0,0.0,0.0,100.0,3428,bz
24631,Poduri,,,,,,,,8151,bc
163903,Gagesti,,,,,,,,2006,vs
106559,Municipiul Sighetu Marmatiei,39.166666666666664,0.0,0.0,0.0,8.333333333333332,0.0,91.66666666666666,44145,mm
139330,Vama,42.857142857142854,0.0,0.0,0.0,0.0,0.0,100.0,4095,sm
81987,Schela,,,,,,,,1733,gj
98373,Oras Podu Iloaiei,0.0,0.0,0.0,0.0,0.0,0.0,100.0,11035,is
147526,Cacica,0.0,0.0,0.0,0.0,0.0,3.669724770642202,96.3302752293578,4394,sv
16454,Domnesti,0.0,0.0,0.0,0.0,0.0,100.0,0.0,3156,ag
65609,Oras Fieni,7.6923076923076925,0.0,0.0,0.0,0.0,0.0,100.0,7652,db
122953,Hangu,,,,,,,,3947,nt
41033,Halchiu,0.0,0.0,0.0,0.0,0.0,0.0,100.0,4806,bv
155724,Beba Veche,,,,,,,,1593,tm
49233,Sarulesti,,,,,,,,1363,bz
16472,Dragoslavele,0.0,0.0,0.0,0.0,0.0,0.0,100.0,2628,ag
139358,Vetis,283100.0,0.0,0.0,0.0,0.0,0.0,100.0,5421,sm
90208,Luncoiu De Jos,inf,,,,,,,1775,hd
57449,Cornesti,,,,,,,,1382,cj
65645,Motaieni,,,,,,,,2091,db
155760,Becicherecu Mic,0.0,0.0,0.0,0.0,0.0,54.285714285714285,45.714285714285715,3166,tm
32884,Cetate,inf,,,,,,,2895,bn
114809,Municipiul Reghin,82.57575757575758,0.0,0.3787878787878788,0.0,0.0,0.0,99.62121212121212,38237,ms
16506,Draganu,0.0,0.0,0.0,0.0,0.0,0.0,100.0,1955,ag
172153,Perisani,,,,,,,,2270,vl
73852,Radovan,0.0,0.0,0.0,0.0,0.0,0.0,100.0,1344,dj
106620,Sarasau,0.0,0.0,0.0,0.0,0.0,0.0,100.0,2754,mm
163967,Gherghesti,,,,,,,,2808,vs
82047,Slivilesti,,,,,,,,3326,gj
147580,Calafindesti,,,,,,,,2982,sv
41088,Harman,0.0,0.0,0.0,0.0,0.0,81.25,18.75,6203,bv
139394,Viile Satu Mare,,,,,,,,3800,sm
98435,Popesti,0.0,0.0,0.0,0.0,0.0,0.0,100.0,5573,is
123013,Icusesti,,,,,,,,4847,nt
24711,Racova,,,,,,,,3578,bc
131210,Oras Busteni,0.0,0.0,0.0,0.0,0.0,0.0,100.0,9907,ph
65681,Oras Gaesti,0.0,0.0,3.2,0.0,0.0,0.0,96.8,15346,db
90262,Martinesti,,,,,,,,1005,hd
155797,Belint,0.0,0.0,0.0,0.0,0.0,100.0,0.0,2599,tm
41113,Harseni,0.0,0.0,100.0,0.0,0.0,0.0,0.0,2259,bv
106648,Vadu Izei,,,,,,,,2879,mm
49313,Scortoasa,,,,,,,,2823,bz
8354,Valea Lunga,,,,,,,,3138,ab
16551,Godeni,0.0,0.0,0.0,0.0,0.0,0.0,100.0,3004,ag
114854,Oras Sovata,0.0,0.0,3.125,0.0,0.0,0.0,96.875,10557,ms
65707,Gura Foii,,,,,,,,2220,db
73905,Rast,,,,,,,,3565,dj
147633,Oras Cajvana,,,,,,,,9471,sv
131256,Municipiul Campina,104.21940928270041,0.0,0.0,0.0,0.0,8.860759493670885,91.13924050632912,37574,ph
32955,Ciceu-Giurgesti,,,,,,,,1571,bn
106684,Oras Baia Sprie,484.3243243243244,0.0,0.0,0.0,0.0,0.0,100.0,17091,mm
24766,Racaciuni,inf,,,,,,,8379,bc
73923,Robanesti,0.0,0.0,0.0,0.0,0.0,76.92307692307693,23.076923076923077,2294,dj
155840,Bethausen,0.0,0.0,0.0,0.0,0.0,0.0,100.0,2803,tm
98505,Popricani,0.0,0.0,0.0,0.0,0.0,100.0,0.0,8287,is
131274,Poiana Campina,,,,,,,,5099,ph
57546,Dabaca,0.0,0.0,0.0,0.0,0.0,0.0,100.0,1445,cj
147660,Ilisesti,0.0,0.0,0.0,0.0,78.57142857142857,0.0,21.428571428571427,2907,sv
41177,Hoghiz,0.0,0.0,0.0,0.0,0.0,0.0,100.0,5225,bv
65752,Petresti,,,,,,,,5623,db
82136,Stanesti,inf,,,,,,,2231,gj
164062,Garceni,,,,,,,,2573,vs
123102,Ion Creanga,100.0,0.0,100.0,0.0,0.0,0.0,0.0,5793,nt
16613,Harsesti,,,,,,,,2286,ag
90342,Orastioara De Sus,,,,,,,,2158,hd
8425,Vidra,0.0,0.0,0.0,0.0,0.0,0.0,100.0,1658,ab
114925,Municipiul Tarnaveni,2.941176470588235,0.0,0.0,0.0,0.0,0.0,100.0,26500,ms
57582,Feleacu,0.0,0.0,0.0,0.0,94.11764705882352,0.0,5.88235294117647,3766,cj
172279,Pesceana,,,,,,,,1641,vl
33015,Chiochis,,,,,,,,2940,bn
106746,Oras Borsa,276.7857142857143,0.0,0.0,0.0,5.357142857142857,0.0,94.64285714285714,29881,mm
147713,Carlibaba,,,,,,,,1935,sv
24837,Rachitoasa,,,,,,,,4909,bc
155911,Biled,0.0,0.0,0.0,0.0,0.0,0.0,100.0,4049,tm
131336,Oras Comarnic,0.0,0.0,0.0,0.0,0.0,0.0,100.0,12480,ph
73996,Sadova,0.0,0.0,0.0,0.0,0.0,0.0,100.0,8734,dj
16659,Hartiesti,,,,,,,,2290,ag
114970,Acatari,,,,,,,,4813,ms
49439,Scutelnici,0.0,0.0,0.0,0.0,0.0,100.0,0.0,2322,bz
106782,Oras Cavnic,0.0,0.0,0.0,0.0,0.0,0.0,100.0,5255,mm
41248,Homorod,,,,,,,,2590,bv
123175,Margineni,,,,,,,,3881,nt
164133,Grivita,0.0,0.0,0.0,0.0,0.0,0.0,100.0,3680,vs
98603,Prisacani,,,,,,,,3472,is
57644,Fizesu Gherlii,,,,,,,,2677,cj
74028,Salcuta,,,,,,,,2162,dj
65841,Municipiul Moreni,0.0,0.0,0.0,0.0,3.0303030303030303,9.090909090909092,87.87878787878788,20524,db
172340,Pietrari,0.0,0.0,0.0,0.0,0.0,94.44444444444444,5.555555555555555,2954,vl
155957,Barna,,,,,,,,1567,tm
90431,Pestisu Mic,,,,,,,,1152,hd
106817,Oras Targu Lapus,0.0,0.0,3.225806451612903,0.0,3.225806451612903,0.0,93.54838709677419,13219,mm
82243,Stejari,0.0,0.0,0.0,0.0,0.0,0.0,100.0,2412,gj
41284,Jibert,0.0,0.0,0.0,0.0,100.0,0.0,0.0,2735,bv
147786,Cornu Luncii,0.0,0.0,0.0,0.0,0.0,100.0,0.0,7389,sv
49484,Siriu,,,,,,,,3233,bz
65869,Iedera,,,,,,,,3958,db
131407,Oras Mizil,3418.181818181818,0.0,0.0,0.0,0.0,0.0,100.0,16496,ph
74073,Scaesti,,,,,,,,2097,dj
98649,Probota,,,,,,,,3761,is
172377,Popesti,,,,,,,,3039,vl
123228,Moldoveni,,,,,,,,2173,nt
33122,Chiuza,,,,,,,,2223,bn
16739,Izvoru,,,,,,,,2199,ag
164197,Hoceni,,,,,,,,2839,vs
57706,Floresti,419.5121951219512,0.0,0.0,0.0,4.878048780487805,0.0,95.1219512195122,28163,cj
131443,Oras Plopeni,0.0,0.0,0.0,0.0,0.0,0.0,100.0,9081,ph
16757,Leordeni,,,,,,,,5707,ag
123255,Oniceni,,,,,,,,3730,nt
98685,Raducaneni,0.0,0.0,9.090909090909092,0.0,0.0,90.9090909090909,0.0,9248,is
74108,Seaca De Camp,,,,,,,,1856,dj
65921,Oras Pucioasa,8.98876404494382,0.0,0.0,0.0,0.0,0.0,100.0,15401,db
156035,Bogda,,,,,,,,466,tm
41346,Lisa,,,,,,,,1809,bv
115076,Adamus,,,,,,,,5611,ms
131461,Dumbravesti,,,,,,,,3703,ph
49545,Smeeni,0.0,0.0,0.0,0.0,100.0,0.0,0.0,6636,bz
82314,Stoina,,,,,,,,2315,gj
57742,Frata,0.0,0.0,0.0,0.0,0.0,0.0,100.0,4085,cj
74135,Seaca De Padure,,,,,,,,975,dj
33177,Cosbuc,,,,,,,,2034,bn
41382,Maierus,0.0,0.0,0.0,0.0,0.0,0.0,100.0,3211,bv
24999,Rosiori,0.0,0.0,0.0,0.0,0.0,100.0,0.0,2382,bc
90538,Pui,0.0,0.0,0.0,0.0,0.0,0.0,100.0,4278,hd
172457,Prundeni,0.0,0.0,0.0,0.0,0.0,0.0,100.0,4130,vl
147884,Crucea,,,,,,,,2101,sv
33202,Dumitra,0.0,0.0,0.0,0.0,0.0,0.0,100.0,5453,bn
98738,Romanesti,,,,,,,,1856,is
164277,Dimitrie Cantemir,,,,,,,,2623,vs
74171,Secu,,,,,,,,1057,dj
139704,Municipiul Zalau,3.79746835443038,0.0,9.282700421940929,0.0,7.172995780590717,0.42194092827004215,83.12236286919831,69857,sj
156106,Boldur,0.0,0.0,0.0,0.0,0.0,0.0,100.0,2322,tm
41417,Mandra,0.0,0.0,0.0,0.0,0.0,0.0,100.0,2962,bv
115147,Alunis,0.0,0.0,0.0,0.0,0.0,0.0,100.0,3174,ms
131540,Oras Sinaia,612.5,0.0,0.0,0.0,0.0,0.0,100.0,11540,ph
98774,Ruginoasa,0.0,0.0,0.0,0.0,0.0,0.0,100.0,6456,is
66009,Branesti,inf,,,,,,,4330,db
49625,Stalpu,0.0,0.0,0.0,0.0,0.0,0.0,100.0,3128,bz
82396,Telesti,,,,,,,,2758,gj
139740,Oras Cehu Silvaniei,,,,,,,,7758,sj
172509,Racovita,,,,,,,,1802,vl
33248,Feldru,0.0,0.0,0.0,0.0,0.0,34.883720930232556,65.11627906976744,7964,bn
106979,Oras Viseu De Sus,11.363636363636363,0.0,0.0,0.0,0.0,0.0,100.0,18171,mm
147937,Darmanesti,0.0,0.0,0.0,0.0,0.0,5.405405405405405,94.5945945945946,5897,sv
57831,Geaca,,,,,,,,1554,cj
123371,Pastraveni,0.0,0.0,0.0,0.0,100.0,0.0,0.0,4076,nt
49643,Tisau,,,,,,,,4601,bz
25068,Sascut,0.0,0.0,0.0,0.0,0.0,100.0,0.0,10047,bc
115183,Apold,,,,,,,,3197,ms
74224,Silistea Crucii,,,,,,,,1470,dj
164339,Iana,,,,,,,,4264,vs
156151,Brestovat,,,,,,,,696,tm
107001,Ardusat,inf,,,,,,,2764,mm
33275,Galatii Bistritei,0.0,0.0,0.0,0.0,0.0,0.0,100.0,2524,bn
131577,Oras Slanic,0.0,0.0,0.0,0.0,100.0,0.0,0.0,5941,ph
41471,Moieciu,0.0,0.0,0.0,0.0,0.0,0.0,100.0,4672,bv
82430,Oras Tismana,,,,,,,,7134,gj
74242,Sopot,,,,,,,,1745,dj
98827,Schitu Duca,,,,,,,,4116,is
16908,Leresti,0.0,0.0,0.0,0.0,0.0,0.0,100.0,4640,ag
66081,Oras Titu,0.0,0.0,0.0,0.0,0.0,0.0,100.0,10361,db
123424,Petricani,,,,,,,,6120,nt
139811,Oras Jibou,0.0,0.0,0.0,0.0,0.0,22.22222222222222,77.77777777777779,11963,sj
148006,Oras Dolhasca,0.0,0.0,0.0,0.0,0.0,0.0,100.0,11465,sv
115236,Atintis,0.0,0.0,0.0,0.0,0.0,100.0,0.0,1577,ms
90663,Rapoltu Mare,,,,,,,,1983,hd
107047,Arinis,,,,,,,,1035,mm
131620,Oras Urlati,0.49261083743842365,0.0,0.0,0.0,0.0,77.58620689655173,22.413793103448278,11634,ph
172581,Roesti,,,,,,,,2143,vl
164393,Ivanesti,0.0,0.0,0.0,0.0,0.0,66.66666666666666,33.33333333333333,4470,vs
57902,Gilau,800.0,0.0,0.0,0.0,10.0,10.0,80.0,8704,cj
16944,Lunca Corbului,,,,,,,,2702,ag
156213,Carpinis,0.0,0.0,0.0,0.0,100.0,0.0,0.0,5658,tm
33337,Ilva Mare,,,,,,,,2520,bn
25148,Sanduleni,0.0,0.0,0.0,0.0,0.0,0.0,100.0,4675,bc
41541,Ormenis,,,,,,,,2112,bv
107083,Asuaju De Sus,,,,,,,,1324,mm
74322,Teasc,,,,,,,,3059,dj
33364,Ilva Mica,,,,,,,,3499,bn
123479,Piatra Soimului,0.0,0.0,0.0,0.0,0.0,50.0,50.0,8631,nt
57948,Garbau,,,,,,,,2318,cj
156259,Cenad,0.0,0.0,0.0,0.0,0.0,0.0,100.0,4861,tm
90725,Rachitova,,,,,,,,1330,hd
98916,Scanteia,0.0,0.0,0.0,0.0,0.0,100.0,0.0,5428,is
33382,Josenii Bargaului,,,,,,,,5368,bn
49769,Topliceni,,,,,,,,4365,bz
66152,Branistea,,,,,,,,4186,db
41578,Parau,,,,,,,,2218,bv
115307,Bahnea,,,,,,,,3739,ms
139884,Oras Simleu Silvaniei,6.349206349206349,0.0,0.0,0.0,19.047619047619047,0.0,80.95238095238095,17420,sj
107118,Baita De Sub Codru,,,,,,,,1875,mm
74359,Terpezita,0.0,0.0,0.0,0.0,0.0,100.0,0.0,1556,dj
156277,Cenei,0.0,0.0,0.0,0.0,0.0,100.0,0.0,3097,tm
8826,Vintu De Jos,0.0,0.0,0.0,0.0,0.0,4.545454545454546,95.45454545454545,5475,ab
82555,Turburea,0.0,0.0,0.0,0.0,0.0,0.0,100.0,4239,gj
123521,Pipirig,,,,,,,,9054,nt
148097,Dolhesti,0.0,0.0,0.0,0.0,95.0,5.0,0.0,3837,sv
25228,Saucesti,0.0,0.0,0.0,0.0,0.0,100.0,0.0,5422,bc
107154,Baiut,0.0,0.0,0.0,0.0,0.0,0.0,100.0,2427,mm
41621,Poiana Marului,2503.846153846154,0.0,0.0,0.0,0.0,0.0,100.0,3369,bv
156311,Cheveresu Mare,0.0,0.0,0.0,0.0,0.0,0.0,100.0,2245,tm
66198,Baleni,0.0,0.0,0.0,0.0,0.0,100.0,0.0,8783,db
58008,Iara,,,,,,,,4063,cj
172698,Rosiile,,,,,,,,2521,vl
17049,Malureni,,,,,,,,4686,ag
33435,Lechinta,0.0,0.0,0.0,0.0,100.0,0.0,0.0,6254,bn
148131,Dorna-Arini,0.0,0.0,0.0,0.0,0.0,0.0,100.0,2913,sv
139937,Agrij,,,,,,,,1416,sj
74411,Teslui,,,,,,,,2312,dj
66223,Barbuletu,,,,,,,,2205,db
90805,Ribita,,,,,,,,1290,hd
98998,Scobinti,0.0,0.0,0.0,0.0,0.0,100.0,0.0,7666,is
107190,Basesti,,,,,,,,1409,mm
82617,Oras Turceni,,,,,,,,8117,gj
49849,Tintesti,0.0,0.0,0.0,100.0,0.0,0.0,0.0,4536,bz
115389,Band,0.0,0.0,0.0,0.0,7.6923076923076925,0.0,92.3076923076923,6571,ms
164543,Ivesti,,,,,,,,2777,vs
41667,Prejmer,0.0,0.0,0.0,0.0,0.0,0.0,100.0,9620,bv
156357,Oras Ciacova,0.0,0.0,0.0,0.0,0.0,0.0,100.0,5373,tm
25291,Scorteni,,,,,,,,3087,bc
139982,Almasu,,,,,,,,2147,sj
17101,Merisani,,,,,,,,4643,ag
123601,Pangarati,0.0,0.0,0.0,0.0,0.0,0.0,100.0,5504,nt
107234,Bicaz,,,,,,,,1052,mm
41701,Racos,0.0,0.0,0.0,0.0,0.0,0.0,100.0,3500,bv
49894,Ulmeni,inf,,,,,,,3156,bz
148202,Dorna Candrenilor,0.0,0.0,0.0,0.0,99.57173447537473,0.0,0.4282655246252677,3071,sv
33514,Lesu,,,,,,,,2947,bn
131817,Oras Valenii De Munte,0.0,0.0,0.0,0.0,0.0,0.6172839506172839,99.38271604938271,13628,ph
99058,Sinesti,,,,,,,,4592,is
164598,Laza,,,,,,,,3350,vs
82680,Tantareni,,,,,,,,5651,gj
131835,Gura Vitioarei,0.0,0.0,0.0,0.0,0.0,100.0,0.0,6081,ph
90878,Rau De Mori,,,,,,,,3236,hd
33541,Livezile,0.0,0.0,0.0,0.0,0.0,0.0,100.0,5101,bn
107270,Bistra,,,,,,,,4357,mm
41738,Recea,,,,,,,,3248,bv
74509,Tuglui,,,,,,,,2888,dj
172812,Runcu,,,,,,,,935,vl
25362,Secuieni,,,,,,,,2308,bc
156437,Comlosu Mare,,,,,,,,5464,tm
66330,Bezdead,,,,,,,,4560,db
123674,Podoleni,0.0,0.0,0.0,0.0,0.0,12.5,87.5,5787,nt
99101,Siretel,,,,,,,,4381,is
58142,Iclod,0.0,0.0,0.0,0.0,67.3469387755102,0.0,32.6530612244898,4362,cj
49956,Vadu Pasii,,,,,,,,9714,bz
74536,Unirea,,,,,,,,3787,dj
82733,Urdari,,,,,,,,3161,gj
107314,Barsana,0.0,0.0,0.0,0.0,100.0,0.0,0.0,4722,mm
140084,Babeni,,,,,,,,1612,sj
17209,Micesti,,,,,,,,4624,ag
131899,Adunati,,,,,,,,2082,ph
9019,Cut,,,,,,,,1269,ab
74554,Urzicuta,,,,,,,,3049,dj
156473,Costeiu,0.0,0.0,0.0,0.0,0.0,0.0,100.0,3862,tm
123709,Poienari,,,,,,,,1639,nt
115520,Batos,0.0,0.0,0.0,0.0,0.0,0.0,100.0,4257,ms
9026,Bucerdea Granoasa,0.0,0.0,0.0,0.0,0.0,0.0,100.0,2406,ab
33603,Lunca Ilvei,0.0,0.0,0.0,0.0,68.25396825396825,0.0,31.746031746031743,3337,bn
148293,Dornesti,0.0,0.0,85.71428571428571,0.0,0.0,0.0,14.285714285714285,4840,sv
164687,Lipovat,,,,,,,,4215,vs
74581,Valea Stanciului,0.0,0.0,0.0,0.0,0.0,0.0,100.0,5443,dj
33621,Maieru,0.0,0.0,0.0,0.0,0.0,0.0,100.0,8110,bn
107350,Bocicoiu Mare,0.0,0.0,0.0,0.0,21.428571428571427,0.0,78.57142857142857,4508,mm
41818,Sercaia,0.0,0.0,0.0,0.0,100.0,0.0,0.0,2924,bv
82779,Vagiulesti,,,,,,,,2568,gj
58204,Izvoru Crisului,,,,,,,,1555,cj
99165,Stolniceni-Prajescu,,,,,,,,5509,is
172894,Salatrucel,,,,,,,,2149,vl
131933,Albesti-Paleologu,0.0,0.0,0.0,0.0,0.0,0.0,100.0,5581,ph
66401,Bilciuresti,,,,,,,,1847,db
17254,Mihaesti,,,,,,,,6126,ag
50022,Valea Ramnicului,0.0,0.0,0.0,0.0,11.11111111111111,0.0,88.88888888888889,5681,bz
148328,Dragoiesti,,,,,,,,2597,sv
140146,Balan,,,,,,,,3853,sj
90994,Romos,,,,,,,,2735,hd
156534,Criciova,,,,,,,,1608,tm
115575,Bagaciu,,,,,,,,2599,ms
74616,Vela,0.0,0.0,0.0,0.0,0.0,0.0,100.0,1859,dj
33658,Matei,0.0,0.0,100.0,0.0,0.0,0.0,0.0,2621,bn
41854,Sinca,,,,,,,,3666,bv
66438,Buciumeni,,,,,,,,4530,db
99209,Strunga,,,,,,,,4449,is
107403,Bogdan Voda,0.0,0.0,0.0,0.0,0.0,0.0,100.0,3052,mm
82831,Vladimir,0.0,0.0,0.0,0.0,0.0,0.0,100.0,2784,gj
123790,Poiana Teiului,0.0,0.0,0.0,0.0,0.0,0.0,100.0,4962,nt
164749,Lunca Banului,,,,,,,,3738,vs
25488,Solont,,,,,,,,3680,bc
115600,Bala,,,,,,,,704,ms
172947,Scundu,,,,,,,,1984,vl
58259,Jucu,0.0,0.0,0.0,0.0,0.0,0.0,100.0,4319,cj
50068,Valea Salciei,,,,,,,,746,bz
131988,Alunis,,,,,,,,3398,ph
148382,Draguseni,,,,,,,,2628,sv
107430,Boiu Mare,0.0,0.0,0.0,0.0,100.0,0.0,0.0,1126,mm
132011,Apostolache,,,,,,,,2106,ph
66474,Bucsani,0.0,0.0,0.0,0.0,0.0,0.0,100.0,6933,db
91054,Sarmizegetusa,0.0,0.0,0.0,0.0,0.0,0.0,100.0,1189,hd
156589,Curtea,,,,,,,,1260,tm
25521,Stanisesti,,,,,,,,4745,bc
140208,Banisor,,,,,,,,2023,sj
115637,Balauseri,0.0,0.0,0.0,0.0,0.0,0.0,100.0,5146,ms
17334,Mioarele,,,,,,,,1601,ag
50102,Vernesti,0.0,0.0,2.803738317757009,0.0,0.0,0.0,97.19626168224299,9101,bz
33729,Magura Ilvei,,,,,,,,2177,bn
172992,Sinesti,0.0,0.0,0.0,0.0,0.0,100.0,0.0,2485,vl
41925,Sanpetru,0.0,0.0,0.0,0.0,0.0,54.54545454545454,45.45454545454545,5761,bv
58311,Luna,0.0,0.0,16.666666666666664,16.666666666666664,0.0,16.666666666666664,50.0,4687,cj
148426,Dumbraveni,680.0,0.0,0.0,0.0,0.0,40.0,60.0,9658,sv
156623,Darova,,,,,,,,3346,tm
82895,Oras Rovinari,0.0,0.0,0.0,0.0,0.0,0.0,100.0,13662,gj
74705,Verbita,,,,,,,,1283,dj
140244,Benesat,,,,,,,,1498,sj
41943,Soars,,,,,,,,2153,bv
99290,Scheia,,,,,,,,3364,is
107485,Botiza,0.0,0.0,0.0,0.0,0.0,0.0,100.0,2590,mm
66526,Candesti,0.0,0.0,40.0,0.0,0.0,20.0,40.0,2803,db
164829,Malusteni,,,,,,,,2350,vs
33765,Mariselu,,,,,,,,2574,bn
148453,Fantanele,,,,,,,,4769,sv
132075,Aricestii Rahtivani,2700.0,0.0,0.0,0.0,0.0,100.0,0.0,8128,ph
74732,Vartop,,,,,,,,1706,dj
91116,Salasu De Sus,inf,,,,,,,2307,hd
58357,Maguri-Racatau,,,,,,,,2376,cj
17398,Mirosi,,,,,,,,2368,ag
1017,Municipiul Alba Iulia,94.94949494949495,24.494949494949495,0.7575757575757576,0.0,0.7575757575757576,0.0,73.98989898989899,74283,ab
140280,Bobota,0.0,0.0,100.0,0.0,0.0,0.0,0.0,3998,sj
115708,Beica De Jos,0.0,0.0,0.0,0.0,0.0,100.0,0.0,2222,ms
107519,Budesti,0.0,0.0,0.0,0.0,0.0,0.0,100.0,3085,mm
74750,Varvoru De Jos,,,,,,,,2534,dj
156669,Denta,,,,,,,,3161,tm
173061,Slatioara,,,,,,,,3378,vl
123914,Raucesti,,,,,,,,8602,nt
17423,Moraresti,,,,,,,,1857,ag
42003,Tarlungeni,0.0,0.0,0.0,0.0,0.0,0.0,100.0,9297,bv
66580,Cobia,0.0,0.0,0.0,0.0,0.0,0.0,100.0,3060,db
58393,Manastireni,0.0,0.0,100.0,0.0,0.0,0.0,0.0,1449,cj
107546,Calinesti,,,,,,,,3160,mm
25629,Strugari,,,,,,,,2573,bc
164892,Miclesti,,,,,,,,2780,vs
148514,Forasti,inf,,,,,,,4702,sv
140324,Bocsa,,,,,,,,3476,sj
156712,Dudestii Vechi,0.0,0.0,0.0,0.0,0.0,0.0,100.0,4420,tm
99370,Sipote,0.0,0.0,0.0,0.0,100.0,0.0,0.0,5347,is
132137,Aricestii Zeletin,,,,,,,,1226,ph
9262,Municipiul Arad,130.99885189437427,0.0,7.347876004592423,0.0,2.066590126291619,5.1664753157290475,85.4190585533869,179155,ar
1071,Ciugud,inf,,,,,,,2983,ab
50228,Vintila Voda,0.0,0.0,100.0,0.0,0.0,0.0,0.0,2984,bz
33845,Micestii De Campie,0.0,0.0,0.0,0.0,100.0,0.0,0.0,1134,bn
115771,Bichis,,,,,,,,862,ms
107582,Cernesti,0.0,0.0,0.0,0.0,100.0,0.0,0.0,3671,mm
9280,Fantanele,0.0,0.0,0.0,0.0,0.0,0.0,100.0,3712,ar
123969,Razboieni,,,,,,,,2303,nt
132164,Baba Ana,,,,,,,,4147,ph
42058,Teliu,,,,,,,,4458,bv
164936,Muntenii De Jos,0.0,0.0,0.0,14.285714285714285,0.0,0.0,85.71428571428571,4273,vs
173132,Stanesti,,,,,,,,1204,vl
17496,Mosoaia,0.0,0.0,0.0,0.0,0.0,0.0,100.0,5709,ag
33881,Milas,0.0,0.0,0.0,0.0,40.0,0.0,60.0,1284,bn
140379,Buciumi,0.0,0.0,0.0,0.0,13.043478260869565,86.95652173913044,0.0,2609,sj
74842,Catane,,,,,,,,1991,dj
25692,Tamasi,0.0,0.0,0.0,0.0,0.0,0.0,100.0,3101,bc
42076,Ticusu,0.0,0.0,0.0,0.0,100.0,0.0,0.0,1076,bv
156767,Dumbrava,,,,,,,,2779,tm
58464,Margau,,,,,,,,1586,cj
91232,Santamaria-Orlea,,,,,,,,3194,hd
74859,Carcea,0.0,0.0,0.0,0.0,96.3076923076923,0.0,3.6923076923076925,2307,dj
99441,Tansa,,,,,,,,2588,is
115824,Bogata,,,,,,,,1933,ms
74867,Carna,0.0,0.0,0.0,0.0,0.0,100.0,0.0,1383,dj
9333,Livada,,,,,,,,3474,ar
42101,Ucea,1742.8571428571427,0.0,0.0,0.0,28.57142857142857,0.0,71.42857142857143,2360,bv
164981,Oras Murgeni,0.0,0.0,0.0,0.0,0.0,0.0,100.0,8297,vs
74875,Cotofenii Din Fata,,,,,,,,1972,dj
124028,Rediu,,,,,,,,5437,nt
1151,Oras Abrud,0.0,0.0,0.0,0.0,0.0,0.0,100.0,5513,ab
132226,Balta Doamnei,,,,,,,,2393,ph
74883,Dobrotesti,,,,,,,,1648,dj
156801,Oras Faget,0.0,0.0,0.0,0.0,93.93939393939394,0.0,6.0606060606060606,7583,tm
148612,Oras Frasin,,,,,,,,6635,sv
66697,Cojasca,,,,,,,,8453,db
74891,Galiciuica,,,,,,,,1365,dj
115851,Breaza,0.0,0.0,37.03703703703704,0.0,35.18518518518518,0.0,27.77777777777778,2527,ms
107662,Cicarlau,0.0,0.0,0.0,0.0,100.0,0.0,0.0,4186,mm
9360,Sofronea,0.0,0.0,0.0,0.0,0.0,0.0,100.0,2751,ar
25745,Tatarasti,,,,,,,,2485,bc
50326,Viperesti,,,,,,,,3538,bz
99478,Tatarusi,,,,,,,,5640,is
74907,Ghidici,,,,,,,,2398,dj
140440,Camar,0.0,0.0,0.0,0.0,0.0,0.0,100.0,1702,sj
33952,Monor,0.0,0.0,0.0,0.0,100.0,0.0,0.0,1421,bn
74915,Ghindeni,,,,,,,,1814,dj
58534,Marisel,,,,,,,,1571,cj
17575,Mozaceni,0.0,0.0,0.0,0.0,0.0,0.0,100.0,2142,ag
124073,Romani,,,,,,,,4306,nt
66731,Comisani,0.0,0.0,0.0,0.0,0.0,100.0,0.0,5185,db
74923,Intorsura,,,,,,,,1492,dj
42156,Ungra,,,,,,,,2284,bv
173230,Stoenesti,0.0,0.0,0.0,0.0,0.0,0.0,100.0,3479,vl
132271,Baltesti,,,,,,,,3789,ph
74931,Plesoi,,,,,,,,1343,dj
9397,Vladimirescu,0.0,0.0,0.0,0.0,0.0,0.0,100.0,12982,ar
58552,Mintiu Gherlii,,,,,,,,3831,cj
115897,Brancovenesti,0.0,0.0,0.0,0.0,0.0,0.0,100.0,4010,ms
148667,Fratautii Noi,0.0,0.0,0.0,0.0,0.0,0.0,100.0,5885,sv
83133,Municipiul Odorheiu Secuiesc,4.37956204379562,0.0,21.16788321167883,0.0,29.927007299270077,0.0,48.9051094890511,38590,hr
1213,Municipiul Aiud,15.909090909090908,0.0,0.0,2.272727272727273,11.363636363636363,34.090909090909086,52.27272727272727,26318,ab
140477,Carastelec,,,,,,,,1061,sj
107715,Campulung La Tisa,,,,,,,,2510,mm
91330,Soimus,,,,,,,,3500,hd
74949,Rojiste,,,,,,,,2441,dj
33989,Nimigea,,,,,,,,5421,bn
42183,Vama Buzaului,0.0,0.0,0.0,0.0,100.0,0.0,0.0,3547,bv
74956,Talpas,0.0,0.0,0.0,0.0,0.0,0.0,100.0,1259,dj
83151,Bradesti,0.0,0.0,0.0,0.0,100.0,0.0,0.0,2023,hr
165069,Oltenesti,,,,,,,,2713,vs
66768,Contesti,,,,,,,,4326,db
99539,Todiresti,,,,,,,,5334,is
17619,Musatesti,,,,,,,,3684,ag
107733,Copalnic-Manastur,0.0,0.0,0.0,0.0,0.0,0.0,100.0,5663,mm
124117,Oras Roznov,,,,,,,,10327,nt
148694,Fratautii Vechi,0.0,0.0,0.0,0.0,0.0,23.809523809523807,76.19047619047619,5322,sv
140501,Chiesd,0.0,0.0,0.0,0.0,0.0,0.0,100.0,2602,sj
132315,Banesti,0.0,0.0,0.0,0.0,0.0,0.0,100.0,5642,ph
50399,Valcelele,0.0,0.0,0.0,0.0,0.0,100.0,0.0,1494,bz
25825,Targu Trotus,0.0,0.0,0.0,0.0,0.0,0.0,100.0,5715,bc
50415,Zarnesti,inf,,,,,,,5076,bz
9459,Oras Chisineu-Cris,0.0,0.0,0.0,0.0,0.0,0.0,100.0,8437,ar
132342,Bertea,,,,,,,,3183,ph
115959,Ceuasu De Campie,0.0,0.0,0.0,0.0,0.0,0.0,100.0,6097,ms
124153,Sagna,,,,,,,,5336,nt
148729,Frumosu,0.0,0.0,0.0,0.0,0.0,0.0,100.0,3496,sv
42236,Vistea,0.0,0.0,0.0,0.0,0.0,0.0,100.0,2221,bv
83197,Feliceni,,,,,,,,3335,hr
156927,Fardea,,,,,,,,1743,tm
58623,Mociu,,,,,,,,3336,cj
140547,Cizer,0.0,0.0,0.0,0.0,0.0,0.0,100.0,2236,sj
25861,Traian,inf,,,,,,,3170,bc
165130,Osesti,,,,,,,,3444,vs
99600,Trifesti,0.0,0.0,0.0,0.0,0.0,100.0,0.0,4010,is
9495,Oras Curtici,0.0,0.0,88.67924528301887,0.0,0.0,0.0,11.320754716981133,8716,ar
132379,Boldesti-Gradistea,,,,,,,,1774,ph
34075,Nuseni,0.0,0.0,0.0,0.0,0.0,100.0,0.0,2857,bn
148765,Fundu Moldovei,0.0,0.0,0.0,0.0,100.0,0.0,0.0,4050,sv
140583,Coseiu,,,,,,,,1178,sj
66857,Corbii Mari,0.0,0.0,0.0,0.0,0.0,0.0,100.0,8067,db
50479,Ziduri,0.0,0.0,0.0,50.0,0.0,50.0,0.0,4427,bz
124206,Sabaoani,0.0,0.0,0.0,0.0,0.0,0.0,100.0,11902,nt
91447,Tomesti,,,,,,,,1042,hd
132404,Brebu,0.0,0.0,0.0,0.0,12.5,0.0,87.5,7156,ph
173374,Stoilesti,,,,,,,,3821,vl
17726,Negrasi,,,,,,,,2047,ag
9538,Oras Ineu,0.0,0.0,0.0,0.0,0.0,0.0,100.0,9581,ar
42307,Voila,,,,,,,,3152,bv
165185,Padureni,,,,,,,,4071,vs
1348,Municipiul Blaj,55.66502463054187,0.0,0.0,0.0,31.527093596059114,1.9704433497536946,66.50246305418719,20994,ab
124233,Secuieni,,,,,,,,3242,nt
25932,Ungureni,,,,,,,,3918,bc
157004,Foeni,,,,,,,,1802,tm
116046,Chetani,,,,,,,,2623,ms
140627,Crasna,0.0,0.0,0.0,0.0,0.0,100.0,0.0,6722,sj
99673,Tibana,,,,,,,,8177,is
75098,Municipiul Galati,9.501738122827346,0.0,0.0,33.1981460023175,10.602549246813442,3.0127462340672073,53.18655851680185,304610,gl
107868,Coroieni,0.0,0.0,0.0,0.0,0.0,0.0,100.0,2398,mm
58721,Moldovenesti,,,,,,,,3228,cj
157031,Gavojdia,,,,,,,,2954,tm
9574,Oras Lipova,0.0,0.0,0.0,0.0,0.0,0.0,100.0,11396,ar
132459,Calugareni,,,,,,,,1207,ph
17771,Nucsoara,,,,,,,,1446,ag
34155,Parva,,,,,,,,2594,bn
75114,Sendreni,0.0,0.0,0.0,0.0,0.0,0.0,100.0,4527,gl
50549,Unguriu,,,,,,,,2303,bz
83320,Municipiul Miercurea Ciuc,11.194029850746269,0.0,0.3731343283582089,0.0,25.37313432835821,0.18656716417910446,74.06716417910447,42130,hr
34173,Petru Rares,,,,,,,,3823,bn
140672,Creaca,,,,,,,,2783,sj
50564,Florica,,,,,,,,1351,bz
132486,Carbunesti,,,,,,,,1741,ph
66955,Cornatelu,,,,,,,,1426,db
148872,Galanesti,0.0,0.0,0.0,0.0,100.0,0.0,0.0,2851,sv
91535,Toplita,,,,,,,,770,hd
75150,Vanatori,141.73913043478262,0.0,0.0,0.0,0.0,1.7391304347826086,98.26086956521739,5630,gl
107920,Cupseni,0.0,0.0,0.0,0.0,0.0,0.0,100.0,3489,mm
165274,Perieni,,,,,,,,3749,vs
9627,Oras Nadlac,0.0,0.0,0.0,0.0,0.0,100.0,0.0,8002,ar
132510,Ceptura,94.64285714285714,0.0,75.0,0.0,0.0,25.0,0.0,4646,ph
157086,Oras Gataia,2035.7142857142858,0.0,0.0,0.0,0.0,0.0,100.0,6496,tm
42398,Vulcan,,,,,,,,5007,bv
116126,Chiheru De Jos,,,,,,,,1568,ms
17824,Oarja,inf,,,,,,,2835,ag
58794,Palatca,,,,,,,,1124,cj
124331,Stanita,,,,,,,,2191,nt
26029,Urechesti,,,,,,,,3766,bc
83375,Pauleni-Ciuc,,,,,,,,1922,hr
1455,Oras Campeni,8.771929824561402,0.0,0.0,0.0,0.0,0.0,100.0,7629,ab
9654,Oras Pancota,0.0,0.9302325581395349,0.0,0.0,1.8604651162790697,0.0,97.20930232558139,8126,ar
148916,Gramesti,0.0,0.0,0.0,0.0,0.0,0.0,100.0,2992,sv
17851,Pietrosani,0.0,0.0,0.0,0.0,0.0,0.0,100.0,5670,ag
34235,Prundu Bargaului,,,,,,,,6455,bn
75203,Municipiul Tecuci,13.309352517985612,0.0,0.3597122302158274,1.079136690647482,5.755395683453238,4.316546762589928,88.48920863309353,45487,gl
99780,Tibanesti,,,,,,,,8305,is
107975,Desesti,0.0,0.0,12.5,0.0,0.0,0.0,87.5,2371,mm
67014,Cornesti,0.0,0.0,0.0,0.0,0.0,0.0,100.0,6266,db
116171,Coroisanmartin,,,,,,,,1519,ms
42449,Sinca Noua,,,,,,,,1596,bv
75221,Draganesti,0.0,0.0,0.0,100.0,0.0,0.0,0.0,6608,gl
34262,Rebra,0.0,0.0,0.0,0.0,0.0,0.0,100.0,2769,bn
42456,Crizbav,,,,,,,,2790,bv
9690,Oras Sebis,8.695652173913043,0.0,0.0,0.0,0.0,0.0,100.0,6445,ar
165336,Poienesti,,,,,,,,2935,vs
132574,Cerasu,,,,,,,,4645,ph
173533,Stroesti,inf,,,,,,,2761,vl
42464,Sambata De Sus,0.0,0.0,0.0,0.0,0.0,0.0,100.0,1527,bv
140770,Cristolt,0.0,0.0,0.0,0.0,0.0,0.0,100.0,1254,sj
26083,Valea Seaca,,,,,,,,4339,bc
83428,Oras Baile Tusnad,0.0,0.0,0.0,0.0,0.0,0.0,100.0,1684,hr
34280,Rebrisoara,0.0,0.0,0.0,0.0,100.0,0.0,0.0,4968,bn
42472,Holbav,,,,,,,,1428,bv
58856,Panticeu,,,,,,,,1733,cj
148970,Granicesti,,,,,,,,5643,sv
91624,Totesti,,,,,,,,1906,hd
42480,Dragus,0.0,0.0,72.72727272727273,0.0,27.27272727272727,0.0,0.0,1102,bv
108017,Oras Dragomiresti,0.0,0.0,0.0,0.0,0.0,0.0,100.0,3262,mm
17913,Poienarii De Arges,,,,,,,,999,ag
124411,Stefan Cel Mare,0.0,0.0,0.0,0.0,0.0,100.0,0.0,3127,nt
75258,Munteni,0.0,0.0,0.0,0.0,0.0,100.0,0.0,7787,gl
116224,Cozma,,,,,,,,537,ms
42498,Augustin,,,,,,,,2023,bv
108035,Dumbravita,0.0,0.0,0.0,0.0,0.0,0.0,100.0,4331,mm
26118,Vultureni,0.0,0.0,0.0,0.0,0.0,100.0,0.0,2101,bc
83464,Oras Balan,68.51851851851852,0.0,0.0,0.0,0.0,0.0,100.0,7931,hr
157193,Ghizela,,,,,,,,1179,tm
9743,Almas,0.0,0.0,0.0,0.0,100.0,0.0,0.0,2625,ar
140823,Criseni,inf,,,,,,,3053,sj
34333,Rodna,0.0,0.0,0.0,0.0,0.0,0.0,100.0,6449,bn
173597,Sutesti,,,,,,,,2171,vl
83491,Oras Borsec,0.0,0.0,0.0,0.0,0.0,0.0,100.0,2772,hr
58918,Petrestii De Jos,0.0,0.0,0.0,0.0,0.0,0.0,100.0,1541,cj
99879,Tiganasi,,,,,,,,4809,is
132645,Chiojdeanca,,,,,,,,1591,ph
91688,Turdas,,,,,,,,2098,hd
165416,Pogana,,,,,,,,3339,vs
17968,Poienarii De Muscel,,,,,,,,3411,ag
67121,Costestii Din Vale,,,,,,,,3545,db
34360,Romuli,0.0,0.0,0.0,0.0,0.0,0.0,100.0,1798,bn
149049,Horodniceni,0.0,0.0,0.0,0.0,76.5625,0.0,23.4375,3686,sv
157246,Giarmata,0.0,0.0,0.0,0.0,0.0,0.0,100.0,7222,tm
116288,Craciunesti,,,,,,,,4355,ms
83525,Oras Cristuru Secuiesc,87.2340425531915,0.0,0.0,0.0,72.3404255319149,0.0,27.659574468085108,10801,hr
9798,Apateu,0.0,0.0,0.0,0.0,0.0,0.0,100.0,3431,ar
140869,Cuzaplac,,,,,,,,1713,sj
75338,Oras Beresti,0.0,0.0,0.0,0.0,0.0,100.0,0.0,3404,gl
108106,Farcasa,0.0,0.0,0.0,0.0,0.0,80.0,20.0,3920,mm
132681,Ciorani,0.0,0.0,0.0,0.0,71.42857142857143,28.57142857142857,0.0,6751,ph
124493,Tarcau,,,,,,,,3493,nt
91731,General Berthelot,,,,,,,,918,hd
99922,Tutora,,,,,,,,2153,is
157273,Giera,0.0,0.0,0.0,0.0,0.0,0.0,100.0,1459,tm
165470,Puiesti,,,,,,,,4966,vs
34397,Salva,,,,,,,,2831,bn
75356,Beresti-Meria,,,,,,,,3846,gl
67167,Crangurile,,,,,,,,3445,db
50790,Municipiul Resita,145.42936288088643,0.0,0.8310249307479225,0.0,0.0,0.0,99.16897506925207,88613,cs
9832,Archis,0.0,0.0,0.0,0.0,0.0,0.0,100.0,1545,ar
83561,Municipiul Gheorgheni,112.5,0.0,0.6944444444444444,0.0,0.0,0.0,99.30555555555556,20031,hr
18028,Poiana Lacului,0.0,0.0,0.0,0.0,0.0,5.88235294117647,94.11764705882352,6515,ag
58990,Ploscos,0.0,0.0,0.0,0.0,0.0,0.0,100.0,690,cj
132716,Cocorastii Mislii,0.0,0.0,0.0,0.0,0.0,0.0,100.0,3379,ph
149101,Horodnic De Jos,704.0,0.0,0.0,0.0,100.0,0.0,0.0,2458,sv
173686,Sirineasa,,,,,,,,2360,vl
116340,Craiesti,,,,,,,,907,ms
34422,Silivasu De Campie,,,,,,,,1015,bn
108151,Giulesti,0.0,0.0,0.0,0.0,40.0,0.0,60.0,3212,mm
99968,Valea Seaca,0.0,0.0,0.0,0.0,0.0,100.0,0.0,6176,is
157317,Giulvaz,inf,,,,,,,3217,tm
149138,Iacobeni,0.0,0.0,0.0,0.0,0.0,0.0,100.0,2153,sv
91795,Vata De Jos,0.0,0.0,0.0,0.0,0.0,0.0,100.0,3626,hd
124563,Tasca,,,,,,,,2622,nt
132752,Colceag,,,,,,,,4785,ph
140958,Dobrin,0.0,0.0,0.0,0.0,0.0,0.0,100.0,1677,sj
9887,Bata,,,,,,,,1059,ar
1696,Oras Cugir,8892.307692307691,0.0,0.0,0.0,0.0,0.0,100.0,26768,ab
59041,Poieni,0.0,0.0,0.0,0.0,0.0,0.0,100.0,5052,cj
100004,Victoria,,,,,,,,4534,is
116395,Cucerdea,0.0,0.0,0.0,0.0,0.0,0.0,100.0,1414,ms
34477,Sanmihaiu De Campie,,,,,,,,1420,bn
108204,Ieud,0.0,0.0,0.0,0.0,0.0,0.0,100.0,4396,mm
157362,Jamu Mare,,,,,,,,3082,tm
26289,Zemes,0.0,0.0,0.0,0.0,0.0,0.0,100.0,4927,bc
83632,Municipiul Toplita,71.42857142857143,0.0,0.0,0.0,0.0,0.0,100.0,16042,hr
173748,Stefanesti,0.0,0.0,0.0,0.0,0.0,100.0,0.0,3266,vl
67256,Darmanesti,0.0,0.0,0.0,0.0,0.0,100.0,0.0,4888,db
42682,Municipiul Braila,19.565217391304348,0.0,7.246376811594203,0.0,7.971014492753622,5.434782608695652,79.34782608695652,210699,br
149183,Izvoarele Sucevei,,,,,,,,2235,sv
108222,Lapus,,,,,,,,3704,mm
132805,Cornu,0.0,0.0,0.0,0.0,0.0,0.0,100.0,4288,ph
50889,Oras Anina,0.0,0.0,0.0,0.0,0.0,0.0,100.0,9343,cs
124616,Tazlau,,,,,,,,2812,nt
9930,Beliu,,,,,,,,3025,ar
26320,Sarata,0.0,0.0,0.0,0.0,0.0,0.0,100.0,2225,bc
75472,Oras Targu Bujor,,,,,,,,7395,gl
108240,Leordina,,,,,,,,2435,mm
42708,Chiscani,0.0,0.0,0.0,0.0,0.0,4.938271604938271,95.06172839506173,5793,br
116439,Cuci,,,,,,,,1983,ms
124634,Tamaseni,0.0,0.0,0.0,0.0,0.0,0.0,100.0,9928,nt
67292,Dobra,,,,,,,,3632,db
141027,Dragu,,,,,,,,1354,sj
26338,Buciumi,,,,,,,,3242,bc
173793,Susani,0.0,0.0,0.0,0.0,0.0,0.0,100.0,3222,vl
149227,Oras Liteni,0.0,0.0,0.0,0.0,25.0,75.0,0.0,10359,sv
165611,Pungesti,,,,,,,,3374,vs
26346,Gioseni,,,,,,,,4203,bc
50923,Oras Baile Herculane,,,,,,,,5167,cs
132841,Cosminele,,,,,,,,1025,ph
108268,Miresu Mare,,,,,,,,4813,mm
26353,Odobesti,,,,,,,,2459,bc
18162,Popesti,,,,,,,,2014,ag
157424,Jebel,,,,,,,,3595,tm
34547,Spermezeu,,,,,,,,3775,bn
124661,Timisesti,300.0,0.0,0.0,0.0,0.0,100.0,0.0,4104,nt
100086,Vanatori,0.0,0.0,0.0,0.0,0.0,100.0,0.0,4705,is
26361,Prajesti,,,,,,,,2335,bc
59130,Recea-Cristur,,,,,,,,1380,cj
75515,Barcea,0.0,0.0,0.0,0.0,0.0,25.0,75.0,6462,gl
67327,Dragodana,0.0,0.0,0.0,0.0,0.0,0.0,100.0,6703,db
42753,Oras Faurei,0.0,0.0,0.0,0.0,14.285714285714285,0.0,85.71428571428571,4076,br
1794,Oras Ocna Mures,1.7543859649122806,0.0,0.0,0.0,0.0,46.49122807017544,53.50877192982456,14641,ab
157451,Lenauheim,,,,,,,,6382,tm
26379,Itesti,,,,,,,,1499,bc
116493,Danes,,,,,,,,5706,ms
42771,Surdila-Greci,,,,,,,,1519,br
10006,Birchis,0.0,0.0,0.0,0.0,0.0,0.0,100.0,1889,ar
75542,Balabanesti,,,,,,,,2064,gl
50969,Oras Bocsa,775.0,0.0,0.0,0.0,0.0,0.0,100.0,19160,cs
141081,Fildu De Jos,,,,,,,,1372,sj
173855,Tetoiu,,,,,,,,2464,vl
91937,Valisoara,,,,,,,,1210,hd
132896,Drajna,,,,,,,,5416,ph
83749,Oras Vlahita,0.0,0.0,0.0,0.0,13.636363636363635,0.0,86.36363636363636,7649,hr
149290,Marginea,0.0,0.0,0.0,0.0,0.0,0.0,100.0,11061,sv
50987,Ocna De Fier,,,,,,,,724,cs
124723,Trifesti,inf,,,,,,,5063,nt
100148,Vladeni,,,,,,,,4432,is
34618,Sant,,,,,,,,3509,bn
157497,Liebling,464.28571428571433,0.0,0.0,0.0,0.0,100.0,0.0,4075,tm
108348,Moisei,0.0,0.0,0.0,5.555555555555555,0.0,0.0,94.44444444444444,9295,mm
116545,Deda,,,,,,,,4348,ms
18242,Priboieni,,,,,,,,3532,ag
51010,Municipiul Caransebes,12.962962962962962,0.0,0.0,0.0,0.0,0.0,100.0,30527,cs
10051,Barsa,,,,,,,,1834,ar
149316,Malini,0.0,0.0,0.0,0.0,90.0,0.0,10.0,7842,sv
42824,Baraganul,,,,,,,,3194,br
83785,Atid,0.0,0.0,0.0,0.0,0.0,0.0,100.0,3075,hr
141134,Galgau,0.0,0.0,0.0,0.0,0.0,0.0,100.0,2426,sj
67407,Dragomiresti,,,,,,,,8785,db
91982,Vetel,,,,,,,,2849,hd
108366,Oarta De Jos,,,,,,,,1183,mm
124750,Tupilati,,,,,,,,2195,nt
1874,Municipiul Sebes,0.36429872495446264,0.0,0.546448087431694,0.0,85.61020036429873,0.0,13.843351548269581,32552,ab
34645,Sieu,,,,,,,,2994,bn
165719,Rebricea,,,,,,,,3760,vs
157530,Lovrin,0.0,0.0,0.0,100.0,0.0,0.0,0.0,4230,tm
42842,Bertestii De Jos,,,,,,,,3118,br
75613,Balasesti,,,,,,,,2350,gl
59238,Risca,,,,,,,,1494,cj
173935,Tomsani,0.0,0.0,0.0,0.0,0.0,0.0,100.0,3733,vl
116590,Eremitu,,,,,,,,4097,ms
51056,Oras Moldova Noua,29.629629629629626,0.0,0.0,0.0,0.0,0.0,100.0,13560,cs
108400,Ocna Sugatag,212.5,0.0,0.0,0.0,100.0,0.0,0.0,4186,mm
10104,Barzava,,,,,,,,2543,ar
149370,Manastirea Humorului,,,,,,,,3732,sv
100219,Voinesti,,,,,,,,8096,is
34690,Sieu-Magherus,0.0,0.0,0.0,0.0,0.0,100.0,0.0,4537,bn
124803,Tibucani,,,,,,,,4124,nt
83847,Avramesti,0.0,0.0,100.0,0.0,0.0,0.0,0.0,2785,hr
67470,Finta,,,,,,,,4149,db
1936,Oras Zlatna,0.0,0.0,0.0,0.0,0.0,0.0,100.0,7974,ab
59283,Sacuieu,0.0,0.0,0.0,0.0,0.0,0.0,100.0,1494,cj
157585,Margina,,,,,,,,2285,tm
75668,Baleni,,,,,,,,2441,gl
133018,Draganesti,0.0,0.0,0.0,0.0,50.0,50.0,0.0,4877,ph
18331,Ratesti,,,,,,,,3064,ag
42913,Bordei Verde,,,,,,,,2696,br
149414,Moara,0.0,0.0,0.0,0.0,0.0,0.0,100.0,5546,sv
108455,Petrova,0.0,0.0,0.0,0.0,0.0,0.0,100.0,2495,mm
75686,Baneasa,,,,,,,,2149,gl
116652,Ernei,0.0,0.0,0.0,0.0,0.0,0.0,100.0,5970,ms
51118,Oras Oravita,3.225806451612903,0.0,0.0,0.0,44.086021505376344,0.0,55.91397849462365,13361,cs
100273,Bals,,,,,,,,3650,is
124849,Urecheni,0.0,0.0,0.0,0.0,100.0,0.0,0.0,4150,nt
141232,Garbou,,,,,,,,2163,sj
108473,Poienile De Sub Munte,0.0,0.0,0.0,0.0,0.0,0.0,100.0,10261,mm
100282,Costesti,,,,,,,,1831,is
165817,Rosiesti,,,,,,,,3269,vs
75711,Branistea,,,,,,,,4363,gl
59327,Savadisla,0.0,0.0,0.0,0.0,0.0,0.0,100.0,4176,cj
92097,Vorta,,,,,,,,793,hd
67522,Glodeni,,,,,,,,4356,db
26564,Municipiul Oradea,40.88888888888889,0.0,0.0,0.33333333333333337,0.2222222222222222,1.5555555555555556,97.88888888888889,222850,bh
174021,Vaideeni,0.0,0.0,50.0,0.0,0.0,0.0,50.0,3988,vl
108491,Remetea Chioarului,,,,,,,,2878,mm
34770,Sieu-Odorhei,,,,,,,,2367,bn
10195,Bocsig,,,,,,,,3396,ar
124885,Valea Ursului,,,,,,,,4282,nt
100308,Draguseni,0.0,0.0,0.0,0.0,0.0,100.0,0.0,1513,is
26582,Sanmartin,0.0,0.0,0.0,3.9215686274509802,3.9215686274509802,0.0,92.15686274509804,10814,bh
42968,Ciocile,,,,,,,,2630,br
100317,Fantanele,,,,,,,,2108,is
133090,Dumbrava,,,,,,,,4474,ph
83936,Bilbor,,,,,,,,2678,hr
100326,Harmanesti,0.0,0.0,0.0,0.0,100.0,0.0,0.0,2496,is
18411,Recea,0.0,0.0,0.0,0.0,0.0,0.0,100.0,2769,ag
100335,Rachiteni,inf,,,,,,,3439,is
157683,Masloc,0.0,0.0,0.0,0.0,100.0,0.0,0.0,2476,tm
116723,Faragau,0.0,0.0,0.0,0.0,100.0,0.0,0.0,1738,ms
75766,Brahasesti,,,,,,,,9812,gl
100344,Roscani,,,,,,,,1559,is
83963,Capalnita,,,,,,,,2125,hr
149502,Moldova-Sulita,,,,,,,,2075,sv
10239,Brazii,,,,,,,,1226,ar
100353,Valea Lupului,0.0,0.0,0.0,0.0,0.0,0.0,100.0,6467,is
141312,Halmasd,,,,,,,,2427,sj
51207,Oras Otelu Rosu,2.7777777777777777,0.0,0.0,0.0,0.0,0.0,100.0,12695,cs
174085,Valea Mare,,,,,,,,2616,vl
108552,Remeti,,,,,,,,3217,mm
165899,Solesti,,,,,,,,3837,vs
67595,Gura Ocnitei,0.0,0.0,0.0,0.0,0.0,0.0,100.0,7312,db
43019,Ciresu,0.0,0.0,0.0,0.0,80.0,20.0,0.0,3088,br
100362,Ciohorani,,,,,,,,2026,is
124938,Alexandru Cel Bun,,,,,,,,6040,nt
83981,Ciucsangeorgiu,0.0,0.0,50.0,0.0,0.0,0.0,50.0,5028,hr
92177,Zam,0.0,0.0,0.0,0.0,0.0,0.0,100.0,1680,hd
59416,Sic,0.0,0.0,0.0,0.0,0.0,5.555555555555555,94.44444444444444,2405,cj
26653,Santandrei,0.0,0.0,0.0,0.0,0.0,38.88888888888889,61.111111111111114,5726,bh
149539,Moldovita,0.0,0.0,0.0,0.0,0.0,0.0,100.0,5261,sv
34850,Sieut,0.0,0.0,0.0,0.0,0.0,0.0,100.0,2651,bn
59434,Sancraiu,,,,,,,,1572,cj
75819,Buciumeni,,,,,,,,2551,gl
157736,Manastiur,,,,,,,,1731,tm
18475,Rociu,,,,,,,,2504,ag
51243,Armenis,,,,,,,,2433,cs
133161,Filipestii De Padure,697.452229299363,0.0,92.99363057324841,0.0,0.0,0.0,7.006369426751593,10541,ph
10293,Buteni,0.0,0.0,0.0,0.0,0.0,0.0,100.0,3407,ar
108598,Repedea,,,,,,,,4962,mm
116796,Fantanele,0.0,100.0,0.0,0.0,0.0,0.0,0.0,4971,ms
43073,Dudesti,,,,,,,,3735,br
67648,Gura Sutii,,,,,,,,5395,db
141376,Hereclean,0.0,0.0,0.0,0.0,0.0,0.0,100.0,3809,sj
108614,Rona De Jos,,,,,,,,2044,mm
26699,Oras Alesd,11.538461538461538,0.0,15.384615384615385,0.0,0.0,0.0,84.61538461538461,11293,bh
174156,Vladesti,0.0,0.0,0.0,0.0,0.0,0.0,100.0,3123,vl
2130,Albac,,,,,,,,2126,ab
149584,Musenita,,,,,,,,1892,sv
34903,Sintereag,0.0,0.0,0.0,0.0,0.0,0.0,100.0,3674,bn
157781,Moravita,,,,,,,,2709,tm
75864,Cavadinesti,,,,,,,,3048,gl
108632,Rona De Sus,0.0,0.0,0.0,0.0,0.0,0.0,100.0,4610,mm
125016,Vanatori-Neamt,,,,,,,,8724,nt
165979,Stanilesti,,,,,,,,5578,vs
67675,Hulubesti,0.0,0.0,0.0,0.0,0.0,0.0,100.0,3238,db
133214,Filipestii De Targ,inf,,,,,,,8329,ph
18527,Rucar,300.0,0.0,0.0,0.0,0.0,10.0,90.0,6048,ag
51305,Bania,0.0,0.0,0.0,0.0,0.0,0.0,100.0,1748,cs
10346,Carand,,,,,,,,1160,ar
59498,Sanmartin,,,,,,,,1384,cj
43117,Frecatei,,,,,,,,1417,br
26742,Astileu,0.0,0.0,100.0,0.0,0.0,0.0,0.0,3721,bh
84086,Ciumani,,,,,,,,4441,hr
18554,Salatrucu,,,,,,,,2227,ag
108669,Rozavlea,0.0,0.0,0.0,0.0,0.0,0.0,100.0,3199,mm
116867,Galesti,0.0,0.0,0.0,0.0,0.0,0.0,100.0,2615,ms
51332,Bautar,,,,,,,,2573,cs
125061,Zanesti,,,,,,,,6143,nt
10373,Cermei,,,,,,,,2740,ar
141447,Hida,0.0,0.0,0.0,0.0,0.0,0.0,100.0,2736,sj
84102,Carta,,,,,,,,2779,hr
157834,Mosnita Noua,4.25531914893617,0.0,0.0,0.0,0.0,0.0,100.0,7518,tm
174218,Voicesti,0.0,0.0,0.0,0.0,100.0,0.0,0.0,1576,vl
75917,Certesti,,,,,,,,2402,gl
18581,Sapata,0.0,0.0,0.0,0.0,0.0,0.0,100.0,1626,ag
149655,Ostra,,,,,,,,3176,sv
67737,I. L. Caragiale,0.0,0.0,0.0,0.0,0.0,0.0,100.0,6810,db
108696,Ruscova,0.0,0.0,0.0,0.0,0.0,0.0,100.0,5622,mm
133278,Fantanele,0.0,0.0,0.0,0.0,0.0,0.0,100.0,2041,ph
100521,Municipiul Giurgiu,0.0,0.0,0.0,7.5,40.0,1.5,51.0,69105,gr
34985,Teaca,0.0,0.0,0.0,0.0,100.0,0.0,0.0,5883,bn
108712,Satulung,0.0,0.0,0.0,0.0,100.0,0.0,0.0,5929,mm
125098,Dochia,,,,,,,,2557,nt
166057,Stefan Cel Mare,,,,,,,,3505,vs
43180,Galbenu,0.0,0.0,0.0,0.0,100.0,0.0,0.0,3167,br
174254,Voineasa,0.0,0.0,0.0,0.0,0.0,0.0,100.0,1566,vl
75953,Corod,0.0,0.0,0.0,60.0,0.0,40.0,0.0,7747,gl
125105,Ruginoasa,,,,,,,,1916,nt
149682,Panaci,,,,,,,,2294,sv
10417,Chisindia,,,,,,,,1317,ar
26804,Municipiul Beius,0.0,0.0,3.8461538461538463,0.0,0.0,0.0,96.15384615384616,11477,bh
84148,Corbu,0.0,0.0,0.0,0.0,0.0,0.0,100.0,1482,hr
51387,Berliste,,,,,,,,1258,cs
125114,Ghindaoani,,,,,,,,2060,nt
67773,Lucieni,0.0,0.0,0.0,0.0,0.0,0.0,100.0,3011,db
59586,Sanpaul,0.0,0.0,0.0,0.0,16.666666666666664,0.0,83.33333333333334,2273,cj
125123,Valeni,0.0,0.0,0.0,0.0,0.0,100.0,0.0,1537,nt
100549,Slobozia,,,,,,,,2379,gr
157898,Nadrag,,,,,,,,2923,tm
116938,Ganesti,0.0,0.0,0.0,0.0,0.0,0.0,100.0,3641,ms
125132,Draganesti,,,,,,,,1557,nt
84175,Corund,0.0,0.0,0.0,0.0,0.0,0.0,100.0,6514,hr
133330,Floresti,0.0,0.0,0.0,0.0,0.0,33.33333333333333,66.66666666666666,7894,ph
174290,Zatreni,,,,,,,,2326,vl
125141,Pancesti,,,,,,,,1540,nt
10453,Conop,,,,,,,,2280,ar
26840,Oras Stei,0.0,0.0,0.0,0.0,0.0,0.0,100.0,7434,bh
141535,Horoatu Crasnei,,,,,,,,2601,sj
125150,Gadinti,,,,,,,,2487,nt
100576,Oras Buftea,205.1502145922747,0.0,0.0,0.0,0.0,30.472103004291846,69.52789699570815,22133,if
157923,Nitchidorf,0.0,0.0,0.0,0.0,0.0,0.0,100.0,1679,tm
76004,Corni,,,,,,,,2242,gl
43242,Gemenele,,,,,,,,1838,br
18670,Schitu Golesti,,,,,,,,5075,ag
35054,Telciu,0.0,0.0,0.0,0.0,0.0,0.0,100.0,6120,bn
125169,Negresti,,,,,,,,1859,nt
116983,Gheorghe Doja,0.0,0.0,0.0,0.0,0.0,9.090909090909092,90.9090909090909,2910,ms
51449,Berzasca,,,,,,,,2772,cs
67835,Ludesti,,,,,,,,5151,db
108794,Sacalaseni,,,,,,,,2292,mm
125178,Boghicea,,,,,,,,2638,nt
149753,Paltinoasa,0.0,0.0,0.0,0.0,0.0,0.0,100.0,6019,sv
166137,Suletea,0.0,0.0,0.0,100.0,0.0,0.0,0.0,2379,vs
26877,Municipiul Marghita,0.0,0.0,0.0,0.0,0.0,0.0,100.0,18252,bh
100610,Municipiul Oltenita,0.0,0.0,0.8064516129032258,0.0,1.6129032258064515,40.32258064516129,57.25806451612904,28334,cl
2309,Almasu Mare,,,,,,,,1287,ab
59657,Suatu,,,,,,,,1668,cj
76040,Cosmesti,,,,,,,,6749,gl
84237,Danesti,0.0,0.0,0.0,0.0,0.0,0.0,100.0,2217,hr
141580,Ileanda,0.0,0.0,0.0,0.0,0.0,0.0,100.0,2432,sj
43279,Gradistea,,,,,,,,2228,br
133394,Fulga,0.0,0.0,0.0,0.0,83.33333333333334,0.0,16.666666666666664,3266,ph
10514,Covasint,,,,,,,,2721,ar
35090,Tiha Bargaului,,,,,,,,6644,bn
157969,Ohaba Lunga,,,,,,,,1018,tm
149780,Partestii De Jos,,,,,,,,2797,sv
100638,Mitreni,0.0,0.0,0.0,0.0,0.0,100.0,0.0,4211,cl
10532,Craiva,0.0,0.0,0.0,0.0,0.0,0.0,100.0,2897,ar
166182,Tanacu,,,,,,,,2078,vs
26920,Oras Nucet,inf,,,,,,,2131,bh
84264,Dealu,0.0,0.0,0.0,0.0,0.0,0.0,100.0,4106,hr
51500,Berzovia,inf,,,,,,,3940,cs
59693,Tritenii De Jos,0.0,0.0,0.0,0.0,0.0,100.0,0.0,4699,cj
43313,Gropeni,,,,,,,,3415,br
117042,Ghindari,,,,,,,,3391,ms
18741,Slobozia,,,,,,,,4773,ag
133429,Gherghita,,,,,,,,1999,ph
158010,Ortisoara,0.0,0.0,0.0,0.0,0.0,0.0,100.0,4593,tm
43331,Oras Ianca,430.37974683544303,0.0,0.0,0.0,0.0,0.0,100.0,11089,br
67906,Lunguletu,0.0,0.0,0.0,0.0,0.0,38.46153846153847,61.53846153846154,5513,db
100683,Municipiul Urziceni,467.3469387755102,0.0,0.0,2.0408163265306123,0.0,0.0,97.95918367346938,17501,il
108874,Sacel,0.0,0.0,0.0,0.0,0.0,0.0,100.0,3487,mm
149833,Patrauti,,,,,,,,5381,sv
2381,Arieseni,,,,,,,,1722,ab
76111,Costache Negri,,,,,,,,2758,gl
35152,Tarlisua,,,,,,,,3475,bn
149851,Poiana Stampei,,,,,,,,2307,sv
166235,Tacuta,,,,,,,,3375,vs
18778,Stalpeni,,,,,,,,5024,ag
51546,Bolvasnita,,,,,,,,1391,cs
108892,Oras Salistea De Sus,33.33333333333333,0.0,0.0,0.0,0.0,0.0,100.0,5141,mm
26975,Municipiul Salonta,2.898550724637681,0.0,0.0,13.526570048309178,1.4492753623188406,16.908212560386474,68.11594202898551,19401,bh
100709,Ciocarlia,,,,,,,,781,il
67942,Malu Cu Flori,,,,,,,,2303,db
76139,Cuca,,,,,,,,2269,gl
158065,Peciu Nou,0.0,0.0,0.0,0.0,0.0,0.0,100.0,5515,tm
59764,Tureni,,,,,,,,2235,cj
51573,Bozovici,0.0,0.0,0.0,0.0,0.0,0.0,100.0,3023,cs
108918,Salsig,0.0,0.0,0.0,0.0,100.0,0.0,0.0,1648,mm
117113,Glodeni,0.0,0.0,0.0,0.0,0.0,33.33333333333333,66.66666666666666,3743,ms
84344,Ditrau,,,,,,,,5903,hr
76157,Cudalbi,,,,,,,,7624,gl
27007,Oras Vascau,0.0,0.0,0.0,0.0,0.0,5.714285714285714,94.28571428571428,2429,bh
100736,Manasia,,,,,,,,4681,il
133508,Gorgota,0.0,0.0,0.0,0.0,0.0,0.0,100.0,5147,ph
76175,Draguseni,,,,,,,,5851,gl
108945,Sapanta,,,,,,,,3178,mm
43411,Oras Insuratei,0.0,0.0,0.0,0.0,0.0,22.22222222222222,77.77777777777779,7132,br
100754,Adancata,0.0,0.0,0.0,0.0,0.0,0.0,100.0,2474,il
92569,Municipiul Calarasi,243.57682619647358,1.2594458438287155,1.7632241813602016,0.0,0.0,15.113350125944585,81.86397984886649,77735,cl
141722,Ip,4.0,0.0,0.0,0.0,0.0,0.0,100.0,3783,sj
10649,Dezna,,,,,,,,1206,ar
84380,Darjiu,0.0,0.0,0.0,0.0,100.0,0.0,0.0,1069,hr
158109,Periam,0.0,0.0,0.0,0.0,0.0,43.373493975903614,56.62650602409639,5051,tm
108963,Oras Seini,6.0606060606060606,0.0,0.0,0.0,0.0,0.0,100.0,9605,mm
125347,Municipiul Slatina,0.38910505836575876,0.0,4.9286640726329445,0.0,0.0,30.220492866407263,64.85084306095979,84593,ot
174496,Titesti,,,,,,,,804,vl
68002,Manesti,,,,,,,,5219,db
174502,Diculesti,,,,,,,,1943,vl
149931,Pojorata,0.0,20.0,0.0,0.0,80.0,0.0,0.0,3007,sv
166315,Tatarani,,,,,,,,2230,vs
18858,Stoenesti,,,,,,,,4580,ag
92587,Modelu,,,,,,,,10594,cl
51626,Brebu,,,,,,,,1155,cs
100781,Adunatii-Copaceni,0.0,0.0,0.0,0.0,0.0,0.0,100.0,6144,gr
174511,Lacusteni,,,,,,,,1416,vl
59826,Taga,0.0,0.0,0.0,0.0,0.0,0.0,100.0,1821,cj
117177,Gornesti,0.0,0.0,0.0,0.0,0.0,0.0,100.0,5735,ms
133562,Gornet,0.0,0.0,0.0,0.0,0.0,0.0,100.0,2903,ph
158136,Pietroasa,,,,,,,,1064,tm
174520,Mitrofani,,,,,,,,944,vl
27070,Abram,,,,,,,,3110,bh
84415,Frumoasa,0.0,0.0,0.0,0.0,25.0,0.0,75.0,3784,hr
125374,Slatioara,333.33333333333337,0.0,0.0,0.0,0.0,100.0,0.0,2433,ot
35269,Uriu,0.0,0.0,0.0,0.0,0.0,0.0,100.0,3715,bn
43466,Jirlau,0.0,0.0,0.0,0.0,0.0,0.0,100.0,3227,br
109005,Stramtura,,,,,,,,3693,mm
10701,Dieci,,,,,,,,1490,ar
51662,Brebu Nou,,,,,,,,298,cs
68048,Matasaru,,,,,,,,5249,db
149968,Preutesti,,,,,,,,7113,sv
141786,Letca,,,,,,,,1811,sj
76255,Fartanesti,0.0,0.0,0.0,0.0,0.0,0.0,100.0,5221,gl
100834,Afumati,2.4675324675324677,27.79220779220779,68.44155844155844,0.0,0.0,0.7792207792207793,2.987012987012987,7916,if
43493,Marasu,0.0,0.0,0.0,0.0,0.0,100.0,0.0,2893,br
158181,Pischia,0.0,0.0,0.0,0.0,0.0,62.5,37.5,3132,tm
59880,Unguras,0.0,0.0,0.0,0.0,0.0,0.0,100.0,2737,cj
125418,Oras Bals,142.10526315789474,0.0,0.0,0.0,0.0,0.0,100.0,21186,ot
84460,Galautas,,,,,,,,2509,hr
133615,Gornet-Cricov,,,,,,,,2267,ph
35312,Urmenis,,,,,,,,1954,bn
109041,Suciu De Sus,0.0,0.0,0.0,0.0,94.73684210526315,0.0,5.263157894736842,4015,mm
51699,Buchin,,,,,,,,2034,cs
92658,Municipiul Slobozia,12.322274881516588,0.0,0.0,84.04423380726699,2.6856240126382307,0.315955766192733,12.954186413902052,53117,il
100852,Alexeni,0.0,0.0,0.0,0.0,0.0,0.0,100.0,2399,il
18938,Stolnici,,,,,,,,3066,ag
76282,Foltesti,,,,,,,,3322,gl
100870,Armasesti,,,,,,,,2331,il
10765,Ususau,,,,,,,,1420,ar
166413,Todiresti,,,,,,,,3357,vs
2577,Avram Iancu,,,,,,,,1560,ab
150043,Putna,,,,,,,,3891,sv
117275,Grebenisu De Campie,,,,,,,,1749,ms
76317,Frumusita,0.0,0.0,0.0,0.0,0.0,100.0,0.0,5574,gl
92701,Municipiul Fetesti,45.0,0.0,0.0,0.0,0.0,5.0,95.0,35584,il
27169,Abramut,0.0,0.0,0.0,0.0,0.0,0.0,100.0,3136,bh
68128,Mogosani,,,,,,,,4343,db
125472,Municipiul Caracal,255.33980582524273,0.0,22.330097087378643,2.4271844660194173,0.0,20.388349514563107,54.85436893203883,35232,ot
158243,Racovita,0.0,0.0,0.0,0.0,0.0,33.33333333333333,66.66666666666666,2896,tm
59942,Vad,0.0,0.0,0.0,0.0,0.0,100.0,0.0,2026,cj
51751,Bucosnita,,,,,,,,2793,cs
109096,Sisesti,,,,,,,,5457,mm
43563,Maxineni,0.0,0.0,0.0,0.0,100.0,0.0,0.0,3483,br
125490,Draghiceni,,,,,,,,1783,ot
150070,Radaseni,,,,,,,,4229,sv
100923,Axintele,,,,,,,,2435,il
133688,Gura Vadului,,,,,,,,2257,ph
141884,Lozna,,,,,,,,967,sj
19007,Suseni,0.0,0.0,0.0,0.0,0.0,100.0,0.0,3067,ag
76353,Fundeni,,,,,,,,3909,gl
117319,Gurghiu,700.0,0.0,0.0,0.0,42.857142857142854,0.0,57.14285714285714,6220,ms
10827,Felnac,,,,,,,,3143,ar
27212,Auseu,0.0,0.0,0.0,0.0,0.0,0.0,100.0,2982,bh
84558,Joseni,0.0,0.0,0.0,0.0,0.0,100.0,0.0,5829,hr
68182,Moroeni,,,,,,,,5159,db
133722,Iordacheanu,,,,,,,,5363,ph
51804,Carasova,,,,,,,,2976,cs
92765,Oras Tandarei,12.598425196850393,0.0,0.0,0.0,0.0,97.63779527559055,2.3622047244094486,16992,il
150114,Rasca,,,,,,,,5168,sv
35429,Zagra,0.0,0.0,0.0,0.0,0.0,0.0,100.0,3609,bn
125542,Oras Corabia,0.0,0.0,0.0,0.0,16.666666666666664,0.0,83.33333333333334,18264,ot
100969,Balotesti,0.0,0.0,0.0,0.0,0.0,0.0,100.0,8265,if
158314,Oras Recas,0.0,0.0,0.0,0.0,48.10126582278481,0.0,51.89873417721519,9524,tm
43625,Mircea Voda,0.0,0.0,0.0,0.0,0.0,100.0,0.0,3319,br
92783,Albesti,0.0,0.0,0.0,0.0,0.0,100.0,0.0,1282,il
84594,Lazarea,,,,,,,,3599,hr
76406,Ghidigeni,,,,,,,,6868,gl
10872,Ghioroc,0.0,0.0,1.8867924528301887,0.0,0.0,0.0,98.11320754716981,4084,ar
141946,Marca,,,,,,,,2718,sj
109176,Oras Somcuta Mare,0.0,0.0,0.0,0.0,0.0,49.29577464788733,50.70422535211267,7999,mm
60026,Valea Ierii,,,,,,,,937,cj
51840,Carbunari,,,,,,,,983,cs
166529,Tutova,0.0,0.0,0.0,0.0,0.0,100.0,0.0,3889,vs
43652,Movila Miresii,,,,,,,,4221,br
101001,Baneasa,0.0,0.0,0.0,0.0,100.0,0.0,0.0,4977,gr
84629,Lueta,0.0,0.0,0.0,0.0,0.0,0.0,100.0,3703,hr
27285,Avram Iancu,0.0,0.0,0.0,0.0,0.0,100.0,0.0,3465,bh
125588,Garcov,,,,,,,,2371,ot
174744,Municipiul Focsani,10.886075949367088,0.0,10.632911392405063,0.0,14.177215189873419,18.734177215189874,56.45569620253165,94474,vn
68253,Morteni,,,,,,,,2839,db
60062,Viisoara,0.0,0.0,11.11111111111111,0.0,0.0,44.44444444444444,44.44444444444444,5999,cj
150178,Sadova,0.0,0.0,0.0,0.0,25.0,0.0,75.0,2508,sv
133795,Izvoarele,0.0,0.0,0.0,0.0,0.0,0.0,100.0,6686,ph
10916,Graniceri,,,,,,,,2545,ar
51877,Constantin Daicoviciu,inf,,,,,,,2789,cs
92836,Oras Amara,2200.0,0.0,0.0,0.0,0.0,0.0,100.0,8002,il
19114,Stefan Cel Mare,0.0,0.0,0.0,0.0,0.0,60.824742268041234,39.175257731958766,2365,ag
84656,Lunca De Jos,0.0,0.0,0.0,0.0,2.247191011235955,0.0,97.75280898876404,5675,hr
43698,Racovita,,,,,,,,1117,br
117426,Hodac,0.0,0.0,0.0,0.0,0.0,0.0,100.0,5161,ms
142006,Maeriste,,,,,,,,2980,sj
150196,Satu Mare,60.0,0.0,0.0,0.0,0.0,100.0,0.0,4614,sv
125622,Oras Draganesti-Olt,0.0,0.0,0.0,0.0,0.0,100.0,0.0,12026,ot
68280,Nucet,,,,,,,,4285,db
158396,Remetea Mare,0.0,100.0,0.0,0.0,0.0,0.0,0.0,2573,tm
174780,Campineanca,500.0,0.0,0.0,0.0,0.0,0.0,100.0,4011,vn
10943,Gurahont,0.0,0.0,0.0,0.0,0.0,0.0,100.0,3900,ar
27329,Balc,,,,,,,,3341,bh
101056,Barcanesti,,,,,,,,3632,il
60099,Vultureni,,,,,,,,1367,cj
19141,Suici,0.0,0.0,0.0,0.0,100.0,0.0,0.0,2451,ag
92872,Andrasesti,,,,,,,,2235,il
150221,Siminicea,,,,,,,,2975,sv
76497,Gohor,0.0,0.0,0.0,4.166666666666666,0.0,4.166666666666666,91.66666666666666,3406,gl
109265,Oras Ulmeni,0.0,0.0,0.0,19.444444444444446,0.0,0.0,80.55555555555556,7558,mm
43732,Ramnicelu,,,,,,,,2031,br
101083,Belciugatele,,,,,,,,2151,cl
125659,Babiciu,,,,,,,,2091,ot
68324,Ocnita,,,,,,,,4463,db
133866,Jugureni,,,,,,,,540,ph
92907,Balaciu,,,,,,,,1632,il
174824,Golesti,0.0,0.0,42.857142857142854,0.0,0.0,0.0,57.14285714285714,4530,vn
51948,Ciclova Romana,,,,,,,,1605,cs
125677,Baldovinesti,,,,,,,,1069,ot
166636,Valeni,inf,,,,,,,5059,vs
150258,Slatina,,,,,,,,5601,sv
158449,Sacosu Turcesc,0.0,0.0,0.0,0.0,66.66666666666666,0.0,33.33333333333333,3153,tm
27383,Batar,0.0,0.0,0.0,0.0,0.0,0.0,100.0,5644,bh
68342,Odobesti,,,,,,,,5108,db
142079,Mesesenii De Jos,0.0,0.0,0.0,0.0,0.0,0.0,100.0,3120,sj
117505,Hodosa,,,,,,,,1227,ms
60169,Negreni,,,,,,,,2393,cj
43787,Romanu,0.0,0.0,0.0,0.0,0.0,12.5,87.5,1840,br
19212,Teiu,0.0,0.0,0.0,0.0,0.0,100.0,0.0,1357,ag
174860,Municipiul Adjud,48.275862068965516,0.0,0.0,0.0,0.0,44.827586206896555,55.172413793103445,20547,vn
76558,Grivita,0.0,0.0,0.0,100.0,0.0,0.0,0.0,3848,gl
51984,Ciuchici,,,,,,,,1060,cs
166672,Vetrisoaia,0.0,0.0,0.0,0.0,0.0,0.0,100.0,3193,vs
84754,Lunca De Sus,0.0,0.0,0.0,0.0,0.0,0.0,100.0,3425,hr
150294,Straja,,,,,,,,5914,sv
101145,Berceni,0.0,0.0,0.0,0.0,0.0,0.0,100.0,5827,if
133919,Lapos,,,,,,,,1207,ph
92961,Borcea,0.0,0.0,0.0,0.0,0.0,0.0,100.0,8286,cl
43812,Rosiori,0.0,0.0,0.0,0.0,0.0,100.0,0.0,2726,br
150310,Stroiesti,,,,,,,,3356,sv
76585,Independenta,,,,,,,,4775,gl
142122,Mirsid,,,,,,,,2407,sj
101163,Bolintin-Deal,0.0,0.0,0.0,0.0,0.0,0.0,100.0,6264,gr
109354,Valea Chioarului,,,,,,,,2078,mm
27436,Biharia,0.0,0.0,0.0,0.0,0.0,0.0,100.0,4439,bh
117550,Ibanesti,0.0,0.0,0.0,0.0,85.14851485148515,0.0,14.85148514851485,4287,ms
19249,Tigveni,,,,,,,,3495,ag
166707,Viisoara,,,,,,,,1817,vs
11058,Halmagiu,,,,,,,,2766,ar
68404,Pietrosita,0.0,0.0,0.0,0.0,100.0,0.0,0.0,3196,db
76601,Ivesti,0.0,0.0,0.0,0.0,0.0,0.0,100.0,10204,gl
92989,Bordusani,,,,,,,,5137,il
125757,Barasti,,,,,,,,1379,ot
158528,Satchinez,0.0,0.0,0.0,0.0,0.0,4.5662100456621,95.4337899543379,5029,tm
52035,Ciudanovita,,,,,,,,680,cs
101190,Oras Bolintin-Vale,0.0,0.0,0.0,0.0,0.0,0.0,100.0,13717,gr
174922,Oras Marasesti,0.0,0.0,0.0,0.0,0.0,0.0,100.0,13441,vn
68431,Poiana,,,,,,,,3609,db
133964,Lipanesti,,,,,,,,5262,ph
150356,Stulpicani,,,,,,,,6096,sv
84825,Lupeni,0.0,0.0,0.0,0.0,89.1891891891892,0.0,10.81081081081081,4687,hr
43867,Salcia Tudor,,,,,,,,2602,br
93021,Bucu,0.0,0.0,0.0,0.0,0.0,0.0,100.0,2470,il
52062,Copacele,0.0,0.0,0.0,0.0,0.0,0.0,100.0,1136,cs
76638,Jorasti,,,,,,,,1846,gl
2915,Oras Baia De Aries,0.0,0.0,0.0,0.0,0.0,0.0,100.0,4076,ab
142177,Napradea,,,,,,,,2765,sj
158564,Sacalaz,4.615384615384616,0.0,0.0,0.0,0.0,0.0,100.0,8665,tm
109425,Vima Mica,0.0,0.0,0.0,0.0,0.0,0.0,100.0,1467,mm
166770,Vinderei,,,,,,,,4178,vs
27506,Boianu Mare,,,,,,,,1332,bh
68468,Potlogi,,,,,,,,8992,db
101243,Brazii,,,,,,,,1201,il
134014,Magurele,,,,,,,,4722,ph
76674,Liesti,45.0,0.0,0.0,0.0,0.0,0.0,100.0,10979,gl
19338,Titesti,,,,,,,,5129,ag
93067,Oras Cazanesti,,,,,,,,3584,il
150418,Sucevita,0.0,0.0,100.0,0.0,0.0,0.0,0.0,3173,sv
158608,Secas,,,,,,,,376,tm
35731,Municipiul Botosani,63.338533541341654,0.0,0.15600624024961,0.31201248049922,6.084243369734789,2.02808112324493,91.41965678627145,122433,bt
52115,Cornea,0.0,0.0,0.0,0.0,0.0,0.0,100.0,1767,cs
76692,Matca,0.0,0.0,0.0,0.0,0.0,0.0,100.0,12542,gl
125846,Barza,,,,,,,,2630,ot
43929,Scortaru Nou,,,,,,,,1356,br
93085,Ciocanesti,,,,,,,,4120,cl
142239,Nusfalau,,,,,,,,3925,sj
134050,Magureni,14150.0,0.0,0.0,0.0,0.0,0.0,100.0,6448,ph
117667,Iclanzel,0.0,0.0,0.0,0.0,0.0,0.0,100.0,2144,ms
11174,Halmagel,,,,,,,,1226,ar
27560,Borod,,,,,,,,4003,bh
175019,Oras Odobesti,2955.5555555555557,0.0,0.0,0.0,0.0,11.11111111111111,88.88888888888889,9649,vn
2988,Berghin,0.0,0.0,0.0,0.0,0.0,0.0,100.0,2057,ab
93101,Ciochina,,,,,,,,3184,il
35759,Curtesti,0.0,0.0,0.0,0.0,0.0,0.0,100.0,5384,bt
76718,Mastacani,0.0,0.0,0.0,0.0,0.0,0.0,100.0,5042,gl
150445,Saru Dornei,,,,,,,,4240,sv
68529,Produlesti,,,,,,,,3432,db
125873,Bobicesti,,,,,,,,3048,ot
101298,Branesti,,,,,,,,8978,if
84923,Martinis,0.0,0.0,0.0,0.0,66.66666666666666,0.0,33.33333333333333,2928,hr
158653,Sanandrei,,,,,,,,6843,tm
19392,Uda,,,,,,,,1960,ag
52160,Cornereva,,,,,,,,2966,cs
109504,Viseu De Jos,0.0,0.0,0.0,0.0,0.0,0.0,100.0,5173,mm
76745,Movileni,,,,,,,,3384,gl
175055,Oras Panciu,0.0,0.0,0.0,0.0,0.0,0.0,100.0,9295,vn
142284,Pericei,,,,,,,,3872,sj
134096,Maneciu,0.0,0.0,0.0,0.0,0.0,0.0,100.0,10677,ph
68565,Pucheni,,,,,,,,1856,db
166869,Voinesti,,,,,,,,4061,vs
43992,Silistea,,,,,,,,1876,br
76763,Namoloasa,,,,,,,,2172,gl
101341,Brezoaele,,,,,,,,3598,db
3039,Bistra,,,,,,,,4839,ab
11236,Hasmas,,,,,,,,1269,ar
93156,Ciulnita,inf,,,,,,,2494,il
158699,Sanmihaiu Roman,12.82051282051282,0.0,0.0,0.0,34.18803418803419,0.0,65.8119658119658,7134,tm
27631,Bors,27.500000000000004,0.0,0.0,0.0,0.0,2.5,97.5,4167,bh
150524,Todiresti,0.0,0.0,0.0,0.0,0.0,100.0,0.0,5370,sv
35839,Rachiti,58.620689655172406,0.0,0.0,0.0,100.0,0.0,0.0,4868,bt
60419,Municipiul Constanta,2.2735743570629894,0.0,1.0436079016026836,8.647036898993663,15.467759970182632,27.245620573984347,47.59597465523668,317974,ct
101378,Bucsani,,,,,,,,3622,gr
142337,Plopis,,,,,,,,2591,sj
76807,Nicoresti,,,,,,,,4121,gl
125962,Brastavatu,0.0,0.0,0.0,100.0,0.0,0.0,0.0,4484,ot
158733,Sanpetru Mare,,,,,,,,3583,tm
68627,Oras Racari,0.0,0.0,0.0,0.0,0.0,100.0,0.0,6524,db
175126,Andreiasu De Jos,,,,,,,,1911,vn
117783,Ideciu De Jos,,,,,,,,2129,ms
93209,Cocora,,,,,,,,2129,il
44060,Stancuta,0.0,0.0,0.0,0.0,0.0,0.0,100.0,3462,br
27686,Bratca,0.0,0.0,0.0,0.0,11.538461538461538,0.0,88.46153846153845,4980,bh
60455,Oras Eforie,40.0,0.0,0.0,0.0,0.0,13.333333333333334,86.66666666666667,10986,ct
142373,Poiana Blenchii,,,,,,,,1229,sj
11307,Ignesti,,,,,,,,721,ar
35884,Stauceni,0.0,0.0,0.0,0.0,0.0,0.0,100.0,3638,bt
125999,Brebeni,0.0,0.0,0.0,0.0,0.0,100.0,0.0,2673,ot
134194,Manesti,,,,,,,,3973,ph
93236,Cosambesti,,,,,,,,1848,il
158779,Sag,0.0,0.0,0.0,0.0,0.0,21.428571428571427,78.57142857142857,3382,tm
150588,Udesti,0.0,0.0,0.0,0.0,0.0,0.0,100.0,7970,sv
85056,Meresti,,,,,,,,1364,hr
60482,Municipiul Mangalia,536.3636363636364,0.0,0.0,0.0,3.0303030303030303,0.0,96.96969696969697,42237,ct
117827,Oras Iernut,0.0,0.0,0.0,0.0,0.0,0.0,100.0,9775,ms
126022,Brancoveni,0.0,0.0,0.0,0.0,0.0,89.28571428571429,10.714285714285714,2634,ot
166985,Vulturesti,,,,,,,,2220,vs
44113,Surdila-Gaiseanca,0.0,0.0,0.0,100.0,0.0,0.0,0.0,2458,br
101458,Oras Budesti,,,,,,,,7738,cl
85074,Mihaileni,0.0,0.0,100.0,0.0,0.0,0.0,0.0,2741,hr
158804,Stiuca,,,,,,,,2125,tm
11352,Iratosu,,,,,,,,2557,ar
142426,Romanasi,,,,,,,,3133,sj
60507,Oras Navodari,0.0,0.0,0.0,0.0,8.108108108108109,0.0,91.8918918918919,41693,ct
93281,Cuza Voda,,,,,,,,3955,cl
175206,Balesti,,,,,,,,2004,vn
19560,Ungheni,,,,,,,,2800,ag
35946,Oras Darabani,1450.0,0.0,0.0,0.0,0.0,0.0,100.0,12792,bt
44140,Sutesti,0.0,0.0,0.0,0.0,0.0,0.0,100.0,4681,br
27757,Brusturi,0.0,0.0,0.0,0.0,0.0,0.0,100.0,3666,bh
68716,Runcu,,,,,,,,4436,db
60534,Oras Techirghiol,0.0,0.0,0.0,0.0,0.0,0.0,100.0,8076,ct
167035,Vutcani,0.0,0.0,0.0,0.0,0.0,100.0,0.0,2006,vs
175224,Barsesti,0.0,0.0,0.0,0.0,0.0,0.0,100.0,1435,vn
126077,Bucinisu,,,,,,,,1974,ot
76932,Oancea,,,,,,,,1418,gl
11398,Macea,,,,,,,,7166,ar
85127,Mugeni,0.0,0.0,0.0,0.0,0.0,0.0,100.0,3600,hr
158859,Teremia Mare,0.0,0.0,0.0,0.0,0.0,100.0,0.0,4835,tm
93325,Dichiseni,,,,,,,,1788,cl
101519,Bulbucata,,,,,,,,1367,gr
44177,Tichilesti,,,,,,,,3704,br
126102,Cezieni,0.0,0.0,0.0,0.0,0.0,100.0,0.0,1704,ot
60570,Agigea,0.0,0.0,0.0,0.0,0.0,0.0,100.0,7937,ct
167071,Zapodeni,,,,,,,,3829,vs
175260,Boghesti,,,,,,,,1597,vn
11423,Misca,,,,,,,,3787,ar
142499,Rus,,,,,,,,1084,sj
117925,Livezeni,,,,,,,,3270,ms
36006,Municipiul Dorohoi,0.0,0.0,0.0,0.0,33.70786516853933,0.0,66.29213483146067,31341,bt
76969,Pechea,0.0,0.0,0.0,0.0,0.0,7.142857142857142,92.85714285714286,11384,gl
44202,Traian,,,,,,,,3388,br
150702,Ulma,0.0,0.0,0.0,0.0,0.0,100.0,0.0,2282,sv
158895,Tomesti,0.0,0.0,100.0,0.0,0.0,0.0,0.0,2090,tm
19631,Valea Danului,,,,,,,,3020,ag
68789,Salcioara,,,,,,,,3913,db
60598,23 August,,,,,,,,5753,ct
93370,Dor Marunt,0.0,0.0,0.0,0.0,0.0,0.0,100.0,6809,cl
101564,Butimanu,,,,,,,,2290,db
134336,Pacureti,,,,,,,,2107,ph
76996,Piscu,0.0,0.0,0.0,0.0,0.0,100.0,0.0,4927,gl
126148,Cilieni,,,,,,,,3233,ot
27846,Budureasa,0.0,0.0,100.0,0.0,0.0,0.0,0.0,2702,bh
109773,Municipiul Drobeta-Turnu Severin,14.449541284403669,0.0,0.0,0.0,2.981651376146789,1.6055045871559634,95.41284403669725,109730,mh
142550,Salatig,,,,,,,,2741,sj
11478,Moneasa,,,,,,,,920,ar
126166,Carlogani,0.0,0.0,0.0,0.0,0.0,100.0,0.0,2348,ot
60632,Limanu,0.0,0.0,0.0,0.0,0.0,0.0,100.0,6559,ct
36060,Oras Saveni,0.0,0.0,0.0,0.0,60.0,0.0,40.0,8103,bt
44257,Tudor Vladimirescu,,,,,,,,2183,br
77028,Priponesti,,,,,,,,2252,gl
150766,Vadu Moldovei,0.0,0.0,0.0,0.0,0.0,7.142857142857142,92.85714285714286,4564,sv
11502,Olari,,,,,,,,2006,ar
19695,Valea Iasului,,,,,,,,2769,ag
117998,Lunca,0.0,0.0,0.0,0.0,100.0,0.0,0.0,2493,ms
101617,Buturugeni,,,,,,,,4008,gr
134390,Plopu,,,,,,,,2382,ph
158966,Topolovatu Mare,,,,,,,,2537,tm
85243,Ocland,,,,,,,,1332,hr
93441,Dorobantu,,,,,,,,2821,cl
109826,Simian,0.0,0.0,0.0,0.0,0.0,0.0,100.0,10278,mh
27908,Buduslau,,,,,,,,2070,bh
167179,Zorleni,,,,,,,,9884,vs
175368,Bolotesti,0.0,0.0,0.0,0.0,0.0,0.0,100.0,4844,vn
44300,Tufesti,,,,,,,,5217,br
60687,Oras Ovidiu,0.0,0.0,0.0,0.0,94.44444444444444,0.0,5.555555555555555,15620,ct
11539,Paulis,,,,,,,,4340,ar
126228,Colonesti,,,,,,,,1668,ot
68887,Selaru,,,,,,,,3164,db
142612,Sag,,,,,,,,3331,sj
77082,Rediu,0.0,0.0,0.0,0.0,0.0,0.0,100.0,2212,gl
27935,Bulz,0.0,0.0,0.0,0.0,0.0,0.0,100.0,2139,bh
101662,Calugareni,0.0,0.0,0.0,0.0,0.0,100.0,0.0,5587,gr
36131,Albesti,,,,,,,,6968,bt
44328,Ulmu,0.0,0.0,0.0,0.0,100.0,0.0,0.0,3800,br
85289,Plaiesii De Jos,,,,,,,,2857,hr
134443,Podenii Noi,,,,,,,,4863,ph
118058,Lunca Bradului,,,,,,,,2076,ms
93487,Dragalina,0.0,0.0,0.0,0.0,0.0,0.0,100.0,8758,cl
60721,Tuzla,12.5,0.0,0.0,0.0,0.0,100.0,0.0,7115,ct
167222,Ibanesti,,,,,,,,1590,vs
68921,Tatarani,,,,,,,,5199,db
159035,Tormac,inf,,,,,,,2832,tm
167231,Fruntiseni,,,,,,,,1894,vs
11584,Oras Pecica,0.0,0.0,0.0,0.0,19.310344827586206,0.0,80.6896551724138,14124,ar
27971,Buntesti,0.0,0.0,0.0,0.0,0.0,0.0,100.0,4457,bh
44355,Unirea,,,,,,,,2493,br
3397,Blandiana,,,,,,,,948,ab
77126,Scanteiesti,,,,,,,,2528,gl
167240,Rafaila,,,,,,,,2075,vs
175439,Bordesti,,,,,,,,1773,vn
118094,Magherani,,,,,,,,1357,ms
19793,Vedea,,,,,,,,3612,ag
142676,Sanmihaiu Almasului,,,,,,,,1684,sj
167259,Pogonesti,,,,,,,,1746,vs
52570,Dalboset,,,,,,,,1676,cs
85341,Praid,0.0,0.0,0.0,0.0,0.0,0.0,100.0,6957,hr
101724,Cascioarele,,,,,,,,1825,cl
159071,Traian Vuia,0.0,0.0,0.0,0.0,0.0,100.0,0.0,2146,tm
77153,Schela,0.0,0.0,0.0,0.0,100.0,0.0,0.0,3839,gl
93539,Dragos Voda,,,,,,,,2930,cl
109924,Oras Baia De Arama,0.0,0.0,0.0,0.0,0.0,0.0,100.0,5596,mh
167268,Ciocani,,,,,,,,1710,vs
44391,Vadeni,,,,,,,,4127,br
60776,Oras Cernavoda,0.0,0.0,0.0,0.0,0.0,0.0,100.0,19401,ct
175466,Brosteni,,,,,,,,2271,vn
150891,Valea Moldovei,,,,,,,,4458,sv
36202,Avrameni,,,,,,,,3881,bt
101742,Cernica,,,,,,,,10339,if
167277,Cozmesti,,,,,,,,2374,vs
68976,Uliesti,,,,,,,,4131,db
142710,Somes-Odorhei,,,,,,,,2777,sj
167286,Dodesti,,,,,,,,1796,vs
11637,Peregu Mare,,,,,,,,1807,ar
126326,Corbu,,,,,,,,2285,ot
77180,Slobozia Conachi,0.0,0.0,0.0,0.0,0.0,0.0,100.0,4396,gl
167295,Feresti,,,,,,,,2174,vs
60801,Oras Harsova,32.0,0.0,0.0,0.0,96.0,0.0,4.0,11231,ct
3459,Bucium,,,,,,,,1530,ab
167302,Muntenii De Sus,inf,,,,,,,4297,vs
93575,Facaeni,0.0,0.0,0.0,29.166666666666668,0.0,70.83333333333334,0.0,5565,il
167311,Pochidia,0.0,0.0,0.0,100.0,0.0,0.0,0.0,1721,vs
11664,Petris,,,,,,,,1382,ar
44435,Victoria,,,,,,,,3715,br
150935,Vama,0.0,0.0,0.0,0.0,10.0,0.0,90.0,6189,sv
175509,Chiojdeni,,,,,,,,2504,vn
167320,Puscasi,,,,,,,,3675,vs
134559,Poienarii Burchii,,,,,,,,4837,ph
93600,Gheorghe Doja,0.0,0.0,0.0,0.0,100.0,0.0,0.0,2638,il
159142,Uivar,0.0,0.0,0.0,0.0,0.0,100.0,0.0,3050,tm
85412,Remetea,0.0,0.0,0.0,0.0,91.42857142857143,0.0,8.571428571428571,6390,hr
77224,Smardan,0.0,0.0,0.0,0.0,0.0,0.0,100.0,5548,gl
52650,Doclin,inf,,,,,,,1940,cs
28077,Cabesti,,,,,,,,1853,bh
101804,Chirnogi,,,,,,,,7395,cl
126380,Coteana,,,,,,,,2246,ot
44462,Visani,0.0,0.0,0.0,0.0,100.0,0.0,0.0,2478,br
60847,Municipiul Medgidia,2.3255813953488373,0.0,1.1627906976744187,13.372093023255813,0.0,0.0,85.46511627906976,46106,ct
142774,Surduc,,,,,,,,3732,sj
93628,Gheorghe Lazar,inf,,,,,,,2315,il
101822,Chiselet,0.0,0.0,0.0,0.0,0.0,0.0,100.0,3325,cl
118209,Mica,,,,,,,,4774,ms
69063,Valea Lunga,,,,,,,,4773,db
150980,Vatra Moldovitei,,,,,,,,4461,sv
126406,Crampoia,,,,,,,,3600,ot
110027,Obarsia-Closani,,,,,,,,1036,mh
36300,Baluseni,0.0,0.0,0.0,0.0,0.0,100.0,0.0,5070,bt
77260,Smulti,,,,,,,,1474,gl
93646,Giurgeni,,,,,,,,1474,il
101840,Ciocanesti,,,,,,,,5254,db
60883,Adamclisi,,,,,,,,2388,ct
11735,Pilu,,,,,,,,2183,ar
52696,Dognecea,,,,,,,,2151,cs
44505,Viziru,,,,,,,,6503,br
85467,Sacel,,,,,,,,1254,hr
126433,Curtisoara,,,,,,,,4309,ot
93664,Gradistea,,,,,,,,4789,cl
175590,Ciorasti,0.0,0.0,0.0,0.0,30.434782608695656,69.56521739130434,0.0,3043,vn
77288,Suceveni,,,,,,,,1797,gl
28139,Capalna,,,,,,,,1482,bh
151022,Veresti,,,,,,,,7428,sv
110063,Municipiul Orsova,0.0,0.0,0.0,0.0,0.0,0.0,100.0,12939,mh
159213,Varias,,,,,,,,6376,tm
52721,Domasnea,,,,,,,,1309,cs
11762,Plescuta,,,,,,,,1161,ar
44532,Zavoaia,0.0,0.0,0.0,0.0,0.0,100.0,0.0,3219,br
134648,Posesti,,,,,,,,3985,ph
77313,Tudor Vladimirescu,inf,,,,,,,5309,gl
142854,Samsud,,,,,,,,1834,sj
118281,Oras Miercurea Nirajului,0.0,0.0,0.0,0.0,30.23255813953488,0.0,69.76744186046511,6106,ms
101902,Ciolpani,0.0,0.0,0.0,0.0,0.0,0.0,100.0,5123,if
44560,Cazasu,,,,,,,,3427,br
60945,Albesti,,,,,,,,3758,ct
77331,Tulucesti,0.0,0.0,0.0,0.0,0.0,100.0,0.0,7734,gl
93717,Grindu,0.0,0.0,0.0,0.0,0.0,0.0,100.0,2109,il
36373,Braesti,,,,,,,,2116,bt
52758,Ezeris,0.0,0.0,0.0,0.0,0.0,0.0,100.0,1304,cs
85528,Sarmas,0.0,0.0,0.0,0.0,0.0,0.0,100.0,3996,hr
159259,Victor Vlad Delamarina,0.0,0.0,0.0,0.0,0.0,0.0,100.0,2841,tm
19999,Vladesti,0.0,0.0,100.0,0.0,0.0,0.0,0.0,3223,ag
28193,Carpinet,,,,,,,,1835,bh
142881,Sarmasag,0.0,0.0,0.0,0.0,0.0,100.0,0.0,6666,sj
110116,Oras Strehaia,0.0,0.0,0.0,0.0,0.0,0.0,100.0,11405,mh
93735,Grivita,,,,,,,,3446,il
126503,Cungrea,,,,,,,,1965,ot
151077,Vicovu De Jos,0.0,0.0,0.0,0.0,0.0,0.0,100.0,6522,sv
52785,Farliug,0.0,0.0,0.0,0.0,0.0,0.0,100.0,1739,cs
69170,Valea Mare,,,,,,,,2204,db
167473,Municipiul Ramnicu Valcea,13.548230731943772,0.0,7.2952011633543385,0.0,0.024236548715462918,25.76345128453708,66.91711100339312,118832,vl
175670,Campuri,0.0,0.0,0.0,0.0,0.0,0.0,100.0,3828,vn
151095,Oras Vicovu De Sus,0.0,0.0,0.0,0.0,56.060606060606055,25.757575757575758,18.181818181818183,16176,sv
77377,Tepu,0.0,0.0,0.0,15.625,0.0,0.0,84.375,2539,gl
11842,Savarsin,,,,,,,,2925,ar
101957,Ciorogarla,800.0,0.0,0.0,0.0,0.0,100.0,0.0,5819,if
36426,Broscauti,,,,,,,,3497,bt
93771,Independenta,,,,,,,,3546,cl
61005,Aliman,,,,,,,,2888,ct
85582,Secuieni,0.0,0.0,0.0,0.0,0.0,0.0,100.0,2820,hr
20048,Raca,,,,,,,,1128,ag
151120,Volovat,0.0,0.0,0.0,0.0,0.0,0.0,100.0,5711,sv
28246,Cefa,340.0,0.0,0.0,0.0,0.0,0.0,100.0,2365,bh
20055,Vulturesti,,,,,,,,2812,ag
77402,Umbraresti,,,,,,,,7302,gl
20063,Bughea De Sus,,,,,,,,3002,ag
101984,Clejani,,,,,,,,3573,gr
134755,Predeal-Sarari,,,,,,,,2319,ph
118370,Mihesu De Campie,,,,,,,,2501,ms
36453,Oras Bucecea,0.0,0.0,0.0,0.0,100.0,0.0,0.0,5418,bt
159339,Voiteg,300.0,0.0,0.0,0.0,0.0,0.0,100.0,2391,tm
142952,Valcau De Jos,,,,,,,,3238,sj
93815,Jegalia,inf,,,,,,,4294,cl
175732,Carligele,,,,,,,,2961,vn
151157,Vulturesti,,,,,,,,3597,sv
52856,Forotic,,,,,,,,1784,cs
126585,Daneasa,,,,,,,,3666,ot
85626,Siculeni,100.0,0.0,100.0,0.0,0.0,0.0,0.0,2866,hr
69250,Vacaresti,0.0,0.0,0.0,0.0,0.0,0.0,100.0,5214,db
159366,Birda,,,,,,,,2065,tm
61069,Oras Baneasa,,,,,,,,5836,ct
159375,Checea,,,,,,,,2131,tm
102035,Clinceni,0.0,0.0,0.0,0.0,0.0,0.0,100.0,6411,if
36499,Calarasi,0.0,0.0,0.0,0.0,0.0,0.0,100.0,3621,bt
110232,Oras Vanju Mare,0.0,0.0,0.0,0.0,0.0,100.0,0.0,5884,mh
93851,Lehliu,,,,,,,,2592,cl
159384,Dudestii Noi,100.0,0.0,0.0,0.0,0.0,0.0,100.0,3304,tm
77475,Valea Marului,0.0,0.0,0.0,0.0,0.0,100.0,0.0,3688,gl
159393,Fibis,,,,,,,,1659,tm
11940,Secusigiu,,,,,,,,6216,ar
175787,Corbita,,,,,,,,1824,vn
159400,Ghilad,,,,,,,,2049,tm
52909,Garnic,0.0,0.0,0.0,0.0,0.0,0.0,100.0,1447,cs
28335,Ceica,,,,,,,,3545,bh
143021,Varsolt,,,,,,,,2301,sj
3761,Cenade,,,,,,,,983,ab
85680,Sancraieni,0.0,0.0,0.0,0.0,0.0,100.0,0.0,2619,hr
36532,Concesti,,,,,,,,1891,bt
69303,Valeni-Dambovita,0.0,0.0,100.0,0.0,0.0,0.0,0.0,2614,db
102071,Colibasi,,,,,,,,3264,gr
126647,Deveselu,,,,,,,,3212,ot
159419,Gottlob,,,,,,,,2647,tm
93888,Oras Lehliu Gara,0.0,0.0,0.0,94.90445859872611,0.0,0.0,5.095541401273886,6711,cl
61121,Castelu,,,,,,,,5422,ct
77509,Varlezi,,,,,,,,2062,gl
118469,Nades,,,,,,,,2997,ms
159428,Iecea Mare,,,,,,,,2693,tm
134853,Provita De Jos,,,,,,,,2277,ph
52936,Glimboca,,,,,,,,1873,cs
151246,Zamostea,,,,,,,,3111,sv
159437,Parta,0.0,0.0,0.0,0.0,0.0,0.0,100.0,2327,tm
69330,Visina,,,,,,,,4007,db
126674,Dobretu,,,,,,,,1252,ot
159446,Padureni,0.0,0.0,0.0,0.0,0.0,0.0,100.0,1733,tm
36569,Copalau,,,,,,,,4383,bt
110296,Bala,0.0,0.0,0.0,0.0,0.0,0.0,100.0,3818,mh
143067,Zalha,,,,,,,,909,sj
52954,Goruia,,,,,,,,791,cs
11995,Seleus,,,,,,,,2987,ar
102106,Comana,0.0,0.0,0.0,0.0,0.0,100.0,0.0,6785,gr
167641,Oras Baile Govora,,,,,,,,2868,vl
3805,Cergau,,,,,,,,1628,ab
159455,Saravale,,,,,,,,2952,tm
77536,Vladesti,,,,,,,,2319,gl
93931,Lupsanu,0.0,0.0,100.0,0.0,0.0,0.0,0.0,3198,cl
159464,Sandra,0.0,0.0,0.0,0.0,0.0,0.0,100.0,3093,tm
118511,Neaua,,,,,,,,1416,ms
61167,Cerchezu,,,,,,,,1436,ct
134899,Provita De Sus,,,,,,,,2021,ph
159473,Tomnatic,,,,,,,,3786,tm
77561,Radesti,,,,,,,,1572,gl
159482,Valcani,0.0,0.0,0.0,0.0,0.0,33.33333333333333,66.66666666666666,1393,tm
52990,Gradinari,,,,,,,,2058,cs
28415,Cetariu,,,,,,,,2168,bh
126718,Dobrosloveni,0.0,0.0,0.0,0.0,0.0,100.0,0.0,3757,ot
3841,Ceru-Bacainti,,,,,,,,257,ab
85760,Sandominic,33.33333333333333,0.0,83.33333333333334,0.0,0.0,0.0,16.666666666666664,6363,hr
159491,Livezile,,,,,,,,1753,tm
12037,Semlac,,,,,,,,4236,ar
77579,Negrilesti,,,,,,,,2561,gl
175885,Cotesti,,,,,,,,4868,vn
102160,Corbeanca,4.761904761904762,0.0,2.380952380952381,0.0,0.0,0.0,97.61904761904762,6642,if
159507,Pesac,,,,,,,,2289,tm
44818,Municipiul Buzau,69.14817465998568,0.0,3.149606299212598,20.973514674302077,0.0,35.36148890479599,40.51539012168933,135662,bz
77587,Poiana,,,,,,,,1768,gl
167696,Oras Baile Olanesti,0.0,0.0,0.0,0.0,0.0,0.0,100.0,4563,vl
69394,Visinesti,,,,,,,,1889,db
12055,Sintea Mare,,,,,,,,3844,ar
61210,Chirnogeni,,,,,,,,3403,ct
77595,Cuza Voda,,,,,,,,2806,gl
134942,Puchenii Mari,,,,,,,,8425,ph
85788,Sanmartin,0.0,0.0,0.0,0.0,0.0,0.0,100.0,2401,hr
159516,Bucovat,,,,,,,,1719,tm
53023,Iablanita,,,,,,,,2144,cs
77601,Suhurlui,,,,,,,,1431,gl
159525,Otelec,0.0,0.0,0.0,0.0,0.0,0.0,100.0,1854,tm
36649,Cordareni,,,,,,,,1851,bt
143147,Zimbor,,,,,,,,1004,sj
93995,Mihail Kogalniceanu,0.0,0.0,0.0,0.0,0.0,100.0,0.0,3280,il
44845,Municipiul Ramnicu Sarat,0.0,0.0,10.557184750733137,0.2932551319648094,23.46041055718475,11.436950146627565,54.252199413489734,40853,bz
118575,Ogra,0.0,0.0,0.0,0.0,0.0,0.0,100.0,2630,ms
151344,Zvoristea,0.0,0.0,0.0,0.0,0.0,0.0,100.0,6130,sv
126772,Dobroteasa,,,,,,,,1608,ot
12091,Oras Santana,1.5384615384615385,0.0,0.0,0.0,47.69230769230769,0.0,52.307692307692314,15636,ar
44863,Amaru,,,,,,,,2418,bz
175938,Dumbraveni,0.0,0.0,0.0,0.0,0.0,100.0,0.0,4468,vn
36676,Corlateni,,,,,,,,2194,bt
102213,Cornetu,0.0,0.0,0.0,0.0,0.0,0.0,100.0,5826,if
69447,Varfuri,,,,,,,,1891,db
61256,Ciobanu,,,,,,,,3530,ct
20297,Municipiul Bacau,175.91489361702128,0.0,0.0,0.3404255319148936,4.25531914893617,45.276595744680854,50.12765957446808,197362,bc
53069,Lapusnicel,0.0,0.0,0.0,0.0,100.0,0.0,0.0,993,cs
28497,Cherechiu,0.0,0.0,0.0,0.0,0.0,0.0,100.0,2489,bh
85840,Sansimion,0.0,0.0,0.0,0.0,0.0,0.0,100.0,3637,hr
20313,Hemeius,0.0,0.0,0.0,0.0,0.0,0.0,100.0,5512,bc
94045,Milosesti,,,,,,,,2671,il
12126,Socodor,0.0,0.0,0.0,0.0,57.692307692307686,0.0,42.30769230769231,2277,ar
102240,Cosereni,inf,,,,,,,4561,il
61283,Ciocarlia,,,,,,,,3145,ct
126825,Dobrun,,,,,,,,1495,ot
118637,Papiu Ilarian,,,,,,,,894,ms
175983,Dumitresti,0.0,0.0,0.0,0.0,0.0,0.0,100.0,4667,vn
135020,Rafov,0.0,0.0,0.0,0.0,0.0,100.0,0.0,5396,ph
53103,Lapusnicu Mare,,,,,,,,1695,cs
12144,Sagu,,,,,,,,4159,ar
167794,Oras Brezoi,0.0,0.0,0.0,0.0,0.0,0.0,100.0,7214,vl
28530,Chislaz,,,,,,,,3173,bh
85877,Subcetate,,,,,,,,1874,hr
3958,Cetatea De Balta,,,,,,,,3175,ab
110456,Balta,,,,,,,,1038,mh
159614,Municipiul Tulcea,123.04038004750595,0.0,29.928741092636578,0.0,8.31353919239905,0.23752969121140144,61.520190023752974,89747,tl
94081,Movila,,,,,,,,1995,il
44934,Balta Alba,,,,,,,,2488,bz
61318,Cobadin,0.0,0.0,0.0,0.0,0.0,0.0,100.0,9499,ct
20359,Letea Veche,,,,,,,,6903,bc
53130,Luncavita,,,,,,,,2441,cs
151433,Comanesti,,,,,,,,2377,sv
102286,Crevedia,,,,,,,,5823,db
151442,Iaslovat,0.0,0.0,0.0,0.0,22.22222222222222,0.0,77.77777777777779,4420,sv
36756,Corni,,,,,,,,6761,bt
69526,Voinesti,,,,,,,,6024,db
151451,Ciocanesti,0.0,0.0,0.0,0.0,100.0,0.0,0.0,1448,sv
94107,Munteni-Buzau,,,,,,,,3510,il
159650,Oras Babadag,0.0,0.0,0.0,0.0,100.0,0.0,0.0,10656,tl
85920,Suseni,0.0,0.0,0.0,0.0,100.0,0.0,0.0,5277,hr
118691,Panet,0.0,0.0,0.0,0.0,93.63636363636364,6.363636363636363,0.0,6114,ms
151460,Serbauti,0.0,0.0,0.0,0.0,0.0,100.0,0.0,3272,sv
4008,Ciuruleasa,,,,,,,,1198,ab
94125,Alexandru Odobescu,,,,,,,,2736,cl
12206,Seitin,,,,,,,,3091,ar
53167,Lupac,,,,,,,,2664,cs
151479,Horodnic De Sus,0.0,0.0,0.0,0.0,0.0,0.0,100.0,5247,sv
126905,Fagetelu,,,,,,,,863,ot
20411,Magura,0.0,0.0,0.0,0.0,0.0,0.0,100.0,5105,bc
61372,Cogealac,0.0,0.0,0.0,0.0,0.0,42.10526315789473,57.89473684210527,5598,ct
44989,Balaceanu,,,,,,,,1641,bz
12224,Sepreus,,,,,,,,2907,ar
28610,Ciuhoi,,,,,,,,2276,bh
151488,Fantana Mare,,,,,,,,2609,sv
159687,Oras Isaccea,0.0,0.0,0.0,0.0,0.0,0.0,100.0,5321,tl
110535,Balacita,,,,,,,,2760,mh
36809,Cotusca,0.0,0.0,0.0,0.0,56.25,0.0,43.75,4932,bt
45003,Beceni,11.11111111111111,0.0,0.0,0.0,0.0,0.0,100.0,4432,bz
151497,Cosna,,,,,,,,1502,sv
102348,Crevedia Mare,,,,,,,,4874,gr
151503,Capu Campului,,,,,,,,2489,sv
94161,Perieti,inf,,,,,,,3739,il
12242,Sicula,inf,,,,,,,4277,ar
53210,Marga,,,,,,,,1095,cs
135128,Salcia,,,,,,,,1043,ph
151512,Hantesti,,,,,,,,3967,sv
118753,Pasareni,0.0,0.0,0.0,0.0,0.0,0.0,100.0,1787,ms
85984,Simonesti,,,,,,,,3942,hr
151521,Burla,,,,,,,,2359,sv
167909,Oras Calimanesti,0.0,0.0,0.0,0.0,0.0,0.0,100.0,8857,vl
135146,Salciile,0.0,0.0,0.0,0.0,0.0,100.0,0.0,1844,ph
151530,Balaceana,,,,,,,,1542,sv
110571,Bacles,,,,,,,,1889,mh
69615,Vulcana-Bai,,,,,,,,3038,db
159730,Oras Macin,0.0,0.0,0.0,0.0,0.0,0.0,100.0,11100,tl
20466,Margineni,0.0,0.0,0.0,0.0,0.0,0.0,100.0,9863,bc
77812,Municipiul Targu Jiu,158.99705014749264,0.0,3.5398230088495577,0.0,0.0,0.5899705014749262,95.87020648967551,96887,gj
28665,Ciumeghiu,0.0,0.0,0.0,0.0,0.0,0.0,100.0,4595,bh
135164,Scorteni,,,,,,,,5753,ph
53247,Maureni,,,,,,,,2942,cs
151549,Hartop,,,,,,,,2609,sv
12288,Silindia,,,,,,,,875,ar
126978,Falcoiu,,,,,,,,3823,ot
151558,Voitinel,,,,,,,,4927,sv
4106,Calnic,,,,,,,,1880,ab
61452,Comana,,,,,,,,2019,ct
151567,Ciprian Porumbescu,,,,,,,,2168,sv
94223,Perisoru,,,,,,,,5300,cl
118799,Petelea,,,,,,,,3041,ms
102419,Curcani,,,,,,,,5468,cl
176150,Fitionesti,,,,,,,,2711,vn
159767,Oras Sulina,0.0,0.0,0.0,0.0,0.0,0.0,100.0,4106,tl
53274,Mehadia,0.0,0.0,0.0,0.0,0.0,0.0,100.0,4139,cs
151576,Berchisesti,,,,,,,,2951,sv
151585,Poieni-Solca,,,,,,,,2132,sv
28709,Campani,,,,,,,,2410,bh
118824,Pogaceaua,0.0,0.0,0.0,0.0,0.0,0.0,100.0,2024,ms
127019,Farcasele,0.0,0.0,0.0,0.0,0.0,0.0,100.0,4826,ot
36907,Cristesti,,,,,,,,4948,bt
159785,Baia,0.0,0.0,0.0,0.0,50.0,0.0,50.0,4571,tl
45101,Berca,6.41025641025641,0.0,0.0,0.0,0.0,0.0,100.0,8756,bz
4142,Cricau,,,,,,,,2112,ab
102446,Daia,,,,,,,,2587,gr
167981,Municipiul Dragasani,0.0,0.0,0.0,0.0,0.0,0.0,100.0,20986,vl
12340,Simand,,,,,,,,4433,ar
135226,Secaria,0.0,0.0,0.0,0.0,0.0,0.0,100.0,1224,ph
94269,Reviga,0.0,0.0,0.0,0.0,0.0,100.0,0.0,2826,il
102473,Dascalu,,,,,,,,2881,if
61513,Corbu,,,,,,,,6292,ct
135244,Sangeru,,,,,,,,5543,ph
53327,Mehadica,,,,,,,,696,cs
12368,Siria,0.0,0.0,0.0,0.0,0.0,0.0,100.0,9083,ar
20563,Municipiul Onesti,6.598984771573605,0.0,0.0,0.0,0.0,29.780033840947546,70.21996615905245,52639,bc
176212,Garoafa,0.0,0.0,20.0,0.0,0.0,0.0,80.0,4778,vn
77910,Balesti,0.0,0.0,0.0,0.0,0.0,0.0,100.0,7417,gj
36952,Cristinesti,,,,,,,,3947,bt
143450,Municipiul Sibiu,101.87793427230048,0.0,0.1341381623071764,0.0,6.908115358819584,25.888665325285043,67.0690811535882,169880,sb
127064,Ganeasa,0.0,0.0,0.0,0.0,0.0,0.0,100.0,3590,ot
28763,Cociuba Mare,0.0,0.0,0.0,0.0,0.0,100.0,0.0,2929,bh
4188,Craciunelu De Jos,,,,,,,,2148,ab
53345,Naidas,,,,,,,,1083,cs
110688,Balvanesti,,,,,,,,913,mh
159847,Beidaud,,,,,,,,1656,tl
94312,Roseti,0.0,0.0,0.0,0.0,0.0,0.0,100.0,6482,cl
168041,Oras Horezu,0.0,0.0,0.0,0.0,32.25806451612903,0.0,67.74193548387096,7021,vl
12402,Sistarovat,,,,,,,,319,ar
86133,Tulghes,,,,,,,,3229,hr
61559,Crucea,,,,,,,,3255,ct
94330,Salcioara,,,,,,,,2249,il
53372,Obreja,0.0,0.0,0.0,0.0,0.0,0.0,100.0,3434,cs
102525,Darasti-Ilfov,,,,,,,,2659,if
143487,Cristian,0.0,0.0,0.0,0.0,0.0,100.0,0.0,4193,sb
20607,Gura Vaii,,,,,,,,5286,bc
151683,Municipiul Turnu Magurele,3.418803418803419,0.0,0.0,0.0,0.0,0.0,100.0,30014,tr
159883,C.a. Rosetti,,,,,,,,866,tl
143502,Poplaca,inf,,,,,,,1815,sb
102543,1 Decembrie,1655.5555555555557,0.0,0.0,0.0,0.0,0.0,100.0,8016,if
4240,Daia Romana,0.0,0.0,0.0,0.0,0.0,0.0,100.0,3150,ab
28816,Copacel,0.0,0.0,0.0,0.0,100.0,0.0,0.0,2162,bh
135315,Starchiojd,inf,,,,,,,3815,ph
118931,Rastolita,,,,,,,,1846,ms
37011,Dersca,0.0,0.0,0.0,0.0,0.0,20.0,80.0,3231,bt
110740,Breznita-Motru,0.0,0.0,0.0,0.0,0.0,0.0,100.0,1436,mh
127126,Giuvarasti,,,,,,,,2295,ot
151709,Ciuperceni,0.0,0.0,0.0,0.0,0.0,0.0,100.0,1550,tr
143520,Rasinari,33.33333333333333,0.0,0.0,0.0,0.0,0.0,100.0,5753,sb
12457,Taut,,,,,,,,1665,ar
94376,Saveni,,,,,,,,3524,il
127144,Gostavatu,,,,,,,,2865,ot
102570,Domnesti,146.15384615384613,0.0,0.0,0.0,0.0,0.0,100.0,8484,if
4268,Dostat,,,,,,,,999,ab
86188,Tusnad,,,,,,,,2216,hr
176301,Gugesti,0.0,0.0,0.0,0.0,0.0,0.0,100.0,6733,vn
53425,Paltinis,,,,,,,,2453,cs
61620,Cumpana,312.5,0.0,0.0,0.0,0.0,0.0,100.0,14219,ct
151736,Islaz,,,,,,,,5296,tr
45245,Bisoca,,,,,,,,2769,bz
20670,Stefan Cel Mare,,,,,,,,5257,bc
168130,Oras Ocnele Mari,,,,,,,,3498,vl
37057,Dangeni,,,,,,,,3039,bt
78016,Dragutesti,0.0,0.0,0.0,0.0,0.0,0.0,100.0,4996,gj
127171,Gradinari,0.0,0.0,100.0,0.0,0.0,0.0,0.0,2463,ot
143557,Selimbar,0.0,0.0,0.0,0.0,2.2598870056497176,0.0,97.74011299435028,9253,sb
159945,Carcaliu,0.0,0.0,0.0,0.0,0.0,0.0,100.0,3017,tl
102605,Dragomiresti-Vale,1887.5,0.0,0.0,0.0,0.0,0.0,100.0,4889,if
4302,Farau,,,,,,,,1623,ab
86222,Ulies,,,,,,,,1178,hr
176338,Gura Calitei,,,,,,,,2724,vn
151763,Lita,,,,,,,,2613,tr
118995,Raciu,,,,,,,,3652,ms
28889,Cristioru De Jos,,,,,,,,1339,bh
159963,Casimcea,,,,,,,,3014,tl
94429,Scanteia,,,,,,,,3881,il
12509,Tarnova,0.0,0.0,0.0,0.0,0.0,0.0,100.0,6203,ar
110820,Breznita-Ocol,0.0,0.0,0.0,0.0,0.0,0.0,100.0,4004,mh
61675,Deleni,,,,,,,,2490,ct
37100,Dobarceni,,,,,,,,2643,bt
151790,Municipiul Alexandria,50.18315018315018,0.0,0.0,2.93040293040293,0.0,3.6630036630036633,93.4065934065934,52135,tr
135404,Surani,,,,,,,,1871,ph
102641,Dragoesti,0.0,0.0,0.0,0.0,0.0,100.0,0.0,938,il
53489,Coronini,0.0,0.0,0.0,0.0,0.0,0.0,100.0,1978,cs
94456,Sfantu Gheorghe,,,,,,,,1922,il
127224,Grojdibodu,,,,,,,,2804,ot
143619,Municipiul Medias,3.015075376884422,0.0,5.527638190954774,0.0,0.0,7.035175879396985,87.43718592964824,58607,sb
135431,Sirna,,,,,,,,4864,ph
78089,Turcinesti,0.0,0.0,0.0,0.0,0.0,0.0,100.0,2110,gj
53513,Pojejena,,,,,,,,2861,cs
151816,Nanov,0.0,0.0,0.0,0.0,35.585585585585584,4.054054054054054,60.36036036036037,3576,tr
28941,Curatele,,,,,,,,2452,bh
69900,Municipiul Craiova,2.083333333333333,0.0,0.07183908045977011,0.7902298850574714,2.2988505747126435,2.1551724137931036,94.68390804597702,305946,dj
4366,Galda De Jos,40.160000000000004,0.0,0.0,0.0,98.72,0.0,1.28,4408,ab
127251,Ianca,0.0,0.0,0.0,0.0,0.0,31.818181818181817,68.18181818181817,3693,ot
45334,Blajani,,,,,,,,1036,bz
151834,Poroschia,0.0,0.0,0.0,0.0,33.33333333333333,66.66666666666666,0.0,4538,tr
110875,Brosteni,,,,,,,,2783,mh
12572,Varadia De Mures,,,,,,,,1685,ar
143646,Tarnava,inf,,,,,,,3366,sb
94492,Stelnica,,,,,,,,1909,il
86311,Varsag,,,,,,,,1676,hr
168229,Alunu,0.0,0.0,0.0,0.0,0.0,0.0,100.0,4409,vl
61737,Dobromir,,,,,,,,3505,ct
20778,Oras Buhusi,4.405286343612335,80.1762114537445,0.0,0.0,0.0,0.4405286343612335,19.383259911894275,20838,bc
160047,Ceatalchioi,,,,,,,,690,tl
102703,Dridu,,,,,,,,3325,il
45361,Boldu,,,,,,,,2269,bz
37173,Draguseni,,,,,,,,2691,bt
127288,Iancu Jianu,,,,,,,,4342,ot
78141,Municipiul Motru,18.384401114206128,0.0,2.5069637883008355,0.0,0.0,0.8356545961002786,96.65738161559888,22945,gj
151870,Municipiul Rosiori De Vede,6.666666666666667,0.0,0.0,0.0,0.0,11.851851851851853,88.14814814814815,32637,tr
176445,Homocea,0.0,0.0,0.0,0.0,0.0,100.0,0.0,7770,vn
143682,Oras Agnita,0.0,0.0,0.0,0.0,0.0,0.0,100.0,12078,sb
86339,Voslabeni,,,,,,,,1989,hr
94535,Suditi,,,,,,,,2127,il
29001,Curtuiseni,,,,,,,,4003,bh
53577,Prigor,33.33333333333333,0.0,0.0,0.0,100.0,0.0,0.0,2483,cs
45389,Bozioru,,,,,,,,1085,bz
69964,Bucovat,75.0,0.0,0.0,0.0,0.0,0.0,100.0,4160,dj
135501,Soimari,,,,,,,,3123,ph
20821,Oras Comanesti,0.0,0.0,0.0,1.875,0.0,15.625,82.5,24059,bc
127322,Icoana,,,,,,,,1821,ot
102749,Oras Fierbinti-Targ,inf,,,,,,,4643,il
160092,Ceamurlia De Jos,,,,,,,,2507,tl
86366,Zetea,400.0,0.0,0.0,0.0,0.0,0.0,100.0,6016,hr
37217,Durnesti,,,,,,,,4055,bt
12643,Vinga,0.0,0.0,0.0,0.0,0.0,0.0,100.0,6866,ar
94562,Stefan Cel Mare,0.0,0.0,0.0,33.33333333333333,0.0,66.66666666666666,0.0,3289,cl
110946,Burila Mare,,,,,,,,2102,mh
151905,Oras Videle,0.0,0.0,0.0,0.0,19.753086419753085,0.0,80.24691358024691,11765,tr
29038,Derna,0.0,0.0,0.0,0.0,0.0,0.0,100.0,2659,bh
61808,Garliciu,,,,,,,,1740,ct
119153,Rusii-Munti,0.0,0.0,0.0,0.0,0.0,0.0,100.0,2191,ms
94580,Stefan Voda,0.0,0.0,0.0,0.0,0.0,0.0,100.0,2360,cl
143735,Oras Cisnadie,7.2727272727272725,0.0,2.727272727272727,0.0,0.0,33.63636363636363,63.63636363636363,19335,sb
168309,Amarasti,,,,,,,,1812,vl
176506,Jaristea,0.0,0.0,0.0,0.0,0.0,0.7407407407407408,99.25925925925925,4231,vn
135547,Sotrile,,,,,,,,3353,ph
160127,Cerna,inf,,,,,,,3855,tl
151932,Crevenicu,,,,,,,,1469,tr
4482,Garbova,0.0,0.0,0.0,0.0,0.0,0.0,100.0,2119,ab
61826,Ghindaresti,,,,,,,,2728,ct
53639,Ramna,,,,,,,,1601,cs
127368,Izbiceni,,,,,,,,4641,ot
102794,Floresti-Stoenesti,0.0,0.0,0.0,0.0,0.0,0.0,100.0,8601,gr
20876,Municipiul Moinesti,21.96969696969697,0.0,0.0,0.0,7.575757575757576,0.0,92.42424242424242,24715,bc
94606,Ulmu,,,,,,,,1365,cl
12689,Varfurile,0.0,0.0,0.0,0.0,0.0,0.0,100.0,2681,ar
143771,Oras Copsa Mica,58.333333333333336,0.0,0.0,0.0,0.0,0.0,100.0,6067,sb
127386,Izvoarele,,,,,,,,3579,ot
111006,Butoiesti,,,,,,,,3247,mh
37280,Oras Flamanzi,0.0,0.0,0.0,46.15384615384615,0.0,0.0,53.84615384615385,11943,bt
29092,Diosig,0.0,0.0,0.0,100.0,0.0,0.0,0.0,7067,bh
176551,Jitia,,,,,,,,1647,vn
86438,Madaras,0.0,0.0,0.0,0.0,18.07909604519774,0.0,81.92090395480226,2243,hr
119206,Saschiz,0.0,0.0,100.0,0.0,0.0,0.0,0.0,2280,ms
151978,Oras Zimnicea,0.0,0.0,0.0,36.84210526315789,51.127819548872175,0.0,12.030075187969924,15445,tr
53675,Racasdia,,,,,,,,2122,cs
4525,Garda De Sus,,,,,,,,1696,ab
20910,Oras Slanic-Moldova,,,,,,,,5169,bc
160172,Chilia Veche,,,,,,,,2129,tl
61871,Independenta,0.0,0.0,0.0,0.0,0.0,100.0,0.0,3058,ct
86446,Cozmeni,,,,,,,,2260,hr
127411,Leleasca,,,,,,,,1406,ot
78258,Oras Novaci,0.0,0.0,0.0,0.0,32.142857142857146,0.0,67.85714285714286,5754,gj
86453,Tomesti,,,,,,,,2668,hr
168372,Oras Babeni,0.0,0.0,0.0,0.0,0.0,0.0,100.0,9398,vl
102838,Frasinet,,,,,,,,1713,cl
45496,Bradeanu,0.0,0.0,0.0,0.0,0.0,100.0,0.0,2479,bz
94651,Unirea,,,,,,,,2780,cl
86461,Ciceu,,,,,,,,2797,hr
143806,Oras Dumbraveni,0.0,0.0,0.0,0.0,0.0,0.0,100.0,8685,sb
151996,Balaci,,,,,,,,1699,tr
135618,Stefesti,,,,,,,,2381,ph
53700,Eftimie Murgu,0.0,0.0,0.0,0.0,0.0,0.0,100.0,1604,cs
119242,Oras Sarmasu,0.0,0.0,0.0,0.0,0.0,0.0,100.0,7184,ms
37324,Frumusica,,,,,,,,6096,bt
86479,Leliceni,,,,,,,,2141,hr
70094,Isalnita,0.0,0.0,0.0,0.0,0.0,0.0,100.0,4014,dj
86487,Porumbeni,0.0,0.0,0.0,0.0,0.0,0.0,100.0,1891,hr
86495,Racu,,,,,,,,1639,hr
70110,Podari,75.0,0.0,0.0,25.0,50.0,0.0,25.0,6708,dj
53728,Rusca Montana,0.0,0.0,0.0,0.0,0.0,0.0,100.0,1945,cs
94688,Valea Ciorii,,,,,,,,1876,il
29154,Dobresti,0.0,0.0,0.0,0.0,0.0,0.0,100.0,5456,bh
45539,Braesti,,,,,,,,2472,bz
160225,Ciucurova,,,,,,,,2243,tl
86501,Satu Mare,,,,,,,,2117,hr
135654,Talea,,,,,,,,1045,ph
152038,Babaita,,,,,,,,2962,tr
20965,Oras Targu Ocna,0.0,0.0,0.0,0.0,0.0,0.0,100.0,13134,bc
176613,Maicanesti,350.0,0.0,0.0,0.0,0.0,0.0,100.0,4697,vn
143851,Oras Ocna Sibiului,,,,,,,,4332,sb
12778,Zabrani,0.0,0.0,0.0,0.0,0.0,0.0,100.0,4607,ar
86519,Santimbru,,,,,,,,2188,hr
78329,Oras Targu Carbunesti,0.0,0.0,0.0,0.0,0.0,0.0,100.0,8709,gj
111097,Cazanesti,,,,,,,,2136,mh
53755,Sacu,,,,,,,,1604,cs
102909,Fratesti,0.0,0.0,0.0,0.0,0.0,0.0,100.0,5268,gr
61951,Ion Corvin,0.0,0.0,0.0,0.0,60.60606060606061,0.0,39.39393939393939,2092,ct
135681,Tataru,,,,,,,,891,ph
127493,Maruntei,0.0,0.0,0.0,0.0,0.0,100.0,0.0,4007,ot
168452,Oras Balcesti,0.0,0.0,0.0,0.0,0.0,0.0,100.0,5202,vl
160261,Crisan,,,,,,,,1234,tl
94731,Valcelele,0.0,0.0,0.0,0.0,0.0,0.0,100.0,1742,cl
12812,Zarand,,,,,,,,2745,ar
21007,Agas,,,,,,,,6236,bc
152083,Blejesti,,,,,,,,3842,tr
143888,Altina,,,,,,,,1850,sb
37397,George Enescu,,,,,,,,3256,bt
53791,Sasca Montana,,,,,,,,1498,cs
70174,Simnicu De Sus,0.0,0.0,0.0,0.0,0.0,75.0,25.0,4671,dj
102945,Frumusani,inf,,,,,,,4970,cl
119331,Oras Sangeorgiu De Padure,0.0,0.0,0.0,0.0,0.0,0.0,100.0,5473,ms
176686,Mera,0.0,0.0,0.0,0.0,0.0,0.0,100.0,4165,vn
135725,Teisani,,,,,,,,3698,ph
143922,Apoldu De Jos,,,,,,,,1322,sb
12849,Zerind,,,,,,,,1443,ar
94768,Vlad Tepes,,,,,,,,2108,cl
127536,Mihaesti,,,,,,,,1523,ot
45619,Breaza,0.0,0.0,0.0,0.0,0.0,0.0,100.0,2715,bz
160305,Daeni,,,,,,,,2064,tl
29243,Draganesti,0.0,0.0,0.0,0.0,0.0,100.0,0.0,2934,bh
152127,Bogdana,,,,,,,,2215,tr
160323,Dorobantu,,,,,,,,1516,tl
62020,Istria,,,,,,,,2588,ct
94795,Vladeni,,,,,,,,2176,il
127563,Milcov,,,,,,,,1471,ot
12876,Zimandu Nou,266.66666666666663,0.0,0.0,0.0,0.0,0.0,100.0,4900,ar
37459,Gorbanesti,,,,,,,,3534,bt
143959,Arpasu De Jos,0.0,0.0,3.278688524590164,0.0,0.0,0.0,96.72131147540983,2842,sb
119386,Sanger,,,,,,,,2443,ms
53853,Sichevita,,,,,,,,2134,cs
4703,Hoparta,,,,,,,,1197,ab
103014,Fundeni,,,,,,,,4867,cl
45673,Buda,,,,,,,,3063,bz
62057,Lipnita,,,,,,,,3235,ct
21098,Ardeoani,,,,,,,,2493,bc
168559,Barbatesti,0.0,0.0,0.0,0.0,0.0,0.0,100.0,3382,vl
152172,Botoroaga,0.0,0.0,0.0,0.0,0.0,100.0,0.0,5101,tr
176748,Milcovul,0.0,0.0,0.0,0.0,0.0,25.0,75.0,3613,vn
135789,Telega,inf,,,,,,,5560,ph
12912,Dorobanti,0.0,0.0,0.0,0.0,0.0,0.0,100.0,1609,ar
111220,Ciresu,,,,,,,,491,mh
78454,Oras Ticleni,0.0,0.0,0.0,0.0,0.0,0.0,100.0,4826,gj
12920,Frumuseni,0.0,0.0,0.0,0.0,0.0,0.0,100.0,2765,ar
103032,Oras Fundulea,,,,,,,,6765,cl
143995,Atel,,,,,,,,1703,sb
160387,Frecatei,0.0,0.0,0.0,0.0,0.0,100.0,0.0,3647,tl
21123,Asau,0.0,0.0,0.0,0.0,100.0,0.0,0.0,7154,bc
127625,Morunglav,,,,,,,,2451,ot
78472,Albeni,,,,,,,,2902,gj
12938,Zadareni,,,,,,,,2838,ar
168602,Oras Berbesti,,,,,,,,5570,vl
176793,Movilita,0.0,0.0,0.0,0.0,0.0,0.0,100.0,3873,vn
29341,Dragesti,0.0,0.0,0.0,0.0,0.0,0.0,100.0,2607,bh
86687,Municipiul Deva,21.689497716894977,0.0,0.0,0.0,0.684931506849315,0.0,99.31506849315068,70456,hd
4767,Horea,,,,,,,,2102,ab
135850,Tinosu,,,,,,,,2417,ph
152234,Bragadiru,,,,,,,,3849,tr
111275,Corcova,0.0,0.0,0.0,0.0,0.0,0.0,100.0,6085,mh
37547,Havarna,,,,,,,,4659,bt
119466,Sanpaul,0.0,0.0,0.0,0.0,0.0,0.0,100.0,4413,ms
160430,Greci,0.0,0.0,0.0,0.0,0.0,0.0,100.0,5293,tl
70316,Municipiul Bailesti,0.0,0.0,0.0,0.0,0.0,50.0,50.0,20016,dj
103087,Gaiseni,,,,,,,,5509,gr
144054,Oras Avrig,155.8139534883721,0.0,0.0,0.0,0.0,0.0,100.0,15674,sb
45753,Calvini,0.0,0.0,0.0,0.0,0.0,0.0,100.0,4736,bz
62137,Mereni,0.0,0.0,0.0,0.0,0.0,10.714285714285714,89.28571428571429,2471,ct
152252,Branceni,,,,,,,,2775,tr
127689,Movileni,,,,,,,,3430,ot
160458,Grindu,,,,,,,,1410,tl
21196,Balcani,0.0,0.0,0.0,0.0,0.0,0.0,100.0,8127,bc
152270,Bujoreni,,,,,,,,1014,tr
78542,Alimpesti,0.0,0.0,0.0,0.0,0.0,0.0,100.0,1819,gj
70352,Municipiul Calafat,0.0,0.0,0.0,0.0,0.0,56.00000000000001,44.0,18542,dj
176855,Nanesti,,,,,,,,2421,vn
135896,Tomsani,,,,,,,,4409,ph
29403,Finis,0.0,0.0,0.0,0.0,0.0,0.0,100.0,3647,bh
103130,Ganeasa,inf,,,,,,,5136,if
86749,Carjiti,,,,,,,,680,hd
160476,Hamcearca,,,,,,,,1347,tl
168675,Berislavesti,,,,,,,,2769,vl
127714,Nicolae Titulescu,,,,,,,,1261,ot
119527,Sanpetru De Campie,,,,,,,,2837,ms
62191,Mihail Kogalniceanu,0.0,0.0,0.0,0.0,89.28571428571429,0.0,10.714285714285714,10302,ct
37618,Hanesti,,,,,,,,2197,bt
144116,Axente Sever,0.0,0.0,0.0,0.0,0.0,0.0,100.0,4313,sb
45815,C.a. Rosetti,0.0,0.0,0.0,0.0,100.0,0.0,0.0,3667,bz
152314,Bujoru,0.0,0.0,100.0,0.0,0.0,0.0,0.0,1954,tr
176891,Naruja,,,,,,,,1937,vn
21249,Beresti-Bistrita,0.0,0.0,0.0,0.0,0.0,100.0,0.0,2246,bc
127750,Obarsia,,,,,,,,2632,ot
78604,Aninoasa,0.0,0.0,0.0,0.0,0.0,0.0,100.0,3907,gj
152332,Buzescu,0.0,0.0,0.0,0.0,0.0,100.0,0.0,4398,tr
70414,Oras Filiasi,0.0,0.0,0.0,0.0,0.0,0.0,100.0,18439,dj
135949,Valea Calugareasca,0.0,0.0,0.0,0.0,100.0,0.0,0.0,10921,ph
160528,Horia,,,,,,,,1458,tl
144152,Bazna,0.0,0.0,0.0,0.0,0.0,0.0,100.0,4240,sb
29467,Girisu De Cris,,,,,,,,3863,bh
103194,Gaujani,,,,,,,,2353,gr
86810,Municipiul Hunedoara,35.58282208588957,0.0,3.6809815950920246,0.0,0.0,0.0,96.31901840490798,74279,hd
152350,Calinesti,,,,,,,,3151,tr
119590,Solovastru,,,,,,,,2877,ms
37672,Hiliseu-Horia,,,,,,,,3602,bt
54056,Slatina-Timis,0.0,0.0,0.0,0.0,0.0,0.0,100.0,3019,cs
62253,Mihai Viteazu,,,,,,,,3725,ct
168755,Boisoara,,,,,,,,1313,vl
176944,Nereju,,,,,,,,4619,vn
160564,Izvoarele,,,,,,,,2135,tl
111417,Corlatel,,,,,,,,1283,mh
4927,Ighiu,1636.3636363636363,0.0,0.0,0.0,0.0,18.181818181818183,81.81818181818183,6867,ab
45888,Canesti,,,,,,,,810,bz
144198,Biertan,,,,,,,,3096,sb
127812,Oboga,,,,,,,,1690,ot
103238,Ghimpati,,,,,,,,5712,gr
62280,Mircea Voda,0.0,0.0,0.0,0.0,0.0,0.0,100.0,5372,ct
119625,Stanceni,0.0,0.0,0.0,0.0,0.0,0.0,100.0,1472,ms
78668,Arcani,,,,,,,,1241,gj
29519,Hidiselu De Sus,0.0,0.0,0.0,0.0,74.07407407407408,0.0,25.925925925925924,3111,bh
95060,Municipiul Iasi,9.586905689789555,0.0,2.7279812938425563,0.0,0.6235385814497272,2.1823850350740455,94.46609508963367,363312,is
111444,Cujmir,,,,,,,,3350,mh
168791,Budesti,0.0,0.0,0.0,0.0,0.0,0.0,100.0,5964,vl
21338,Beresti-Tazlau,,,,,,,,5740,bc
54109,Socol,,,,,,,,2172,cs
152412,Calmatuiu,0.0,0.0,0.0,100.0,0.0,0.0,0.0,1892,tr
86883,Ghelari,,,,,,,,2097,hd
37734,Hlipiceni,,,,,,,,3674,bt
70502,Oras Segarcea,inf,,,,,,,8028,dj
177003,Nistoresti,,,,,,,,2276,vn
144232,Barghis,,,,,,,,2238,sb
160617,Jijila,,,,,,,,5649,tl
119661,Suplac,,,,,,,,2316,ms
13169,Municipiul Pitesti,209.2224231464738,0.0,2.7124773960216997,0.5424954792043399,15.732368896925857,10.849909584086799,70.16274864376129,176803,ag
95088,Barnova,,,,,,,,6296,is
103283,Garbovi,,,,,,,,3868,il
127858,Oporelu,,,,,,,,1087,ot
4981,Intregalde,,,,,,,,627,ab
78711,Baia De Fier,,,,,,,,4291,gj
70520,Afumati,0.0,0.0,0.0,0.0,0.0,100.0,0.0,2693,dj
111480,Devesel,0.0,0.0,0.0,0.0,0.0,0.0,100.0,2979,mh
13187,Bascov,28.106508875739642,0.0,0.0,0.0,0.0,0.0,100.0,10523,ag
29573,Holod,0.0,0.0,0.0,0.0,0.0,0.0,100.0,3207,bh
160644,Jurilovca,0.0,0.0,0.0,0.0,0.0,0.0,100.0,4626,tl
45959,Catina,,,,,,,,2500,bz
37770,Hudesti,,,,,,,,6282,bt
103309,Gogosari,,,,,,,,1789,gr
152467,Calmatuiu De Sus,,,,,,,,2183,tr
54163,Sopotu Nou,,,,,,,,1164,cs
62360,Oras Murfatlar,0.0,0.0,0.0,0.0,0.0,0.0,100.0,11649,ct
86936,Teliucu Inferior,,,,,,,,2546,hd
127901,Optasi-Magura,0.0,0.0,0.0,0.0,0.0,100.0,0.0,1210,ot
78748,Balanesti,0.0,0.0,0.0,0.0,0.0,0.0,100.0,2096,gj
70566,Almaj,,,,,,,,1904,dj
136107,Valea Doftanei,0.0,0.0,0.0,0.0,0.0,0.0,100.0,6696,ph
21418,Berzunti,,,,,,,,5378,bc
119723,Suseni,0.0,0.0,0.0,0.0,0.0,0.0,100.0,2349,ms
160680,Luncavita,,,,,,,,4321,tl
144303,Blajel,0.0,0.0,0.0,0.0,0.0,0.0,100.0,2427,sb
168880,Bujoreni,0.0,0.0,0.0,0.0,0.0,0.0,100.0,4902,vl
95159,Holboca,0.0,0.0,0.0,0.0,0.0,13.333333333333334,86.66666666666667,14886,is
152500,Cervenia,0.0,0.0,0.0,100.0,0.0,0.0,0.0,2939,tr
103354,Gostinu,,,,,,,,1913,gr
62397,Oras Negru Voda,,,,,,,,5786,ct
37823,Ibanesti,,,,,,,,3976,bt
111550,Darvari,,,,,,,,2607,mh
46019,Cernatesti,,,,,,,,3724,bz
127938,Orlea,,,,,,,,2247,ot
136134,Varbilau,,,,,,,,6881,ph
119750,Saulia,,,,,,,,2062,ms
103372,Gostinari,,,,,,,,2329,gr
21454,Barsanesti,,,,,,,,4838,bc
86990,Municipiul Petrosani,3.6734693877551026,0.0,0.40816326530612246,0.0,0.0,0.0,99.59183673469387,43219,hd
177101,Paltin,,,,,,,,2065,vn
152528,Ciolanesti,,,,,,,,2732,tr
160724,Mahmudia,0.0,0.0,0.0,0.0,0.0,0.0,100.0,2749,tl
37850,Leorda,,,,,,,,2556,bt
13276,Bradu,0.0,0.0,0.0,0.0,68.0,0.0,32.0,7714,ag
29662,Husasau De Tinca,,,,,,,,2331,bh
144349,Brateiu,,,,,,,,4031,sb
111587,Dumbrava,,,,,,,,1393,mh
62440,Nicolae Balcescu,0.0,0.0,0.0,0.0,0.0,18.0327868852459,81.9672131147541,5502,ct
70637,Amarastii De Jos,0.0,0.0,0.0,0.0,0.0,0.0,100.0,5590,dj
78828,Barbatesti,0.0,0.0,0.0,0.0,0.0,0.0,100.0,1657,gj
103407,Gradinari,,,,,,,,3275,gr
127983,Osica De Sus,0.0,0.0,0.0,0.0,0.0,0.0,100.0,4813,ot
5103,Jidvei,,,,,,,,5309,ab
13301,Oras Mioveni,0.0,0.0,0.0,0.0,0.0,0.0,100.0,34559,ag
152564,Contesti,,,,,,,,3217,tr
119803,Sincai,,,,,,,,1619,ms
144376,Bradeni,,,,,,,,1638,sb
54270,Teregova,0.0,0.0,0.0,0.0,0.0,0.0,100.0,4063,cs
21506,Blagesti,0.0,0.0,0.0,0.0,0.0,0.0,100.0,7649,bc
168960,Bunesti,,,,,,,,2810,vl
136198,Valcanesti,,,,,,,,3845,ph
152582,Cosmesti,,,,,,,,2590,tr
95239,Rediu,0.0,0.0,0.0,0.0,0.0,0.0,100.0,6107,is
160779,Maliuc,,,,,,,,952,tl
70673,Amarastii De Sus,,,,,,,,1653,dj
87059,Municipiul Lupeni,0.0,0.0,0.0,0.0,0.0,0.0,100.0,27186,hd
103443,Gradistea,0.0,0.0,0.0,0.0,0.0,100.0,0.0,3133,if
62486,Oltina,,,,,,,,2697,ct
37912,Lunca,,,,,,,,4375,bt
78873,Bengesti-Ciocadia,,,,,,,,3241,gj
144410,Bruiu,,,,,,,,927,sb
29724,Ineu,,,,,,,,4786,bh
46108,Chiliile,,,,,,,,567,bz
54305,Ticvaniu Mare,,,,,,,,2001,cs
87077,Oras Petrila,0.0,0.0,0.0,0.0,0.0,0.0,100.0,25130,hd
152617,Crangeni,,,,,,,,2808,tr
5167,Livezile,,,,,,,,1271,ab
103470,Greaca,,,,,,,,2308,gr
119858,Taureni,,,,,,,,986,ms
136241,Cocorastii Colt,0.0,0.0,0.0,0.0,0.0,0.0,100.0,2986,ph
13365,Maracineni,9.215017064846416,0.0,49.48805460750853,0.0,0.0,1.7064846416382253,48.80546075085324,5250,ag
128052,Perieti,,,,,,,,2050,ot
21560,Bogdanesti,0.0,0.0,0.0,0.0,0.0,0.0,100.0,2870,bc
136250,Olari,,,,,,,,1911,ph
95293,Tomesti,29.03225806451613,0.0,0.0,0.0,0.0,0.0,100.0,13935,is
160831,Mihai Bravu,0.0,0.0,0.0,0.0,0.0,100.0,0.0,2696,tl
29760,Lazuri De Beius,0.0,100.0,0.0,0.0,0.0,0.0,0.0,1580,bh
111685,Floresti,,,,,,,,2586,mh
37958,Manoleasa,,,,,,,,3407,bt
70726,Apele Vii,,,,,,,,2073,dj
62538,Ostrov,,,,,,,,5035,ct
144456,Chirpar,,,,,,,,1909,sb
169039,Cernisoara,,,,,,,,3689,vl
54350,Tarnova,,,,,,,,1670,cs
78926,Berlesti,,,,,,,,2075,gj
136269,Vadu Sapat,inf,,,,,,,1726,ph
13392,Oras Stefanesti,526.530612244898,0.0,0.0,0.0,0.0,0.0,100.0,15238,ag
136278,Batrani,,,,,,,,2113,ph
152662,Crangu,,,,,,,,1458,tr
177236,Paunesti,0.0,0.0,0.0,0.0,0.0,100.0,0.0,6776,vn
119894,Oras Ungheni,,,,,,,,7534,ms
103513,Gruiu,,,,,,,,6872,if
70744,Argetoaia,0.0,0.0,0.0,0.0,0.0,0.0,100.0,4582,dj
5210,Lopadea Noua,0.0,0.0,0.0,0.0,100.0,0.0,0.0,2716,ab
21597,Brusturoasa,,,,,,,,3510,bc
87139,Oras Uricani,,,,,,,,9851,hd
46180,Chiojdu,,,,,,,,3448,bz
128105,Oras Piatra-Olt,,,,,,,,6581,ot
177263,Poiana Cristei,,,,,,,,2773,vn
160877,Mihail Kogalniceanu,,,,,,,,3287,tl
54387,Toplet,0.0,0.0,0.0,0.0,0.0,0.0,100.0,2612,cs
29813,Lazareni,0.0,0.0,0.0,0.0,0.0,0.0,100.0,3209,bh
95355,Oras Harlau,100.0,0.0,0.0,0.0,0.0,0.0,100.0,12429,is
144508,Carta,,,,,,,,1160,sb
87175,Municipiul Vulcan,0.0,0.0,0.0,0.0,0.0,22.807017543859647,77.19298245614034,28952,hd
54412,Turnu Ruieni,,,,,,,,3481,cs
160911,Murighiol,,,,,,,,3530,tl
103568,Gurbanesti,,,,,,,,1190,cl
62609,Pantelimon,,,,,,,,1841,ct
144535,Cartisoara,,,,,,,,1328,sb
152724,Didesti,,,,,,,,1213,tr
79004,Balteni,0.0,0.0,0.0,0.0,0.0,0.0,100.0,7704,gj
169119,Caineni,,,,,,,,2514,vl
95391,Municipiul Pascani,574.4897959183673,0.0,0.0,0.0,0.0,16.3265306122449,83.6734693877551,43383,is
21668,Buhoci,,,,,,,,5167,bc
111783,Garla Mare,0.0,0.0,0.0,0.0,0.0,100.0,0.0,3632,mh
119974,Valea Larga,,,,,,,,3062,ms
46251,Cilibia,,,,,,,,1879,bz
144553,Darlos,inf,,,,,,,3566,sb
38063,Mihai Eminescu,0.0,0.0,0.0,0.0,25.454545454545453,70.9090909090909,3.6363636363636362,7881,bt
13490,Municipiul Campulung,8.47457627118644,0.0,0.6779661016949152,0.0,10.508474576271185,0.0,88.8135593220339,36955,ag
87219,Oras Aninoasa,16.666666666666664,0.0,0.0,0.0,0.0,0.0,100.0,4753,hd
128178,Parscoveni,,,,,,,,3009,ot
152760,Dobrotesti,0.0,0.0,0.0,0.0,15.789473684210526,0.0,84.21052631578947,4444,tr
5309,Lunca Muresului,0.0,0.0,0.0,0.0,0.0,0.0,100.0,2550,ab
177352,Pufesti,0.0,0.0,0.0,0.0,0.0,0.0,100.0,4310,vn
111818,Godeanu,,,,,,,,582,mh
29902,Lugasu De Jos,0.0,0.0,6.666666666666667,0.0,0.0,0.0,93.33333333333333,3653,bh
87246,Banita,,,,,,,,1153,hd
62672,Pecineaga,0.0,0.0,0.0,0.0,0.0,0.0,100.0,3418,ct
13524,Valea Mare Pravat,0.0,0.0,100.0,0.0,0.0,0.0,0.0,4278,ag
54485,Valiug,,,,,,,,769,cs
144599,Gura Raului,,,,,,,,3734,sb
103639,Hotarele,,,,,,,,3535,gr
5336,Lupsa,0.0,0.0,0.0,0.0,0.0,0.0,100.0,3174,ab
21720,Casin,,,,,,,,3970,bc
128221,Plesoiu,,,,,,,,2852,ot
169182,Copaceni,,,,,,,,2776,vl
70879,Oras Bechet,,,,,,,,4353,dj
152797,Dracsenei,,,,,,,,1774,tr
160993,Nalbant,,,,,,,,2845,tl
54500,Varadia,,,,,,,,1421,cs
79077,Bolbosi,,,,,,,,3312,gj
144615,Hoghilag,,,,,,,,2429,sb
46313,Cislau,0.0,0.0,0.0,0.0,0.0,0.0,100.0,4775,bz
95471,Oras Targu Frumos,3.1914893617021276,0.0,0.0,1.0638297872340425,0.0,0.0,98.93617021276596,14593,is
70897,Bistret,,,,,,,,4316,dj
62707,Pestera,,,,,,,,3564,ct
111863,Gogosu,,,,,,,,4232,mh
87291,Municipiul Brad,51.32743362831859,0.0,0.0,0.0,0.0,0.0,100.0,15937,hd
29948,Lunca,0.0,0.0,0.0,0.0,0.0,0.0,100.0,2744,bh
21757,Caiuti,,,,,,,,5420,bc
177405,Racoasa,,,,,,,,3289,vn
54537,Vermes,,,,,,,,1534,cs
144651,Iacobeni,,,,,,,,3351,sb
161035,Niculitel,0.0,0.0,0.0,0.0,0.0,0.0,100.0,4850,tl
95499,Ion Neculce,,,,,,,,5821,is
103693,Iepuresti,,,,,,,,1930,gr
120076,Vargata,,,,,,,,1953,ms
38161,Mihaileni,0.0,0.0,0.0,0.0,0.0,100.0,0.0,2660,bt
70940,Barca,,,,,,,,4084,dj
161053,Nufaru,,,,,,,,2680,tl
136483,Municipiul Satu Mare,159.68586387434556,0.0,0.34904013961605584,2.6178010471204187,10.645724258289704,3.315881326352531,83.07155322862128,122560,sm
152868,Draganesti De Vede,,,,,,,,2131,tr
169253,Costesti,,,,,,,,3236,vl
46377,Cochirleanca,,,,,,,,5504,bz
62761,Poarta Alba,,,,,,,,5627,ct
128301,Poboru,,,,,,,,1977,ot
54573,Vrani,,,,,,,,1169,cs
111916,Greci,0.0,0.0,0.0,0.0,0.0,0.0,100.0,1233,mh
79157,Borascu,,,,,,,,3341,gj
13622,Municipiul Curtea De Arges,0.0,0.0,19.32367149758454,0.0,0.966183574879227,0.0,79.71014492753623,33439,ag
70968,Botosesti-Paia,,,,,,,,711,dj
30014,Madaras,0.0,0.0,0.0,0.0,0.0,100.0,0.0,2800,bh
177469,Reghiu,,,,,,,,2354,vn
87362,Criscior,0.0,0.0,0.0,0.0,0.0,0.0,100.0,3898,hd
152902,Draganesti-Vlasca,0.0,0.0,0.0,2.7777777777777777,0.0,44.44444444444444,52.77777777777778,4174,tr
70986,Brabova,,,,,,,,1315,dj
120138,Vatava,,,,,,,,1985,ms
144713,Jina,0.0,0.0,0.0,0.0,0.0,0.0,100.0,3992,sb
136526,Municipiul Carei,9.29853181076672,0.0,0.1631321370309951,45.67699836867863,0.48939641109298526,7.01468189233279,46.6557911908646,24601,sm
62798,Rasova,,,,,,,,3902,ct
161106,Ostrov,0.0,0.0,0.0,0.0,0.0,100.0,0.0,2102,tl
103764,Ileana,,,,,,,,3233,cl
169306,Creteni,0.0,0.0,0.0,0.0,0.0,0.0,100.0,2223,vl
54617,Zavoi,,,,,,,,4143,cs
144731,Laslea,0.0,0.0,100.0,0.0,0.0,0.0,0.0,4183,sb
21855,Cleja,0.0,0.0,0.0,0.0,0.0,100.0,0.0,7187,bc
38241,Mihalaseni,,,,,,,,2301,bt
13668,Oras Costesti,2.636916835699797,0.0,0.0,0.0,100.0,0.0,0.0,10642,ag
46439,Colti,,,,,,,,1047,bz
62823,Saraiu,,,,,,,,1335,ct
136553,Capleni,0.0,0.0,0.0,0.0,0.0,100.0,0.0,3223,sm
120174,Vetca,,,,,,,,790,ms
161133,Pardina,,,,,,,,583,tl
111989,Grozesti,,,,,,,,2043,mh
30069,Magesti,0.0,0.0,0.0,0.0,0.0,0.0,100.0,2723,bh
152948,Furculesti,,,,,,,,3396,tr
128374,Oras Potcoava,25.0,0.0,0.0,0.0,0.0,0.0,100.0,5849,ot
95612,Alexandru I. Cuza,,,,,,,,2918,is
161151,Peceneaga,,,,,,,,1793,tl
87424,Oras Calan,0.0,0.0,0.0,0.0,0.0,0.0,100.0,13358,hd
21891,Colonesti,,,,,,,,2305,bc
79237,Branesti,,,,,,,,2312,gj
169351,Daesti,,,,,,,,3060,vl
71055,Bradesti,,,,,,,,4498,dj
46484,Costesti,,,,,,,,4955,bz
136599,Oras Negresti-Oas,3.571428571428571,0.0,7.142857142857142,0.0,0.0,10.714285714285714,82.14285714285714,16886,sm
177557,Ruginesti,,,,,,,,4296,vn
144795,Loamnes,0.0,0.0,0.0,0.0,0.0,0.0,100.0,2920,sb
161179,Sarichioi,0.0,0.0,0.0,0.0,100.0,0.0,0.0,6853,tl
120218,Viisoara,,,,,,,,1886,ms
62878,Sacele,,,,,,,,2406,ct
112030,Gruia,,,,,,,,3043,mh
152993,Frumoasa,,,,,,,,1996,tr
54699,Zorlentu Mare,0.0,0.0,0.0,0.0,100.0,0.0,0.0,868,cs
38321,Mileanca,,,,,,,,2781,bt
95667,Andrieseni,,,,,,,,4418,is
128436,Priseaca,,,,,,,,1615,ot
62903,Seimeni,0.0,0.0,0.0,0.0,0.0,0.0,100.0,2231,ct
103862,Ion Roata,,,,,,,,3750,il
13757,Oras Topoloveni,1.0869565217391304,0.0,42.391304347826086,0.0,0.0,0.5434782608695652,57.065217391304344,9439,ag
169404,Danicei,,,,,,,,2046,vl
120254,Vanatori,,,,,,,,4336,ms
136642,Oras Tasnad,4.166666666666666,0.0,0.0,0.0,0.0,20.833333333333336,79.16666666666666,9524,sm
153026,Galateni,,,,,,,,2704,tr
177600,Sihlea,,,,,,,,5335,vn
30149,Nojorid,0.0,0.0,0.0,0.0,0.0,100.0,0.0,5381,bh
5577,Metes,,,,,,,,2833,ab
79308,Oras Bumbesti-Jiu,0.0,0.0,0.0,0.0,0.0,0.0,100.0,10088,gj
112076,Hinova,,,,,,,,2887,mh
161231,Sfantu Gheorghe,,,,,,,,836,tl
21971,Corbasca,,,,,,,,5583,bc
71126,Bralostita,0.0,0.0,0.0,0.0,0.0,100.0,0.0,3749,dj
128472,Radomiresti,,,,,,,,3240,ot
46554,Cozieni,,,,,,,,2010,bz
103899,Izvoarele,0.0,0.0,100.0,0.0,0.0,0.0,0.0,3502,gr
144866,Ludos,,,,,,,,746,sb
153062,Gratia,,,,,,,,2673,tr
62949,Silistea,,,,,,,,1519,ct
38376,Mitoc,,,,,,,,1905,bt
161259,Slava Cercheza,,,,,,,,2381,tl
177655,Slobozia Bradului,,,,,,,,7949,vn
13819,Albestii De Arges,0.0,0.0,0.0,0.0,0.0,0.0,100.0,6057,ag
120316,Voivodeni,,,,,,,,1802,ms
144893,Marpod,,,,,,,,929,sb
112129,Husnicioara,,,,,,,,1280,mh
95747,Aroneanu,0.0,0.0,0.0,0.0,0.0,0.0,100.0,3812,is
79362,Bumbesti-Pitic,,,,,,,,2130,gj
161286,Smardan,0.0,0.0,0.0,0.0,37.5,0.0,62.5,1153,tl
62985,Targusor,,,,,,,,1680,ct
136713,Acas,0.0,0.0,100.0,0.0,0.0,0.0,0.0,3019,sm
128524,Redea,0.0,0.0,0.0,0.0,0.0,0.0,100.0,2801,ot
153106,Izvoarele,,,,,,,,2441,tr
161302,Somova,0.0,0.0,0.0,0.0,3.7037037037037033,96.29629629629629,0.0,4893,tl
30229,Olcea,,,,,,,,2765,bh
120343,Zagar,,,,,,,,1304,ms
87576,Oras Hateg,0.0,71.9047619047619,0.0,0.0,0.0,0.0,28.095238095238095,10897,hd
103960,Jilavele,,,,,,,,3460,il
71199,Bratovoesti,,,,,,,,3187,dj
144928,Oras Miercurea Sibiului,0.0,0.0,100.0,0.0,0.0,0.0,0.0,4814,sb
153124,Lisa,,,,,,,,2273,tr
22059,Cotofanesti,,,,,,,,3625,bc
79406,Bustuchin,,,,,,,,3337,gj
95792,Baltati,,,,,,,,5624,is
128560,Rotunda,0.0,0.0,0.0,0.0,0.0,100.0,0.0,2745,ot
120370,Zau De Campie,0.0,0.0,0.0,0.0,0.0,0.0,100.0,3334,ms
38456,Nicseni,,,,,,,,2685,bt
103997,Joita,,,,,,,,3504,gr
177726,Slobozia Ciorasti,,,,,,,,2062,vn
153151,Lunca,,,,,,,,3474,tr
30274,Osorhei,0.0,0.0,0.0,0.0,0.0,100.0,0.0,6811,bh
136768,Andrid,,,,,,,,2679,sm
13891,Albestii De Muscel,,,,,,,,1574,ag
5700,Mihalt,0.0,0.0,0.0,0.0,0.0,100.0,0.0,3279,ab
63045,Topalu,,,,,,,,1816,ct
144964,Merghindeal,,,,,,,,1581,sb
161348,Stejaru,62.5,0.0,0.0,0.0,100.0,0.0,0.0,1582,tl
169547,Dragoesti,,,,,,,,2008,vl
128588,Rusanesti,0.0,0.0,0.0,0.0,0.0,100.0,0.0,4283,ot
87638,Municipiul Orastie,44.642857142857146,0.0,0.0,0.0,0.0,39.285714285714285,60.71428571428571,22598,hd
38492,Paltinis,0.0,0.0,0.0,0.0,100.0,0.0,0.0,3058,bt
71260,Breasta,0.0,0.0,0.0,0.0,0.0,0.0,100.0,4182,dj
144991,Micasasa,,,,,,,,2243,sb
22111,Damienesti,,,,,,,,1940,bc
63072,Topraisar,,,,,,,,6182,ct
136802,Apa,,,,,,,,2758,sm
177762,Soveja,,,,,,,,2258,vn
128613,Scarisoara,,,,,,,,3142,ot
161384,Topolog,0.0,0.0,0.0,0.0,58.333333333333336,41.66666666666667,0.0,4693,tl
169583,Fauresti,,,,,,,,1463,vl
104047,Letca Noua,,,,,,,,3407,gr
13935,Albota,,,,,,,,3929,ag
87665,Oras Simeria,0.0,0.0,11.278195488721805,0.0,0.0,0.0,88.7218045112782,13940,hd
112245,Eselnita,,,,,,,,2903,mh
153204,Mavrodin,,,,,,,,2441,tr
5755,Miraslau,,,,,,,,2122,ab
30336,Pietroasa,,,,,,,,3184,bh
95872,Belcesti,0.0,0.0,0.0,0.0,0.0,4.761904761904762,95.23809523809523,11514,is
177799,Straoane,,,,,,,,3670,vn
112263,Ilovat,,,,,,,,1216,mh
79497,Capreni,,,,,,,,2093,gj
38544,Pomarla,,,,,,,,2695,bt
145042,Mihaileni,,,,,,,,1111,sb
104083,Luica,,,,,,,,2133,cl
128659,Schitu,,,,,,,,2638,ot
136848,Oras Ardud,0.0,0.0,100.0,0.0,0.0,0.0,0.0,7461,sm
63125,Valu Lui Traian,0.0,0.0,0.0,0.0,0.0,0.0,100.0,14722,ct
22166,Oras Darmanesti,0.0,0.0,0.0,0.0,0.0,0.0,100.0,14777,bc
153240,Magura,,,,,,,,2686,tr
120478,Chibed,inf,,,,,,,1771,ms
120487,Corunca,0.0,0.0,0.0,0.0,0.0,80.0,20.0,3038,ms
71340,Bulzesti,0.0,0.0,0.0,0.0,0.0,0.0,100.0,1414,dj
13999,Aninoasa,,,,,,,,3350,ag
63152,Lumina,1342.857142857143,0.0,0.0,0.0,0.0,96.42857142857143,3.571428571428571,10611,ct
177842,Suraia,0.0,0.0,0.0,0.0,0.0,16.666666666666664,83.33333333333334,6124,vn
46769,Galbinasi,0.0,0.0,100.0,0.0,0.0,0.0,0.0,4266,bz
120496,Sarateni,,,,,,,,1484,ms
38580,Prajeni,,,,,,,,3439,bt
104118,Mihai Bravu,,,,,,,,2451,gr
120502,Madaras,,,,,,,,1641,ms
63161,Dumbraveni,,,,,,,,562,ct
161464,Turcoaia,,,,,,,,3473,tl
120511,Bereni,,,,,,,,1248,ms
54975,Municipiul Cluj-Napoca,11.866859623733719,0.43415340086830684,7.995658465991316,0.0723589001447178,25.759768451519538,2.532561505065123,63.205499276411004,321916,cj
153277,Maldaeni,,,,,,,,4219,tr
87745,Baia De Cris,0.0,0.0,0.0,0.0,84.375,0.0,15.625,2559,hd
5826,Mogos,,,,,,,,812,ab
63170,Vulturu,0.0,0.0,0.0,0.0,100.0,0.0,0.0,749,ct
95943,Bivolari,0.0,0.0,0.0,0.0,0.0,100.0,0.0,4336,is
128711,Oras Scornicesti,202.38095238095238,0.0,0.0,0.0,0.0,7.142857142857142,92.85714285714286,12070,ot
161482,Valea Nucarilor,inf,,,,,,,3519,tl
104136,Oras Mihailesti,7.960199004975125,0.0,0.0,0.0,5.472636815920398,0.0,94.5273631840796,7605,gr
153295,Mereni,,,,,,,,2859,tr
112334,Ilovita,,,,,,,,1320,mh
30416,Pocola,0.0,0.0,0.0,0.0,0.0,0.0,100.0,1459,bh
145104,Mosna,0.0,0.0,0.0,0.0,0.0,0.0,100.0,3708,sb
46803,Gheraseni,0.0,0.0,0.0,0.0,0.0,0.0,100.0,3409,bz
169681,Fartatesti,0.0,0.0,0.0,0.0,0.0,0.0,100.0,3873,vl
63189,Tortoman,0.0,0.0,0.0,0.0,0.0,50.0,50.0,1925,ct
136919,Batarci,0.0,0.0,0.0,0.0,0.0,0.0,100.0,3854,sm
177879,Tanasoaia,,,,,,,,2164,vn
22237,Dealu Morii,,,,,,,,2832,bc
63198,Amzacea,,,,,,,,2853,ct
55008,Municipiul Dej,1.1583011583011582,0.0,13.8996138996139,0.0,19.305019305019304,13.513513513513514,53.28185328185329,38986,cj
79585,Catunele,,,,,,,,2690,gj
14049,Arefu,,,,,,,,2464,ag
38633,Radauti-Prut,,,,,,,,3654,bt
46830,Ghergheasa,,,,,,,,2281,bz
112370,Isverna,,,,,,,,2140,mh
104181,Manastirea,,,,,,,,5550,cl
145140,Nocrich,,,,,,,,3336,sb
161525,I.c.bratianu,,,,,,,,1196,tl
153339,Marzanesti,0.0,0.0,0.0,0.0,0.0,100.0,0.0,3708,tr
96003,Ungheni,,,,,,,,4425,is
14085,Babana,0.0,0.0,0.0,0.0,100.0,0.0,0.0,2899,ag
161543,Vacareni,,,,,,,,2220,tl
30470,Pomezeu,,,,,,,,2800,bh
136964,Beltiug,,,,,,,,3440,sm
161552,Bestepe,,,,,,,,1827,tl
46867,Glodeanu Sarat,0.0,0.0,100.0,0.0,0.0,0.0,0.0,4238,bz
55062,Cuzdrioara,,,,,,,,2993,cj
38679,Rauseni,,,,,,,,2750,bt
161561,Valea Teilor,,,,,,,,1521,tl
71457,Calopar,,,,,,,,3895,dj
104225,Marsa,,,,,,,,2762,gr
87843,Balsa,,,,,,,,857,hd
79656,Ciuperceni,,,,,,,,1532,gj
153384,Mosteni,,,,,,,,1486,tr
63278,Horia,,,,,,,,1173,ct
145202,Orlat,,,,,,,,3334,sb
104243,Moara Vlasiei,,,,,,,,6184,if
63286,Costinesti,,,,,,,,3171,ct
153400,Nasturelu,,,,,,,,2654,tr
96058,Braesti,,,,,,,,3213,is
46910,Glodeanu-Silistea,0.0,0.0,0.0,0.0,100.0,0.0,0.0,3749,bz
63294,Baraganu,0.0,0.0,0.0,0.0,0.0,0.0,100.0,2148,ct
177986,Tataranu,,,,,,,,4605,vn
55106,Jichisu De Jos,,,,,,,,1151,cj
63300,Cuza Voda,,,,,,,,4363,ct
145220,Pauca,,,,,,,,2094,sb
137032,Berveni,0.0,0.0,0.0,0.0,0.0,0.0,100.0,3684,sm
38731,Ripiceni,0.0,0.0,0.0,0.0,0.0,0.0,100.0,2074,bt
104270,Movilita,,,,,,,,2556,il
112469,Izvoru Barzii,0.0,0.0,0.0,0.0,0.0,0.0,100.0,2775,mh
14165,Baiculesti,0.0,0.0,0.0,0.0,0.0,100.0,0.0,6110,ag
63318,Saligny,,,,,,,,2283,ct
63326,Gradina,,,,,,,,1156,ct
71518,Caraula,,,,,,,,2518,dj
153437,Necsesti,,,,,,,,1113,tr
128864,Seaca,0.0,0.0,0.0,0.0,0.0,100.0,0.0,1883,ot
63334,Fantanele,,,,,,,,1632,ct
30568,Popesti,0.0,0.0,0.0,0.0,0.0,0.0,100.0,7991,bh
22380,Dofteana,,,,,,,,11306,bc
96110,Butea,0.0,0.0,0.0,0.0,0.0,100.0,0.0,4319,is
137069,Bixad,0.0,0.0,0.0,0.0,0.0,0.0,100.0,7549,sm
71536,Carpen,,,,,,,,2309,dj
128882,Samburesti,,,,,,,,1041,ot
55160,Mica,,,,,,,,3616,cj
79736,Calnic,0.0,0.0,100.0,0.0,0.0,0.0,0.0,2218,gj
145275,Poiana Sibiului,,,,,,,,2249,sb
178046,Tamboesti,,,,,,,,3288,vn
104323,Nana,,,,,,,,2405,cl
153473,Olteni,0.0,0.0,0.0,0.0,0.0,98.95833333333334,1.0416666666666665,3171,tr
137103,Barsau,,,,,,,,2330,sm
145293,Porumbacu De Jos,inf,,,,,,,3250,sb
96147,Ceplenita,,,,,,,,4434,is
104341,Nicolae Balcescu,,,,,,,,1627,cl
71572,Castranova,,,,,,,,3223,dj
120726,Municipiul Piatra-Neamt,3.276955602536998,0.0,0.10570824524312897,0.0,19.661733615221987,2.431289640591966,77.80126849894292,115369,nt
38811,Roma,,,,,,,,3421,bt
47006,Grebanu,,,,,,,,5417,bz
6048,Noslac,0.0,0.0,0.0,0.0,0.0,0.0,100.0,1817,ab
153507,Orbeasca,0.0,0.0,0.0,0.0,20.0,80.0,0.0,7504,tr
63394,Municipiul Sfantu Gheorghe,14.249363867684478,0.0,0.0,0.0,44.783715012722645,6.361323155216285,48.854961832061065,65118,cv
112548,Jiana,,,,,,,,4648,mh
137130,Bogdand,,,,,,,,2853,sm
169896,Francesti,,,,,,,,5350,vl
71607,Calarasi,,,,,,,,5900,dj
30648,Rabagani,0.0,0.0,0.0,0.0,0.0,0.0,100.0,2000,bh
22460,Faraoani,,,,,,,,5561,bc
87996,Baru,0.0,0.0,0.0,0.0,0.0,0.0,100.0,2779,hd
14272,Balilesti,0.0,0.0,0.0,0.0,0.0,0.0,100.0,4073,ag
38848,Romanesti,0.0,0.0,0.0,0.0,0.0,0.0,100.0,2114,bt
96192,Ciortesti,0.0,0.0,0.0,0.0,0.0,100.0,0.0,4273,is
104387,Niculesti,,,,,,,,4324,db
120771,Dumbrava Rosie,485.1851851851852,0.0,7.4074074074074066,0.0,0.0,0.0,92.5925925925926,8327,nt
128962,Spineni,,,,,,,,1655,ot
153543,Peretu,,,,,,,,7126,tr
178117,Tulnici,,,,,,,,4173,vn
145355,Racovita,,,,,,,,2958,sb
71634,Celaru,0.0,0.0,0.0,100.0,0.0,0.0,0.0,4438,dj
63447,Oras Baraolt,7.065217391304348,0.0,1.0869565217391304,0.0,84.78260869565217,0.0,14.130434782608695,9366,cv
22488,Filipeni,,,,,,,,2278,bc
112600,Livezile,0.0,0.0,0.0,0.0,0.0,100.0,0.0,1463,mh
55259,Municipiul Turda,0.5235602094240838,0.0,0.0,0.0,0.0,2.6178010471204187,97.38219895287958,57341,cj
79834,Crasna,,,,,,,,4897,gj
153561,Piatra,0.0,0.0,0.0,0.0,0.0,0.0,100.0,3127,tr
137185,Botiz,0.0,0.0,0.0,0.0,0.0,100.0,0.0,3839,sm
104421,Nuci,,,,,,,,2820,if
145382,Rau Sadului,,,,,,,,611,sb
6119,Ocolis,,,,,,,,590,ab
47079,Gura Teghii,,,,,,,,3472,bz
38893,Santa Mare,,,,,,,,2819,bt
55277,Mihai Viteazu,26200.0,0.0,0.0,0.0,0.0,0.0,100.0,5795,cj
88047,Bacia,,,,,,,,1844,hd
153589,Pietrosani,,,,,,,,2777,tr
120824,Savinesti,78.26086956521739,0.0,0.0,26.08695652173913,0.0,0.0,73.91304347826086,6778,nt
30719,Remetea,0.0,0.0,0.0,0.0,0.0,0.0,100.0,2879,bh
96254,Ciurea,0.0,0.0,0.0,0.0,0.0,0.0,100.0,14490,is
161794,Municipiul Barlad,11.87214611872146,0.0,0.0,54.794520547945204,14.61187214611872,0.91324200913242,29.68036529680365,72926,vs
145408,Rosia,0.0,0.0,0.0,0.0,100.0,0.0,0.0,5771,sb
178180,Tifesti,0.0,0.0,0.0,0.0,0.0,100.0,0.0,5164,vn
153605,Plosca,0.0,0.0,0.0,100.0,0.0,0.0,0.0,5746,tr
169994,Galicea,,,,,,,,3843,vl
55311,Sandulesti,,,,,,,,2008,cj
137229,Calinesti-Oas,0.0,0.0,0.0,0.0,0.0,0.0,100.0,5138,sm
14352,Beleti-Negresti,,,,,,,,1878,ag
129040,Sprancenata,,,,,,,,2475,ot
71698,Cerat,0.0,0.0,0.0,0.0,0.0,100.0,0.0,4187,dj
6164,Ohaba,,,,,,,,675,ab
153623,Plopii-Slavitesti,,,,,,,,2488,tr
112664,Malovat,,,,,,,,2629,mh
88092,Baita,,,,,,,,3494,hd
120860,Municipiul Roman,0.0,0.0,0.0,0.0,0.0,28.635346756152124,71.36465324384787,70747,nt
104485,Ogrezeni,,,,,,,,4715,gr
63526,Oras Covasna,0.0,0.0,3.571428571428571,0.0,71.42857142857143,0.0,25.0,11343,cv
161829,Municipiul Husi,165.71428571428572,0.0,0.0,0.0,0.0,0.0,100.0,30516,vs
71723,Cernatesti,,,,,,,,1786,dj
22576,Filipesti,,,,,,,,4681,bc
30773,Rieni,,,,,,,,3050,bh
47159,Largu,,,,,,,,1565,bz
137274,Camarzana,0.0,0.0,0.0,0.0,0.0,0.0,100.0,2433,sm
120888,Cordun,0.0,0.0,0.0,0.0,0.0,1.639344262295082,98.36065573770492,7933,nt
55357,Municipiul Campia Turzii,0.0,0.0,0.0,2.2123893805309733,0.0,0.0,97.78761061946902,28318,cj
79932,Cruset,,,,,,,,3239,gj
145471,Sadu,,,,,,,,2548,sb
63553,Comandau,0.0,0.0,0.0,0.0,0.0,0.0,100.0,1011,cv
161856,Oras Negresti,0.0,0.0,0.0,0.0,0.0,100.0,0.0,10469,vs
14405,Berevoesti,,,,,,,,3509,ag
38982,Suharau,0.0,0.0,0.0,0.0,0.0,100.0,0.0,4729,bt
104519,Oinacu,,,,,,,,3298,gr
129095,Stoenesti,,,,,,,,2318,ot
6217,Pianu,0.0,0.0,0.0,0.0,0.0,0.0,100.0,3611,ab
137292,Cauas,,,,,,,,2540,sm
96334,Coarnele Caprei,,,,,,,,3057,is
47186,Lopatari,,,,,,,,3953,bz
129111,Stoicanesti,0.0,0.0,0.0,0.0,0.0,100.0,0.0,2716,ot
55384,Municipiul Gherla,48.75,0.0,0.0,0.0,0.0,0.0,100.0,23245,cj
145499,Oras Saliste,,,,,,,,5939,sb
120922,Horia,0.0,0.0,0.0,0.0,0.0,100.0,0.0,7358,nt
63580,Oras Intorsura Buzaului,200.0,0.0,0.0,0.0,0.0,0.0,100.0,9368,cv
153696,Poeni,,,,,,,,2947,tr
104546,Peris,0.0,0.0,0.0,0.0,0.0,0.0,100.0,7247,if
178279,Urechesti,0.0,0.0,0.0,0.0,0.0,0.0,100.0,2748,vn
112744,Obarsia De Camp,,,,,,,,1777,mh
71787,Cetate,,,,,,,,5462,dj
14450,Barla,,,,,,,,4629,ag
129139,Strejesti,,,,,,,,3025,ot
96370,Comarna,,,,,,,,5634,is
170097,Ghioroiu,,,,,,,,1558,vl
30844,Rosia,0.0,0.0,0.0,0.0,0.0,0.0,100.0,2461,bh
6271,Poiana Vadului,,,,,,,,1110,ab
112771,Oprisor,,,,,,,,2238,mh
71812,Cioroiasi,,,,,,,,1519,dj
104582,Petrachioaia,,,,,,,,3308,if
22665,Gaiceana,,,,,,,,2894,bc
120968,Oras Bicaz,0.0,0.0,0.0,0.0,0.0,0.0,100.0,8630,nt
39051,Sulita,inf,,,,,,,3133,bt
178313,Valea Sarii,,,,,,,,1983,vn
63633,Barcani,0.0,0.0,0.0,0.0,79.06976744186046,0.0,20.930232558139537,4023,cv
137363,Cehal,,,,,,,,1645,sm
55446,Oras Huedin,42.42424242424242,0.0,3.0303030303030303,0.0,0.0,0.0,96.96969696969697,9632,cj
30871,Sacadat,0.0,0.0,0.0,0.0,100.0,0.0,0.0,1800,bh
88216,Batrana,,,,,,,,122,hd
161945,Municipiul Vaslui,31.673819742489272,1.5450643776824033,3.347639484978541,13.13304721030043,11.416309012875537,54.93562231759657,15.622317596566523,98159,vs
129184,Studina,,,,,,,,2697,ot
96423,Costuleni,,,,,,,,5506,is
112806,Padina,,,,,,,,1241,mh
80043,Danciulesti,,,,,,,,2056,gj
55473,Aghiresu,0.0,0.0,0.0,0.0,100.0,0.0,0.0,6789,cj
153776,Vitanesti,,,,,,,,2804,tr
71858,Ciupercenii Noi,,,,,,,,5235,dj
104635,Plataresti,,,,,,,,3530,cl
170168,Glavile,,,,,,,,1967,vl
137407,Certeze,0.0,0.0,0.0,0.0,0.0,0.0,100.0,5856,sm
22718,Ghimes-Faget,,,,,,,,4910,bc
145603,Slimnic,,,,,,,,3924,sb
30915,Oras Sacueni,0.0,0.0,0.0,0.0,0.0,0.0,100.0,12685,bh
47300,Luciu,,,,,,,,2855,bz
88261,Beriu,,,,,,,,3401,hd
63688,Sita Buzaului,26.923076923076923,0.0,0.0,0.0,0.0,0.0,100.0,4881,cv
178377,Vidra,inf,,,,,,,7380,vn
71885,Cosoveni,,,,,,,,3268,dj
39122,Sendriceni,,,,,,,,4211,bt
162014,Albesti,0.0,0.0,0.0,0.0,0.0,100.0,0.0,3086,vs
121055,Oras Targu Neamt,10.404624277456648,0.0,1.7341040462427744,0.0,31.213872832369944,0.0,67.05202312138728,22058,nt
96478,Cotnari,,,,,,,,7981,is
129246,Serbanesti,,,,,,,,2858,ot
137443,Craidorolt,,,,,,,,2252,sm
71910,Cotofenii Din Dos,0.0,0.0,0.0,0.0,0.0,100.0,0.0,2326,dj
153829,Putineiu,0.0,0.0,0.0,0.0,100.0,0.0,0.0,2091,tr
47337,Magura,,,,,,,,2153,bz
104680,Prundu,,,,,,,,4269,gr
112879,Patulele,,,,,,,,3717,mh
170220,Golesti,,,,,,,,2575,vl
14584,Bogati,,,,,,,,4499,ag
80123,Danesti,,,,,,,,3668,gj
63740,Municipiul Targu Secuiesc,12.345679012345679,0.0,19.753086419753085,0.0,1.2345679012345678,0.0,79.01234567901234,20281,cv
6397,Ponor,,,,,,,,576,ab
22781,Garleni,0.0,0.0,0.0,0.0,0.0,9.090909090909092,90.9090909090909,7098,bc
39168,Oras Stefanesti,,,,,,,,5887,bt
145667,Seica Mare,0.0,0.0,0.0,0.0,0.0,23.076923076923077,76.92307692307693,4760,sb
129282,Stefan Cel Mare,,,,,,,,1770,ot
112904,Dubova,,,,,,,,934,mh
104715,Putineiu,,,,,,,,2350,gr
153865,Radoiesti,,,,,,,,2042,tr
30988,Salacea,0.0,0.0,0.0,0.0,0.0,23.52941176470588,76.47058823529412,3111,bh
47373,Maracineni,0.0,0.0,0.0,0.0,0.0,4.395604395604396,95.6043956043956,8832,bz
71956,Daneti,0.0,0.0,0.0,0.0,0.0,0.0,100.0,5904,dj
121108,Agapia,0.0,0.0,0.0,0.0,0.0,0.0,100.0,4311,nt
162069,Alexandru Vlahuta,,,,,,,,1593,vs
88350,Blajeni,,,,,,,,1089,hd
63777,Aita Mare,0.0,0.0,0.0,0.0,0.0,0.0,100.0,1671,cv
137504,Crucisor,0.0,0.0,0.0,0.0,15.789473684210526,0.0,84.21052631578947,2669,sm
31011,Salard,0.0,0.0,84.21052631578947,0.0,0.0,0.0,15.789473684210526,4498,bh
129317,Tatulesti,0.0,0.0,0.0,0.0,0.0,0.0,100.0,869,ot
178475,Vintileasca,,,,,,,,2075,vn
55598,Aiton,,,,,,,,1043,cj
104751,Radovanu,,,,,,,,4075,cl
22834,Glavanesti,0.0,0.0,0.0,0.0,0.0,100.0,0.0,3381,bc
39220,Stiubieni,,,,,,,,2802,bt
153909,Rasmiresti,,,,,,,,843,tr
47417,Margaritesti,,,,,,,,647,bz
63802,Batani,0.0,0.0,0.0,0.0,100.0,0.0,0.0,4680,cv
112959,Podeni,,,,,,,,845,mh
121153,Bahna,,,,,,,,3529,nt
6468,Posaga,0.0,0.0,0.0,0.0,0.0,0.0,100.0,1065,ab
72007,Oras Dabuleni,0.0,0.0,0.0,2.941176470588235,0.0,64.70588235294117,32.35294117647059,12181,dj
137540,Culciu,,,,,,,,4163,sm
55623,Alunis,,,,,,,,1211,cj
145738,Seica Mica,,,,,,,,1853,sb
96593,Cozmesti,,,,,,,,2885,is
14673,Boteni,,,,,,,,2429,ag
31057,Sambata,,,,,,,,1366,bh
153936,Salcia,,,,,,,,2669,tr
104788,Rasuceni,inf,,,,,,,2323,gr
47453,Merei,,,,,,,,6773,bz
39266,Todireni,0.0,0.0,0.0,0.0,0.0,100.0,0.0,3635,bt
112995,Ponoarele,,,,,,,,2452,mh
72034,Desa,,,,,,,,4920,dj
129380,Teslui,,,,,,,,2464,ot
145765,Sura Mare,0.0,0.0,0.0,0.0,0.0,0.0,100.0,4565,sb
162149,Arsura,0.0,0.0,0.0,0.0,0.0,100.0,0.0,1634,vs
170346,Gradistea,,,,,,,,2670,vl
22898,Helegiu,0.0,0.0,0.0,0.0,0.0,0.0,100.0,6767,bc
178545,Vizantea-Livezi,,,,,,,,4123,vn
72052,Diosti,,,,,,,,3000,dj
153972,Saceni,,,,,,,,1234,tr
80249,Dragotesti,,,,,,,,2567,gj
63866,Belin,,,,,,,,3031,cv
96637,Cristesti,,,,,,,,4084,is
104831,Roata De Jos,0.0,0.0,0.0,0.0,0.0,0.0,100.0,8057,gr
88449,Bosorod,0.0,0.0,0.0,0.0,0.0,0.0,100.0,1982,hd
145792,Sura Mica,0.0,0.0,0.0,0.0,5.128205128205128,0.0,94.87179487179486,3048,sb
14726,Botesti,,,,,,,,1134,ag
55687,Apahida,75.7085020242915,0.0,0.0,0.0,29.554655870445345,0.0,70.44534412955466,11927,cj
137611,Doba,,,,,,,,2989,sm
162194,Banca,,,,,,,,5842,vs
6547,Radesti,,,,,,,,1327,ab
63893,Bodoc,0.0,0.0,0.0,0.0,0.0,4.545454545454546,95.45454545454545,2580,cv
31128,Sarbi,0.0,0.0,0.0,0.0,0.0,2.4390243902439024,97.5609756097561,2495,bh
96664,Cucuteni,,,,,,,,1315,is
121242,Baltatesti,0.0,0.0,100.0,0.0,0.0,0.0,0.0,4254,nt
80285,Farcasesti,0.0,0.0,0.0,0.0,0.0,0.0,100.0,3261,gj
22941,Horgesti,,,,,,,,5586,bc
154013,Scrioastea,,,,,,,,3879,tr
39328,Trusesti,0.0,0.0,0.0,0.0,100.0,0.0,0.0,5564,bt
14753,Bradulet,0.0,0.0,0.0,0.0,100.0,0.0,0.0,1816,ag
145827,Oras Talmaciu,4.918032786885246,0.0,0.0,0.0,0.0,0.0,100.0,8170,sb
72098,Dobresti,0.0,0.0,0.0,0.0,0.0,100.0,0.0,2394,dj
178607,Vanatori,,,,,,,,6571,vn
129460,Tia Mare,,,,,,,,4284,ot
104886,Sarulesti,,,,,,,,2961,cl
6592,Rametea,0.0,0.0,0.0,0.0,100.0,0.0,0.0,1051,ab
63937,Borosneu Mare,,,,,,,,3295,cv
137675,Dorolt,0.0,0.0,0.0,0.0,0.0,0.0,100.0,4093,sm
96717,Dagata,,,,,,,,4941,is
170444,Gusoeni,,,,,,,,1470,vl
121297,Bicaz-Chei,,,,,,,,4664,nt
154068,Scurtu Mare,,,,,,,,1655,tr
72150,Dragotesti,,,,,,,,2141,dj
47578,Mihailesti,,,,,,,,2117,bz
129503,Topana,,,,,,,,706,ot
39391,Tudora,,,,,,,,5179,bt
55776,Aschileu,0.0,0.0,0.0,0.0,0.0,0.0,100.0,1602,cj
6627,Ramet,0.0,0.0,0.0,0.0,0.0,0.0,100.0,542,ab
88546,Branisca,,,,,,,,1576,hd
31208,Spinus,,,,,,,,1166,bh
80365,Glogova,,,,,,,,1962,gj
145907,Tilisca,,,,,,,,1509,sb
39417,Ungureni,,,,,,,,6719,bt
121340,Bicazu Ardelean,,,,,,,,3881,nt
113153,Poroina Mare,,,,,,,,977,mh
137728,Foieni,inf,,,,,,,1940,sm
14851,Budeasa,,,,,,,,4128,ag
178689,Vartescoiu,,,,,,,,3539,vn
64005,Brates,,,,,,,,1497,cv
23047,Huruiesti,,,,,,,,2436,bc
145934,Turnu Rosu,0.0,0.0,0.0,0.0,0.0,0.0,100.0,2423,sb
47630,Manzalesti,,,,,,,,2475,bz
104975,Schitu,,,,,,,,1708,gr
137746,Gherta Mica,0.0,0.0,0.0,0.0,0.0,0.0,100.0,3701,sm
170514,Ionesti,,,,,,,,4203,vl
162327,Bacani,0.0,0.0,0.0,100.0,0.0,0.0,0.0,3094,vs
154139,Seaca,,,,,,,,2383,tr
72221,Dranic,0.0,0.0,0.0,0.0,0.0,100.0,0.0,2434,dj
31262,Suplacu De Barcau,0.0,0.0,0.0,0.0,0.0,0.0,100.0,4557,bh
55838,Baciu,0.0,0.0,0.0,0.0,65.21739130434783,0.0,34.78260869565217,10814,cj
129567,Traian,,,,,,,,3078,ot
137764,Halmeu,0.0,0.0,0.0,0.0,0.0,0.0,100.0,5346,sm
64041,Bradut,31.57894736842105,0.0,0.0,0.0,0.0,0.0,100.0,5108,cv
80427,Godinesti,,,,,,,,1958,gj
121386,Bira,,,,,,,,2011,nt
145961,Valea Viilor,,,,,,,,2254,sb
96815,Deleni,,,,,,,,10513,is
129585,Tufeni,,,,,,,,2800,ot
154166,Sfintesti,0.0,0.0,0.0,0.0,100.0,0.0,0.0,1164,tr
113206,Pristol,,,,,,,,1449,mh
178750,Vrancioaia,,,,,,,,2809,vn
105026,Sinesti,0.0,0.0,0.0,0.0,0.0,100.0,0.0,2719,il
88644,Bretea Romana,,,,,,,,2828,hd
14922,Bughea De Jos,,,,,,,,3083,ag
154184,Segarcea-Vale,,,,,,,,3044,tr
145998,Vurpar,0.0,0.0,0.0,0.0,0.0,0.0,100.0,2885,sb
162381,Bacesti,,,,,,,,4813,vs
113233,Prunisor,,,,,,,,1920,mh
72276,Farcas,,,,,,,,2091,dj
23127,Izvoru Berheciului,,,,,,,,1688,bc
14940,Buzoesti,0.0,0.0,0.0,0.0,0.0,100.0,0.0,5655,ag
129629,Urzica,0.0,0.0,0.0,0.0,0.0,0.0,100.0,2175,ot
146012,Alma,0.0,0.0,0.0,0.0,0.0,0.0,100.0,1982,sb
64096,Bretcu,,,,,,,,3702,cv
31333,Simian,0.0,0.0,0.0,0.0,0.0,0.0,100.0,4081,bh
146021,Boita,,,,,,,,1681,sb
6761,Rosia Montana,0.0,0.0,0.0,0.0,0.0,0.0,100.0,2871,ab
39532,Unteni,,,,,,,,2876,bt
55918,Baisoara,,,,,,,,2059,cj
137844,Hodod,0.0,0.0,0.0,0.0,0.0,0.0,100.0,3025,sm
154228,Silistea,,,,,,,,2335,tr
170612,Lalosu,,,,,,,,2486,vl
96888,Dobrovat,,,,,,,,2415,is
129656,Valea Mare,0.0,0.0,0.0,0.0,0.0,100.0,0.0,3702,ot
80506,Hurezani,0.0,0.0,0.0,0.0,0.0,0.0,100.0,1652,gj
121466,Bargauani,,,,,,,,3840,nt
64130,Catalina,0.0,0.0,0.0,0.0,0.0,0.0,100.0,3391,cv
178821,Vulturu,0.0,0.0,0.0,0.0,0.0,81.81818181818183,18.181818181818183,8675,vn
96904,Dolhesti,,,,,,,,2832,is
31379,Sinteu,,,,,,,,1131,bh
105106,Singureni,,,,,,,,3032,gr
162452,Balteni,,,,,,,,1550,vs
47774,Movila Banului,0.0,0.0,0.0,0.0,100.0,0.0,0.0,2589,bz
23207,Lipova,,,,,,,,3181,bc
154282,Silistea-Gumesti,,,,,,,,2487,tr
137899,Homoroade,0.0,0.0,100.0,0.0,0.0,0.0,0.0,1826,sm
96940,Dumesti,,,,,,,,5086,is
80560,Ionesti,0.0,0.0,0.0,0.0,0.0,0.0,100.0,2330,gj
105142,Slobozia Moara,0.0,0.0,100.0,0.0,0.0,0.0,0.0,2023,db
129718,Vadastra,,,,,,,,1392,ot
39612,Vaculesti,,,,,,,,2053,bt
31422,Soimi,,,,,,,,2529,bh
72383,Galicea Mare,,,,,,,,4101,dj
170685,Ladesti,,,,,,,,1768,vl
162498,Berezeni,,,,,,,,5147,vs
64194,Cernat,0.0,0.0,0.0,0.0,0.0,0.0,100.0,4034,cv
154308,Sarbeni,,,,,,,,1422,tr
178885,Negrilesti,,,,,,,,1678,vn
105160,Snagov,25.0,0.0,25.0,0.0,0.0,50.0,25.0,7462,if
47818,Murgesti,,,,,,,,897,bz
178894,Ploscuteni,,,,,,,,3215,vn
56014,Belis,,,,,,,,1327,cj
129745,Vadastrita,,,,,,,,3265,ot
88788,Buces,,,,,,,,1890,hd
178901,Popesti,0.0,0.0,0.0,0.0,0.0,0.0,100.0,3033,vn
15064,Caldararu,0.0,0.0,0.0,0.0,0.0,100.0,0.0,2367,ag
72409,Ghercesti,0.0,0.0,0.0,0.0,0.0,0.0,100.0,1663,dj
178910,Paulesti,,,,,,,,1974,vn
129763,Valeni,0.0,0.0,0.0,0.0,0.0,0.0,100.0,2714,ot
80613,Jupanesti,,,,,,,,2140,gj
39658,Viisoara,,,,,,,,2005,bt
137960,Lazuri,,,,,,,,6256,sm
154344,Slobozia Mandra,,,,,,,,1673,tr
47854,Naeni,,,,,,,,1780,bz
64238,Chichis,0.0,0.0,0.0,0.0,0.0,0.0,100.0,1584,cv
97009,Erbiceni,,,,,,,,5787,is
113395,Punghina,,,,,,,,3286,mh
178929,Biliesti,0.0,0.0,0.0,0.0,0.0,100.0,0.0,2501,vn
178938,Gologanu,0.0,0.0,0.0,0.0,0.0,100.0,0.0,3085,vn
23289,Livezi,,,,,,,,5595,bc
162559,Blagesti,,,,,,,,1420,vs
178947,Obrejita,,,,,,,,1600,vn
15108,Calinesti,0.0,0.0,0.0,0.0,0.0,27.586206896551722,72.41379310344827,11159,ag
121607,Bodesti,,,,,,,,4787,nt
105222,Sohatu,,,,,,,,2699,cl
64265,Dobarlau,,,,,,,,2195,cv
39694,Varfu Campului,,,,,,,,3443,bt
72463,Gighera,,,,,,,,2881,dj
154380,Smardioasa,,,,,,,,2427,tr
178956,Rastoaca,,,,,,,,2455,vn
6930,Rosia De Secas,0.0,0.0,0.0,0.0,0.0,100.0,0.0,1601,ab
31510,Suncuius,0.0,0.0,0.0,0.0,0.0,0.0,100.0,3225,bh
178965,Spulber,,,,,,,,1347,vn
129816,Verguleasa,,,,,,,,2787,ot
56096,Bobalna,,,,,,,,1496,cj
162595,Bogdana,,,,,,,,1621,vs
80677,Lelesti,0.0,0.0,0.0,0.0,0.0,0.0,100.0,1730,gj
88868,Bucuresci,,,,,,,,1562,hd
97063,Focuri,0.0,0.0,0.0,0.0,0.0,100.0,0.0,4100,is
105259,Spantov,,,,,,,,4758,cl
170792,Lapusata,0.0,0.0,0.0,0.0,0.0,100.0,0.0,2090,vl
47916,Oras Nehoiu,500.0,0.0,0.0,0.0,0.0,0.0,100.0,11212,bz
154415,Stejaru,,,,,,,,1792,tr
121652,Borca,0.0,0.0,0.0,0.0,0.0,0.0,100.0,6664,nt
138039,Oras Livada,0.0,0.0,0.0,0.0,0.0,0.0,100.0,7341,sm
23350,Luizi-Calugara,,,,,,,,5361,bc
39738,Vladeni,0.0,0.0,0.0,0.0,100.0,0.0,0.0,4984,bt
72506,Giubega,,,,,,,,2040,dj
113466,Rogova,,,,,,,,1384,mh
64318,Ghelinta,0.0,0.0,0.0,0.0,0.0,0.0,100.0,5173,cv
6976,Salciua,,,,,,,,1549,ab
97090,Golaiesti,,,,,,,,3995,is
80711,Licurici,,,,,,,,2216,gj
31565,Tarcea,,,,,,,,2748,bh
105295,Stanesti,,,,,,,,2638,gr
72533,Giurgita,,,,,,,,2992,dj
113493,Salcia,,,,,,,,2801,mh
146263,Municipiul Suceava,14.600326264274063,0.0,0.0,0.0,70.30995106035888,7.096247960848287,22.59380097879282,116666,sv
64345,Ghidfalau,71.42857142857143,0.0,0.0,0.0,100.0,0.0,0.0,2673,cv
88920,Bulzestii De Sus,,,,,,,,282,hd
23387,Magiresti,0.0,0.0,0.0,0.0,0.0,0.0,100.0,4363,bc
154460,Suhaia,0.0,100.0,0.0,0.0,0.0,0.0,0.0,2224,tr
138084,Mediesu Aurit,,,,,,,,6843,sm
129898,Visina,0.0,0.0,0.0,0.0,0.0,0.0,100.0,2866,ot
146281,Ipotesti,0.0,0.0,0.0,0.0,0.0,0.0,100.0,7242,sv
113518,Stangaceaua,,,,,,,,1297,mh
39792,Vlasinesti,0.0,0.0,0.0,0.0,95.0413223140496,0.0,4.958677685950414,2991,bt
31609,Tarcaia,,,,,,,,2060,bh
170872,Livezi,,,,,,,,2322,vl
129914,Vitomiresti,0.0,0.0,0.0,0.0,0.0,0.0,100.0,2035,ot
80766,Logresti,,,,,,,,2645,gj
15233,Cateasca,,,,,,,,3723,ag
72579,Gangiova,,,,,,,,2628,dj
154497,Storobaneasa,0.0,0.0,0.0,100.0,0.0,0.0,0.0,3147,tr
7044,Salistea,,,,,,,,2354,ab
105348,Stoenesti,,,,,,,,1993,gr
121732,Borlesti,20.0,0.0,0.0,0.0,0.0,0.0,100.0,9556,nt
64390,Haghig,,,,,,,,2327,cv
162693,Bogdanesti,,,,,,,,3338,vs
56210,Bontida,0.0,0.0,0.0,0.0,11.11111111111111,0.0,88.88888888888889,4880,cj
48021,Odaile,,,,,,,,854,bz
146325,Mitocu Dragomirnei,,,,,,,,5145,sv
23449,Manastirea Casin,,,,,,,,5522,bc
154521,Talpa,,,,,,,,1870,tr
39836,Vorniceni,0.0,0.0,0.0,0.0,0.0,100.0,0.0,4439,bt
72604,Gogosu,,,,,,,,608,dj
97189,Gorban,,,,,,,,3056,is
31654,Tauteu,0.0,0.0,0.0,0.0,0.0,0.0,100.0,4554,bh
105384,Soldanu,,,,,,,,3419,cl
64425,Ilieni,0.0,0.0,0.0,0.0,34.61538461538461,15.384615384615385,50.0,2014,cv
138164,Micula,0.0,0.0,0.0,0.0,0.0,0.0,100.0,4166,sm
7099,Sasciori,605.5555555555555,0.0,0.0,0.0,0.0,0.0,100.0,6419,ab
179132,Municipiul Bucuresti,28.499625708480377,3.764303283071329,14.928884611271522,4.619826756496631,6.715859266388621,7.068762699176559,62.902363383595336,2107399,b
39872,Vorona,,,,,,,,7947,bt
146370,Oras Salcea,,,,,,,,10489,sv
72640,Goicea,0.0,0.0,0.0,0.0,0.0,30.76923076923077,69.23076923076923,2607,dj
129987,Valcele,,,,,,,,2378,ot
89026,Bunila,,,,,,,,323,hd
121796,Botesti,,,,,,,,5181,nt
23494,Motoseni,0.0,0.0,0.0,0.0,0.0,100.0,0.0,3462,bc
113607,Svinita,0.0,0.0,0.0,0.0,0.0,0.0,100.0,961,mh
56265,Borsa,,,,,,,,1381,cj
105419,Stefanestii De Jos,0.0,0.0,0.0,0.0,0.0,0.0,100.0,6772,if
170952,Lungesti,0.0,0.0,0.0,0.0,100.0,0.0,0.0,3152,vl
64461,Lemnia,inf,,,,,,,1930,cv
80846,Matasari,,,,,,,,5333,gj
15313,Cepari,,,,,,,,2236,ag
97241,Grajduri,,,,,,,,8409,is
113625,Sisesti,,,,,,,,2622,mh
154585,Tatarastii De Jos,0.0,0.0,0.0,0.0,0.0,0.0,100.0,3461,tr
138208,Moftin,,,,,,,,4515,sm
31716,Tileagd,0.0,0.0,0.0,0.0,0.0,16.666666666666664,83.33333333333334,7071,bh
72677,Goiesti,,,,,,,,3030,dj
162791,Bogdanita,,,,,,,,1575,vs
130026,Vladila,0.0,0.0,0.0,0.0,0.0,100.0,0.0,2080,ot
105455,Tamadau Mare,,,,,,,,2502,cl
64504,Malnas,,,,,,,,1066,cv
89080,Burjuc,,,,,,,,819,hd
146432,Scheia,88.04347826086956,0.0,2.1739130434782608,0.0,93.47826086956522,4.3478260869565215,0.0,10958,sv
39942,Lozna,,,,,,,,2073,bt
56327,Buza,,,,,,,,1280,cj
48138,Padina,0.0,0.0,0.0,0.0,100.0,0.0,0.0,4107,bz
80908,Musetesti,0.0,0.0,0.0,0.0,0.0,0.0,100.0,1974,gj
130062,Voineasa,,,,,,,,2135,ot
171021,Malaia,0.0,0.0,0.0,0.0,0.0,0.0,100.0,1823,vl
121876,Bozieni,,,,,,,,2982,nt
39959,Dimacheni,,,,,,,,1429,bt
179221,Oras Bragadiru,0.4838709677419355,0.0,1.7741935483870968,0.0,0.0,15.0,83.22580645161291,17193,if
7197,Scarisoara,,,,,,,,1682,ab
39967,Candesti,0.0,0.0,0.0,0.0,0.0,0.0,100.0,2101,bt
56354,Caianu,,,,,,,,2386,cj
113698,Sovarna,,,,,,,,1122,mh
48165,Pardosi,,,,,,,,400,bz
39975,Cosula,,,,,,,,3146,bt
97321,Gropnita,0.0,0.0,0.0,0.0,0.0,100.0,0.0,3389,is
15402,Cetateni,0.0,0.0,100.0,0.0,0.0,0.0,0.0,3008,ag
138280,Odoreu,0.0,0.0,38.46153846153847,0.0,61.53846153846154,0.0,0.0,5912,sm
154665,Tatarastii De Sus,,,,,,,,3042,tr
31789,Tinca,,,,,,,,8357,bh
39983,Blandesti,,,,,,,,2099,bt
179249,Chiajna,4.761904761904762,0.0,4.761904761904762,0.0,0.0,0.0,95.23809523809523,17116,if
162871,Botesti,,,,,,,,2096,vs
64568,Moacsa,,,,,,,,1217,cv
171067,Mateesti,0.0,0.0,0.0,0.0,0.0,0.0,100.0,3178,vl
89151,Cerbal,0.0,0.0,0.0,0.0,0.0,0.0,100.0,462,hd
105534,Tartasesti,0.0,0.0,0.0,0.0,0.0,0.0,100.0,5118,db
146502,Municipiul Campulung Moldovenesc,9.642857142857144,0.0,0.7142857142857143,0.0,80.71428571428572,0.0,18.571428571428573,20158,sv
113732,Tamna,,,,,,,,3301,mh
130124,Vulpeni,0.0,0.0,0.0,0.0,0.0,100.0,0.0,2207,ot
121938,Brusturi,0.0,0.0,0.0,0.0,0.0,100.0,0.0,4028,nt
80980,Negomir,,,,,,,,3619,gj
154709,Toporu,,,,,,,,1924,gr
179285,Oras Chitila,101.35135135135135,0.0,0.0,0.0,0.0,59.009009009009006,40.99099099099099,15031,if
15448,Cicanesti,,,,,,,,2104,ag
64602,Ojdula,0.0,0.0,0.0,0.0,0.0,100.0,0.0,3586,cv
23644,Negri,,,,,,,,2920,bc
171101,Maciuca,,,,,,,,1757,vl
31841,Tulca,,,,,,,,2731,bh
40035,Adaseni,,,,,,,,1469,bt
48227,Panatau,,,,,,,,2417,bz
105570,Tunari,213.8728323699422,0.0,0.0,84.39306358381504,0.0,14.450867052023122,1.1560693641618496,5500,if
56425,Calarasi,0.0,0.0,0.0,0.0,0.0,0.0,100.0,2440,cj
146539,Municipiul Falticeni,39.08045977011494,0.0,0.0,0.0,0.0,0.0,100.0,31612,sv
179310,Dobroesti,0.0,0.0,84.61538461538461,0.0,0.0,0.0,15.384615384615385,8886,if
138351,Orasu Nou,0.0,0.0,0.0,0.0,0.0,0.0,100.0,3875,sm
162924,Bunesti-Averesti,,,,,,,,2657,vs
72819,Grecesti,,,,,,,,1633,dj
154736,Traian,,,,,,,,1824,tr
97394,Grozesti,,,,,,,,1756,is
64639,Ozun,0.0,0.0,0.0,0.0,0.0,0.0,100.0,4655,cv
154754,Trivalea-Mosteni,,,,,,,,2662,tr
105605,Ulmeni,0.0,0.0,0.0,0.0,0.0,100.0,0.0,5065,cl
15493,Ciofrangeni,,,,,,,,2349,ag
31878,Tetchea,,,,,,,,3247,bh
56461,Calatele,0.0,0.0,0.0,0.0,0.0,0.0,100.0,2458,cj
179347,Glina,153.33333333333334,0.0,100.0,0.0,0.0,0.0,0.0,8082,if
105623,Ulmi,,,,,,,,7442,gr
89240,Certeju De Sus,,,,,,,,3034,hd
146584,Oras Gura Humorului,140.50632911392404,0.0,0.0,0.0,35.44303797468354,0.0,64.55696202531645,17074,sv
97438,Halaucesti,,,,,,,,5856,is
23715,Nicolae Balcescu,1350.0,0.0,0.0,0.0,0.0,100.0,0.0,10081,bc
154790,Troianul,,,,,,,,2886,tr
122025,Ceahlau,,,,,,,,2460,nt
31921,Uileacu De Beius,,,,,,,,2056,bh
72882,Izvoare,,,,,,,,1575,dj
7348,Sancel,0.0,0.0,0.0,0.0,25.0,0.0,75.0,2703,ab
179383,Jilava,85.71428571428571,0.0,0.0,0.0,0.0,0.0,100.0,10397,if
130231,Vulturesti,,,,,,,,2340,ot
97465,Helesteni,,,,,,,,2755,is
113849,Vanatori,,,,,,,,1922,mh
163002,Codaesti,0.0,0.0,0.0,0.0,0.0,0.0,100.0,4548,vs
138431,Paulesti,0.0,0.0,0.0,0.0,0.0,0.0,100.0,5815,sm
15554,Ciomagesti,,,,,,,,1147,ag
48325,Oras Patarlagele,0.0,0.0,0.0,0.0,0.0,0.0,100.0,7751,bz
81095,Pades,,,,,,,,4929,gj
146628,Municipiul Radauti,196.8421052631579,0.0,0.0,0.0,0.0,0.0,100.0,33227,sv
56522,Camarasu,,,,,,,,2779,cj
171209,Madulari,,,,,,,,1442,vl
122061,Candesti,0.0,0.0,0.0,0.0,0.0,0.0,100.0,4266,nt
64719,Poian,,,,,,,,1773,cv
154834,Tiganesti,0.0,0.0,0.0,100.0,0.0,0.0,0.0,5011,tr
179409,Oras Magurele,0.0,0.0,2.380952380952381,0.0,0.0,0.0,97.61904761904762,10365,if
7384,Santimbru,inf,,,,,,,3019,ab
146655,Oras Siret,0.0,0.0,0.0,0.0,100.0,0.0,0.0,9732,sv
72926,Leu,0.0,0.0,0.0,0.0,0.0,0.0,100.0,4676,dj
154852,Vedea,,,,,,,,2904,tr
113894,Vanjulet,,,,,,,,1844,mh
31976,Vadu Crisului,0.0,0.0,0.0,0.0,0.0,9.30232558139535,90.69767441860465,4046,bh
97517,Horlesti,,,,,,,,3117,is
130286,Balteni,,,,,,,,1618,ot
105712,Valea Argovei,,,,,,,,2472,cl
163057,Coroiesti,,,,,,,,2142,vs
23797,Oituz,0.0,0.0,0.0,0.0,0.0,0.0,100.0,9509,bc
130295,Calui,,,,,,,,1542,ot
56568,Capusu Mare,0.0,0.0,100.0,0.0,0.0,0.0,0.0,3110,cj
72953,Lipovu,,,,,,,,3255,dj
130302,Gavanesti,,,,,,,,1914,ot
64773,Reci,0.0,0.0,0.0,0.0,0.0,100.0,0.0,2299,cv
89348,Densus,,,,,,,,1475,hd
179463,Mogosoaia,inf,,,,,,,7800,if
40198,Municipiul Brasov,26.103646833013432,0.0,0.28790786948176583,0.09596928982725528,18.330134357005758,0.09596928982725528,81.19001919385796,290955,bv
130311,Ghimpeteni,,,,,,,,1478,ot
138501,Petresti,,,,,,,,1926,sm
113929,Vladaia,0.0,0.0,0.0,0.0,0.0,0.0,100.0,1630,mh
171272,Maldaresti,,,,,,,,1991,vl
97553,Ipatele,,,,,,,,1829,is
130320,Gradinile,0.0,0.0,0.0,0.0,0.0,100.0,0.0,1467,ot
72980,Macesu De Jos,,,,,,,,1272,dj
122132,Costisa,0.0,0.0,0.0,0.0,0.0,0.0,100.0,3534,nt
7446,Sohodol,,,,,,,,1797,ab
40214,Oras Ghimbav,0.0,0.0,0.0,0.0,0.0,0.0,100.0,5978,bv
146708,Oras Solca,,,,,,,,2630,sv
32027,Oras Valea Lui Mihai,0.0,0.0,0.0,0.0,0.0,0.0,100.0,11053,bh
179481,Oras Otopeni,100.0,0.0,0.0,0.0,0.0,0.0,100.0,15061,if
154914,Viisoara,,,,,,,,1692,tr
81184,Pestisani,0.0,0.0,0.0,0.0,0.0,0.0,100.0,3796,gj
130339,Gura Padinii,,,,,,,,1723,ot
15652,Cocu,,,,,,,,2319,ag
138538,Pir,,,,,,,,1594,sm
32045,Viisoara,,,,,,,,1329,bh
130348,Ipotesti,,,,,,,,1562,ot
40241,Municipiul Codlea,594.1176470588235,0.0,0.0,0.0,0.0,0.0,100.0,26090,bv
105776,Valea Dragului,,,,,,,,2869,gr
73013,Macesu De Sus,,,,,,,,1257,dj
130357,Osica De Jos,,,,,,,,1556,ot
154932,Vartoape,,,,,,,,2752,tr
113974,Voloiac,,,,,,,,1696,mh
179515,Oras Pantelimon,0.4608294930875576,0.0,3.963133640552995,0.0,0.0,85.89861751152074,10.138248847926267,26859,if
64826,Sanzieni,0.0,0.0,0.0,0.0,0.0,0.0,100.0,4679,cv
146744,Municipiul Vatra Dornei,0.0,0.0,0.0,0.0,62.37623762376238,0.0,37.62376237623762,17186,sv
23868,Oncesti,,,,,,,,1671,bc
130366,Sarbii - Magura,0.0,0.0,0.0,0.0,0.0,100.0,0.0,1896,ot
171325,Mihaesti,inf,,,,,,,6758,vl
105794,Valea Macrisului,,,,,,,,1791,il
163137,Costesti,0.0,0.0,0.0,0.0,0.0,100.0,0.0,2942,vs
73031,Maglavit,0.0,0.0,0.0,0.0,0.0,32.432432432432435,67.56756756756756,4756,dj
130375,Visina Noua,,,,,,,,1733,ot
97606,Lespezi,0.0,0.0,0.0,0.0,0.0,0.0,100.0,6004,is
122187,Cracaoani,,,,,,,,4423,nt
138574,Piscolt,0.0,0.0,0.0,0.0,0.0,100.0,0.0,3205,sm
179533,Oras Popesti Leordeni,1.3227513227513228,0.0,0.0,0.0,0.3968253968253968,0.3968253968253968,99.20634920634922,27879,if
130384,Soparlita,,,,,,,,1226,ot
89428,Dobra,,,,,,,,3356,hd
40278,Municipiul Fagaras,38.59649122807017,0.0,2.631578947368421,0.0,0.0,0.0,97.36842105263158,39990,bv
32090,Varciorog,,,,,,,,2094,bh
56666,Caseiu,,,,,,,,4785,cj
179551,Oras Voluntari,0.0,0.0,2.112676056338028,0.0,8.450704225352112,20.422535211267608,69.01408450704226,40533,if
154978,Zambreasca,,,,,,,,1410,tr
105829,Vasilati,,,,,,,,4404,cl
48487,Pietroasele,0.0,0.0,0.0,0.0,0.0,0.0,100.0,3296,bz
64871,Turia,,,,,,,,3897,cv
73068,Malu Mare,0.0,0.0,0.0,0.0,0.0,0.0,100.0,4406,dj
146799,Adancata,0.0,0.0,0.0,0.0,0.0,0.0,100.0,4355,sv
40303,Oras Predeal,0.0,0.0,0.0,0.0,0.0,0.0,100.0,5177,bv
81264,Plopsoru,0.0,0.0,0.0,0.0,0.0,0.0,100.0,6682,gj
154996,Nenciulesti,,,,,,,,2370,tr
138618,Pomi,0.0,0.0,0.0,0.0,0.0,0.0,100.0,1925,sm
15741,Corbeni,,,,,,,,5880,ag
179588,Copaceni,,,,,,,,2674,if
122249,Damuc,0.0,0.0,0.0,0.0,0.0,0.0,100.0,3069,nt
64906,Valea Crisului,,,,,,,,2430,cv
163208,Cretesti,,,,,,,,1791,vs
23948,Orbeni,,,,,,,,3962,bc
114060,Branistea,,,,,,,,1869,mh
97679,Letcani,0.0,0.0,0.0,0.0,91.30434782608695,0.0,8.695652173913043,7679,is
73102,Melinesti,0.0,0.0,0.0,0.0,0.0,100.0,0.0,3979,dj
105874,Varasti,,,,,,,,5921,gr
179604,Poienile Izei,,,,,,,,884,mm
32153,Tamaseu,0.0,0.0,0.0,0.0,0.0,0.0,100.0,2064,bh
114079,Vrata,,,,,,,,1926,mh
179613,Sieu,,,,,,,,2370,mm
32161,Paleu,0.0,0.0,0.0,0.0,0.0,0.0,100.0,2788,bh
179622,Grosii Tiblesului,0.0,0.0,0.0,0.0,0.0,0.0,100.0,2107,mm
138663,Sanislau,0.0,0.0,0.0,0.0,0.0,51.02040816326531,48.97959183673469,3750,sm
23975,Palanca,0.0,0.0,0.0,0.0,0.0,0.0,100.0,3470,bc
122285,Dobreni,,,,,,,,1807,nt
48557,Parscov,inf,,,,,,,5643,bz
179631,Treznea,,,,,,,,1035,sj
64942,Valcele,500.0,0.0,0.0,0.0,0.0,100.0,0.0,5040,cv
146860,Arbore,0.0,0.0,0.0,0.0,0.0,0.0,100.0,7555,sv
40367,Oras Rasnov,0.0,0.0,0.0,0.0,0.0,0.0,100.0,17715,bv
32179,Sannicolau Roman,,,,,,,,2266,bh
105909,Vedea,,,,,,,,2727,gr
163253,Danesti,0.0,0.0,0.0,0.0,0.0,100.0,0.0,2226,vs
179640,Vulcana-Pandele,,,,,,,,5121,db
32187,Rosiori,,,,,,,,3023,bh
97722,Lungani,,,,,,,,6331,is
32195,Gepiu,0.0,0.0,0.0,0.0,0.0,51.06382978723404,48.93617021276596,1853,bh
56773,Catina,,,,,,,,1872,cj
32201,Toboliu,,,,,,,,2096,bh
179659,Negrilesti,,,,,,,,2471,bn
155083,Beciu,,,,,,,,1630,tr
40394,Oras Rupea,0.0,0.0,0.0,0.0,44.827586206896555,55.172413793103445,0.0,6169,bv
171469,Milcoiu,,,,,,,,1228,vl
105936,Vidra,,,,,,,,8401,if
15830,Corbi,0.0,0.0,0.0,0.0,0.0,0.0,100.0,4095,ag
155092,Beuca,,,,,,,,1324,tr
89561,Oras Geoagiu,,,,,,,,5638,hd
146904,Baia,0.0,0.0,0.0,0.0,0.0,100.0,0.0,7485,sv
179677,Camin,0.0,0.0,0.0,0.0,0.0,0.0,100.0,1404,sm
24034,Parava,,,,,,,,3399,bc
179686,Dumitrita,,,,,,,,3262,bn
64997,Varghis,,,,,,,,1850,cv
81380,Polovragi,,,,,,,,2743,gj
130534,Municipiul Ploiesti,11.370716510903426,0.0,0.9345794392523363,2.0249221183800623,4.049844236760125,12.305295950155763,80.68535825545172,233762,ph
155109,Dracea,0.0,0.0,0.0,0.0,0.0,100.0,0.0,1623,tr
122347,Doljesti,0.0,0.0,0.0,0.0,0.0,0.0,100.0,7650,nt
138734,Santau,,,,,,,,2613,sm
155118,Fantanele,,,,,,,,1578,tr
179695,Simisna,,,,,,,,1211,sj
97777,Madarjac,,,,,,,,1675,is
146931,Oras Milisauti,11.76470588235294,0.0,0.0,0.0,70.58823529411765,29.411764705882355,0.0,5466,sv
65011,Zagon,,,,,,,,5347,cv
179702,Traian,,,,,,,,3247,il
105972,Vanatorii Mici,0.0,0.0,0.0,0.0,0.0,0.0,100.0,4677,gr
155127,Frasinet,,,,,,,,2444,tr
40438,Municipiul Sacele,536.9565217391305,0.0,2.1739130434782608,0.0,0.0,0.0,97.82608695652173,36059,bv
130552,Barcanesti,44.44444444444444,0.0,0.0,0.0,0.0,0.0,100.0,9697,ph
179711,Vladeni,,,,,,,,2891,db
163324,Deleni,,,,,,,,2372,vs
155136,Purani,,,,,,,,1473,tr
81415,Prigoria,0.0,0.0,0.0,0.0,0.0,0.0,100.0,2999,gj
179720,Poiana Ilvei,,,,,,,,1567,bn
155145,Saelele,,,,,,,,2264,tr
56844,Ceanu Mare,,,,,,,,3927,cj
138770,Sacaseni,,,,,,,,1258,sm
155154,Uda-Clocociov,,,,,,,,1573,tr
40465,Oras Victoria,0.0,0.0,0.0,0.0,0.0,0.0,100.0,8843,bv
171539,Muereasca,0.0,0.0,0.0,0.0,0.0,0.0,100.0,2630,vl
97811,Mircesti,,,,,,,,3968,is
65048,Zabala,0.0,0.0,0.0,0.0,0.0,0.0,100.0,4870,cv
24089,Parincea,0.0,0.0,0.0,0.0,0.0,0.0,100.0,3911,bc
179739,Malu,,,,,,,,2198,gr
122392,Dragomiresti,,,,,,,,2246,nt
15901,Cosesti,,,,,,,,5283,ag
73246,Mischii,,,,,,,,1655,dj
179748,Cosoba,,,,,,,,2648,gr
48682,Podgoria,0.0,0.0,0.0,0.0,0.0,0.0,100.0,3206,bz
40492,Oras Zarnesti,0.7352941176470588,0.0,0.0,0.0,6.61764705882353,16.176470588235293,77.20588235294117,26632,bv
179757,Herasti,,,,,,,,2004,gr
146995,Balcauti,,,,,,,,3169,sv
163379,Delesti,,,,,,,,2352,vs
179766,Isvoarele,,,,,,,,1545,gr
130614,Berceni,,,,,,,,6378,ph
138805,Sauca,,,,,,,,1536,sm
179775,Sabareni,,,,,,,,2586,gr
179784,Boranesti,,,,,,,,2428,il
65099,Valea Mare,,,,,,,,1154,cv
40526,Apata,1300.0,0.0,0.0,0.0,0.0,0.0,100.0,3550,bv
65105,Mereni,,,,,,,,1318,cv
97875,Mironeasa,0.0,0.0,0.0,0.0,0.0,100.0,0.0,5802,is
179793,Buesti,,,,,,,,1043,il
89687,Gurasada,,,,,,,,1418,hd
7767,Stremt,,,,,,,,2479,ab
81497,Rosia De Amaradia,,,,,,,,3145,gj
65113,Arcus,0.0,0.0,0.0,0.0,2.083333333333333,97.91666666666666,0.0,1600,cv
179800,Maia,,,,,,,,1651,il
122463,Dulcesti,0.0,0.0,0.0,0.0,0.0,100.0,0.0,2634,nt
147036,Bilca,233.33333333333334,0.0,0.0,0.0,0.0,0.0,100.0,3889,sv
40544,Beclean,,,,,,,,1709,bv
65121,Bixad,,,,,,,,1821,cv
73317,Marsani,,,,,,,,4648,dj
48744,Oras Pogoanele,inf,,,,,,,7553,bz
179819,Ograda,,,,,,,,2904,il
155243,Municipiul Timisoara,165.15426497277676,0.0,0.7259528130671506,2.540834845735027,5.626134301270418,0.9981851179673321,90.10889292196008,333210,tm
147054,Bogdanesti,,,,,,,,4159,sv
171628,Nicolae Balcescu,,,,,,,,3392,vl
15983,Cotmeana,0.0,0.0,0.0,0.0,0.0,100.0,0.0,1910,ag
65139,Micfalau,,,,,,,,1852,cv
73335,Motatei,,,,,,,,7149,dj
179828,Rosiori,,,,,,,,2000,il
130678,Blejoi,0.0,0.0,0.0,0.0,0.0,0.0,100.0,8812,ph
138869,Socond,,,,,,,,2948,sm
24187,Pancesti,0.0,0.0,0.0,0.0,0.0,100.0,0.0,4432,bc
65147,Dalnic,,,,,,,,967,cv
97919,Miroslava,0.0,0.0,0.0,0.0,0.0,0.0,100.0,15689,is
179837,Coas,,,,,,,,1412,mm
155261,Dumbravita,102.0,0.0,1.0,0.0,0.0,0.0,99.0,8383,tm
7810,Sibot,0.0,0.0,0.0,0.0,0.0,16.666666666666664,83.33333333333334,2464,ab
65154,Estelnic,,,,,,,,1155,cv
147072,Boroaia,0.0,0.0,0.0,0.0,100.0,0.0,0.0,4794,sv
48771,Posta Calnau,0.0,0.0,0.0,0.0,0.0,100.0,0.0,6145,bz
179846,Coltau,0.0,0.0,0.0,0.0,0.0,0.0,100.0,2763,mm
32394,Municipiul Bistrita,58.19134993446921,0.0,0.0,0.0,43.51245085190039,0.0,56.4875491480996,93415,bn
179855,Gardani,,,,,,,,1325,mm
114319,Municipiul Targu Mures,95.64164648910412,0.0,0.36319612590799033,0.0,35.47215496368039,0.9685230024213075,63.19612590799032,150286,ms
130712,Brazi,0.0,0.0,0.0,0.0,0.0,0.0,100.0,8293,ph
73371,Murgasi,0.0,0.0,0.0,0.0,0.0,40.0,60.0,2366,dj
179864,Oncesti,,,,,,,,1520,mm
155289,Ghiroda,0.0,0.0,0.0,0.0,0.0,0.0,100.0,6692,tm
56988,Chinteni,,,,,,,,3147,cj
163486,Dragomiresti,,,,,,,,5161,vs
40606,Bod,0.0,0.0,0.0,0.0,0.0,0.0,100.0,4717,bv
179873,Agris,,,,,,,,2131,sm
179882,Ciumesti,0.0,0.0,0.0,0.0,0.0,100.0,0.0,1362,sm
81576,Runcu,,,,,,,,5084,gj
138921,Supur,,,,,,,,4200,sm
155314,Giroc,7066.666666666667,33.33333333333333,66.66666666666666,0.0,0.0,0.0,0.0,11148,tm
179891,Raciu,0.0,0.0,0.0,0.0,0.0,0.0,100.0,3273,db
114355,Cristesti,0.0,0.0,0.0,0.0,0.0,0.0,100.0,6332,ms
122551,Farcasa,,,,,,,,3220,nt
7865,Sona,0.0,0.0,0.0,0.0,0.0,0.0,100.0,4433,ab
40633,Bran,0.0,0.0,20.0,0.0,0.0,0.0,80.0,5310,bv
147134,Bosanci,inf,,,,,,,7795,sv
179908,Pietrari,0.0,0.0,0.0,0.0,100.0,0.0,0.0,2417,db
89801,Harau,0.0,0.0,0.0,0.0,0.0,100.0,0.0,2098,hd
48842,Puiesti,0.0,0.0,0.0,0.0,0.0,100.0,0.0,3888,bz
179917,Rau Alb,,,,,,,,1409,db
114382,Sancraiu De Mures,0.0,0.0,0.0,0.0,0.0,0.0,100.0,8433,ms
24276,Pargaresti,,,,,,,,4873,bc
179926,Rascaeti,,,,,,,,2259,db
155350,Municipiul Lugoj,0.8403361344537815,0.0,0.0,15.126050420168067,0.0,13.445378151260504,71.42857142857143,47737,tm
147161,Botosana,,,,,,,,2622,sv
179935,Persinari,0.0,0.0,0.0,0.0,0.0,100.0,0.0,2826,db
130785,Bucov,8750.0,0.0,0.0,0.0,0.0,0.0,100.0,11225,ph
32483,Oras Beclean,0.0,0.0,0.0,0.0,2.2222222222222223,26.666666666666668,71.11111111111111,12335,bn
179944,Runcu Salvei,,,,,,,,1343,bn
40688,Budila,,,,,,,,4614,bv
114417,Sangeorgiu De Mures,0.0,0.0,0.0,0.0,0.0,0.0,100.0,10139,ms
179953,Ciceu- Mihaiesti,,,,,,,,1205,bn
122613,Faurei,,,,,,,,2198,nt
73460,Negoi,,,,,,,,2394,dj
179962,Galbinasi,0.0,0.0,0.0,100.0,0.0,0.0,0.0,3662,cl
81656,Samarinesti,,,,,,,,1771,gj
57083,Chiuiesti,0.0,0.0,0.0,0.0,0.0,0.0,100.0,2530,cj
40704,Bunesti,0.0,0.0,0.0,0.0,0.0,0.0,100.0,2687,bv
89856,Ilia,,,,,,,,3674,hd
179971,Colelia,,,,,,,,1157,il
98051,Miroslovesti,0.0,0.0,0.0,0.0,0.0,0.0,100.0,4493,is
139009,Tarna Mare,0.0,0.0,0.0,0.0,0.0,0.0,100.0,4004,sm
16132,Cuca,,,,,,,,2102,ag
147205,Breaza,,,,,,,,1607,sv
7945,Spring,0.0,0.0,0.0,0.0,0.0,0.0,100.0,2591,ab
155403,Oras Buzias,,,,,,,,8372,tm
179980,Marculesti,,,,,,,,1597,il
24338,Parjol,,,,,,,,6546,bc
114453,Santana De Mures,18.823529411764707,0.0,0.0,0.0,81.17647058823529,0.0,18.823529411764707,5732,ms
48922,Racoviteni,,,,,,,,1315,bz
171806,Olanu,,,,,,,,2978,vl
179999,Moldoveni,,,,,,,,1109,il
73503,Orodel,0.0,0.0,0.0,0.0,0.0,0.0,100.0,2644,dj
130847,Paulesti,0.0,0.0,0.0,0.0,16.666666666666664,3.3854166666666665,79.94791666666666,6079,ph
32544,Oras Nasaud,0.0,0.0,18.75,0.0,50.0,6.25,25.0,11805,bn
163618,Dranceni,0.0,0.0,0.0,0.0,100.0,0.0,0.0,4762,vs
180000,Platonesti,,,,,,,,1932,il
147241,Brodina,,,,,,,,3984,sv
139054,Terebesti,,,,,,,,1899,sm
122668,Gheraesti,,,,,,,,6749,nt
180019,Sarateni,,,,,,,,1255,il
65342,Municipiul Targoviste,5.873261205564142,0.0,0.3091190108191654,0.0,18.856259659969087,0.6182380216383307,80.21638330757341,93626,db
180028,Porumbesti,0.0,0.0,0.0,0.0,0.0,100.0,0.0,2654,sm
40768,Cata,,,,,,,,2766,bv
98113,Mogosesti,,,,,,,,5324,is
155458,Oras Deta,0.0,0.0,0.0,0.0,0.0,0.0,100.0,7642,tm
180037,Boghis,,,,,,,,1923,sj
48968,Ramnicelu,0.0,0.0,100.0,0.0,0.0,0.0,0.0,4896,bz
57163,Ciucea,,,,,,,,1569,cj
180046,Gura Ialomitei,,,,,,,,2623,il
130892,Targsoru Vechi,0.0,0.0,0.0,0.0,0.0,0.0,100.0,10222,ph
8014,Sugag,,,,,,,,2913,ab
106318,Municipiul Baia Mare,75.54535017221585,0.0,0.0,0.6888633754305395,5.970149253731343,5.970149253731343,87.37083811710677,147897,mm
122702,Girov,,,,,,,,5183,nt
114514,Municipiul Sighisoara,16.05263157894737,0.0,0.0,0.0,87.89473684210526,0.0,12.105263157894736,34250,ms
180055,Crivat,inf,,,,,,,2057,cl
32599,Oras Sangeorz-Bai,0.0,0.0,0.0,0.0,0.0,0.0,100.0,11682,bn
81754,Sacelu,,,,,,,,1454,gj
73567,Ostroveni,0.0,0.0,0.0,0.0,0.0,100.0,0.0,5029,dj
139107,Tiream,0.0,0.0,0.0,0.0,0.0,0.0,100.0,2425,sm
180064,Barbulesti,,,,,,,,7026,il
65379,Aninoasa,318.42105263157896,0.0,0.0,0.0,0.0,0.0,100.0,6211,db
89954,Lapugiu De Jos,,,,,,,,1427,hd
163681,Duda-Epureni,,,,,,,,4642,vs
155494,Oras Jimbolia,0.0,0.0,0.0,0.0,17.647058823529413,0.0,82.35294117647058,13622,tm
171879,Orlesti,0.0,0.0,0.0,0.0,0.0,0.0,100.0,2884,vl
24427,Plopana,,,,,,,,3407,bc
40820,Cincu,,,,,,,,1997,bv
32633,Bistrita Bargaului,,,,,,,,4453,bn
98168,Mogosesti-Siret,,,,,,,,3858,is
180091,Racsa,0.0,0.0,0.0,0.0,0.0,0.0,100.0,2983,sm
106363,Grosi,0.0,0.0,0.0,0.0,0.0,0.0,100.0,2800,mm
49019,Robeasca,,,,,,,,1094,bz
73594,Perisor,,,,,,,,1680,dj
65413,Doicesti,0.0,0.0,0.0,0.0,0.0,0.0,100.0,4789,db
139143,Tarsolt,,,,,,,,3084,sm
57225,Ciurila,,,,,,,,1461,cj
155528,Oras Sannicolau Mare,0.0,0.0,14.285714285714285,0.0,0.0,9.523809523809524,76.19047619047619,14697,tm
130954,Oras Azuga,,,,,,,,4851,ph
32660,Branistea,0.0,0.0,100.0,0.0,0.0,0.0,0.0,3160,bn
163734,Dumesti,,,,,,,,3845,vs
49046,Rusetu,0.0,0.0,0.0,0.0,0.0,0.0,100.0,3834,bz
65431,Razvad,0.0,0.0,0.0,0.0,0.0,0.0,100.0,8774,db
155546,Balint,,,,,,,,1601,tm
40857,Comana,,,,,,,,3073,bv
81816,Saulesti,0.0,0.0,0.0,0.0,0.0,0.0,100.0,2253,gj
171931,Otesani,,,,,,,,2700,vl
98202,Mosna,,,,,,,,6853,is
73629,Pielesti,0.0,0.0,0.0,0.0,0.0,0.0,100.0,3634,dj
147358,Oras Brosteni,10.526315789473683,0.0,0.0,0.0,0.0,0.0,100.0,6509,sv
16285,Davidesti,,,,,,,,3110,ag
8096,Oras Teius,0.0,0.0,44.44444444444444,0.0,22.22222222222222,0.0,33.33333333333333,7519,ab
139170,Turt,,,,,,,,8305,sm
130981,Oras Baicoi,0.4048582995951417,0.0,0.0,0.0,0.0,0.0,100.0,19074,ph
106407,Recea,163.23529411764704,0.0,0.0,0.0,44.11764705882353,0.0,55.88235294117647,6154,mm
114603,Albesti,0.0,0.0,0.0,0.0,0.0,0.0,100.0,6130,ms
98220,Motca,,,,,,,,5481,is
49073,Sageata,0.0,0.0,0.0,0.0,0.0,0.0,100.0,4776,bz
32704,Budacu De Jos,,,,,,,,3257,bn
73665,Piscu Vechi,,,,,,,,2751,dj
40900,Cristian,0.0,0.0,0.0,0.0,0.0,100.0,0.0,5015,bv
81861,Scoarta,,,,,,,,4605,gj
65477,Sotanga,inf,,,,,,,7211,db
155591,Banloc,,,,,,,,3064,tm
16329,Dambovicioara,0.0,0.0,100.0,0.0,0.0,0.0,0.0,925,ag
24524,Podu Turcului,0.0,0.0,0.0,0.0,0.0,0.0,100.0,5128,bc
139214,Turulung,0.0,0.0,0.0,0.0,0.0,0.0,100.0,4336,sm
122828,Garcina,,,,,,,,4942,nt
163789,Epureni,0.0,0.0,0.0,0.0,0.0,0.0,100.0,3049,vs
98257,Movileni,,,,,,,,3164,is
90066,Lelese,,,,,,,,393,hd
171995,Pausesti,,,,,,,,2611,vl
106461,Oras Tautii-Magheraus,,,,,,,,8051,mm
65501,Ulmi,,,,,,,,4411,db
8158,Unirea,0.0,0.0,0.0,0.0,100.0,0.0,0.0,5071,ab
40928,Dumbravita,0.0,0.0,0.0,0.0,0.0,0.0,100.0,5200,bv
57314,Catcau,0.0,0.0,100.0,0.0,0.0,0.0,0.0,2318,cj
73709,Plenita,0.0,0.0,0.0,0.0,0.0,0.0,100.0,4624,dj
16365,Darmanesti,,,,,,,,3552,ag
139250,Urziceni,,,,,,,,1481,sm
122864,Grinties,0.0,0.0,0.0,0.0,0.0,0.0,100.0,2502,nt
163832,Falciu,,,,,,,,5714,vs
40955,Feldioara,888.8888888888889,0.0,0.0,0.0,0.0,0.0,100.0,7414,bv
131069,Oras Boldesti-Scaeni,0.0,0.0,0.0,0.0,0.0,30.0,70.0,11594,ph
98300,Oteleni,0.0,0.0,0.0,100.0,0.0,0.0,0.0,3775,is
