SIRUTA,F1,F2,F3,F4
1017,-0.90755,-0.99574,-0.69964,-0.3789
1071,-0.15063,-0.72312,-0.46174,-0.79844
1151,1.00542,-1.00388,-0.24213,0.02609
1213,-0.89483,-0.81174,-0.69521,-0.39374
1348,1.15629,-1.19296,-1.02235,-0.23144
1455,-0.80192,-0.40088,-0.40776,0.15643
1696,0.11147,-0.82921,-0.35199,-0.16918
1794,-1.04706,-0.57139,1.59548,-1.06235
1874,-0.71363,-0.96335,-0.60406,-0.41183
1936,-0.80328,-0.65051,-0.202,-0.26572
2130,0.04837,-0.26724,-0.40625,0.46088
2309,-0.14387,0.09579,0.27996,0.14611
2381,-0.93192,-0.32486,-0.14483,-0.42934
2577,-0.89302,-0.42327,0.44195,0.71356
2915,-0.65606,1.22819,0.261,-0.39757
2988,-0.61357,-0.00363,-0.30604,-0.08358
3039,0.64855,-0.7419,-0.33143,-1.1591
3459,0.34299,-0.62234,-0.21172,0.83233
3761,1.82119,0.27018,-0.15716,1.63008
3805,0.2787,-0.41451,-0.94546,2.15999
3958,1.82975,2.81139,-1.46391,-2.14115
4008,-0.29072,-0.59787,-0.32895,0.00959
4106,-1.37346,3.05843,-0.92164,0.60633
4142,-0.40382,-0.24786,-0.5329,-0.02919
4188,0.50966,-0.50114,-0.47138,0.06399
4240,-0.78024,-0.45507,-0.12875,0.42094
4268,-0.09605,1.40567,0.25445,0.65645
4302,-0.23246,1.71409,0.00931,0.00838
4366,0.33375,0.08156,0.03471,-9e-05
4482,0.05208,-0.50059,-0.52679,0.88729
4525,0.98531,-0.71647,-0.04742,0.39227
4703,1.23852,-0.0489,-0.45122,-0.12438
4767,-0.05427,0.12658,-1.03716,-0.6113
4927,0.05508,1.40328,-1.19137,-0.40881
4981,2.13441,1.39281,3.23962,0.06722
5103,1.57759,2.30897,-0.38527,-0.06026
5167,-0.61742,0.34135,-0.16362,0.32784
5210,-0.66655,-0.21944,-0.25365,-0.3822
5309,-0.43671,-0.20298,-0.6339,0.02806
5336,-0.495,-0.50967,-0.54079,-0.25711
5577,-0.21302,-0.61824,-0.23569,-0.59574
5700,0.07009,-0.96108,-0.07658,0.2517
5755,-0.73409,-0.7584,0.51923,-0.28065
5826,0.16608,0.40354,-0.10053,1.60212
6048,-0.14488,0.524,-0.54695,0.08275
6119,0.07986,3.81123,-2.00287,0.38968
6217,-0.93331,-0.26869,-0.37378,-0.46152
6271,0.53106,-0.03376,0.34842,0.78863
6397,2.84003,2.68964,-1.11294,1.0466
6468,-0.46461,0.66062,0.16837,-0.421
6547,0.03661,-0.64101,0.64209,1.45284
6592,2.42019,0.17,-0.95988,-0.48643
6627,1.69133,0.72057,0.29867,-2.59663
6761,-1.05588,0.16333,1.54238,-1.61913
6930,3.0979,0.16521,-1.10277,-1.30195
6976,0.66822,-0.6805,1.7432,-0.99607
7044,-0.749,-0.57597,-0.06691,0.43813
7099,-0.84557,-0.32569,0.90845,-0.46103
7197,-1.42262,1.89815,-0.08894,0.67381
7348,-0.75427,-0.0625,-0.64439,-0.25639
7384,0.00016,0.60522,-0.69301,-0.41433
7446,-0.75767,-0.41055,0.02026,-0.08878
7767,0.78145,0.16276,-1.20408,-0.70268
7810,-0.54119,-0.10998,-0.73458,-0.23564
7865,-0.48917,-0.24888,-0.31965,-0.32453
7945,-0.53376,0.76403,-0.66557,-0.26029
8014,-0.52598,-0.01161,-0.57721,-0.51778
8096,-0.66404,-0.56954,-0.55229,-0.31621
8158,-0.48141,0.32342,-0.99395,0.09052
8229,0.36518,-0.72764,-0.69277,-0.13403
8354,-0.19329,0.00879,-0.23513,0.47224
8425,-0.43664,-0.29202,0.03606,-0.2678
8826,-0.76905,-0.45103,-0.01051,-0.18459
9019,-0.06595,1.55995,-0.33233,0.54017
9026,-0.57982,-0.12987,1.32202,-1.33067
9262,-0.90351,-1.00193,-0.68396,-0.35356
9280,-0.67877,-0.54173,-0.13828,-0.24672
9333,-0.87499,-0.53381,-0.53502,-0.29299
9360,-0.24264,-0.56044,-0.59784,-0.59673
9397,-0.83144,-0.975,-0.59765,-0.39209
9459,-0.4914,-1.04782,-0.3859,1.49009
9495,0.3299,-0.77513,-0.35276,0.12571
9538,-1.07224,-0.17803,-0.45501,-0.46825
9574,-0.54384,-0.92855,-0.60284,-0.35125
9627,-0.81989,-0.76553,-0.518,-0.32303
9654,-0.99384,-0.60309,-0.18349,0.14023
9690,-0.31053,-0.97065,-0.72457,-0.42886
9743,-0.47788,-0.20903,0.20243,0.39242
9798,-0.07576,-0.10203,-0.36829,-0.52763
9832,-0.37091,-0.81131,-0.30986,0.21169
9887,-0.17111,-0.43828,1.49465,-0.46824
9930,-0.24382,-0.10283,0.23505,0.37371
10006,-0.15516,-0.6088,-0.45747,-0.20875
10051,-0.33266,-0.49243,-0.42063,7e-05
10104,-0.057,-0.44593,0.57787,0.29613
10195,2.89006,-1.14698,-1.62117,-0.09772
10239,0.18134,-0.61355,1.46472,1.14196
10293,-0.51789,-0.76646,-0.4652,-0.51008
10346,0.72142,0.5825,0.67629,-1.58876
10373,-0.58823,-1.01688,-0.24194,0.59871
10417,0.13556,-0.67333,-0.17293,0.12486
10453,-0.62489,-0.82891,0.41192,0.02949
10514,-0.59487,0.63667,0.03196,0.25769
10532,-0.79257,0.02568,0.00109,-0.7037
10649,0.74835,-0.51814,0.02171,-0.62096
10701,0.86673,-0.81176,-0.12824,-0.2776
10765,-0.3021,0.98955,0.5142,-0.0414
10827,-0.01604,-0.88408,0.02649,-0.21228
10872,-0.63782,-0.86578,-0.42091,-0.43956
10916,-0.37361,-0.41196,-0.37701,-0.24254
10943,-0.44296,-0.50738,-0.62045,-0.31038
11058,-0.14285,-0.10252,-0.405,-0.40839
11174,1.29323,-0.34861,-0.28329,-0.60065
11236,1.0047,0.15108,-0.9583,0.9624
11352,0.01097,-0.6501,-0.64159,-0.45442
11398,-0.83834,-0.62348,-0.30156,-0.33349
11423,-0.02904,-0.43555,-0.3853,-0.34439
11478,-0.36991,-0.46861,-0.46137,-0.19529
11502,0.88223,0.18249,-0.21812,-0.27739
11539,-0.25447,-0.84315,-0.39801,-0.4982
11584,-0.70279,-0.867,-0.61838,-0.33748
11637,-0.44282,0.15337,-0.42188,-0.17163
11664,-1.98864,1.26481,3.77136,-0.32079
11735,0.069,-0.65888,-0.69033,-0.00476
11762,-0.78952,1.42564,2.26966,0.09775
11842,-0.39027,-0.81807,0.30672,0.02302
11940,-0.2064,-0.59986,-0.30848,-0.40258
11995,0.58032,-0.02083,-0.68857,-0.68501
12037,-0.04436,-0.63408,-0.54364,-0.26161
12055,0.34624,-0.82224,0.00367,1.14858
12091,0.45077,1.27877,1.05523,1.22529
12126,-0.58166,-0.23804,1.3413,-0.66121
12144,-0.57785,-0.64365,-0.74056,-0.21949
12206,0.13483,-1.0367,0.48996,-0.40316
12224,-1.11076,0.82356,-0.03785,1.659
12242,-0.29129,0.7021,0.07984,0.62
12288,0.00868,2.56473,-2.01225,1.04883
12340,-0.5487,-0.7602,-0.26265,-0.0817
12368,-0.47079,-0.91571,-0.73674,-0.04932
12402,0.41728,2.0967,-0.30251,-1.85878
12457,-0.47555,-0.03112,-0.2236,-0.10019
12509,-0.58118,-0.81437,-0.27838,0.10202
12572,-0.18086,-0.677,0.55508,0.81933
12643,-0.20594,-0.40744,-0.22469,-0.48875
12689,0.09312,-0.44668,-0.58172,-0.36973
12778,0.67644,0.03728,-0.992,-1.13309
12812,-0.56381,-0.00827,-0.00891,0.38075
12849,-0.16156,-0.47989,0.11883,-0.08194
12876,2.34948,-1.61725,-1.37827,1.53771
12912,-0.78394,0.0666,-0.3507,-0.19881
12920,0.25776,-1.23093,-0.51708,0.57323
12938,-0.6246,-0.52294,-0.51048,-0.31674
13169,-0.86624,-0.86041,-0.82219,-0.17001
13187,0.08876,-1.02106,-0.52684,0.12449
13276,0.22489,-1.00628,0.10552,1.01807
13301,1.50416,1.05736,0.23776,0.7011
13365,-0.63922,-0.80301,-0.66384,-0.32267
13392,-0.77941,-0.88229,-0.67532,-0.41672
13490,-0.84544,-0.97057,-0.66997,-0.42292
13524,-0.55825,-0.71716,-0.16382,0.00263
13622,-0.95865,0.35358,-1.1771,-0.48644
13668,-0.61497,-0.72477,-0.25994,-0.20368
13757,-0.60698,-0.72882,-0.27409,-0.19846
13819,-0.61907,-0.62038,-0.62894,-0.32041
13891,0.45074,-0.75591,0.17901,0.35891
13935,-0.75273,-0.62477,-0.05658,-0.67492
13999,-0.45478,-0.62819,0.17731,0.40323
14049,1.14713,-0.57475,-0.13482,0.43966
14085,-0.66351,-0.24305,-1.03359,1.89644
14165,-0.13057,0.06378,-0.31524,-0.59815
14272,-0.88732,0.49552,-0.13989,-0.86903
14352,-0.47465,0.89965,-0.46357,0.17241
14405,1.86488,1.62862,0.93606,0.73622
14450,0.08763,0.56507,-0.47085,0.51602
14584,0.06494,-0.55585,-0.0427,-0.6525
14673,0.34785,-0.63063,0.94853,0.39571
14726,-0.11911,3.77109,-0.04565,-0.3461
14753,-0.10843,0.84548,1.88367,1.80876
14851,-0.64995,-0.43859,-0.71571,-0.35693
14922,-0.68752,1.06242,-0.8435,-0.76084
14940,-0.56491,0.20272,-0.43813,-0.43577
15064,-0.35116,0.43067,0.07186,-0.6386
15108,-0.56129,-0.72205,-0.16533,-0.19259
15233,-0.39774,-0.47063,-0.9937,0.22675
15313,-0.93844,0.80696,0.27345,0.17823
15402,0.90498,-0.52216,0.42676,0.228
15448,0.35883,0.63395,0.64351,-0.97761
15493,-0.26902,0.52544,-0.11325,-0.37835
15554,0.00417,0.86923,2.82705,-1.66854
15652,-0.57357,1.81621,-0.88075,-0.85851
15741,-0.48439,0.37414,-0.77735,-0.40518
15830,-0.20306,-0.20573,0.18892,0.85163
15901,-0.53277,-0.70491,0.5017,0.87526
15983,-0.53141,-0.46099,-0.02743,-0.30645
16132,0.52866,-1.14602,-0.45888,1.16315
16285,0.56282,-1.01174,-0.5745,0.46972
16329,-0.4201,-0.52762,1.44165,0.25644
16365,1.45299,-0.76263,0.26202,0.14549
16427,-0.42561,0.47466,0.74861,-1.23786
16454,-0.59115,-0.34366,-0.674,-0.03004
16472,-0.45664,-1.18006,1.34266,1.76012
16506,-0.4494,-0.46942,-0.69584,-0.10835
16551,-0.23967,-0.36049,-0.27099,-0.43138
16613,0.00308,0.4636,-0.29488,-0.61377
16659,0.31314,-0.79726,0.18533,1.20987
16739,-0.27114,-0.60197,0.01351,0.06807
16757,-0.37982,-0.99767,-0.13382,-0.21319
16908,-0.33046,0.5233,-0.2778,-0.4381
16944,-1.01954,0.55254,0.05693,1.14887
17049,-0.55123,0.18015,0.51369,0.30256
17101,-0.87062,-0.56419,-0.32727,0.3945
17209,0.81137,-0.70177,0.49912,-0.91514
17254,-0.80094,0.072,-0.05523,-0.41377
17334,-0.09935,0.67303,-0.19548,-0.13638
17398,0.76762,2.25342,-0.41491,-1.02605
17423,0.51283,-0.6945,-0.16679,0.12031
17496,-0.9297,0.12043,-0.3778,-0.76667
17575,-0.09083,-0.00646,1.96781,3.37331
17619,-0.71589,1.94508,-1.48745,-0.18233
17726,-0.13711,0.07874,0.42752,-1.19269
17771,3.38836,-0.47554,2.23667,1.60998
17824,0.49323,-0.22449,-0.41529,0.83169
17851,-0.22024,0.40925,0.50532,-0.68754
17913,1.4219,0.08705,1.20933,0.42383
17968,-0.11112,0.39158,-0.63103,-0.05101
18028,-0.02704,0.16074,-0.63356,-0.46948
18162,-0.25494,2.93991,-1.03194,-0.01136
18242,0.58393,-0.3353,-0.43551,-0.41685
18331,0.20247,-0.17008,0.32626,-1.15824
18411,-0.08439,0.16919,0.66339,0.97628
18475,-0.31315,-0.03511,-0.28857,-0.45856
18527,-0.5791,-0.94317,-0.40547,-0.28106
18554,2.2162,-0.51751,-1.4651,-0.34989
18581,-0.90539,0.46933,-0.31305,0.94267
18670,-0.05368,-0.77742,-0.36093,0.07464
18741,-0.18957,-0.36851,-0.10295,-0.44937
18778,-0.68905,-0.31259,-0.4144,-0.34115
18858,0.69439,-0.23152,-0.35765,-1.16739
18938,-0.31845,0.71443,-0.38799,-0.75102
19007,-0.24023,-0.27567,-0.23431,-0.35972
19114,-0.08586,0.61506,-0.71453,0.06741
19141,-0.1329,0.36615,-0.9921,0.14703
19212,0.28162,1.67046,-0.19289,-1.14507
19249,0.63447,-0.09706,1.25915,-0.40264
19338,-0.22848,0.32857,-0.37992,-0.34101
19392,0.94079,-0.82867,-0.01049,0.10822
19560,-0.66858,0.74359,-0.50573,0.92632
19631,-0.10902,0.4345,-0.64953,-0.83238
19695,-0.69647,-0.6278,-0.47775,-0.30326
19793,-0.40908,0.03734,-0.39048,0.32108
19999,-0.39696,-0.2787,-0.10275,0.04999
20048,0.67395,2.83079,-0.61961,-1.41762
20055,-1.17632,1.97027,-0.96207,-0.07784
20063,-0.48307,-0.22948,0.10217,-0.40152
20297,-0.56214,-1.08288,-0.70983,-0.41037
20313,0.05965,-1.10604,-0.72828,0.36758
20359,-0.8462,-0.69234,-0.63639,-0.38481
20411,-0.22687,-0.70492,-0.3349,-0.50802
20466,-0.71778,-0.80767,-0.60493,-0.4689
20563,-0.64176,-0.91406,-0.73486,-0.62138
20607,-0.22376,0.01643,-0.828,2.08375
20670,-0.61888,2.08994,-1.00005,-0.57325
20778,-0.52443,-0.84918,-0.71052,-0.39253
20821,-0.41873,-0.98454,-0.49081,-0.2451
20876,-0.90775,-0.7873,-0.65852,-0.4071
20910,0.15609,-0.65728,-0.72434,-0.45999
20965,-0.77369,-0.63959,-0.11145,-0.21604
21007,-0.86233,1.05932,-0.30682,-0.11395
21098,0.65313,0.11616,0.01148,0.244
21123,-0.37292,-0.75045,-0.4907,0.47373
21196,0.01837,0.38198,0.01711,-0.53016
21249,0.8859,-0.54236,0.43035,0.23887
21338,-0.0331,0.40031,0.28183,-0.25278
21418,-0.70373,0.21363,1.61164,0.38279
21454,0.66,-0.16701,-0.24305,-0.34045
21506,2.41605,-0.49444,0.84683,-0.4238
21560,0.22611,-0.4371,0.58389,0.35131
21597,0.02781,2.00984,-1.18476,-0.776
21668,2.09481,-0.51464,-0.19834,-2.78863
21720,-0.39501,0.21266,-0.80141,-0.64728
21757,-0.09797,-0.42382,-0.21586,-0.65236
21855,-0.36088,0.29001,-0.78369,-0.74848
21971,0.45055,-0.04981,0.15896,-0.72455
22059,0.87104,-0.49348,0.49301,0.72806
22111,1.45749,0.46469,1.20546,0.20622
22166,-0.7882,-0.70369,-0.59783,-0.39649
22237,0.73291,0.97839,0.10564,1.74408
22380,-1.03667,1.32665,0.94084,0.56157
22460,-0.51834,-0.20585,-0.46029,-0.02413
22488,-0.29237,0.2327,-0.18304,-0.25692
22576,-0.65406,-0.44933,-0.47822,-0.35568
22665,-0.49458,-0.09194,1.51956,1.07093
22718,-0.1622,-0.60374,-0.26224,0.0605
22781,-0.18807,-0.59201,0.35936,-0.32708
22834,-0.22819,1.79888,-1.37998,-0.33024
22898,-0.37971,-0.48288,-0.43894,0.49543
22941,-0.62433,1.5496,-0.16095,-0.24151
23047,-0.05251,1.1573,0.04548,1.11257
23127,1.21484,0.49335,-0.41326,0.83684
23207,-0.29122,-0.29331,4.03975,-0.07576
23289,0.53243,0.51743,-1.20523,-0.01927
23350,-0.81776,-0.01629,0.03694,0.1297
23387,0.26724,-0.45894,-0.57202,-0.455
23449,-0.55407,-0.14982,-0.44294,-0.09285
23494,-0.05137,-0.39959,-0.2094,-0.0821
23644,0.37788,1.32207,2.59578,0.55281
23715,-0.64583,-0.66283,-0.78699,-0.44832
23797,-1.4997,2.50453,1.65022,-1.68812
23868,-1.9388,1.77404,5.56216,-2.40485
23948,-0.49295,-0.26846,-0.23626,-0.22008
23975,0.73038,0.43781,-0.3637,-0.35514
24034,0.03016,-0.39861,-0.35391,-0.02427
24089,2.15957,-0.26582,0.34537,1.64646
24187,-0.23581,-0.09413,-0.42214,0.82091
24276,0.65408,-0.45613,0.35709,0.50156
24338,-0.12651,-0.07087,-0.21486,0.20894
24427,0.54623,-0.29229,-0.63849,-0.0309
24524,-0.09433,-0.20942,-0.27381,-0.22242
24631,0.56859,-0.62142,0.42337,0.47373
24711,-0.59209,-0.60937,-0.61132,-0.05162
24766,-0.34111,-0.42585,-0.50663,-0.10991
24837,-0.50944,1.14937,0.97656,0.17365
24999,-0.64233,0.96464,1.08086,0.16458
25068,-0.65159,-0.53146,-0.4691,-0.12452
25148,-0.22934,-0.21345,-0.3354,-0.39891
25228,-0.81332,-0.42694,-0.33617,-0.6273
25291,0.21723,-0.17294,1.18949,-0.40492
25362,-0.27812,0.91189,-0.44589,0.30087
25488,0.64298,0.97669,-0.00453,0.68036
25521,-0.45613,1.41052,-1.03801,-0.42018
25629,0.11505,2.14817,-0.11429,-0.90933
25692,-0.29133,0.19445,0.1466,-0.98583
25745,4.92023,0.85799,-1.24607,0.8787
25825,0.57055,-0.36525,0.61176,0.41567
25861,-0.65694,-0.60826,-0.5101,-0.19643
25932,-0.37098,0.11502,1.46167,0.58057
26029,-0.26114,-0.61466,-0.5027,-0.56612
26083,0.71158,-0.38659,-0.56304,-0.47071
26118,2.36223,0.36294,0.83167,-2.16681
26289,-0.67907,-0.50065,-0.09028,0.27303
26320,-2.10793,1.54186,2.97555,-1.0145
26338,-0.26601,-0.78243,0.59207,-0.46695
26346,-0.0324,-0.05323,0.03511,-0.17672
26353,1.7852,-0.56513,0.93732,-0.81046
26361,2.99814,-0.41704,-1.25208,-1.121
26379,-0.35809,-0.28402,0.96082,-1.19982
26564,-0.96912,-0.9916,-0.68003,-0.43414
26582,-0.40459,-0.20775,-0.81844,-0.12564
26653,-0.59981,-0.81674,-0.423,-0.13604
26699,-1.07697,-1.09437,0.15729,0.16857
26742,-0.51685,-0.09303,-0.38523,-0.09885
26804,-0.82302,-0.93154,-0.54372,-0.53879
26840,-0.11988,0.0503,-0.72447,-0.23217
26877,-0.98186,-0.33743,-0.14671,0.27314
26920,0.21864,0.13526,-1.26179,0.42051
26975,-0.63192,-1.00654,-0.6124,-0.25155
27007,-0.59582,-0.19791,-0.64884,-0.31718
27070,-0.24316,-0.42539,-0.37701,-0.31316
27169,-0.52239,-0.31201,-0.40506,-0.35169
27212,-0.09545,-0.76673,-0.15859,-0.42483
27285,0.91736,-1.18467,-0.11392,0.76413
27329,-0.29846,0.00035,-0.42301,-0.39389
27383,-0.48429,-0.59284,-0.49845,-0.55982
27436,-1.01699,-0.15534,-0.69002,-0.53774
27506,-0.00335,1.46456,0.19231,-0.7535
27560,0.50684,-0.67357,-0.64108,-0.60601
27631,-0.22296,0.88305,-1.07941,-0.86634
27686,-0.23028,-0.40881,-0.3611,-0.1219
27757,-1.28589,3.9813,-1.24381,-0.90675
27846,-0.42418,-0.89445,-0.58207,0.15765
27908,-0.53905,1.19353,-0.12449,1.1129
27935,-0.66411,-0.5062,-0.39062,-0.45376
27971,-0.81001,-0.15298,-0.78253,0.18389
28077,0.00423,-0.14944,-0.65118,-0.23057
28139,0.59563,0.98701,0.00048,-1.7402
28193,-0.46139,0.07715,-0.44823,-0.50529
28246,-0.23898,-0.59901,-0.56926,-0.02393
28335,-0.58004,-0.23826,0.18107,-0.80035
28415,-0.8294,-0.44253,-0.29041,0.39675
28497,0.54662,-0.65983,-0.27784,-0.5953
28530,0.23867,0.39223,-0.20927,-0.02822
28610,-0.39032,-0.5175,-0.58504,-0.25238
28665,-0.02801,0.3203,-0.65459,-0.76852
28709,-0.43302,-0.63153,-0.54929,-0.33934
28763,-0.31533,-0.45621,-0.32908,0.45479
28816,-0.38834,-0.10756,0.58363,1.33235
28889,0.37342,0.90356,-1.08818,1.66591
28941,0.06695,-0.88337,-0.12683,0.07632
29001,0.17002,0.54452,-0.37136,0.73498
29038,-0.63388,0.16251,0.29846,-0.33225
29092,-0.87711,-1.31945,0.02057,1.26463
29154,-0.55303,-0.6103,-0.52177,-0.22786
29243,0.80433,1.34434,0.30281,0.33051
29341,-0.60572,-0.63897,0.01255,-0.06569
29403,-0.64932,-0.42626,-0.5832,-0.3233
29467,-0.78535,-0.30536,-0.58187,-0.04254
29519,-0.65617,-0.48768,-0.42199,-0.23373
29573,-0.62928,-0.61957,-0.39848,-0.54461
29662,-0.29212,-0.37836,0.34616,-1.06523
29724,-0.66353,-0.63217,-0.27717,0.14245
29760,-0.10063,-0.14978,-0.57389,0.17213
29813,-0.80404,2.14666,-1.17105,-0.92243
29902,-0.053,-0.85869,-0.65817,-0.72278
29948,-0.73324,-0.49089,-0.62423,-0.39212
30014,-1.51083,-1.19476,3.33414,0.48812
30069,-0.40185,-0.45819,-0.65497,-0.20534
30149,-0.79992,-0.70992,-0.53999,-0.3339
30229,-0.61957,0.83462,0.43188,0.171
30274,-0.76948,-0.77059,-0.44469,-0.3502
30336,-1.41338,1.72076,0.36864,0.61673
30416,-0.60689,-0.3036,0.19391,-0.77238
30470,-0.39736,-0.49345,0.36046,-0.07759
30568,-0.50803,-0.8046,-0.38881,-0.5377
30648,-0.60028,-0.7152,-0.69859,1.12836
30719,-0.73533,-0.18051,-0.44333,-0.43939
30773,-0.56523,0.18896,-0.20381,0.08787
30844,0.68201,-0.87994,-0.46652,-0.59888
30871,0.75436,1.33862,0.19039,-0.42883
30915,-0.89366,-0.4525,-0.42876,0.0851
30988,0.66224,-1.43883,2.52399,-1.40631
31011,-0.0569,-0.89255,-0.10691,-0.58306
31057,-0.47988,1.16147,-0.40591,-0.60775
31128,-0.79292,0.27138,-0.33907,-0.14335
31208,-0.44234,1.68337,0.01021,-0.49822
31262,-0.63955,-0.55726,-0.44807,-0.43749
31333,-0.19055,-0.48907,0.34053,0.10895
31379,-0.44282,1.5169,-0.15543,0.53075
31422,-0.62818,0.29139,0.8189,0.04993
31510,0.43229,-1.08776,0.47412,-0.88398
31565,0.574,0.75792,0.9022,0.44275
31609,0.19392,-0.41274,-0.47591,-0.44471
31654,-0.3297,-0.7843,-0.21058,0.31576
31716,-0.19131,-0.40143,-0.66423,-0.50206
31789,-0.794,-0.84869,-0.57163,-0.42856
31841,-0.8652,-0.18076,0.05551,0.33445
31878,-0.06645,0.0229,0.06095,-0.66019
31921,-0.50067,0.5818,-0.44533,-0.41532
31976,-0.61306,-0.73986,-0.60449,-0.36094
32027,1.73643,0.7948,1.06789,0.81633
32045,-0.56904,0.35488,-0.31131,1.7753
32090,-0.56206,-0.04868,-0.06708,-0.23439
32153,-0.11952,-0.80926,-0.74584,-0.32656
32161,-0.7041,-0.77216,-0.72549,-0.40557
32179,-0.11643,0.07869,0.45783,-0.46011
32187,0.09942,-0.85899,-0.82085,0.25143
32195,-0.26572,-0.6177,-0.16977,-0.2981
32201,0.10287,0.1198,-0.30709,-0.21763
32394,-0.77739,-0.81336,-0.81382,-0.1039
32483,-0.90814,-0.37828,-0.55087,-0.31737
32544,-0.74051,-0.94435,-0.58607,-0.16712
32599,-0.22177,-0.79527,-0.74966,-0.56736
32633,-0.79089,-0.14742,-0.12025,-0.47536
32660,-0.5778,-0.51364,0.49989,-0.83434
32704,-0.60511,-0.36991,-0.22527,0.31109
32811,0.46935,-0.742,-0.64359,1.57956
32884,-0.61022,1.0659,0.93656,1.53365
32955,-0.78503,0.00667,-0.30836,1.14158
33015,-0.77603,-0.14759,0.20385,-0.06624
33122,-0.26869,-0.50598,-0.31439,0.04032
33177,-0.19259,-0.18754,0.32653,-0.07831
33202,-0.70791,-0.05335,-0.55444,-0.18403
33248,-0.66708,-0.79145,-0.48019,-0.1235
33275,1.89671,-0.68989,-1.1333,-0.79409
33337,-0.55063,-0.00959,-0.14457,0.40886
33364,-0.33027,0.1522,1.22659,0.47329
33382,-0.29152,-0.69857,-0.9277,0.70429
33435,-0.86359,-0.72559,-0.36801,-0.39201
33514,-1.28498,1.15589,0.50701,-0.32309
33541,0.0828,-0.82405,-0.54819,-0.29251
33603,-0.13079,1.80693,0.17019,1.51096
33621,0.71675,-0.76497,-0.41774,0.5788
33658,-0.27318,-0.64264,0.46166,0.51462
33729,0.21508,1.45586,-0.07207,-0.27851
33765,2.12666,-1.01273,0.17755,-2.09659
33845,0.04478,1.70042,2.18826,1.23008
33881,-0.61211,0.6469,2.56336,0.49545
33952,0.94663,1.76837,-0.27575,0.55424
33989,-0.1546,-1.09235,-0.45282,1.81517
34075,-0.51075,-0.21848,-0.48086,-0.34159
34155,0.5223,-0.14809,0.8243,-0.36609
34173,0.27826,-0.49071,-0.64291,0.43092
34235,-0.58771,-0.46798,-0.6248,-0.38958
34262,0.25386,-0.67896,0.66367,0.56243
34280,-0.08584,-0.81379,0.09421,0.27339
34333,-0.31908,-0.62078,-0.11629,-0.85961
34360,-0.421,0.74894,0.96914,0.19429
34397,0.11351,-0.96433,1.38964,0.00853
34422,2.25859,-0.34194,0.86138,1.94634
34477,-0.21548,1.77527,0.30288,-0.81496
34547,-0.56059,1.08589,-0.55064,-0.69997
34618,0.66048,-0.4845,0.14037,-0.35728
34645,0.81846,-1.08739,0.11091,0.03006
34690,0.65512,-0.37463,-0.96342,-0.81054
34770,0.61756,-0.19267,-0.46664,-0.36262
34850,-0.18594,-0.61217,0.11058,-0.11194
34903,-1.04374,0.23436,-0.4187,-0.29411
34985,0.04325,-0.89029,-0.23629,-0.07777
35054,-0.62616,-0.20035,-0.22031,-0.48818
35090,-0.12053,-0.38598,-0.40954,-0.47453
35152,-0.1889,0.99886,0.10401,0.03863
35269,0.8969,-1.126,-0.44652,1.04854
35312,1.24172,-0.00198,1.95775,-0.24631
35429,-0.78197,-0.45252,0.38837,0.27845
35731,-0.81173,-0.90519,-0.69796,-0.34417
35759,-0.98866,1.64046,-1.57146,-0.27651
35839,-0.50377,-0.42782,-0.11711,0.35234
35884,-0.85981,0.27215,0.41271,-1.24529
35946,-0.08057,-0.95686,-0.48443,0.1088
36006,-0.82,-0.68624,-0.57331,-0.2236
36060,-0.46933,-0.43585,-0.15902,0.01644
36131,-0.27275,0.01743,-0.35385,0.55689
36202,0.57412,0.29249,0.49506,0.54231
36300,0.04015,-0.52936,-0.1715,-0.50529
36373,-0.0557,1.82172,-1.0238,-0.49566
36426,-0.7657,-0.00733,0.09006,-0.12026
36453,-0.6998,-0.57564,-0.29145,-0.27128
36499,1.83792,-0.10408,0.39319,1.16941
36532,1.22829,-0.11456,0.55218,0.95887
36569,-0.605,0.01584,-0.18199,0.03627
36649,1.46815,0.56616,0.48881,-0.51098
36676,2.15794,1.00802,1.97785,0.29054
36756,1.31158,-0.14841,-0.74471,2.68936
36809,-0.24395,0.05903,-0.71796,0.04871
36952,1.73167,1.65728,-0.24412,0.72898
37011,-0.10283,0.16926,-0.51696,-0.56451
37057,1.62044,-0.57562,0.43356,-0.78482
37173,1.26646,1.95699,1.99165,0.27509
37217,-0.30972,-0.50944,1.36347,-0.33201
37280,-0.81484,0.07235,-0.69895,-0.08301
37324,-0.58602,-0.491,0.16849,0.26313
37397,-0.57272,3.93896,-1.08273,0.43385
37459,-0.31163,0.13301,0.66277,-0.36776
37547,0.35269,-0.29423,-0.61055,-0.89681
37618,2.37374,1.3249,-0.22492,1.61103
37672,0.84665,0.98318,-1.2296,-0.99799
37734,0.39233,0.9188,-0.8875,0.27116
37770,-0.58584,-0.44465,0.35191,-0.30136
37823,1.03726,-0.11024,0.15725,-1.01879
37850,-0.15566,0.9961,-0.46638,-0.13536
37912,1.05907,1.47061,-0.18257,-1.24059
37958,-0.33794,0.36263,2.07723,-0.85408
38063,-1.17015,-0.47606,0.79555,-0.67374
38161,0.14232,0.57711,-0.52017,-0.40439
38241,0.05404,1.78058,-0.22733,-1.16534
38321,1.19814,0.65362,0.47297,-1.39001
38456,-1.37999,2.4208,1.58454,5.58131
38492,1.50181,-0.27295,0.17215,-0.20981
38544,-0.68855,-0.4233,4.6442,-1.50389
38580,-0.21536,0.96854,0.79104,-0.38388
38633,2.40718,-1.02474,0.48203,2.79432
38679,-0.84253,0.77345,0.8057,-0.06627
38731,0.34765,-0.23817,0.11984,0.30061
38811,1.9982,-0.84507,1.3592,0.36537
38848,1.01372,0.12466,0.78936,0.73222
38893,0.66521,-0.00826,0.20622,0.30515
38982,-0.54866,1.10441,-0.09898,-0.71882
39051,-0.89484,0.12173,-0.81381,2.34403
39122,-0.67298,-0.77079,0.65477,-0.14604
39168,-0.53168,-0.08504,-0.25965,-0.0684
39266,-0.44755,0.32845,-0.24282,0.72991
39328,-0.54905,-0.51535,-0.22741,0.12921
39391,-0.91787,0.82386,-0.53958,0.60114
39417,-0.51572,-0.47288,0.31951,0.0785
39612,-0.79141,1.04432,-0.48547,0.81374
39658,0.17538,1.97707,0.61977,4.25631
39694,-0.37374,0.88878,-0.80479,-0.33393
39738,-0.82898,-0.53376,-0.37557,1.23373
39792,3.03302,0.61304,-1.15646,0.65005
39836,-0.41999,0.30485,0.45887,-0.1649
39872,-0.26924,-0.4362,-0.12158,-0.59732
39942,2.94274,0.79865,-0.77164,1.36565
39967,-0.27075,-0.32774,0.02824,0.47912
39975,2.19252,0.36773,2.218,-2.84229
39983,4.15377,0.13567,1.48743,-2.43817
40198,-0.92131,-1.02638,-0.72381,-0.40254
40214,-0.21834,-1.04764,-0.6337,0.09205
40241,-0.54841,-0.77178,-0.72961,-0.09575
40278,-0.87439,-0.97583,-0.65105,-0.45542
40303,-0.24475,-0.94662,-0.16724,-0.57853
40367,-0.73984,-0.95438,-0.70341,-0.38681
40394,-0.70562,-0.8851,-0.66544,-0.39579
40438,-0.96808,-0.71869,-0.71138,-0.41526
40465,-0.20817,0.25128,-0.25226,-0.35656
40492,-0.88374,-0.59416,-0.58191,-0.42253
40526,0.15975,-0.5718,0.70787,-0.26077
40544,-0.35593,-0.17981,-0.06453,-0.94133
40606,-0.56118,-0.19339,-0.18424,-0.64657
40633,-0.5398,-0.91666,-0.69564,-0.12242
40688,-0.30139,0.79517,-0.31847,-0.80386
40704,1.74649,-0.35793,-0.51272,-0.38028
40768,1.05501,-0.58253,-0.70127,-0.46324
40820,2.63489,-0.85241,-0.65354,-0.55094
40857,0.19566,-0.16077,0.04622,-0.55602
40900,0.84856,0.86023,0.22209,-0.37426
40928,-0.30674,-0.86661,0.04858,-0.16546
40955,0.03846,-0.61699,-0.67756,-0.41733
40991,-0.09614,-0.37727,0.47294,-0.00388
41033,-0.94634,-0.33991,-0.71678,-0.37015
41088,-0.72653,-0.56364,-0.48326,-0.53998
41113,-0.82845,-0.40242,-0.31511,-0.4432
41177,-0.5871,-0.66349,-0.10557,-0.36407
41248,-0.2781,0.42055,0.10617,0.43354
41284,-0.39433,2.03955,-0.73689,0.20444
41346,-0.0587,-0.52766,-0.25952,-0.4362
41382,0.34059,-0.34308,-0.49712,0.69109
41417,1.69692,-1.84945,2.18723,0.33789
41471,-0.79929,-0.81948,-0.48007,-0.19774
41541,-0.10599,-0.45508,0.89104,-0.10693
41578,-0.91751,-0.30416,1.73397,0.57109
41621,2.62998,-0.90883,2.8005,0.90614
41667,-0.59831,-1.01555,-0.18352,0.28964
41701,-0.19554,0.42288,-0.27655,-0.35262
41738,-0.6523,-0.56334,-0.44305,-0.36817
41818,0.11421,1.0587,-0.36893,0.71652
41854,-0.41183,-0.50899,-0.4829,-0.60684
41925,-0.04288,-1.07146,-0.57606,0.34876
41943,-0.84411,0.14386,0.31285,-0.53275
42003,-0.81364,-0.78466,-0.59114,-0.36956
42058,1.43616,0.21012,1.43687,0.77079
42076,0.11086,0.45643,2.42423,-0.08965
42101,-0.2206,0.70355,0.07404,-0.4508
42156,2.35276,-0.74803,0.28567,-0.62497
42183,-0.73944,0.71499,-0.34256,-0.5071
42236,0.33405,-0.15075,-0.21775,0.29901
42307,-0.85294,-0.21293,-0.09015,-0.11537
42398,-0.71757,-0.97124,-0.46079,0.11015
42449,-0.32322,-0.32735,-0.29936,0.8611
42456,0.44846,-0.65513,-0.30622,-0.32839
42464,-0.86777,-0.35545,-0.46422,-0.37834
42472,0.09269,-1.1028,1.39723,1.69769
42480,-0.36332,0.16532,-0.44287,-0.2956
42498,-0.14198,1.23162,-0.50484,6.56917
42682,-0.95086,-0.94592,-0.67103,-0.39734
42708,-0.8359,-0.53357,-0.51011,-0.38378
42753,-0.27483,-0.47199,-0.64983,-0.36085
42771,3.58126,2.05917,0.4663,0.25457
42824,0.14925,0.26656,1.13747,0.57265
42842,0.89771,0.69774,0.25444,0.60834
42913,0.40651,-0.51396,0.19567,-0.22497
42968,-0.55017,1.26041,-0.29966,-0.7129
43019,0.75097,-0.60308,-0.30514,0.77161
43073,-0.21052,0.07448,-0.12245,-0.42248
43117,0.54746,0.31493,1.8562,1.75142
43180,-0.30116,1.34664,0.87433,-0.88377
43242,-0.42109,1.04646,-0.21267,0.27645
43279,0.49795,-0.0299,0.15328,-0.9581
43313,-0.34824,0.62732,-0.87398,0.50564
43331,0.31989,-0.65955,-0.7913,0.06237
43411,-0.07026,-0.71135,-0.56476,-0.29795
43466,-0.95791,0.66405,0.94747,-0.50641
43493,0.96486,0.28684,0.66833,1.59832
43563,1.11034,1.3246,0.71336,1.12698
43625,0.25693,-0.69692,-0.04589,0.16663
43652,-0.78762,0.60119,1.30695,-0.57303
43732,3.75565,0.75294,0.02212,-0.11958
43787,0.03207,-0.30194,-0.3387,-0.01127
43812,0.73094,2.10651,-2.80318,3.50041
43867,0.03485,4.43038,-2.60187,-0.39309
43929,0.42664,0.18259,1.35299,2.55821
43992,-0.67525,1.79468,-1.52594,-0.73216
44060,1.51402,0.10781,-0.2522,0.31367
44113,-0.25627,0.26656,0.42063,-0.05162
44140,0.63639,-0.29426,-0.16995,-0.78834
44177,1.05173,0.0467,0.48424,-0.79308
44202,1.06765,1.32947,0.13037,0.97546
44257,-0.67351,0.13456,1.11375,1.13555
44300,-0.33126,0.61658,1.39565,-0.96157
44328,-0.6782,-0.36756,-0.50803,0.57747
44355,-1.05562,-0.54242,3.20331,-0.57215
44391,-0.70467,-0.29225,-0.39875,-0.31606
44435,0.59879,0.80208,-0.3252,-0.49742
44462,-0.98511,2.78987,-0.57693,-0.57716
44505,0.84231,0.60967,0.35162,0.76905
44532,-0.6533,-0.14103,0.02429,-0.082
44560,-0.446,0.20638,-0.98806,-0.51206
44818,-0.97692,-0.96245,-0.70168,-0.43053
44845,-0.7655,-0.84721,-0.48346,-0.12421
44863,1.17305,1.98212,-0.55795,0.39366
44934,-0.61541,0.37409,-0.72123,-0.2758
44989,1.23954,-0.71614,1.16173,1.00371
45003,-0.30741,-0.37663,-0.80048,-0.07532
45101,-0.87081,-0.29661,-0.70329,-0.39114
45245,0.13715,-0.65039,0.19812,-0.50384
45334,0.97698,-0.69768,-0.50778,-0.10631
45361,0.01338,-0.04395,0.82692,0.38421
45389,1.19844,0.96467,0.7352,0.24343
45496,-0.44192,-0.38439,0.06815,0.03506
45539,-0.70411,0.72899,0.3978,-0.07918
45619,1.86821,-0.26136,-1.14902,-0.96098
45673,-0.21266,-0.71975,1.62331,1.9837
45753,0.69453,0.19003,0.38906,-1.28445
45815,0.39792,-0.31219,0.38187,-0.69742
45888,0.66633,0.5367,0.10007,2.33184
45959,0.01483,0.95945,-0.47926,2.04517
46019,1.32636,-0.52513,-1.11452,-1.04785
46108,0.93619,0.25083,0.88784,0.80236
46180,-0.40266,0.06795,-0.17108,-0.15533
46251,0.22037,0.93404,1.79321,1.87625
46313,-0.18796,0.0511,-0.37933,0.57215
46377,-0.21062,0.27342,-0.82448,-0.06722
46439,0.96695,0.94102,-0.79373,0.34691
46484,-0.86881,0.23759,-0.55671,-0.60435
46554,1.34318,-0.35335,-0.3101,1.9968
46769,-0.7769,-0.35695,-0.59078,0.05185
46803,-0.84379,0.28983,-0.57183,-0.45835
46830,0.19312,0.28719,-0.26956,-0.24002
46867,0.02867,0.27039,-0.72574,-0.54575
46910,-0.01936,1.57057,0.72312,0.51223
47006,-0.42406,-0.00368,-0.42194,-0.09854
47079,-0.16323,-0.47602,0.83418,-0.15651
47159,0.61628,-0.01608,-0.72519,-0.16183
47186,0.06287,-0.42983,-0.33384,-0.97716
47300,0.7951,-0.82683,1.17643,0.9361
47337,0.4149,-0.6832,0.03074,-0.61148
47373,-0.79725,-0.82293,-0.62393,-0.43982
47417,2.40937,0.20301,-0.03406,1.16
47453,-0.69055,-0.61396,-0.7168,-0.36954
47578,-0.2986,-0.17706,-0.38892,0.97661
47630,-0.23757,-0.01758,-0.23201,-0.47841
47774,-0.32127,0.60868,0.10577,-0.63114
47854,1.68658,-0.38176,-0.85737,-0.63278
47916,-0.52765,-0.41656,-0.00788,0.03152
48021,0.5335,3.08374,4.19183,-2.36338
48138,0.00373,0.20575,0.20658,0.53714
48227,0.38441,1.44079,0.75015,0.0179
48325,-0.56643,-0.51468,-0.48968,-0.36867
48487,-0.14431,-0.79636,-0.22694,-0.1202
48557,-0.43727,0.32854,-0.45986,-0.50178
48682,-0.73198,-0.01587,-0.39073,-0.43646
48744,-0.54337,-0.22761,-0.67635,-0.30512
48771,-0.82607,-0.4244,-0.09039,-0.12571
48842,-0.17778,-0.30517,0.88143,-0.05597
48922,0.3623,0.12178,-1.9106,4.00922
48968,-0.14117,-0.48302,0.28849,-0.64864
49019,4.12397,-0.44714,0.34013,-0.55096
49046,-0.25058,-0.52821,-0.27517,0.22346
49073,-0.35881,-0.48541,-0.53248,0.03317
49153,-0.18821,-0.26135,-0.77819,1.09288
49206,-0.68261,-0.11596,-0.61267,-0.54853
49233,2.24831,0.16827,2.61357,1.22768
49313,1.39917,0.75007,-0.2392,0.61263
49439,-0.53755,1.44612,1.63903,-0.82124
49484,-0.21917,-0.09181,-0.39219,-0.41309
49545,-0.52383,-0.61936,-0.30188,0.20116
49625,0.85224,-1.56542,-0.99756,3.38876
49643,2.54212,-0.25573,-0.08184,0.55828
49769,-1.01474,0.50597,0.30873,0.49412
49849,2.17482,-0.32571,-0.75508,0.38509
49894,-0.4333,-0.19387,-0.58331,-0.39351
49956,-0.84927,-0.25939,-0.5598,-0.39694
50022,-0.12001,-0.48679,-0.53048,-0.32366
50068,3.68921,1.20038,1.64053,2.46955
50102,-0.83361,-0.45708,-0.58642,-0.41651
50228,-0.25016,-0.39111,-0.67776,0.40403
50326,-0.51527,0.92408,-0.08033,0.04085
50399,0.34514,-0.47453,0.89928,-0.06995
50415,-0.56141,-0.38372,-0.41567,-0.31087
50479,0.75004,-0.35058,1.34351,-0.91051
50549,-0.14864,-0.00183,-0.10663,-0.49145
50564,1.61239,-0.00998,-0.95936,0.16919
50790,-0.93651,-0.94245,-0.69661,-0.38491
50889,-0.54338,-0.81879,-0.33311,-0.19691
50923,-0.73817,0.01123,-0.26344,-0.43734
50969,-0.798,-0.89992,-0.53088,-0.28163
50987,-0.83081,1.35365,0.8864,-0.71269
51010,-0.83882,-0.96013,-0.68987,-0.41075
51056,-0.99743,-1.36209,-0.95966,3.59499
51118,-0.66254,-0.80324,-0.62213,-0.30036
51207,-0.56714,-0.9905,-0.66308,-0.4181
51243,-0.06895,-0.17511,1.50892,1.26238
51305,0.56944,0.13729,0.58814,-0.10841
51332,0.2788,0.37335,-0.1019,-1.04783
51387,-0.40903,0.72163,0.93565,-0.04191
51449,-0.08655,0.09469,-0.24417,-0.61625
51500,0.21532,-0.81996,0.21637,-0.01377
51546,0.06819,0.56416,0.11645,0.23653
51573,-0.82018,-0.33772,0.16569,-0.1205
51626,-1.01784,-0.13395,0.35796,2.67655
51662,-0.08883,-0.13298,0.13597,1.03124
51699,4.81957,-0.47625,0.06132,2.03578
51751,0.63357,0.20981,-0.19398,-1.06894
51804,0.65845,-0.49415,-0.53294,-0.5455
51840,0.22954,-0.07948,-0.35372,0.02174
51877,0.87779,-0.68707,2.0664,-0.2418
51948,0.57741,1.106,2.02531,1.96713
51984,-0.61809,-0.95473,2.64564,4.52018
52035,5.7743,1.03888,0.66794,-1.48606
52062,-1.40554,3.65558,0.10198,0.69581
52115,-0.45718,0.00549,0.00593,0.25836
52160,0.55123,0.93639,0.39804,-0.92779
52570,0.41841,-0.08751,0.16155,-0.21169
52650,-0.20485,-0.64414,-0.20956,0.64009
52696,0.38301,-0.35358,2.85156,-1.79774
52721,1.22419,0.20365,0.28938,-1.03805
52758,0.30913,-0.07487,-0.24245,-0.2358
52785,2.01329,-0.6263,-0.52165,-1.48685
52856,-0.89979,4.69436,-1.30727,-0.68513
52909,0.13094,1.67756,0.28266,0.32477
52936,1.39559,0.45854,-0.54406,-0.54716
52954,0.92649,0.93113,0.71596,-0.9336
52990,0.19098,-0.66582,-0.62445,0.71194
53023,1.13392,-0.36484,1.19858,-0.0062
53069,1.20923,0.66684,2.00626,-1.15623
53103,-0.01132,-0.72372,0.73877,-0.39185
53130,0.63441,0.88331,-1.26669,0.62145
53167,0.67975,0.00424,0.33128,0.48477
53210,-0.65744,-0.17952,-0.07841,-0.25302
53247,0.01346,-0.11699,-0.30736,-0.22773
53274,-0.87388,-0.44932,0.11162,0.3402
53345,0.46373,0.40476,-0.87931,2.86949
53372,2.73668,-1.01899,-0.33068,-2.09021
53425,-0.07535,-0.22185,-0.62731,-0.43538
53489,-0.1005,-0.52243,-0.72429,0.73407
53513,-0.18799,-0.29837,-0.73585,-0.15763
53577,0.54476,-0.29799,0.06577,1.98262
53639,-0.59226,0.39616,-0.54605,2.32259
53675,-0.50047,0.39518,0.36651,-0.52452
53700,-0.10751,1.40619,-1.04265,-0.3533
53728,2.04521,-0.74015,0.57258,-0.31105
53755,0.05914,-0.43734,2.71493,-1.60568
53791,-0.32825,0.23982,-0.08737,-0.49327
53853,-0.61054,0.79903,-0.37202,-0.63774
54056,-0.86731,0.89624,-0.99093,-0.50994
54109,0.73694,0.81381,1.52756,1.07791
54163,2.85905,0.12291,0.23479,1.31489
54270,0.22199,-0.88878,0.50794,-0.15082
54305,2.51335,0.60466,-0.26054,1.25302
54350,-0.26152,0.16307,0.44502,0.84976
54387,1.86876,-0.76265,-0.05367,-0.96964
54412,-0.37962,-0.35249,-0.39667,-0.2271
54485,1.95164,-1.35586,-0.62075,-0.0609
54500,0.69596,1.4975,1.49819,3.47113
54573,5.64459,1.23736,-1.31856,-3.55709
54617,0.24165,0.27517,1.49011,1.04219
54699,-0.60292,0.22145,-0.003,-0.06645
54975,-0.84416,-1.04203,-0.72897,-0.46066
55008,-0.88109,-0.98642,-0.68826,-0.37966
55062,-0.29672,-0.85193,-0.09434,-0.04589
55106,-1.0774,-0.44648,0.86123,1.86492
55160,-0.72496,-0.3237,-0.26499,-0.57648
55259,-0.86475,-0.91619,-0.69924,-0.39306
55277,0.22234,-0.71401,-0.59069,-0.42294
55311,-0.62396,-0.39778,-0.49863,-0.30053
55357,-1.06072,0.40165,-0.92758,-0.79293
55384,-0.72309,-0.7886,-0.03296,0.0549
55446,-0.75576,-0.9497,-0.67421,-0.33009
55473,-0.58485,-0.6712,-0.40855,-0.23708
55598,0.69113,-0.54004,1.09504,-1.3655
55623,0.43981,-0.08765,2.69403,-2.03467
55687,-0.82502,-0.80301,-0.5637,-0.4056
55776,-0.639,0.40501,-0.04651,-0.02519
55838,-0.93786,-0.85928,-0.70871,-0.39465
55918,0.6793,-0.55552,-0.78179,-0.22733
56014,-0.50265,-0.16154,-0.41127,-0.4185
56096,-0.74081,0.11239,0.01254,0.23053
56210,-0.34728,-0.63816,-0.11302,-0.16392
56265,-0.32416,-0.46843,0.5323,-0.33335
56327,-0.04712,-0.46624,0.95195,0.40707
56354,-0.49193,-0.39452,-0.28412,-0.17663
56425,-0.22178,-0.76177,-0.05684,0.23676
56461,-0.52526,-0.64758,-0.36683,0.20396
56522,-0.30629,0.04561,-0.72292,-0.1072
56568,-0.86437,-1.27422,2.20541,-0.32706
56666,-0.77459,-0.50886,-0.43426,-0.43426
56773,-0.34168,-0.46585,-0.03998,-0.4603
56844,-0.17522,-0.85458,-0.11099,-0.53379
56988,-0.55826,-0.67199,-0.59186,-0.58183
57083,-0.193,-0.15362,0.03328,-0.38363
57163,-0.38396,-0.28522,0.12129,-0.39909
57225,-0.62412,-0.63528,-0.63072,-0.44896
57314,1.15942,-0.22221,-0.01228,0.32601
57350,-0.81603,-0.90597,0.24659,-0.20698
57449,-0.81617,0.12447,-0.2068,-0.28645
57546,-1.07642,0.36403,0.61967,-0.42646
57582,-0.95049,-0.81334,-0.60768,-0.43515
57644,-0.23072,-0.43875,-0.13591,-0.46429
57706,-1.01106,-0.6665,-0.75371,-0.5048
57742,-0.68643,-0.24235,0.9934,-0.78743
57831,-0.99608,0.73314,0.00063,0.28896
57902,-0.80151,-0.8249,-0.56882,-0.23238
57948,-0.4932,-0.84839,-0.59723,-0.28403
58008,-0.65953,-0.79313,-0.40148,-0.48305
58142,1.14437,-0.61197,-0.27251,-0.4306
58204,-0.36451,-0.57379,-0.31821,0.02623
58259,2.33687,-1.02634,-0.35385,-0.32568
58311,-0.67516,-0.54767,-0.54617,-0.58946
58357,-0.98197,0.33693,0.17131,-0.29406
58393,-0.55795,-0.67893,0.9054,-0.66146
58464,-0.31217,-0.31561,-0.21269,-0.38782
58534,-0.6382,-0.70202,-0.11996,0.23695
58552,-0.79133,-0.5106,-0.28378,-0.36974
58623,-0.67427,-0.2995,-0.56421,-0.26371
58721,0.26981,-0.71036,-0.42869,-0.58063
58794,1.09153,0.69199,-0.53205,0.34285
58856,-1.10279,0.3543,-0.32852,0.10335
58918,-0.68916,0.00587,-0.41404,-0.39948
58990,0.68838,0.50444,-0.73991,0.38435
59041,-0.57002,-0.45399,-0.46229,0.26276
59130,-0.48444,0.27828,-0.0714,1.60128
59238,-0.72673,-0.23516,-0.05992,0.028
59283,-0.85244,0.8012,0.4422,-1.04018
59327,0.23991,-0.34794,-0.49167,-0.94473
59416,-0.67807,-0.53244,-0.11851,-0.12252
59434,-0.4108,-0.59065,-0.54695,-0.57305
59498,-1.41197,-0.44352,1.76723,1.64644
59586,0.20838,-0.37161,-0.34322,-0.07078
59657,-0.10094,0.90217,0.94308,-0.69269
59693,-0.97248,-0.25851,-0.11435,-0.4263
59764,-0.31553,-0.22629,0.23851,-0.48296
59826,1.17604,-1.02654,0.05219,0.33095
59880,-0.54677,-0.20927,0.67269,-0.25652
59942,-0.54988,0.44215,0.13119,-0.17477
60026,-0.44779,0.30064,0.01115,0.68268
60062,-0.8051,-0.84637,-0.07753,-0.47564
60099,-0.67717,-0.7371,2.77261,-0.71431
60169,-0.52393,-0.13182,-0.51366,-0.41179
60419,-0.98767,-0.80846,-0.79402,-0.45498
60455,-0.65175,-0.97042,-0.40263,-0.26815
60482,-0.27979,-0.1605,-0.0949,-0.2846
60507,-0.75396,-0.85281,-0.6294,-0.36789
60534,-0.85888,-0.67005,-0.56904,-0.03173
60570,-0.64216,-0.82614,-0.59276,-0.29748
60598,0.23558,-0.79428,-0.67411,-0.5909
60632,-0.89155,-1.17123,-0.19796,1.61533
60687,-0.90756,-0.94107,-0.61718,-0.43474
60721,-0.66151,-0.78429,-0.27826,-0.32325
60776,-0.68211,-0.68883,-0.5815,-0.22865
60801,-0.79353,-0.78036,-0.19819,-0.05977
60847,-0.79331,-0.86091,-0.72672,-0.45709
60883,-0.19102,-0.64636,-0.34183,-0.03995
60945,-0.37378,-0.18832,-0.26312,0.40717
61069,-0.47406,-0.43539,-0.49059,-0.12483
61121,-0.51014,-0.16325,-0.60894,0.16457
61167,0.66074,-0.46997,0.86824,2.51615
61210,0.1512,0.1846,-0.39274,-0.1072
61256,0.35963,-0.15013,0.36706,0.12103
61283,0.25242,-0.44272,-0.16108,0.21691
61318,-0.09684,-0.79431,-0.57047,0.12818
61372,-0.73549,-0.76299,-0.58752,-0.35422
61452,2.29532,0.11349,0.33985,-1.34323
61513,-0.81532,-0.35886,-0.48083,-0.2719
61559,-0.61567,-0.17431,-0.44365,-0.23869
61620,-0.78941,-0.88217,-0.53439,-0.36167
61675,0.06246,-0.37049,-0.30344,-0.58725
61737,0.91237,-0.80587,1.51205,-0.05471
61808,-1.48964,2.64312,1.20869,1.71634
61826,0.7296,-0.09385,-0.19091,0.72615
61871,0.20899,0.34632,-0.48608,1.34151
61951,-0.09227,0.11594,0.86879,0.43981
62020,-0.51016,1.31042,-0.53986,-0.20889
62057,-0.07474,-0.0796,0.61748,-0.3442
62137,1.47126,-0.50969,0.0744,-1.20206
62191,-1.03089,1.98323,-1.48661,-0.63064
62253,-0.15516,-0.33856,-0.44869,-0.45867
62280,-0.50637,0.13686,-0.71486,0.95454
62360,-0.43032,-0.72302,-0.56993,-0.38724
62397,0.36884,-0.98962,-0.63186,0.01795
62440,-0.58573,-1.00044,0.08372,-0.18766
62486,0.54375,-0.86421,-0.23296,-0.1513
62538,3.24997,0.7612,0.6549,0.35256
62609,-0.2589,-0.10549,0.1384,-0.80196
62672,-0.86562,1.08619,1.17433,2.07766
62707,-0.20902,-0.56292,-0.321,0.85945
62761,-0.01375,-0.65395,-0.94673,0.21881
62798,0.32699,0.28222,-0.59884,-0.40237
62823,0.77389,-0.57313,0.56925,-0.0151
62878,-0.67444,-0.19358,-0.09014,0.39647
62903,-1.24774,3.13338,-0.27487,-1.29698
62949,1.81663,-0.2694,0.02804,0.66134
62985,-0.62117,0.79523,0.22202,-0.15342
63045,1.38592,0.99841,1.10876,0.01936
63072,-0.17126,-0.73352,-0.75519,-0.04507
63125,-0.84444,-0.89934,-0.25938,-0.53896
63152,-0.96053,-0.72751,-0.2009,-0.3487
63170,2.7756,-0.22863,-0.66601,-0.19139
63189,0.42438,-0.97122,0.0941,0.93893
63198,-0.22546,-0.48434,0.45604,-0.66279
63278,1.7293,-1.39237,2.1715,0.21839
63286,2.04651,-1.35492,-0.79384,-0.95878
63294,0.1041,0.374,-1.15254,1.1881
63300,-0.37762,-0.84875,0.37895,0.11838
63318,0.25835,0.47652,-0.46737,-0.46713
63326,-0.23146,2.06633,-1.50614,-0.62315
63334,0.30634,1.513,0.78318,-1.74084
63394,-0.97439,-0.68043,-0.77549,-0.43889
63447,-0.16624,-0.87913,-0.66941,-0.17359
63526,-0.51371,-0.79937,-0.66705,-0.54481
63553,2.0717,-0.39925,-1.31309,1.14559
63580,-0.79577,-0.65802,-0.75005,-0.31959
63633,-0.15735,-0.43051,-0.30771,-0.04891
63688,-0.23175,-0.29673,-0.45658,0.19742
63740,0.05034,-0.49641,-0.44564,0.47652
63777,-0.19519,-0.02455,-0.16106,0.02096
63802,-0.44046,-0.58026,-0.26986,0.06758
63866,-0.98033,0.69574,-0.38872,0.3119
63893,0.18223,-1.08059,0.23081,0.21618
63937,-1.57609,0.46879,2.91252,1.99407
64005,-0.08565,1.06547,1.22345,1.45727
64041,-0.28198,-0.09437,-0.42326,-0.14664
64096,2.0319,0.80492,-1.12017,1.41883
64130,-0.00808,-0.31433,-0.3876,-0.30505
64194,-0.44262,-0.39409,-0.46636,-0.1828
64238,-0.73339,1.43381,0.60399,-0.30836
64265,-1.13182,3.41877,-0.77818,-0.62319
64318,-0.41437,-0.1297,-0.36596,-0.10441
64345,-0.37205,-0.72625,-0.59091,-0.13626
64390,0.64552,1.81413,-1.62347,2.30967
64425,-0.84365,-0.51526,0.60169,-0.45389
64461,0.33352,1.4316,1.64274,1.53115
64504,3.10942,0.51749,4.19306,-3.86959
64568,0.05428,-1.19102,2.28946,0.8177
64602,-0.33348,-0.57036,-0.2117,-0.09666
64639,-0.47,-0.9678,-0.40602,0.02794
64719,0.08882,0.05743,0.22971,0.25043
64773,0.36866,0.55317,-0.23103,-1.41897
64826,0.0084,-0.55128,-0.09297,0.63051
64871,-0.31759,-0.46339,-0.53841,-0.27482
64906,-0.17626,-0.94811,-0.52106,-0.27515
64942,0.82611,0.75187,0.24782,0.45124
64997,2.24774,-1.22464,0.24073,1.38661
65011,-0.04816,-0.65598,-0.10838,0.37773
65048,-0.12576,-0.62278,-0.39634,-0.26451
65099,-0.31414,3.51611,-0.1539,-0.20652
65105,2.06535,-0.86541,-0.64108,-1.05595
65113,-0.28613,-0.49555,-0.40293,-0.32877
65121,0.17158,-0.59159,-0.49394,0.58168
65139,-0.16047,-0.1673,-0.29467,0.14156
65147,-0.86558,-0.50054,1.77973,3.12653
65154,-1.17046,3.2657,4.11296,-1.71356
65342,-0.91433,-0.87278,-0.72027,-0.46578
65379,-0.8154,-0.6255,-0.19142,-0.34404
65413,-0.01737,0.09067,-0.20136,0.50027
65431,-0.55438,-0.95957,-0.34967,-0.29618
65477,-2.07126,1.27788,4.70334,-2.75138
65501,0.05916,0.98328,-1.15264,-0.75917
65609,-0.75902,-0.28891,-0.53778,-0.37153
65645,-0.37825,-0.36511,-0.39072,0.23972
65681,1.52824,-0.15429,-0.02714,-0.09276
65707,-0.41341,0.4276,-0.37517,-0.04721
65752,0.92437,-1.23952,0.15648,0.20407
65841,-0.56515,-0.51739,-0.58819,0.26364
65869,-0.04614,-0.76219,-0.19218,-0.04288
65921,0.94614,-1.09213,-0.10218,0.08964
66009,-0.14292,-1.11277,1.39899,-0.03623
66081,-0.5955,-0.67096,-0.40528,0.08833
66152,-0.33415,-0.45147,-0.53922,-0.50575
66198,-0.72543,-0.57089,-0.3063,-0.20857
66223,0.10676,1.16855,-0.76887,2.45097
66330,0.16458,-0.09082,1.04082,-0.93607
66401,0.843,-0.97887,-1.76384,4.66158
66438,-0.20222,-0.61191,-0.40415,-0.53138
66474,-0.45636,-0.04299,-0.59821,-0.61789
66526,0.10177,0.24593,-0.69135,0.743
66580,-0.42732,-0.7724,-0.77148,2.19997
66697,2.39522,-1.61215,0.12959,0.62051
66731,1.59918,-1.65549,0.95952,0.65529
66768,1.69076,0.34076,-1.54359,0.41995
66857,-0.24903,-0.56001,-0.36882,-0.4872
66955,-0.46782,1.54199,0.19343,-0.76344
67014,-0.62925,-0.44298,-0.48665,-0.35088
67121,-0.32156,-1.1525,0.56373,2.27175
67167,2.32847,-0.30644,0.15061,0.34186
67256,0.08563,-0.7195,-0.4882,-0.82974
67292,0.82012,-0.02528,-0.20761,-1.36023
67327,-0.00653,-0.10321,-0.65397,0.5857
67407,1.52142,-0.62442,-1.07253,-0.16908
67470,-0.4311,-0.08849,-0.08677,0.08131
67522,0.48408,-0.19694,-0.39171,-0.30583
67595,-0.91414,-0.44543,0.25384,0.79743
67648,-0.44806,-0.84958,-0.36597,0.02966
67675,0.15876,0.08256,0.33164,-0.00052
67737,0.21446,-0.43688,-0.2902,1.52334
67773,0.31368,-0.51323,0.10454,-0.18994
67835,-0.6639,0.86668,-0.35265,-0.54773
67906,-0.67108,-0.66979,-0.32277,0.21013
67942,-0.68116,-0.10867,0.60758,0.3626
68002,-0.26544,-0.20276,-0.22184,-0.32501
68048,-0.59492,-0.28934,0.9652,-0.45155
68128,-0.33419,0.41185,-0.15069,-0.68563
68182,-0.74579,-0.36161,-0.2066,-0.32743
68253,-0.30703,0.99092,1.7159,-0.24165
68280,-0.17269,-0.66564,0.90851,-0.56775
68324,-0.42729,0.1693,-0.30787,-0.13524
68342,0.41567,-0.41137,-0.45582,0.19434
68404,-0.49162,-0.59522,-0.45026,-0.08905
68431,-0.76045,-0.56732,1.22132,0.79322
68468,1.21815,-0.96166,-0.03411,-0.39941
68529,-0.36065,1.9639,0.23864,-1.38095
68565,0.68032,1.46136,2.12437,2.9793
68627,-0.63322,-0.32175,1.47537,-1.81778
68716,-0.96074,-0.14846,0.29837,0.55516
68789,-0.60969,0.52763,-0.71516,0.37773
68887,-0.65873,0.28776,-0.92813,0.51458
68921,-0.21756,0.38849,-0.62109,-0.17697
68976,-1.86201,0.10777,4.04704,1.2249
69063,-0.14902,-0.3276,-0.11258,-0.49966
69170,0.16212,-0.48961,-0.23662,-0.56253
69250,-0.01549,0.02612,-0.63423,-0.79489
69303,-0.26407,-0.52063,-0.30262,0.69753
69330,-0.48702,0.38631,-0.46648,-0.0111
69394,-0.77983,-0.05022,2.96751,-0.6249
69447,-0.03081,0.51838,-0.00506,-0.71635
69526,-0.99978,-0.15301,-0.20839,-0.34975
69615,-0.70532,0.27521,0.09661,0.06037
69900,-0.93679,-0.98968,-0.7186,-0.46401
69964,-0.74849,-0.1063,-0.63894,-0.59756
70094,-0.90163,-0.81752,-0.45788,-0.28723
70110,-0.95173,0.15702,0.40157,-0.62267
70174,-0.84635,-0.69806,-0.4637,-0.10271
70316,-0.87886,-0.69416,-0.41243,-0.34165
70352,-0.57674,0.22698,0.29168,0.34564
70414,-0.73164,-0.62925,-0.63119,-0.3421
70502,0.23969,-0.2296,-0.86186,0.15574
70520,-0.0117,-0.80089,-0.14122,0.92385
70566,-0.21817,-0.40383,0.05395,-0.65579
70637,-0.24219,-0.50304,-0.47132,-0.35103
70673,0.24734,0.32264,0.16644,-0.29806
70726,-0.02861,0.72527,0.48057,-0.99779
70744,-0.69301,-0.14821,-0.45065,-0.31788
70879,-0.70884,-0.17645,-0.49935,0.19869
70897,-0.28478,2.90741,1.56209,0.05762
70940,-0.94335,0.12481,0.26202,-0.54678
70986,3.80609,-0.87126,-0.0086,-1.40518
71055,-0.20912,-1.30388,-0.15543,1.24094
71126,0.38641,-1.28112,1.76731,0.38109
71199,-0.45101,1.5423,-1.33197,0.17173
71260,-0.37948,-0.78583,-0.51413,-0.45428
71340,-0.06649,0.65717,-0.91047,-0.65799
71457,-0.11687,-0.26559,-0.47189,-0.08088
71518,-0.01404,-0.66922,0.61313,-0.15905
71536,0.66241,0.85484,3.95627,-3.65296
71572,-0.93771,0.47077,-0.4121,-0.5536
71607,-0.01272,0.52222,-0.03275,0.97709
71634,-0.44701,-0.51405,-0.6329,0.42742
71698,-1.17448,0.22871,-0.34686,1.01286
71723,-0.20575,2.2939,0.80773,-0.96332
71787,0.8538,-0.09355,-0.24158,-1.29308
71812,1.8638,-0.46733,-0.00205,-0.10762
71858,-0.52637,-0.43566,0.07395,-0.26745
71885,3.04546,-0.64674,-1.06262,-1.22343
71910,-0.52984,0.33677,-0.22018,1.54636
71956,-0.88999,0.86605,-0.84448,-0.07903
72007,-0.09009,0.19769,-0.98561,-0.56136
72034,0.00704,-0.59562,0.01264,-1.13756
72052,-0.70417,-0.27656,0.54762,0.25863
72098,0.51824,0.55626,0.26162,-0.18007
72150,0.27511,-1.64962,2.67396,2.18595
72221,1.44317,2.84829,-2.04865,-0.83111
72276,-0.13611,-0.28418,1.67574,0.15864
72383,-0.69,0.34112,-0.16303,0.2124
72409,-0.6283,1.85966,-0.39363,-1.03051
72463,-0.0652,-0.8908,-0.37825,0.37114
72506,2.03041,1.20497,0.67157,0.19871
72533,-0.40228,2.38935,-1.17138,3.11651
72579,0.01301,1.27565,0.66101,-0.46178
72604,-0.52315,2.54628,2.82836,4.29303
72640,-0.47952,-0.91842,0.89706,-0.4058
72677,-0.42867,-0.4756,-0.58531,0.24867
72819,-0.26191,1.42591,1.19663,-0.83862
72882,0.37433,2.24009,-1.04561,1.49953
72926,-0.35517,0.04819,0.21681,-0.95763
72953,2.57731,-0.21905,0.69096,0.84987
72980,0.92336,0.65875,1.04924,-0.32456
73013,0.24742,-0.05461,0.01994,-0.2008
73031,-0.66803,-0.34364,-0.59551,0.00927
73068,-0.73259,-0.5273,-0.71184,-0.52922
73102,-0.50615,-0.68926,0.21361,0.28623
73246,-0.71584,-0.35353,-0.66578,-0.21043
73317,-0.63258,-0.59576,-0.44549,-0.28889
73335,-0.14895,1.83501,-1.64284,0.00921
73371,-0.7244,0.09573,-0.06501,-0.31003
73460,-0.17572,-0.65674,0.28006,0.64587
73503,0.72295,-0.16212,0.82582,-1.65722
73567,-0.58916,-0.32617,-0.16436,-0.30828
73594,-0.63806,1.85695,-0.07004,-0.2455
73629,0.3641,-0.31714,-0.17143,0.4292
73665,-0.60602,0.10265,1.15612,-0.12447
73709,-0.24879,-0.35206,-0.38123,-0.46209
73736,-0.82647,-0.45503,-0.12739,-0.33834
73772,-0.06995,-0.38637,-0.49592,-0.32567
73852,0.05912,0.1703,0.34185,-0.73087
73905,-0.47002,1.02195,-0.61412,-0.1425
73923,0.33174,-0.47439,-0.59076,-0.17395
73996,-1.14435,2.58584,0.89546,-1.17495
74028,1.80541,0.10686,-0.31536,-0.96378
74073,-0.54909,-0.58006,1.44234,1.29966
74135,1.40812,-0.19232,-0.36626,1.19813
74171,5.06574,-0.2517,-0.76501,-0.11075
74224,1.2337,1.97086,1.58175,1.87953
74242,-1.11462,1.76946,-0.04301,-0.24051
74322,-0.94989,0.83988,-0.49789,-0.53774
74359,0.09916,0.76226,-0.17721,-0.29211
74411,2.42194,-0.6131,-1.38797,0.83951
74509,-0.63907,-0.27723,-0.13605,-0.64868
74536,0.37064,0.53829,-0.58076,0.76543
74554,-0.44889,-0.60964,0.05799,-0.34688
74581,-0.68369,-0.57115,0.74554,-0.18185
74616,1.05837,0.05413,-0.09827,-0.84278
74732,0.43152,-0.01362,1.81634,0.53586
74750,-0.63371,2.26367,-1.46237,-0.75719
74842,0.25843,1.57276,-0.18988,0.93354
74859,-0.69859,-0.83032,-0.33161,-0.51588
74867,-0.50349,3.0698,-0.51875,2.32829
74875,-0.80759,0.7188,0.1509,0.63245
74883,-0.34469,-0.55582,1.59069,1.06991
74891,0.01642,-0.41674,1.08833,1.41531
74907,-1.00108,-0.36199,0.39032,0.44509
74915,-1.04555,-1.01767,1.80058,2.41669
74923,0.38002,0.83275,-0.30334,-0.47574
74931,0.12788,3.96564,0.40027,-0.61983
74949,-1.09363,1.99098,0.24151,-1.66196
75098,-0.95441,-0.87149,-0.70998,-0.44943
75114,-0.40844,-0.74549,-0.71216,-0.51308
75150,-0.69928,-0.82604,-0.67908,-0.47606
75203,-0.90579,-0.84871,-0.62754,-0.3388
75221,-0.61931,-0.52832,-0.51723,-0.14918
75258,-0.53922,-0.56932,-0.43342,-0.30785
75338,-0.06449,-0.21989,-0.15986,-0.31799
75356,-1.00794,1.76364,1.95278,-1.75504
75472,-0.06722,-0.45158,-0.69607,-0.39151
75515,-0.62062,-0.57861,-0.58355,-0.29962
75542,1.60738,1.56523,0.76351,-0.75367
75613,2.27291,-0.09142,-0.39723,-1.32529
75668,0.58814,-0.65218,0.45686,-0.17179
75686,-0.46791,3.74505,0.46921,-1.71467
75711,-0.23939,-0.56847,-0.28088,-0.7159
75766,-0.23832,-0.12033,0.27072,-0.59368
75819,0.35603,1.44816,1.3358,-0.33545
75864,-0.12798,1.1404,0.08796,-0.23345
75917,2.00338,-0.34465,0.90362,0.51791
75953,-0.43034,-0.61463,-0.52636,-0.37304
76004,-0.2321,-0.74469,2.33872,-0.45742
76040,-0.50971,-0.45487,-0.47392,-0.42429
76111,1.18121,-0.44024,-0.93869,-0.26979
76139,0.11736,1.03072,-0.93929,0.92516
76157,-0.96458,0.09482,-0.52721,-0.23517
76175,-0.38845,1.65021,0.74637,-1.19777
76255,-0.62468,-0.05411,-0.18839,0.07272
76282,0.77838,-0.41473,-0.34512,0.64299
76317,-0.23174,-0.18597,-0.49054,-0.3282
76353,-0.58286,-0.48411,0.00369,-0.23157
76406,0.83171,0.5721,-0.44458,0.37307
76497,-0.40108,-0.18718,0.0795,-0.12866
76558,-0.38806,-0.44556,0.03973,0.29953
76585,-0.50727,-0.70802,-0.51902,-0.16271
76601,-0.86558,-0.44904,0.15668,-0.36688
76638,2.02158,2.5931,0.86821,1.97075
76674,-0.80855,-0.26585,-0.97527,-0.04609
76692,-0.72405,-0.4361,-0.35112,-0.26482
76718,-0.19525,0.87843,-0.408,-0.2303
76745,1.62216,-0.13837,0.73347,3.74528
76763,0.20523,-0.09412,-0.57067,1.64685
76807,-0.27289,-0.09902,-0.90481,0.2261
76932,-0.47979,0.84835,-0.0837,-0.1291
76969,-0.34642,-0.7117,-0.24678,0.2004
76996,-0.36522,-0.4726,-0.62641,-0.42097
77028,-0.08668,0.44357,1.07543,0.50667
77082,0.48071,1.88483,1.47154,-0.59913
77126,-0.82657,1.64073,0.1229,0.11885
77153,-0.28386,0.13051,-1.08192,-0.25408
77180,-0.41269,-0.04173,0.46701,-1.21617
77224,0.81155,-0.00541,-0.72608,0.70814
77260,-0.81834,1.73279,0.71895,0.46285
77288,0.18546,-0.05566,0.43893,-0.27443
77313,1.61058,1.2502,-0.57746,-0.46141
77331,-0.789,0.5086,-0.98803,-0.28561
77377,1.02062,-0.39086,-0.73075,0.41694
77402,-0.49559,-0.7464,0.36194,-1.15189
77475,3.2051,-0.34854,0.01895,-1.64221
77509,0.32575,0.70954,-0.09465,-0.16571
77536,-0.16287,0.03649,-0.46684,0.17331
77579,-0.77047,0.67435,0.58328,0.22793
77595,0.8028,2.10144,-0.57286,-1.2857
77601,0.98614,1.07662,-0.97136,0.33205
77812,-0.0213,-1.67842,0.61633,0.16727
77910,-0.57583,-0.47642,-0.5896,-0.44391
78016,-0.31424,-0.6423,-0.66058,-0.52499
78089,0.56836,-0.68446,-0.2668,-1.00519
78141,-0.56009,-0.91235,-0.64874,-0.39131
78258,1.10249,-1.06452,-0.1254,0.00109
78329,-0.92428,-0.57902,-0.46979,-0.34228
78454,-0.45122,-0.06145,-0.44981,-0.17278
78472,-0.19466,0.42776,0.91704,0.62455
78542,0.08927,-0.65232,-0.30544,-0.66079
78604,0.02654,0.17107,0.09133,0.42583
78668,-0.65087,-0.60619,-0.25608,0.54298
78711,0.56658,-0.94781,-0.57215,-0.50761
78748,-0.53896,0.13163,-0.69835,0.21086
78828,3.30444,-0.99282,0.91952,-0.66041
78873,-0.83429,0.80919,-0.11046,-0.59822
78926,0.16223,0.69762,-0.72859,0.84668
79004,-0.4186,-0.01829,-0.45367,-0.8314
79077,-0.02504,0.0831,-0.36746,-0.59768
79157,-0.1577,0.83515,-0.21602,-0.17027
79237,-0.5606,0.5467,-0.33559,-0.47956
79308,0.95006,0.16234,-1.14319,0.40149
79362,-0.39391,0.86404,-0.58131,-0.3699
79406,-0.14483,0.1403,-0.43055,-0.75218
79497,0.38008,0.38603,0.19817,-0.2463
79585,0.24922,1.49301,-0.31209,0.05653
79656,-0.77269,-0.31128,0.04443,-0.23275
79736,-0.59971,-0.5726,0.52982,-0.63687
79834,-0.67224,-0.66963,-0.29209,-0.04998
79932,-0.42541,0.07427,0.37056,0.4263
80043,-0.91842,-0.23431,2.09607,0.08479
80123,-0.93993,0.13944,-0.11012,-0.63759
80249,-1.19627,0.93771,1.60793,-2.22427
80285,-0.65747,2.55053,-0.85499,-0.85706
80365,1.61646,0.4771,0.49516,0.33024
80427,-0.38641,0.51722,2.61693,0.55482
80506,-0.03539,-0.41412,0.51885,-0.34641
80560,-0.28886,-0.1154,0.33433,2.06833
80613,-0.45183,0.39667,-0.26207,-0.2815
80677,-0.71292,-0.2485,-0.71593,-0.03968
80711,1.15984,-0.35125,0.31952,1.66891
80766,0.29879,-0.59633,0.20039,-0.75556
80846,-0.28967,0.13384,-0.51561,0.22624
80908,-0.43743,-0.65037,-0.22173,0.70347
80980,0.56786,-0.61671,0.63764,-0.03653
81095,-0.29404,-0.56514,-0.58723,-0.14362
81184,-0.15191,-0.92573,-0.58676,0.60509
81264,-0.56299,0.14354,-0.58096,-0.08669
81380,-0.07411,-0.34243,-0.00847,0.16879
81415,-0.23253,-0.2618,0.11811,-0.8364
81497,-0.69225,-0.5304,3.02759,0.58519
81576,-1.36552,0.32141,1.20063,-2.139
81656,0.89989,-0.15403,-0.31667,0.59687
81754,-0.87388,2.42788,0.27952,-0.00069
81816,-0.58607,-0.08639,0.39062,0.05257
81861,-0.70639,-0.62202,-0.36282,-0.45414
81987,-0.26108,-0.40601,-0.10055,0.21069
82047,-1.30844,1.78761,3.6469,-1.23066
82136,-0.45995,-0.27491,-0.31762,0.22381
82243,0.14833,0.10217,-0.25975,0.27113
82314,0.41294,-0.77577,-0.16727,0.21939
82396,0.22171,-0.40948,-0.05596,0.22474
82430,-0.70734,-0.33912,-0.59455,-0.48189
82555,-0.66174,1.28234,0.24238,-0.3205
82617,-0.16535,0.60632,-0.29682,-0.96825
82680,1.10935,-0.70034,1.21195,0.31369
82733,-0.39417,-0.6461,0.15883,-0.04644
82779,0.31861,-0.48845,-0.22144,0.40084
82831,-0.48134,0.67705,0.2602,-0.65884
82895,-0.21116,-0.15478,0.34841,-0.01845
83133,-0.98199,-0.88381,-0.61491,-0.33724
83151,-0.73006,-0.85617,-0.57037,-0.03787
83197,-0.73924,-0.75336,-0.5381,-0.47772
83320,-0.90133,-0.91979,-0.64027,-0.43674
83375,-1.06119,-0.58463,0.52852,-0.76296
83428,0.28807,0.12221,-0.66754,0.12785
83464,-0.51879,-0.46594,-0.67553,-0.16008
83491,3.42276,0.91485,1.23623,0.52639
83525,-0.83892,-0.87948,-0.65262,-0.36136
83561,-0.84851,-0.91679,-0.70159,-0.45925
83632,-0.85505,-0.61102,-0.30915,-0.22767
83749,-0.75572,-0.78178,-0.65521,-0.21603
83785,0.44125,-0.42761,-0.509,-0.53106
83847,-0.59702,-0.56298,-0.04758,-0.15138
83936,-0.27764,0.00271,0.12155,-0.15436
83963,-0.81421,0.36128,-0.53277,0.32842
83981,-0.27454,-0.3433,-0.49026,-0.29457
84086,-0.06147,-0.61337,0.82106,-0.18183
84102,-0.30683,-0.6342,0.27076,0.17681
84148,0.47767,-0.38429,-0.50614,0.30329
84175,-0.32112,-0.70022,-0.35879,-0.44378
84237,-0.3464,-0.68323,-0.55934,-0.35441
84264,-0.57364,-0.58701,-0.48841,-0.42758
84344,-0.66941,-0.71157,-0.36987,-0.5637
84380,1.46353,-1.0322,1.43997,0.67791
84415,-0.37081,-0.65358,-0.26019,-0.26955
84460,-0.2262,1.14772,-1.22831,-0.67631
84558,-0.54265,-0.65911,-0.5933,-0.62202
84594,-0.71844,-0.50937,-0.59218,-0.47721
84629,-0.39862,-0.83211,-0.40584,-0.24167
84656,-0.16158,0.29968,0.30693,-0.73001
84754,1.04006,-0.2666,-0.28324,-0.45237
84825,-0.57075,-0.79018,-0.51554,-0.1962
84923,-0.42163,0.68747,-0.62383,-0.7502
85056,-0.14402,-0.39566,0.49946,-0.18723
85074,-0.6366,-0.44288,0.19956,-0.07682
85127,-0.35699,-0.8295,-0.01255,-0.66402
85243,-0.04827,0.05797,-0.09159,-0.37156
85289,-0.28618,0.26783,-0.14421,-0.98619
85341,-0.52372,-0.60252,-0.50871,-0.25049
85412,0.37689,-0.494,-0.90253,-0.6967
85467,4.14373,0.67869,4.14165,-2.72727
85528,-0.14892,-0.38164,-0.00686,0.32371
85582,0.07102,-0.49134,-0.22464,0.34082
85626,-0.57134,-0.41405,-0.26999,-0.45268
85680,1.45225,0.51272,-0.04821,0.25793
85760,-0.58766,-0.64959,-0.3208,-0.17688
85788,0.09825,-0.56899,-0.61128,-0.32215
85840,-0.02407,-0.85308,-0.15569,0.04155
85877,-0.24652,-0.01959,0.95953,0.02272
85920,-0.71797,-0.2741,-0.38092,-0.18932
85984,0.03545,-0.02325,-0.60671,-0.1909
86133,-0.33915,-0.28886,-0.07377,-0.25322
86188,0.73828,0.902,-0.32696,-0.57806
86222,-0.82492,0.82733,-1.10849,2.85654
86311,-0.25772,-0.00675,1.08203,0.43067
86339,-0.71427,-0.07833,-0.28098,-0.10932
86366,-0.56555,-0.80968,-0.56342,-0.24067
86438,-0.36184,-0.01427,-0.38867,0.69129
86446,-0.40164,-0.28315,-0.06307,0.2402
86453,-0.0968,-0.75794,0.49283,-0.3307
86461,-0.50693,-0.6744,-0.67274,-0.08167
86479,-0.87757,0.17136,0.5092,-0.43913
86487,0.22606,0.01895,0.42349,0.07495
86495,-0.25411,-0.15712,-0.46016,-0.44043
86501,0.04905,-0.0663,2.40829,-1.32929
86519,-0.46005,-0.23443,-0.60222,-0.32181
86687,-0.76046,0.14669,-1.0321,0.17658
86749,1.23956,-0.63638,-0.49643,2.51475
86810,-0.89402,-0.90746,-0.61491,-0.35892
86883,-0.52841,-0.48296,-0.28525,-0.06432
86936,-0.10621,-0.7603,-0.51118,-0.51108
86990,-0.43656,0.81986,-1.05139,0.29519
87059,-0.82993,-0.92344,0.3128,-0.13057
87077,-0.74759,-0.90574,-0.66106,-0.3003
87139,0.28291,-0.92928,-0.10408,-0.05826
87175,-0.79448,-0.85298,-0.07528,-0.79439
87219,-0.19174,0.05918,-0.67977,-0.09944
87246,0.07567,-0.37629,-0.84434,0.23045
87291,-0.85679,-0.35803,-0.65685,-0.49634
87362,-0.12021,-0.41512,-0.48562,0.26705
87424,-0.67736,-0.76873,-0.3412,-0.14712
87576,-0.64695,-0.79914,-0.59285,-0.44603
87638,-0.36354,-0.99591,-0.68553,-0.4376
87665,-0.61034,-0.62632,-0.46808,-0.33808
87745,-0.54556,-0.50311,-0.28693,-0.47908
87843,1.80786,0.06107,0.05629,3.15629
87996,-0.04112,-0.00985,-0.18604,-0.2394
88047,-0.56101,-0.69755,-0.67159,0.15498
88092,-0.26385,-0.07258,-0.44552,-0.44445
88261,-0.64043,-0.56973,-0.46962,-0.29965
88350,1.48628,0.9286,-0.69033,0.86838
88449,0.2464,-0.78553,-0.56885,2.25767
88546,1.68787,0.77408,-0.28031,-0.81491
88644,-0.22934,-0.71809,0.1028,1.50193
88788,3.13614,-0.51,-1.65568,3.19722
88868,-0.96264,0.5154,0.42262,0.17849
89026,3.90144,2.27791,1.30267,0.73976
89080,0.77422,3.20243,1.02709,1.06949
89151,-0.11949,4.41562,-2.00447,1.02622
89240,0.12835,-0.57544,-0.04415,0.62453
89348,0.75822,0.24543,0.01104,-0.67853
89428,0.31443,-0.21063,-0.74137,-0.65956
89561,-0.71151,-0.52685,-0.39422,-0.07398
89687,-0.433,1.28013,0.51393,0.20678
89801,-1.44067,0.65475,0.98991,-0.49045
89856,-0.59118,-0.72342,-0.43149,-0.52616
89954,-0.95501,1.5586,-0.60164,-0.91398
90066,4.76996,1.41142,2.74983,-2.12558
90119,1.7814,0.33135,-0.81305,0.15182
90208,0.09539,1.37544,-0.02094,0.05077
90262,1.13966,-0.33113,-0.53421,1.78828
90342,-0.6663,-0.27469,-0.14643,-0.40368
90431,2.61573,0.77666,-0.36387,1.0046
90538,-0.14684,-0.9053,-0.26596,0.36554
90663,2.31866,-0.69609,-0.69474,-2.30907
90725,2.69297,-0.21166,-1.1696,-0.59833
90805,-0.14238,0.54628,-0.55431,-0.06407
90878,-0.53951,-0.33624,-0.42448,0.06964
90994,-0.51772,-0.59726,0.00131,-0.48079
91054,0.81062,-0.68366,0.51227,0.86772
91116,-0.1977,0.17829,-0.92499,0.09951
91232,-0.13923,0.35794,-0.31254,0.23012
91330,-0.61967,1.57435,-1.50143,-0.07704
91535,0.7273,-0.01541,-0.29027,-0.47022
91624,-0.07075,-0.57813,-0.36427,-0.4044
91688,0.82159,0.48833,-0.78638,-0.7291
91731,-0.04879,0.3161,0.02496,0.45962
91795,-0.53293,0.47114,0.75085,-0.65609
91937,1.57566,-1.13575,0.95901,2.95297
91982,-0.86206,0.16689,0.26027,0.02745
92097,3.34422,-0.10373,-0.89394,1.12905
92177,-0.11089,-0.35669,-0.59736,1.5135
92569,-0.94212,-0.91028,-0.5975,-0.31303
92587,-0.00616,-0.84141,-0.75507,0.23159
92658,-0.92168,-0.93085,-0.68385,-0.41739
92701,-0.85379,-0.8408,-0.5132,-0.21164
92765,-0.67924,-0.48034,-0.66569,-0.34358
92783,0.6099,-0.22281,-0.47531,0.19165
92836,-0.32106,-0.76206,-0.54246,-0.10658
92872,0.28452,1.63397,-0.79849,0.72212
92907,0.27852,0.70489,-0.48205,0.99236
92961,0.1618,0.0603,0.19956,-0.40332
92989,0.2917,-0.57376,-0.32495,0.137
93021,0.09842,-0.66759,-0.04748,-0.34311
93067,0.00434,-0.35274,-0.78639,0.03036
93085,-0.38325,-0.79185,-0.54489,0.03886
93101,0.06379,0.95627,0.5158,-0.76148
93156,-0.50481,0.85336,-0.56318,-0.488
93209,0.07318,1.03807,1.95059,-0.72582
93236,0.25919,-0.66055,-0.14206,-0.69647
93281,-0.43672,-0.75499,-0.06313,-0.17451
93325,1.18279,0.45589,1.00247,-0.92961
93370,-0.16814,-0.05152,-0.31344,-0.11038
93441,1.13895,-0.0497,1.18479,-0.83084
93487,0.38843,-0.88533,-0.06588,0.52685
93539,0.00993,-0.28859,-0.64452,0.15928
93575,-0.29015,-0.48989,-0.07576,0.09939
93600,0.12235,-0.72285,-0.74813,-0.48351
93628,0.18092,0.71142,0.06451,-0.10643
93646,0.11967,0.81671,0.15296,-0.29715
93664,0.52498,-0.22858,-0.9515,0.29133
93717,1.70432,-0.53804,-0.59018,-0.33324
93735,0.28627,-0.13873,-0.93651,-0.09446
93771,-0.63676,0.29964,-0.00799,1.4685
93815,0.33279,-0.07016,-0.07042,0.33289
93851,-0.43547,-0.17271,0.81093,2.38919
93888,-0.86598,-0.71789,-0.49574,-0.14639
93931,0.14186,-0.16391,-0.2561,-0.30022
93995,0.28423,1.20591,-0.67756,0.78331
94045,-1.27112,1.69928,0.96249,-0.0785
94081,2.66483,0.95742,1.2897,1.12256
94107,-0.21543,-0.3023,-0.27802,-0.15037
94125,-0.34953,-0.30838,1.31345,0.45361
94161,-0.70035,-0.26237,-0.39756,-0.46512
94223,0.87478,-0.53335,-0.02254,1.35402
94269,0.08952,0.24492,-0.82688,-0.20348
94312,1.65842,-0.53819,0.82564,-0.83792
94330,1.99224,-0.02662,0.11255,0.42402
94376,0.02392,0.45687,-0.3839,-0.75133
94429,2.62846,-1.58508,0.47227,-0.0066
94456,1.3711,-0.17371,-0.27278,-0.95455
94492,-0.40181,-0.40559,-0.06522,-0.05143
94535,0.46297,-0.20455,0.10208,-0.45285
94562,0.52723,0.40368,-0.31964,0.26353
94580,3.39307,0.29462,-1.58221,1.97566
94606,1.01946,-0.15954,-0.13171,0.54672
94651,-0.74834,0.69162,0.2112,0.12886
94688,-0.81189,-0.11761,-0.00253,1.59765
94731,-0.04605,0.0122,-0.28264,-0.47606
94768,-1.26001,0.71415,1.60127,1.95817
94795,0.18139,0.12722,0.06582,-0.71818
95060,-0.91944,-0.99325,-0.72978,-0.47825
95088,-0.97364,-0.75799,-0.4746,-0.39617
95159,-0.7102,-0.89562,-0.55389,-0.39217
95239,-0.86866,-0.30799,-0.68457,-0.57945
95293,-0.80906,-0.82936,-0.62431,-0.45155
95355,-0.78024,-0.72426,-0.42201,-0.32821
95391,-0.77865,-0.98245,-0.59938,-0.35377
95471,-0.77284,-0.53071,-0.5126,-0.46443
95499,1.21809,-0.21441,-0.33028,0.53664
95612,0.52752,1.56512,0.9133,0.65292
95667,1.66864,1.163,1.03825,0.01032
95747,-0.5569,-0.69214,-0.76868,-0.24625
95792,-0.49745,-0.42512,-0.53326,-0.3058
95872,0.13675,-0.08484,-0.54991,-0.17091
95943,3.5447,-1.55159,1.63693,-0.21278
96003,-0.39833,1.48457,-0.10554,-1.52937
96058,-0.56872,1.32599,-0.98124,-0.19454
96110,-0.12603,0.01133,-0.02664,-0.32845
96147,0.03743,0.91733,1.53842,-0.76322
96192,-1.44397,-0.25533,1.73539,0.5449
96254,-0.67582,-0.20802,-0.46262,-0.78029
96334,0.29592,0.5621,-0.36765,0.70698
96370,-1.13428,0.51617,0.094,-0.38917
96423,-0.50222,0.19378,-0.68132,0.25344
96478,1.11974,1.19496,1.23046,1.37541
96593,0.6915,2.49805,-1.1109,0.09767
96637,-0.35418,0.51917,-0.9015,-0.20163
96717,-0.82605,-0.78972,4.19379,5.34384
96815,-0.36337,0.01108,-0.44776,-0.24851
96888,-0.07783,0.633,0.17198,-1.87813
96904,-1.06212,-0.19141,2.75643,0.40577
96940,1.28284,-0.7327,0.81428,2.27332
97009,-0.61666,-0.28852,-0.14299,-0.10783
97063,-0.51671,1.01578,0.61411,-0.46484
97090,-0.61471,1.16995,0.24546,-0.24118
97189,3.26401,-1.6092,1.70788,0.22001
97241,-0.46387,-1.29498,1.50857,-0.18859
97321,-0.1,-0.06937,-0.53414,0.62702
97394,1.19613,0.90926,-0.41897,-0.31217
97438,-0.65538,0.47486,-0.82881,-0.66189
97465,-0.55112,0.2088,1.04296,0.7967
97517,-0.15569,0.81145,-0.80733,-0.18375
97553,2.17999,-0.20609,1.12725,2.01975
97606,-0.04046,-0.78692,-0.21563,0.0402
97679,-0.85072,-0.94072,-0.3568,0.4818
97722,-0.14051,-1.2178,0.92078,2.64106
97811,-0.5641,0.20579,-0.27834,-0.47386
97875,-0.43103,-0.41628,1.04296,3.2836
97919,-0.42223,-0.98827,0.94779,0.09882
98051,0.11636,-0.55333,-0.26701,0.82172
98113,0.17198,-0.25702,0.07005,-0.48163
98168,-0.42936,0.01926,-0.00587,-0.65345
98202,1.15083,1.46948,-0.26267,-0.03509
98220,-0.73592,-0.13267,-0.42099,-0.22476
98257,0.95119,-0.2458,0.38899,0.03782
98300,-0.49504,3.00837,-1.34772,-0.71985
98337,0.19318,2.25187,0.56586,1.45082
98373,1.43918,-0.90472,-1.00813,-0.94923
98435,-0.39251,-0.00105,1.18914,-0.11671
98505,-0.00992,-0.71354,-0.90086,-0.63071
98603,-0.43904,1.23265,0.23135,0.05919
98649,0.08222,-0.34888,1.26157,-1.55558
98685,-0.50915,-0.80516,-0.5427,-0.29393
98738,0.52912,0.1101,-0.18461,-0.23341
98774,-0.16835,-0.21993,0.37028,0.43035
98827,-0.35093,0.49304,0.49915,-1.58927
98916,-0.94608,0.1306,0.65144,1.04355
98998,-0.60388,-0.13364,-0.64101,-0.12877
99058,-0.78959,2.50769,0.51196,0.05096
99101,0.11495,-0.62459,-0.00083,0.23067
99165,-1.10259,1.78973,-1.23044,-0.35956
99209,-1.34569,2.76816,2.67059,1.99346
99290,-0.12016,0.86888,-0.22831,-0.64538
99370,0.48287,-0.14878,1.5876,-1.30224
99441,0.83062,0.79398,-0.75549,2.27755
99478,-0.11708,-0.46976,-0.22637,-0.52034
99539,0.81787,0.81396,-0.31733,-1.00043
99600,-0.33642,-0.16317,0.53573,-0.31252
99673,-0.64461,0.97349,-0.41626,0.10414
99780,-0.43928,-0.47759,-0.58099,-0.12364
99879,2.60266,-0.68316,-0.74182,-0.68807
99922,0.22455,0.13017,-0.08523,-0.61825
99968,-0.47158,-0.17948,-0.50395,-0.49429
100004,-0.5192,0.04259,-0.40321,-0.81596
100086,-0.30568,1.11655,0.24502,0.2748
100148,2.36845,-0.38157,-0.42626,0.06228
100219,3.74311,-0.93098,-2.11253,-0.22803
100273,-0.35037,1.46729,-0.84985,0.54025
100282,0.76652,3.2886,-0.53852,2.50021
100326,-0.15586,-0.49622,0.77297,1.65121
100335,1.49155,2.12337,2.00232,0.55126
100353,-1.03674,-0.5819,-0.72557,-0.08763
100362,0.01776,1.10937,-0.26647,-0.92738
100521,-0.97439,-0.91372,-0.6415,-0.46401
100549,-0.3535,-0.52178,-0.43361,-0.29079
100576,-0.97845,-0.83765,-0.65165,-0.47689
100610,-0.91175,-0.8914,-0.60058,-0.37501
100638,-0.57603,-0.60874,0.08021,0.31069
100683,-0.65237,-0.6909,-0.2086,-0.25767
100709,-0.01363,-0.07422,-0.34026,1.11283
100736,-0.68093,-0.63644,-0.49891,-0.32915
100754,-1.11891,2.21766,0.76648,-0.79065
100781,-0.91305,0.79847,-0.70122,-0.82986
100834,-0.33312,-0.8598,-0.72446,-0.86747
100852,0.05918,-0.12113,0.14164,-0.73711
100870,0.11652,-0.40769,0.57044,0.52156
100923,0.66958,0.09716,1.20044,0.6091
100969,-0.99385,-0.86786,-0.52501,-0.20596
101001,-0.20327,0.12014,-0.59296,0.5667
101056,-0.20687,-0.53724,-0.65119,1.62978
101083,-0.35279,0.08381,0.46374,-0.87069
101145,-0.93859,-0.05537,-0.65586,-0.52028
101163,0.09997,-0.61739,-0.4755,0.3474
101190,1.03601,-1.09895,0.17452,-1.22732
101243,2.56503,1.91591,1.38035,1.8666
101298,1.12106,-0.9216,-0.36363,-1.32616
101341,-0.3235,0.04195,-0.39514,-0.79686
101378,1.08746,-0.47229,-0.79743,-0.52081
101458,-0.93255,-0.33392,0.35738,-0.6448
101519,-1.51835,1.46837,3.13096,1.59732
101564,-0.76273,0.53819,0.04987,-0.68058
101617,-0.55313,-0.69185,-0.20672,-0.18414
101662,-0.6403,-0.73958,0.42118,0.09224
101724,-0.0053,0.32656,0.24579,0.8
101742,-0.91654,-1.16808,0.31255,0.54034
101804,0.77277,1.42706,1.33726,0.72635
101822,-0.60056,0.14308,-0.2726,0.1011
101840,-0.65082,-0.39257,0.91054,-0.65399
101902,-0.82886,-0.80861,-0.85626,0.2646
101957,-0.69578,-0.79278,-0.54454,-0.10808
101984,-0.4344,-0.39308,0.19029,-0.07652
102035,0.0047,-0.50813,-0.51272,-0.60908
102071,-0.94852,1.74858,-0.92767,-0.49116
102106,-0.73484,-0.15009,-0.35404,-0.16163
102160,-0.91473,-0.85418,-0.76115,0.13147
102213,-0.74311,-0.86353,-0.53745,-0.3757
102240,-0.37642,0.67052,-1.08519,-0.24344
102286,-1.60571,0.27555,2.21754,-1.54458
102348,-0.20461,-0.4461,0.15476,-0.10661
102419,-0.44781,0.37615,-0.0698,0.73599
102446,0.17962,-1.24874,0.15331,1.28732
102473,-0.66021,-0.54934,-0.78744,-0.26692
102525,-0.6063,-0.80935,-0.29346,-0.48202
102543,-0.78056,-0.562,-0.73093,-0.31919
102570,-0.49142,-0.77158,0.07461,-0.72684
102605,-0.80554,-0.65344,-0.70667,-0.3387
102641,3.74498,-0.71961,-0.02245,-0.70663
102703,-0.64369,-0.08157,0.08907,-0.69351
102749,-0.33691,-0.59776,-0.0713,0.12236
102794,1.99496,-0.95806,-0.04507,0.87068
102838,0.06918,1.42423,-0.44414,0.11708
102909,-0.75017,-0.61824,-0.68466,-0.23726
102945,-1.28618,1.68096,-0.88532,-0.35311
103014,-0.64484,-0.12561,0.90681,-0.31849
103032,-0.43188,-0.20201,-0.26686,0.0542
103087,2.70866,-1.82672,0.78409,1.11713
103130,-0.55624,-0.81014,-0.4466,-0.25929
103194,1.75798,0.16141,0.46066,1.59106
103238,-0.9921,-0.14582,-0.08311,-0.42267
103283,-0.45721,0.70603,-0.43326,-0.51736
103309,-0.08246,0.76214,-0.40887,0.42551
103354,-0.09122,0.37621,0.22834,-0.16184
103372,0.80609,1.19184,0.53419,-1.62681
103407,-0.74143,-0.3409,0.22389,-0.48388
103443,-1.24093,-0.97116,-0.27052,2.15514
103470,-1.67458,4.22607,-1.67604,0.41239
103513,-0.21065,-0.49091,0.06377,-0.46205
103568,1.55553,2.26147,2.37758,1.07888
103639,0.06063,-0.13476,-0.4641,-0.48923
103693,-0.34477,1.03033,-1.05173,-0.22524
103764,2.52886,-0.24921,-0.78509,1.66982
103862,0.07892,-0.24898,-0.64536,0.01643
103899,-0.31477,1.17011,-1.27385,-0.32462
103960,-0.89379,0.31913,0.03853,0.39932
103997,-1.05383,-0.45517,0.69455,1.89823
104047,-1.30191,-0.16103,0.97993,1.27457
104083,0.77007,0.95563,-0.35729,-0.55762
104118,-0.76506,0.04022,0.8564,0.10271
104136,-0.95944,-0.13558,-0.53927,-0.44624
104181,-0.67503,-0.11331,1.00538,-0.60353
104225,-0.62083,0.56971,-0.12119,-0.58502
104243,-0.66936,-0.89849,-0.60145,-0.30627
104270,0.58726,-0.78358,0.367,-1.11241
104323,-0.13214,-0.7403,-0.2359,0.30721
104341,-0.14412,-0.0739,0.24954,0.26704
104387,-0.19575,0.37572,0.86538,0.84627
104421,-0.33914,-0.09344,-0.44722,-0.25567
104485,-0.13325,-0.72562,-0.84661,-0.21613
104519,1.09086,0.18061,-0.56003,-1.28979
104546,-1.06611,2.00658,-1.89199,-0.73958
104582,-0.48872,0.47221,-0.06556,-0.57949
104635,-1.41093,1.03828,1.54737,-0.47766
104680,-0.70756,-0.07259,-0.79466,-0.35147
104715,2.87733,2.27559,-0.2038,-0.64164
104751,-0.17285,-0.46716,0.77129,0.05894
104788,-0.11085,0.98832,2.25482,-0.93229
104831,0.58293,-1.00371,-0.4095,-0.23158
104886,1.73444,-0.20976,0.8243,-0.13767
104975,-0.65362,4.31369,-1.37039,-0.35579
105026,-0.02356,-0.65294,0.7513,0.5091
105106,-0.49334,0.33681,-0.61083,0.20092
105142,-0.11592,-0.13215,-0.07923,-0.91579
105160,-0.89225,-1.03986,0.97015,-0.85871
105222,0.566,0.24367,-0.27597,-0.10966
105259,1.75455,-0.27759,-0.87925,-1.51664
105295,2.76387,-0.59936,-0.90952,-1.69755
105348,0.04238,-0.38864,0.86805,0.93348
105384,-0.42228,-0.468,-0.51592,-0.45512
105419,1.4368,0.54722,0.67375,-0.79191
105455,0.48418,2.95234,-1.72091,-0.51613
105534,-0.58333,-0.35618,-0.06163,-0.29086
105570,-0.64162,-0.95087,-0.43889,-0.48606
105605,-0.67755,-0.5074,1.18072,0.54339
105623,1.42099,0.06527,1.57006,-0.2408
105712,-0.19041,0.00347,-0.32595,-0.19285
105776,-0.71923,-0.17012,1.20634,1.01251
105794,0.59326,-0.11087,1.43928,-0.10601
105829,0.53647,-0.5429,0.61828,-0.16308
105874,-0.84213,-0.58116,-0.16766,-0.17569
105909,0.28449,-0.25183,-0.68045,0.13497
105936,-1.47333,-1.1621,1.33787,0.80722
105972,0.67619,1.53534,0.49717,-0.14254
106318,-0.89752,-1.00158,-0.69664,-0.42561
106363,-0.82482,-0.43791,-0.63844,-0.62374
106407,-1.0094,-0.41649,-0.41184,-0.21483
106461,-0.20782,-0.00356,-0.85401,0.10721
106559,-0.50198,-0.84083,-0.27076,-0.36123
106620,-0.69902,0.43751,-0.09449,-0.66888
106648,0.69621,-0.56601,-0.74536,-0.43707
106684,-1.13365,0.24178,-0.45305,-0.12593
106746,-0.76126,-0.92804,-0.64812,-0.29484
106782,-0.82226,-0.85549,0.27109,-0.01137
106817,-0.41702,-0.37207,0.38975,0.63981
106979,-0.75352,-0.83508,-0.2566,-0.34336
107001,-0.89368,1.11476,-0.636,0.2752
107047,0.54134,-0.05738,0.03954,-0.80582
107083,-0.68001,0.43581,2.41147,1.12107
107118,0.56483,0.67938,0.08952,0.45688
107154,0.20514,-0.61849,0.04238,-0.34205
107190,0.86097,1.89654,-0.57078,-1.53941
107234,-1.25935,2.05537,2.74241,-0.29649
107270,-0.64803,-0.12204,1.70587,3.15509
107314,-0.09694,0.10292,-0.35814,-0.35871
107350,-0.69886,0.62638,-0.45603,0.23572
107403,1.44258,-0.70874,-0.32446,-0.12569
107430,0.46442,-0.19656,0.57202,-0.81382
107485,-0.95164,-0.11866,0.68554,0.59106
107519,0.60133,-0.35993,-0.71882,0.05687
107546,1.34327,-1.18322,0.67221,1.10032
107582,-0.50706,0.99422,2.01848,0.1421
107662,-0.01577,-1.05581,0.1622,-0.41006
107715,0.0861,-0.83435,0.93926,-1.19977
107733,-0.66195,-0.56825,-0.52379,-0.44233
107868,0.21191,-0.07441,-0.18339,-0.2884
107920,-0.11237,-0.19793,0.02068,-0.04678
107975,-0.56284,-0.29705,0.44744,-0.56623
108017,0.00492,-0.32442,-0.54296,-0.06195
108035,4.58793,-2.36565,0.34048,0.84457
108106,2.39412,1.04974,1.39596,0.63689
108151,-0.25532,-0.94482,-0.3263,0.94334
108204,0.86845,-0.04315,0.14129,0.55731
108222,-0.39975,-0.7112,-0.27479,0.00316
108240,-0.68117,0.4437,-0.79328,1.78549
108268,-0.92839,-0.1442,-0.44675,-0.53227
108348,-0.82662,-0.17276,-0.45116,-0.368
108366,-1.22919,-0.30991,6.0683,-1.79969
108400,-0.33419,-0.85203,-0.54861,-0.59714
108455,-0.46115,0.86276,-0.0639,-0.73825
108473,-0.31302,-0.31859,-0.06273,-0.2449
108491,-0.75325,-0.69604,0.03108,-0.07923
108552,-0.39599,-0.18625,-0.13754,0.19925
108598,0.03641,-0.63678,-0.4415,0.34983
108614,0.04734,0.12512,-0.42941,1.08215
108632,-0.61658,-0.38903,-0.49312,-0.25217
108669,-0.74862,-0.24006,0.28483,0.39621
108696,-0.67833,-0.76669,0.00812,-0.34891
108712,0.37042,-0.21009,0.03391,0.75643
108794,-0.33005,-0.53642,-0.54561,-0.52126
108874,-0.82205,-0.24774,-0.10284,0.00541
108892,-0.33318,-0.17478,-0.61141,-0.54587
108918,-0.55693,0.75808,-0.45925,0.15148
108945,-0.86264,-0.15103,0.40934,-0.59545
108963,-0.72293,-0.90864,-0.61328,-0.33677
109005,-0.10611,-0.67441,0.37851,1.468
109041,-0.19852,-0.31345,-0.50598,-0.40425
109096,-0.55577,-0.54221,-0.51648,-0.1842
109176,-0.95389,-0.85794,-0.52777,-0.37518
109265,-0.54993,-0.8633,-0.33604,0.34605
109354,-0.09075,-0.4761,-0.29958,-0.31796
109425,1.38709,-0.40563,-0.25897,0.74748
109504,-0.75002,-0.65746,0.11704,-0.38812
109773,-0.99409,-0.79603,-0.54474,-0.52005
109826,-0.9601,1.85222,-1.41539,-0.43014
109924,-0.76786,-0.26528,-0.35978,-0.32148
110027,-0.51102,-0.23044,0.44116,1.15355
110063,0.25045,-0.34959,-0.82301,-0.35575
110116,-0.80472,-0.55131,-0.40391,-0.38024
110232,-0.33896,-0.37777,-0.21719,-0.47695
110296,0.01072,-0.05668,-0.13304,-0.16612
110456,2.39869,0.68391,-1.09967,0.84548
110535,-0.52376,0.38456,-0.79904,2.23997
110571,-0.31747,-0.42643,3.12283,3.26353
110688,1.0699,3.38128,-0.6522,-1.55305
110740,0.7115,-0.83726,2.92504,0.2198
110820,1.20415,-0.63981,0.90454,-0.76052
110875,3.06935,-0.44735,0.64948,-0.07176
110946,-0.51557,-0.17848,1.30596,-0.20923
111006,0.38539,-0.14261,-0.28488,-0.62744
111097,-0.74362,-0.02528,2.15437,-1.38115
111275,-0.44533,0.02889,-0.2845,0.47843
111417,2.77096,2.08172,0.28084,-2.25036
111444,-0.41579,-0.45403,0.08265,1.04488
111480,0.03163,-0.26851,0.38218,-1.20151
111550,3.20749,-0.33372,-0.6515,-0.41947
111685,2.03889,0.72277,-0.46119,-1.21342
111783,-0.81181,1.13055,-0.09227,-0.42316
111863,0.2538,-0.35465,-0.86467,-0.35019
111916,0.21268,2.39478,-0.76585,-0.32004
112030,1.56692,-0.24377,-0.15628,-0.17507
112076,-0.80092,0.39475,0.67658,0.4383
112129,1.73996,0.6149,-0.29499,0.70325
112245,-0.49747,-0.68709,0.11172,-0.58567
112263,1.0129,1.53141,-0.02382,-0.22692
112334,1.43919,0.50826,0.1396,-0.55534
112370,-0.41006,-0.15917,-0.12165,-0.23002
112469,-0.40061,-0.65433,-0.14717,-0.41221
112548,0.16881,-0.97556,2.09927,1.0234
112600,1.55461,2.08332,1.8673,-1.22149
112664,-0.41589,0.60875,0.40306,-0.77789
112744,2.43253,1.63938,0.16844,-0.86851
112771,-0.57718,-0.429,1.86551,2.77439
112879,1.98376,-0.0754,-0.78086,-1.97051
112904,-0.39885,-0.12357,1.24008,-1.25582
112959,-0.17543,3.56282,0.61217,1.28798
112995,2.74031,-0.01758,-1.31331,0.25838
113206,2.73509,-0.72046,1.13206,-0.0484
113233,0.01909,-0.32849,0.22799,-0.43241
113395,2.85787,3.68617,-1.90284,0.02519
113466,1.11422,0.05334,-0.54371,-0.41987
113493,0.38951,-0.13399,-0.17828,0.61887
113607,0.46767,0.00167,-0.78013,0.14346
113625,1.16124,-0.08176,2.13485,-1.1046
113698,-0.20121,-0.28871,2.22362,2.40154
113732,1.64595,-0.95911,-1.61596,4.93477
113849,1.0855,-0.8288,1.45399,0.62735
113894,-0.31378,2.26363,2.79418,2.28603
113929,2.02136,1.19048,0.60886,-1.9884
113974,4.73218,-1.54136,0.26023,3.55728
114060,1.28915,1.95636,2.01289,-3.0306
114079,-0.43674,4.08973,2.57817,-3.11601
114319,-0.94485,-0.51759,-0.95012,-0.48025
114355,-0.28128,-0.75117,-0.46014,-0.46315
114382,-0.75796,-0.54311,-0.59198,-0.44656
114417,-0.84977,-0.89034,-0.57671,-0.28657
114453,-0.67155,-0.81031,-0.59496,-0.36304
114514,-0.85371,-0.84014,-0.48734,-0.26178
114603,1.44946,-0.71701,0.0236,-1.78589
114710,-0.86682,-0.92729,-0.57868,-0.29601
114809,-0.8485,-0.90503,-0.55149,-0.38266
114854,0.14358,-0.76371,-0.6229,-0.52795
114925,-0.78911,-0.96532,-0.655,-0.39599
114970,-0.41661,-0.64635,-0.45262,0.44982
115076,-0.53146,-0.40137,0.1332,0.08793
115147,-0.39994,-0.71948,-0.51665,-0.37511
115183,1.61223,-1.04705,-0.31255,-0.82599
115236,-0.86769,1.14022,0.62024,0.06029
115307,-0.45452,-0.59847,-0.70729,0.36566
115389,-0.17477,-0.16858,-0.56504,-0.52195
115520,-0.39406,-0.55325,-0.24344,-0.59106
115575,0.88212,-0.30151,-0.41123,-0.50338
115637,2.2938,1.21994,0.18276,1.18965
115708,-0.11833,-0.79035,1.17149,0.7697
115771,0.23584,-1.01936,2.84404,-0.55096
115824,-0.32499,-0.77341,-0.06726,0.26616
115851,-0.57066,-0.14595,-0.58182,-0.50326
115897,-0.11949,-1.08529,0.4335,0.53217
115959,-0.46599,-0.43689,-0.30543,-0.63256
116046,-0.02378,-1.0353,-0.14968,0.71185
116126,-0.07817,-0.27917,-0.12141,0.85379
116171,0.98908,0.32918,0.74608,-0.56697
116224,2.28192,1.63403,-1.0162,1.95269
116288,-0.77044,-0.59412,-0.44094,-0.42212
116340,4.02229,1.98707,1.7674,0.58576
116395,1.25195,-0.20031,0.12439,0.64139
116439,-1.07665,1.18664,0.41814,-0.25131
116493,-0.41285,1.80713,-1.35965,-0.34073
116545,-0.88099,-0.34495,-0.14539,-0.15806
116590,-0.41762,-0.22717,-0.44812,0.12679
116652,-1.28265,0.30878,1.00634,-0.6826
116723,0.02633,0.95503,0.31871,-1.18126
116796,-0.29979,-0.34514,-0.24997,0.3839
116867,0.45912,-0.50801,-0.36885,-0.47122
116938,0.5469,-1.01062,-0.92217,-0.5954
116983,-0.41615,-0.77068,-0.09689,-0.35904
117042,-0.13048,-0.50356,-0.54718,-0.06531
117113,2.0323,-1.29743,0.55742,0.62439
117177,-0.69616,-0.22514,-0.71428,-0.34084
117275,-0.09773,-0.37911,0.14336,-0.12796
117319,-0.50125,-0.68053,-0.41506,-0.33693
117426,0.0286,-0.26837,0.27772,-0.57813
117505,-0.83615,1.08725,-0.74214,0.50027
117550,-0.16638,-0.74955,-0.36081,-0.02279
117667,-0.29478,0.96074,-0.76333,0.06908
117783,-0.05024,0.31366,-1.02638,-0.28739
117827,-0.89241,-0.44435,-0.48428,-0.46076
117925,-1.07764,1.34925,-1.45803,-0.57245
117998,-0.20076,0.45746,-0.44459,-0.65469
118058,0.37897,-0.86952,-0.1999,-0.33152
118094,0.44732,1.29866,-0.31537,-0.21601
118209,-0.21873,0.32628,-0.53616,-0.30672
118281,-0.74462,-0.93387,-0.51144,-0.24526
118370,-0.56856,1.15662,-0.49812,0.19861
118469,2.22165,-0.82352,-1.40645,2.23908
118511,5.50018,1.63036,3.0755,-4.3719
118575,-0.4448,0.40099,-0.14357,-0.36348
118637,-0.7033,1.55928,2.42041,1.31346
118691,-0.35053,-0.1364,-0.29558,-0.28243
118753,-0.11557,-0.88716,0.01879,0.35201
118799,-1.03873,0.84441,-0.46566,-0.20898
118824,-0.90263,1.28526,0.31851,0.02938
118931,-0.47193,-0.64672,-0.2512,-0.14627
118995,-0.50741,-0.67813,-0.51751,-0.3239
119153,1.78425,-1.46328,-0.95642,2.10732
119206,-0.40224,-0.38458,-0.62738,-0.45701
119242,-0.46063,-0.61175,-0.55708,0.16598
119331,-0.48004,-0.43932,-0.15885,-0.1364
119386,-0.63615,-0.37841,-0.0413,0.78468
119466,1.84074,0.33783,1.617,1.24603
119527,-0.4373,-0.02923,0.18944,0.37237
119590,0.50162,0.02072,0.14829,0.79258
119625,0.49881,-0.38131,-0.33954,1.20279
119661,-0.3708,0.0825,-0.29698,-0.36829
119723,-0.85264,-0.34646,-0.39911,0.16585
119750,0.03312,-0.66847,1.27915,-0.11231
119803,0.20053,0.94255,0.55764,-1.53594
119858,0.48721,0.97908,3.49799,1.38427
119894,-0.72857,-0.88434,-0.48709,-0.42788
119974,0.50026,-0.52971,0.26341,1.12243
120076,-0.0641,-0.48312,-0.13143,-0.55904
120138,4.98424,-1.01558,-0.51968,-2.79943
120218,2.43818,0.7976,-1.37828,4.99609
120254,-0.54284,0.26641,-0.25515,-0.45096
120316,0.42005,0.58221,-0.43911,-0.98227
120343,0.74943,1.74012,0.53998,-0.22685
120370,-0.19359,-0.31522,-0.5244,-0.55119
120478,1.994,-0.60964,1.84294,0.16324
120487,-0.60129,-0.3141,-0.34325,-0.27157
120496,0.50051,-0.04905,0.42266,-1.30378
120502,1.31046,1.84066,0.20821,1.1244
120511,-0.37678,-0.07961,-0.02492,0.95112
120726,-1.00849,-0.99155,-0.62182,-0.40025
120771,-0.45121,-0.93244,-0.63481,-0.23137
120824,0.33639,-0.56295,-0.36094,0.19116
120860,-0.74463,-0.90572,-0.60828,-0.47646
120888,-0.11066,-0.78785,-0.06131,-0.86653
120922,-0.80825,-0.82761,-0.43346,-0.17992
120968,-0.41808,-0.78635,-0.62478,-0.39933
121055,-0.90665,-0.88563,-0.60217,-0.36732
121108,-0.67165,-0.37682,-0.51329,-0.36294
121153,-1.17873,0.01904,1.35656,1.47173
121242,0.03464,-0.64247,-0.56884,-0.39641
121297,0.12365,-0.27563,0.88022,0.2066
121340,0.28472,-0.81192,-0.31494,0.24819
121386,-0.15963,0.27194,-0.1167,0.3702
121466,-0.57816,0.40963,-0.21845,0.30298
121607,0.54388,-0.59211,-0.79014,0.50608
121652,0.03675,-0.52315,-0.22472,-0.48834
121732,-0.28588,-0.72482,-0.53857,-0.34866
121796,-0.08765,-0.44905,-0.2833,-0.57333
121876,-0.46733,0.31044,-0.61374,1.51275
121938,-0.41486,0.74567,0.96876,-0.40416
122025,-0.34006,-0.39604,-0.40346,0.14981
122061,-0.21626,-1.00316,0.59532,1.01376
122132,-0.69749,-0.27311,-0.27619,-0.22896
122187,-0.32418,-0.10029,-0.21498,0.08268
122249,1.13292,0.28629,0.1137,0.31813
122285,-0.16795,-0.49894,-0.34132,-0.40901
122347,0.07686,-0.4469,-0.77792,0.17829
122392,-0.21199,-0.39911,0.10947,2.32261
122463,-0.08679,-0.47344,-0.61512,-0.29488
122551,-0.36045,-0.23271,0.06447,0.12444
122613,0.10804,0.26589,-0.32103,0.14932
122668,-0.49139,-0.69604,-0.28245,-0.1279
122702,-0.68211,-0.76464,-0.43781,-0.34785
122828,-0.47234,-0.05078,0.10901,-0.47872
122864,-0.52553,-0.57168,1.78729,-0.47206
122908,-0.64366,-0.42886,-0.57504,-0.08977
122953,-0.8494,0.47935,0.03856,0.39055
123013,-1.15793,1.0459,2.23594,-0.88804
123102,-0.77664,0.08211,-0.36085,-0.04222
123175,0.71599,-0.59735,-0.57479,0.69256
123228,0.16337,0.23261,-0.6598,-0.52298
123255,2.80649,-2.18132,1.4973,4.98623
123371,-0.14976,-0.42433,0.39132,0.69247
123424,-0.22761,-0.68049,-0.06322,-0.12201
123479,-0.65204,-0.67249,0.71434,0.04052
123521,0.33475,-0.84233,0.11924,-0.48164
123601,-0.21177,-0.39687,-0.48533,-0.68472
123674,-0.64783,-0.66464,-0.39207,-0.42222
123709,1.66001,0.1011,-0.09572,-1.02829
123790,-1.02038,-0.23353,-0.29687,0.56991
123914,-0.85802,-0.62286,-0.28407,-0.46854
123969,1.31987,0.969,0.60691,1.30806
124028,-0.47393,-0.66843,0.10975,-0.24799
124073,-0.12723,0.16161,-0.57005,0.17127
124117,0.0395,-0.70744,-0.69579,-0.50158
124153,-0.8294,-0.12021,1.33298,-1.38546
124206,-0.1873,-0.75354,-0.16853,0.03628
124233,2.96072,-0.55266,-1.13628,-0.97641
124331,1.35521,-0.71412,-1.50591,3.44544
124411,0.52024,-0.12277,-0.63884,-0.59295
124493,-0.33845,1.54728,0.19042,0.31642
124563,-0.27389,0.22976,0.44376,-0.85398
124616,0.16189,0.5286,-0.86021,-0.35849
124634,-0.67287,-0.43173,-0.56539,-0.25582
124661,0.59507,-0.74721,0.34585,-0.05633
124723,-0.81677,-0.50231,0.66486,0.31076
124750,-0.0996,-0.1297,-0.30482,-0.37038
124803,-0.82139,0.73508,0.47106,0.01785
124849,-0.24468,-0.27688,0.1256,0.50051
124938,-0.91383,-0.84491,-0.63303,-0.45786
125016,-0.78377,-0.49631,-0.68024,-0.3041
125061,-0.69647,-0.41303,-0.48322,0.12578
125098,1.27018,-0.89267,0.93336,0.14545
125105,-0.28897,-0.40358,-0.19516,-0.12612
125114,-0.68466,0.18599,3.92477,2.24849
125123,1.00972,-0.0833,-0.1997,-1.08797
125132,-1.00705,1.57973,4.82108,0.59331
125150,0.04118,-0.21558,-0.45685,-0.43324
125169,-0.02053,-0.08948,-0.22266,-0.41505
125178,1.07956,-0.29671,-0.38734,5.30774
125347,-0.73402,-0.88727,-0.66346,-0.42252
125374,-0.3212,-0.85107,-0.33379,-0.15691
125418,-0.99103,-0.28134,-0.2121,-0.59959
125472,-0.96017,-0.5155,-0.75315,0.00069
125490,-1.03779,0.97402,4.83329,0.97963
125542,-0.81586,-0.79573,-0.46579,-0.23587
125588,-1.45915,4.76547,-0.80789,0.15253
125622,-0.76138,-0.14183,-0.49611,-0.33761
125659,0.13569,0.6795,-0.81563,0.2266
125677,0.51677,1.36353,0.977,-0.78819
125757,-0.25489,4.29858,0.39615,-1.60128
125846,1.23185,-0.67707,0.75439,4.53168
125873,0.6499,1.0456,-0.87613,-1.28041
125962,0.02241,0.90323,-0.28255,-1.05897
125999,-0.28916,-0.8613,-0.18172,-0.58435
126022,-0.42537,1.78782,0.54654,-0.05229
126077,-0.02745,0.30023,0.40377,0.71909
126102,0.75421,0.58473,-1.12265,0.00866
126148,-0.0652,0.25262,-0.40433,0.77449
126166,-0.2154,-0.18831,0.47241,-0.75541
126228,-0.13308,0.25213,-0.2613,-0.9175
126326,3.13823,0.1922,-0.35993,-0.93132
126380,0.20456,0.8257,-0.30741,-0.3653
126406,-0.95766,2.6085,0.78085,0.50275
126433,-0.55629,0.15684,-0.23155,-0.31657
126503,0.19016,0.00095,-0.43182,0.29785
126585,0.32341,1.53562,-1.59996,-0.14147
126647,-0.6865,-0.25742,0.35917,-0.4711
126674,1.94382,-0.29308,-0.45553,2.00684
126718,0.32171,-0.70578,0.86086,-0.67275
126772,0.46781,1.48961,-1.05202,-0.31107
126905,-0.57453,1.70724,1.49457,1.63975
126978,-0.33327,-0.9051,2.62462,-0.98762
127019,0.28914,-0.26424,0.2073,0.98975
127064,1.56888,-0.96768,-0.82688,-0.36866
127126,0.80246,-0.86092,0.60402,-0.1654
127144,0.85051,-0.51197,1.13752,-0.13009
127171,-0.28546,-0.28914,-0.58002,-0.24725
127224,1.0476,-0.61863,-0.02973,-1.19597
127251,0.22529,-0.60412,-0.5344,0.21293
127288,-0.6293,0.67665,-0.01007,-0.04264
127322,1.00968,1.86327,-0.0793,-1.40468
127368,-0.75232,-0.26355,-0.54731,-0.32699
127386,0.15833,0.94313,-0.28115,-0.00159
127411,0.92111,0.47034,2.84484,-0.84564
127493,-0.38626,0.51535,-0.72905,1.08855
127536,0.92819,0.39765,2.35583,2.51162
127563,-0.43512,0.13478,2.49481,0.88469
127625,0.02709,0.35926,0.98015,-0.78341
127689,-0.63549,0.5441,-0.94419,-0.2096
127714,0.16298,0.8199,-0.18164,-0.54591
127750,0.81584,0.17752,0.60485,0.00836
127812,-1.35076,1.32299,1.19082,-0.36844
127858,-1.44969,-0.18801,2.74105,2.2925
127901,0.48351,1.3397,0.12756,0.37035
127938,-0.37049,0.40646,0.154,1.11944
127983,-0.54898,-0.47233,-0.43994,-0.36875
128052,0.12319,-0.71439,-0.04106,-0.8626
128105,-0.04295,0.06753,-1.19602,-0.06283
128178,-1.42979,0.11711,4.19444,-0.73674
128221,0.16783,-0.70447,-0.0468,-0.85163
128374,-1.00095,-0.28781,0.30767,0.90425
128436,-0.51117,1.56886,2.13062,2.25857
128472,0.4804,-0.31782,1.17311,1.41807
128524,2.10632,-1.66789,2.04723,1.27754
128560,-0.69691,-0.05608,0.03946,-0.34229
128588,0.98731,-0.79539,-0.15557,0.12567
128613,-0.66353,-0.70871,1.2034,0.65159
128659,-0.94559,-0.2769,1.59998,3.59484
128711,-0.77444,-0.16221,0.88306,1.00511
128864,0.45345,-0.03583,1.60003,-0.5857
128962,-0.33869,0.502,1.59155,-1.40751
129040,0.70361,0.00286,1.48468,0.18124
129095,0.12643,1.59599,0.24634,-0.97162
129111,-0.07461,0.27539,-0.11839,-0.82852
129139,-0.36608,0.6369,-0.67307,0.29651
129184,1.56108,0.09507,-0.87297,-1.39291
129246,1.42312,-0.39258,1.71398,-0.98352
129282,0.27304,0.45057,-0.27906,1.30607
129317,-0.66185,2.58244,1.58798,0.20741
129380,-0.28259,2.89453,-0.76197,0.11377
129460,-0.57503,-0.01065,-0.66954,0.11132
129503,0.2303,1.69949,3.52118,-2.35642
129567,0.29331,0.09416,1.57269,-1.07365
129585,1.3553,1.20483,-1.35207,0.45604
129629,-0.22217,1.72561,1.23563,0.74071
129656,-0.59127,-0.7555,0.04853,-0.38
129718,-0.58245,1.10587,0.22759,1.0119
129745,-0.37997,0.77707,-0.41671,0.19632
129763,0.48102,-0.24845,1.17196,1.448
129816,-0.50277,-0.30727,-0.18107,0.02773
129898,-0.86678,1.11373,1.22846,-0.17763
129914,-0.20834,-0.4518,0.07212,-0.22279
129987,-0.2813,0.76664,0.15446,-0.8567
130026,1.03399,-0.98909,0.86672,1.57474
130062,-0.70283,1.0349,-0.93328,2.07938
130124,0.18276,-0.67588,2.04591,-0.85539
130231,0.98135,-0.25489,0.91253,-1.16817
130286,0.32205,1.69567,-0.66384,-0.73823
130295,0.02037,-0.2339,0.74181,-0.12302
130302,-0.56109,-0.85088,0.87105,1.86565
130311,-0.03209,0.03696,0.58189,-0.93245
130320,-0.74614,-0.26907,2.71517,0.62508
130339,-0.23926,1.01038,-0.28288,2.3677
130348,3.77803,3.43322,-1.90995,1.65769
130357,-1.44237,1.76852,2.45156,-0.16574
130366,-0.47563,-0.08814,-0.27883,-0.24892
130375,-0.38997,0.06458,2.17914,0.21528
130384,0.21953,4.19685,-0.55619,0.37904
130534,-0.89744,-0.96621,-0.76634,-0.38432
130552,-0.58456,-0.18095,-1.10498,-0.34995
130614,0.29787,-0.70854,-0.54572,-0.29759
130678,-0.83905,-0.93621,-0.60619,-0.04633
130712,0.56169,-0.97565,-0.76732,-0.58921
130785,-0.92309,-0.40303,-0.66552,-0.43379
130847,-1.03807,0.53527,-0.00101,1.09193
130892,-0.67467,-0.63508,-0.42441,-0.25486
130954,-1.08349,1.63544,-1.73688,-0.02388
130981,-0.77648,-0.90549,-0.69276,-0.3897
131069,-0.26801,0.02986,-0.16345,-0.06117
131103,-0.66016,-0.4997,-0.28505,-0.12246
131210,-0.3796,1.42215,-1.66663,-0.43831
131256,-0.76361,-0.94952,-0.61461,-0.4107
131274,-0.89824,1.16979,-0.83433,-0.48377
131336,-0.80213,-0.78922,-0.58733,-0.30488
131407,-0.32507,-0.6997,-0.49302,-0.14457
131443,-0.55652,-0.63528,-0.49393,-0.27375
131461,-1.41669,-0.81057,2.00593,1.25149
131540,-0.47715,-0.76589,-0.77211,-0.16853
131577,-0.35824,-0.01398,0.42167,-0.00561
131620,-0.25868,-0.73157,-0.59486,-0.1677
131817,-0.24024,-0.49356,-0.70895,-0.09973
131835,-0.57189,-0.45852,-0.63881,-0.07972
131899,-0.74019,0.62283,-0.15303,-0.31915
131933,-0.1498,-0.27408,-0.3854,-0.18357
131988,-0.35708,-0.03422,1.60708,-0.08744
132011,-0.57816,-0.04365,-0.06085,0.42812
132075,1.80138,0.40466,-1.42128,0.42665
132137,-1.69949,1.48811,4.91423,1.85305
132164,-0.8203,0.29532,0.84535,-0.52429
132226,-0.494,-0.56125,-0.42839,-0.16024
132271,-0.47467,0.09322,-0.2927,-0.08603
132315,-0.76977,-0.83402,-0.42845,-0.29783
132342,-0.51584,-0.76791,0.08833,0.59914
132379,0.37771,-0.47887,0.12636,0.48272
132404,-0.46229,-0.66095,-0.49217,-0.51039
132486,1.12427,-0.31711,-0.74181,-0.04033
132510,-0.33675,0.70537,-1.02602,-0.75771
132574,-0.48619,0.09441,-0.0028,-0.00932
132645,0.88859,0.17729,-0.98427,0.70412
132681,2.71234,-0.89638,1.2134,0.60138
132716,0.60548,-0.72556,-0.64024,-0.7926
132752,-0.99355,0.51044,0.3314,-0.49765
132805,6e-05,-0.45806,-0.55026,-0.01603
132841,-0.01904,1.22816,0.38085,0.59771
132896,-0.41086,1.32701,0.49087,0.93765
133018,-0.16309,0.25835,-0.35117,0.7915
133090,-0.26343,-0.33692,0.20916,0.80486
133161,0.46866,-0.80957,-0.48925,0.15355
133214,-0.27568,-0.67879,-0.52758,-0.53623
133278,-0.98197,1.0917,0.3423,0.76749
133330,-0.70259,-0.69511,-0.39724,-0.29507
133394,-0.45192,-0.46398,-0.27553,-0.21419
133429,1.0321,0.4773,0.6504,0.46756
133508,0.11241,-0.79804,-0.57379,-0.75536
133562,0.20915,-0.36835,-0.08325,-0.45358
133615,0.0291,-0.11715,0.06121,-0.25375
133688,0.1934,0.57607,-0.09292,-0.66354
133722,-0.4992,-0.16307,0.07325,-0.79291
133795,-0.43631,-0.62072,-0.82713,0.54045
133919,0.95966,0.60802,0.71394,0.49699
133964,-0.48747,0.23535,-0.94531,-0.26153
134014,-0.90976,-0.61727,-0.25218,-0.18377
134050,-0.90391,-0.25456,0.28034,0.09505
134096,-0.528,-0.46974,-0.44926,-0.61199
134194,-2.25241,0.27103,3.05476,1.125
134336,0.25079,-0.45001,0.90853,0.84259
134390,3.80734,-1.3373,-1.38205,-1.3659
134443,0.97538,-0.50514,-0.36968,-0.98911
134559,-0.36689,0.61875,-0.12969,-0.48422
134648,-0.46698,-0.27708,-0.71821,-0.17359
134755,-0.27019,-0.28821,-0.0116,-0.21171
134853,0.52985,1.29336,1.01924,-1.96001
134899,-0.94284,0.89666,0.89297,-1.00069
134942,-0.80766,0.14601,-0.51598,-0.57052
135020,-0.9517,-0.17702,0.46541,-1.23421
135128,1.94245,-0.0129,1.46209,2.37939
135146,0.41145,-0.45844,0.74102,0.06213
135164,-0.38076,-0.58516,-0.39704,-0.2312
135226,-0.83812,1.15281,0.98328,-0.33968
135244,-0.07178,-0.01019,-0.8996,-0.11355
135315,2.64537,-0.73049,0.0102,-0.83361
135404,-0.15797,-0.10515,0.7603,-1.6691
135431,-1.06784,0.08045,0.19807,-0.58512
135501,1.77366,0.54759,-0.97567,-1.02425
135547,-0.02539,-0.28955,-0.14607,-0.38591
135618,-0.21173,0.76321,-0.41592,0.91199
135654,0.76215,-0.93552,0.66951,-1.11378
135681,1.60745,2.39582,-0.19401,-0.5268
135725,-0.43922,-0.26903,-0.4329,-0.25143
135789,-0.50856,-0.53838,-0.1384,-0.51456
135850,1.08184,-1.68655,0.44663,3.39403
135896,-0.86363,-0.86453,-0.22925,1.7177
135949,-1.01554,0.14265,-0.84637,-0.48489
136107,-0.77432,-0.72638,-0.52032,-0.09713
136134,-0.66927,-0.43686,-0.53928,0.04195
136198,-0.17,-0.39967,-0.56982,-0.23962
136241,2.7238,-1.02557,0.0291,-1.69035
136250,-0.22893,0.57613,0.99693,0.09505
136269,-0.00931,-0.21424,0.83248,0.06241
136278,-0.14275,0.27905,-0.23829,-0.10538
136483,-0.9527,-0.97279,-0.57621,-0.35131
136526,-0.75587,-1.02406,-0.53712,-0.12008
136553,-0.53471,-0.60716,-0.46118,-0.0092
136599,-0.42138,-0.31237,-0.21622,-0.35327
136642,-0.68492,-0.71883,-0.66727,-0.39161
136713,-0.3089,-0.50681,0.89377,0.5996
136768,0.29737,-0.22688,-0.25674,-0.08774
136802,-1.00603,0.57495,0.32218,0.03766
136848,-0.5576,-0.45193,-0.41154,-0.04943
136919,-0.48815,-0.03971,0.67467,-0.64733
136964,-0.43506,-0.40763,-0.07249,-0.35304
137032,-0.90701,0.80942,0.67328,1.7789
137069,-0.01931,-0.85894,0.91594,0.20347
137103,-0.55354,-0.38241,0.84719,-0.47992
137130,0.14532,-0.32993,-0.05522,-0.44636
137185,-0.25866,-0.65506,-0.51954,0.05091
137229,-0.27405,-0.63739,-0.62924,-0.3872
137274,0.46606,0.28028,-0.44203,-0.53883
137292,-0.75023,-0.62109,0.44714,1.7863
137363,3.14334,1.37404,0.15886,-1.43541
137407,-0.17944,-0.63545,-0.06583,0.17988
137443,2.88423,0.29107,-1.49063,0.4805
137504,-0.03284,-0.18498,-0.04757,0.31349
137540,-0.48928,-0.62481,-0.19579,-0.0135
137611,-0.43771,-0.24765,-0.68831,-0.07246
137675,0.29147,-1.21277,1.17096,0.20464
137728,4.01253,1.14232,0.21013,0.4503
137746,0.84007,-0.33664,-0.35443,-0.33052
137764,-0.16465,0.01681,-0.93395,-0.02308
137844,0.22419,-0.13933,0.02436,-0.64858
137899,0.57714,1.11388,-1.17388,-1.36064
137960,-0.66512,-0.3046,-0.6147,-0.45758
138039,-0.29409,-0.76333,-0.43678,-0.2864
138084,-0.18753,-0.61624,-0.0737,-0.14131
138164,-0.67262,-0.77167,-0.26061,-0.41679
138208,-0.10436,-0.63761,-0.19204,0.17461
138280,-0.71462,-0.79334,-0.63122,-0.44287
138351,0.7134,0.29692,0.36717,0.07692
138431,-0.90443,-0.86494,-0.45177,-0.30187
138501,-0.14171,-0.56297,-0.24062,1.2873
138538,1.22647,-0.75105,-0.48896,1.41459
138574,-0.35062,1.49039,-1.2939,-0.34825
138618,0.18881,-0.0402,-0.7821,-0.81746
138663,-0.66443,0.52471,-0.39263,-0.44447
138734,-0.10368,1.22894,0.64575,-0.52939
138770,1.30511,-0.64524,-0.48071,1.12685
138805,-1.08263,0.5318,0.93493,-0.19507
138869,-0.56229,0.20627,0.53606,-0.46757
138921,3.42847,-1.41968,-2.25795,1.66352
139009,-0.81106,1.09455,0.00776,0.79128
139054,-0.0543,-0.29979,0.69745,-0.70516
139107,0.81247,-0.52653,-0.32355,-0.46113
139143,1.22688,-0.14525,-0.0924,0.70493
139170,-0.13263,-0.59293,0.11493,-0.16875
139214,-0.75379,-0.68453,-0.25976,-0.13643
139250,-0.62411,-0.08112,-0.48395,0.16275
139287,-0.06952,1.40607,0.28075,-0.68469
139330,-0.83779,-0.44338,-0.39285,-0.40757
139358,1.70532,0.70021,2.0303,0.01657
139394,-0.7676,-0.76728,-0.63442,-0.40959
139704,-0.9318,-0.63111,-0.83013,-0.44035
139740,-0.3479,-0.3463,-0.08428,0.05669
139811,-0.84192,-0.67729,-0.58537,-0.34431
139884,-0.69854,-0.66152,-0.58278,-0.39134
139937,-0.4389,1.50237,-0.6624,-0.41577
139982,-0.04145,-0.04558,0.79049,-0.48626
140084,-0.20567,0.32199,-0.05334,-1.24385
140146,-0.58773,0.10887,-0.85638,0.21337
140208,-0.54166,-0.35134,0.28077,0.68791
140244,-0.81405,-0.13515,0.2507,0.05852
140280,-0.62974,-0.95675,0.6765,2.26294
140324,2.35275,-0.92299,-0.57698,-0.72237
140379,0.4309,-0.63673,-0.29295,-1.20985
140440,0.12589,-0.37894,-0.25246,-0.46587
140477,-0.65007,-0.61032,0.82089,0.112
140501,0.00255,-0.52996,-0.2827,-0.26798
140547,0.09542,-0.52578,-0.73351,-0.18433
140583,1.10985,-0.02995,-0.60953,-1.1894
140627,-0.4784,-0.75297,-0.56961,-0.26501
140672,-0.59601,-0.06803,-0.65425,-0.00908
140770,-0.63689,2.07678,-0.52941,0.44555
140823,-0.64414,-0.37447,-0.61288,-0.18409
140869,-1.07074,-0.72529,0.80832,1.04989
140958,-0.55527,-0.05261,-0.00218,-0.69996
141081,-1.29547,2.79149,-1.55334,1.45508
141134,-0.85294,-0.24175,-0.49875,1.11225
141232,-0.75684,-0.25444,1.73522,-0.01409
141312,0.8667,-0.20292,0.5349,0.72959
141376,-1.03198,-0.00717,-0.51335,-0.64833
141447,-0.51956,-0.61549,0.61055,0.68705
141535,-0.15843,0.71836,-0.91382,0.19853
141580,-1.13668,-0.37016,0.78067,1.01034
141722,-0.33694,-0.10744,0.25692,-0.94128
141786,0.09465,0.40329,0.10658,-0.21983
141884,1.38116,3.47509,-1.61963,3.84763
141946,0.01585,-0.05092,1.19876,1.09687
142006,-0.34594,-0.35413,0.27565,0.38586
142079,-0.90494,-0.55031,-0.56265,-0.42928
142122,-0.28325,0.11157,-0.66627,-0.48275
142177,-0.91373,0.20646,-0.86213,0.27121
142239,-0.00429,-1.13586,0.26032,0.06518
142284,-0.39941,-0.16234,-0.19172,-0.16077
142337,0.90806,-0.06115,-0.54483,-0.12439
142373,-0.48847,1.06881,2.09643,-0.19199
142426,-0.3282,-0.78346,-0.22592,0.34162
142499,-0.4383,1.32128,-0.6802,1.03995
142550,0.53089,0.16072,1.55723,-0.67281
142612,0.16669,-0.99554,0.10218,0.64005
142676,-0.94906,1.68912,-0.95874,0.17991
142710,-1.08318,1.99882,1.18716,0.56144
142774,1.33222,0.09148,0.90524,-0.02474
142854,-1.01762,0.18187,0.43789,0.24987
142881,-0.15394,-0.6418,-0.17791,-0.3699
142952,-0.44955,0.54145,-0.86756,-0.09129
143021,-1.38256,-1.12199,2.28194,2.03021
143067,-0.91967,1.07352,1.53977,0.14411
143147,-0.68323,-0.79147,1.01783,2.27852
143450,-0.91527,-1.00709,-0.70049,-0.38999
143487,0.68232,-1.00386,-0.93187,-0.96893
143502,-1.67177,3.0305,2.36688,-1.31253
143520,-0.73497,-0.7914,-0.49707,-0.36022
143557,-0.74138,-0.86084,-0.72757,-0.38852
143619,-0.39423,-0.77321,-0.40577,-0.21684
143646,-0.15259,0.02397,0.34068,-0.53211
143682,-0.65329,0.20441,-0.58752,-0.16825
143735,-0.62407,-0.8599,-0.51174,-0.43459
143771,3.42225,-0.08917,-1.40534,-0.87041
143806,0.19425,-0.8536,0.16127,-0.19059
143851,1.06626,-0.78911,-0.7429,-0.49503
143888,-1.02818,1.23796,0.83055,0.02207
143922,-0.87175,0.05225,-0.21326,3.52808
143959,1.13919,0.23405,0.46815,0.20245
143995,-0.08816,-0.13271,0.0459,0.22739
144054,-0.90792,-0.67576,-0.59124,-0.3454
144116,-0.33122,-0.7073,-0.4206,0.06085
144152,-0.19026,-0.12678,0.33764,-0.60214
144198,-0.64207,0.00692,0.48747,-0.59043
144232,0.03202,0.204,-0.05113,-0.50756
144303,-0.17559,-0.31548,0.12337,0.12197
144349,0.5954,-0.95726,-0.39307,-0.36942
144376,-1.41527,2.45969,4.30709,0.06953
144410,-0.37424,0.1063,1.81393,0.24205
144456,1.18042,-0.19261,0.69323,0.83605
144508,-0.3312,-0.24028,0.82838,-0.3714
144535,-0.20358,0.45645,-0.5471,-0.85633
144553,-0.07519,-0.60501,-0.53594,-0.46325
144599,0.20856,-0.88089,-0.54034,0.8672
144615,0.82732,0.44507,-0.79554,-1.16777
144651,0.54786,-0.85998,1.21428,0.01657
144713,-0.08386,-0.28564,-0.32031,-0.68638
144731,-0.5664,-0.31804,0.11853,0.43475
144795,-0.23937,-0.61489,0.16691,-0.39486
144893,2.27308,-1.28481,-0.18105,2.73889
144928,0.38037,-0.57385,-0.47741,0.38853
144964,-0.19321,-0.2719,1.63961,-0.37745
144991,0.51955,-0.51915,-0.02493,0.55999
145042,0.48904,1.21043,3.62337,1.98595
145104,0.33872,-0.70707,0.0512,-1.00874
145140,-0.42799,0.27987,-0.26096,-0.19006
145202,-0.10757,-0.86875,0.16117,-0.13521
145220,-0.64893,-0.09341,1.53986,0.25876
145275,1.98545,-0.89615,-0.26307,0.11849
145293,-0.38618,-0.79018,-0.41961,-0.56406
145355,1.24799,-0.42874,-0.54446,-0.96249
145382,-0.12055,0.17799,-0.02815,0.80175
145408,-0.07526,-0.54801,0.98554,-0.26687
145471,-0.69033,-0.5308,-0.2633,-0.49574
145499,-0.05169,-0.42515,-0.48191,-0.06438
145603,-0.75114,-0.73667,-0.00405,-0.11215
145667,-0.4674,-0.44083,-0.72088,-0.06536
145738,1.69239,0.53614,-0.08347,0.5018
145765,-0.95321,-0.92139,-0.27182,-0.51359
145792,-0.58208,-0.60655,0.59694,-0.3875
145827,2.67064,-0.93665,-1.45311,0.72101
145907,0.684,-0.94299,0.02962,0.87736
145934,1.09304,-0.70044,0.02818,-0.77233
145961,0.3979,3.20467,-0.60767,1.28723
145998,-0.52775,0.37756,0.25075,0.65064
146012,-0.00311,0.84044,-1.27471,2.79999
146021,2.59388,-0.80714,1.52228,0.94248
146263,-0.92744,-0.97714,-0.71094,-0.42456
146281,-0.53196,-0.3995,-0.36545,-0.74416
146325,-0.29186,-0.49529,-0.09445,-0.34336
146370,-0.76766,-0.52269,-0.48287,-0.45045
146432,-0.86661,-0.89952,-0.67906,-0.30412
146502,-0.8586,-0.82115,-0.71085,-0.33416
146539,-0.84557,-0.86023,-0.64551,-0.41083
146584,-0.73089,-0.99162,-0.57418,-0.36962
146628,-0.79298,-0.93208,-0.62355,-0.41247
146655,-0.93836,-0.47424,-0.45721,-0.62955
146708,0.09119,-0.49165,-0.24732,0.11787
146744,-0.78938,-0.74778,-0.72051,-0.46283
146799,-0.59603,-0.56128,-0.35053,-0.3329
146860,-0.06273,-0.98769,0.00907,-0.19834
146904,1.01222,-0.96042,-0.31458,0.03561
146931,0.57727,-0.5027,-1.04394,0.25808
146995,-0.61538,0.07835,-0.04597,-0.55605
147036,-0.85559,-0.1103,-0.14603,-0.65606
147054,1.41945,-0.3133,0.38476,0.50056
147072,-0.54585,0.89715,-0.54788,0.07025
147134,2.43488,-1.74639,0.12738,1.03188
147161,0.80236,-0.79162,0.25214,0.409
147205,0.02135,0.89824,0.00293,-0.33388
147241,0.82621,-0.78419,0.35159,0.86737
147358,-0.5782,-0.31133,-0.31167,-0.11376
147465,-0.75874,0.41594,-0.18705,0.04179
147526,0.15271,-0.00542,-0.24307,-0.21835
147580,2.06093,-0.98158,-0.3426,0.81486
147633,-0.86515,-0.57385,-0.2259,-0.11187
147660,-0.33854,-0.33091,0.10164,-0.56383
147713,0.21451,0.08079,-0.63501,-0.34681
147786,0.15216,-0.75922,-0.66607,-0.7119
147884,1.3234,-0.39397,-0.46404,-0.59872
147937,-0.26146,-0.71283,-0.53401,-0.26311
148006,-0.52119,-0.26065,0.25224,0.03026
148097,2.47779,-0.92988,-0.73602,-0.66174
148131,-0.67179,-0.36962,0.08397,-0.14436
148202,-0.73707,1.57781,1.09216,1.2341
148293,-0.69784,-0.73863,-0.04692,-0.30886
148328,0.80136,-0.11361,0.38962,-1.53525
148382,2.95233,0.4001,-0.34596,1.16618
148426,-0.73882,-0.53493,-0.3464,-0.48548
148453,-0.27706,-0.19719,-0.31953,1.54837
148514,0.06281,-0.59931,-0.15455,-0.35365
148612,-0.65924,1.94683,-0.85813,0.0331
148667,-0.72043,-0.04304,-0.53651,-0.19381
148694,0.46797,0.12283,0.35852,0.00066
148729,-0.71995,0.1996,-0.30165,-0.06332
148765,-0.51537,-0.62799,-0.56688,0.19412
148872,-0.23114,-0.32415,-0.21997,-0.56907
148916,0.28403,0.10399,0.18978,-0.47615
148970,1.04558,-0.08951,-0.62055,1.07218
149049,0.33496,-0.89427,0.16121,1.06722
149101,1.27784,-0.5819,0.88131,0.78431
149138,-0.29193,-1.21068,-1.63607,4.74463
149183,-0.51444,0.24624,-0.2613,0.93609
149227,0.50732,-0.54814,-0.64289,0.11922
149290,-0.68313,-0.87493,-0.58175,-0.22636
149316,-0.55878,-0.65294,-0.30312,-0.2632
149370,0.027,-0.82437,0.09878,0.89115
149414,-0.76229,-0.3223,-0.52978,-0.22377
149502,0.1546,0.20617,-0.05275,-0.24134
149539,-0.586,0.34899,-0.64986,-0.16049
149584,0.71999,-0.98876,0.71131,1.4039
149655,-0.28481,1.42237,-0.88181,-0.58917
149682,-0.11113,1.48365,-0.86502,-0.95009
149753,-0.21397,-0.59313,-0.49983,0.13554
149780,-1.003,-0.45508,0.7192,0.39534
149833,0.76141,-0.56986,-0.38815,-1.3871
149851,0.21153,-0.49679,0.74062,-0.02361
149931,0.71905,-0.96271,0.12097,0.48658
149968,-0.49033,-0.63256,-0.39162,0.61943
150043,-0.09336,-0.47433,-0.27764,-0.44089
150070,-0.47094,-0.5586,-0.04911,-0.08272
150114,-0.2482,-0.20281,-0.66406,-0.24477
150178,-0.95715,0.32193,0.20903,-0.74376
150196,-0.09142,-0.64948,-0.58356,-0.13501
150221,-1.32771,-0.90202,4.17756,1.80363
150258,-0.15785,-0.44023,-0.33038,-0.33609
150294,-0.69346,0.08066,-0.21515,0.4097
150310,1.66956,-0.24453,-1.3777,0.26021
150356,0.28296,-0.96809,0.30256,0.4047
150418,-0.15038,-0.07102,0.28767,1.00014
150445,-0.95609,0.40011,-0.12983,-0.45495
150524,-0.60721,-0.36483,-0.4144,-0.14124
150588,0.17641,-0.6431,-0.57082,-0.46195
150702,-0.76056,1.05388,1.18484,0.01152
150766,-0.59125,-0.58825,-0.41012,0.47175
150891,1.2823,1.50526,0.4091,-1.00512
150935,-0.51897,-0.71643,-0.44958,-0.26162
150980,-0.34319,0.36509,0.37009,-0.05614
151022,1.35515,0.52268,-1.11133,0.30275
151077,-0.42291,0.23852,-0.41979,-0.23336
151095,-0.0873,0.17882,0.43884,1.07419
151120,-0.59103,-0.58783,-0.04479,0.10688
151157,0.84073,-0.67873,4.16417,-0.78902
151246,0.32957,-0.37045,0.56031,0.36436
151344,0.30433,-0.52538,-0.44432,0.01832
151433,-0.8574,0.00028,-0.05133,-0.11053
151442,3.08696,-0.809,0.61305,1.35585
151451,-0.67551,0.4816,-0.99073,-0.35339
151460,-0.62031,-0.32002,-0.43873,-0.16089
151479,-0.2132,-0.68097,-0.3358,-0.53412
151488,-0.36872,-0.48836,-0.33397,-0.6855
151497,-0.57612,0.74769,-0.04684,-0.08483
151503,0.13387,-0.84478,0.19957,0.11052
151512,1.14665,-0.22479,-0.6112,-1.30224
151521,-1.13163,3.69919,1.73087,0.0513
151530,3.509,-1.31649,0.73343,-0.06664
151549,1.65095,-0.46867,0.09484,-0.10217
151558,-0.30522,-0.05246,-0.43399,-0.59126
151567,0.79405,0.94046,-1.18925,0.80765
151576,-0.59832,0.24371,0.44247,-0.44769
151585,-0.48322,0.76427,2.24244,-0.47156
151683,-0.46027,-0.52726,-0.47088,-0.04865
151709,0.41341,1.96975,-0.99109,0.51512
151736,0.66439,0.64565,-1.19249,-0.73714
151763,3.30029,-0.13534,-1.81348,1.17466
151790,-0.84621,-0.87259,-0.70167,-0.38231
151816,-0.15641,-0.51876,-0.56954,-0.48554
151834,-0.64327,1.82254,-0.66167,-1.31103
151870,-0.86304,-0.94867,-0.55614,-0.22652
151905,-0.49932,-0.39894,-0.71529,-0.32815
151932,2.33192,-0.45674,0.51153,-0.00588
151978,-0.35537,-0.5577,-0.16233,-0.71489
151996,0.90279,0.89701,-0.59247,-0.95828
152038,-0.20748,-0.5415,0.52894,1.1057
152083,1.10804,-0.98586,-0.27937,-0.13749
152127,-0.05667,-0.17037,0.72041,0.53884
152172,-0.30626,-0.56224,0.74453,-1.06104
152234,-1.13309,0.17752,0.04532,0.36795
152252,0.55407,-0.81667,-0.09775,-0.00421
152270,0.80721,0.52488,0.84464,1.20275
152314,0.85181,2.21313,1.82676,-1.95218
152332,-0.58112,-0.4351,-0.42843,-0.18364
152350,0.01547,0.09891,0.06472,-0.71569
152412,2.73662,-0.10364,-0.02561,0.15521
152467,2.86836,-0.38226,-0.47072,0.84493
152500,0.27258,0.23368,-0.50372,-0.11943
152528,0.86927,-0.70058,0.21022,1.42772
152564,0.93605,-1.547,1.36984,2.27733
152582,0.10531,-0.43288,1.35323,1.48425
152617,0.38266,0.82526,-0.38304,0.02018
152662,0.66672,0.58194,-1.40782,1.44857
152760,0.82171,-0.47202,-0.53003,0.68101
152797,1.59566,2.62216,-1.314,3.55763
152868,-0.36989,0.50609,0.11132,0.6556
152902,-0.60144,-0.18926,-0.46891,-0.26707
152948,0.95787,0.44356,1.96386,-0.29808
152993,0.09494,0.29665,1.27181,-0.73265
153026,-0.26332,1.26067,-0.20657,-0.55151
153062,-0.40321,-0.63941,-0.39682,-0.12468
153106,-0.06695,0.76531,-0.6566,0.04941
153124,0.66797,0.2773,0.43421,1.74007
153151,-0.92845,0.55765,0.18186,-0.36589
153204,-0.04981,-0.40779,-0.52068,0.04123
153240,0.14064,0.01932,0.07441,0.64843
153277,-0.29176,-0.62819,-0.44322,-0.15143
153295,0.40889,0.37968,-0.75913,-0.13904
153339,-0.08372,0.22958,-0.89581,0.30556
153384,5.35348,0.24953,-2.45229,1.2848
153400,0.37013,0.58276,-0.29205,-0.05849
153437,0.09437,2.49737,2.74778,3.84549
153473,-1.76724,1.80192,2.40243,2.76873
153507,-0.17293,-0.74083,-0.58495,-0.14495
153543,0.0694,-0.38747,-1.18242,1.23389
153561,-0.72369,-0.14852,-0.06431,-0.17511
153589,1.73686,-0.01613,-1.00035,-0.0931
153605,-0.51121,0.60944,-0.74333,0.05129
153623,0.19237,-0.85822,2.22211,-0.11774
153696,-0.37675,0.55197,-0.1975,0.32467
153776,-0.45578,-0.44626,-0.01167,0.14234
153829,1.92249,0.91888,-0.90851,0.85522
153865,0.19732,1.57935,0.51614,0.10634
153909,1.72799,-0.04979,3.76676,0.82827
153936,1.37493,0.83138,0.35218,3.72471
154013,-0.45814,-0.31248,0.55483,0.35867
154068,0.90145,1.43818,2.16152,2.58262
154139,-0.53566,0.49195,0.83471,1.19131
154166,-0.58292,1.92134,0.89306,0.77989
154184,-0.00217,1.1964,-0.7296,-0.61114
154228,0.66798,0.38688,-0.99804,0.2071
154282,1.88268,0.79367,-1.98674,0.14545
154308,1.26447,-0.14032,1.33082,-1.68687
154344,0.43053,1.45883,-0.40249,-0.27993
154380,-0.91906,-0.74137,-0.13277,2.07586
154415,0.5862,0.45576,-0.22728,0.253
154460,0.24133,1.1539,-0.82577,0.18534
154497,0.08738,0.00125,-0.3364,0.19396
154521,-0.00102,1.47213,0.22335,-0.93115
154585,1.16417,-0.33967,0.35596,1.4042
154665,0.25381,-0.45195,-0.66968,-0.27257
154709,-0.59933,2.47705,-0.20193,-0.82859
154736,2.96345,-1.16546,2.46269,-0.20425
154754,0.1594,3.01257,-0.77559,0.58528
154790,-0.3941,0.8523,-0.50477,-0.22302
154834,0.27056,1.308,0.3153,0.90234
154852,0.01763,-0.38859,-0.63915,-0.08841
154914,0.40664,-0.35866,0.23309,0.64884
154932,-0.10409,2.74062,-1.18949,0.25178
154978,0.52374,-0.15911,0.33908,-0.57534
154996,0.06781,2.33974,-1.29422,1.14896
155083,0.33212,0.49614,1.47849,0.70201
155092,1.74906,0.29712,0.13201,-0.69989
155109,0.23718,-0.13576,0.16714,-0.16773
155118,-0.21377,0.81447,0.75471,0.56023
155127,0.01885,0.5552,-0.97868,-0.28004
155136,-0.77894,0.09846,2.00656,0.51176
155145,-0.33476,2.27858,-0.92733,-0.03553
155154,1.55807,-0.02693,-0.13241,-0.75081
155243,-0.81802,-0.99512,-0.76874,-0.40656
155261,-0.93735,-0.80647,-0.58088,-0.35253
155289,0.6783,-1.33778,-0.74557,0.0488
155314,-0.82054,-0.79133,-0.6547,-0.51735
155350,-0.93936,-0.59289,-0.7741,-0.41058
155403,-0.50919,-0.76279,-0.22197,-0.31027
155458,-0.98003,0.41784,0.07471,0.46963
155494,0.24854,-0.76595,-0.44732,0.15328
155528,0.37287,0.19992,0.97104,0.14213
155546,0.86555,-0.16592,0.74673,-1.85877
155591,-0.22868,-0.05743,0.46965,0.08247
155662,-0.22342,0.76166,0.64322,0.06102
155724,-0.36053,-0.57866,0.44605,0.21361
155760,-0.21127,-0.77374,-0.67756,-0.3578
155797,-0.69493,0.00463,-0.79469,-0.12975
155840,-0.6459,-0.52894,0.56047,-0.27306
155911,0.17397,-0.58013,-0.4886,-0.49066
155957,-0.027,0.39761,-0.27177,-0.13524
156035,-0.57721,-0.07357,-0.57143,-0.16026
156106,0.10192,-0.6774,-1.09399,0.65437
156151,-0.59535,2.83554,-0.67864,0.02202
156213,0.50895,0.04327,-0.10554,0.33738
156259,-0.91236,0.4059,-0.81696,0.05535
156277,-0.4122,-0.24594,-0.26791,-0.22173
156311,-0.54749,-0.25731,-0.17429,-0.29599
156357,-0.57844,-0.48137,-0.23402,-0.31456
156437,-0.12635,-0.2063,-0.34154,-0.14695
156473,-0.7453,-0.77076,-0.20212,-0.02141
156534,-1.47434,0.48862,1.95422,0.54159
156589,0.01296,0.44803,1.05105,0.96888
156623,-0.67169,-0.20226,0.39137,0.04282
156669,-0.07834,-0.52626,-0.30112,-0.03672
156712,-0.46595,0.24615,-0.08224,-0.46202
156767,0.18127,-0.46791,-0.77561,-0.60193
156801,0.40192,-1.08747,-0.14004,-0.08672
156927,-0.76817,-0.42877,-0.29188,0.34293
157004,-0.70437,0.4345,0.70853,-0.0986
157031,-0.67929,-0.33368,-0.54805,-0.58637
157086,-0.6104,-0.60417,-0.23737,-0.41613
157193,0.04115,-0.43826,-0.44473,0.58489
157246,0.02908,-1.65516,0.45605,0.9547
157273,1.63524,-1.64869,1.6422,2.26342
157317,-0.23896,-0.37503,-0.36702,-0.78439
157362,1.07772,-0.17798,-0.7318,-1.51992
157424,-0.49389,-0.7959,-0.37749,-0.31446
157451,-0.20787,0.14319,-0.45987,-0.11701
157497,-0.60427,-0.49283,-0.60679,0.09343
157530,-0.7221,-0.67164,-0.50705,-0.07688
157585,-0.26083,-0.78332,-0.31288,-0.28724
157683,-0.62938,-0.59499,-0.39791,-0.50083
157736,0.45763,0.61758,2.74795,0.74696
157781,0.07164,-0.64716,-0.53251,-0.06249
157834,-1.00683,-0.67727,-0.56869,-0.4809
157898,-0.45439,-0.18379,0.17325,2.56042
157923,-0.2343,0.55687,0.30494,-0.33501
157969,0.44646,1.57086,0.45578,-1.15436
158010,-0.40324,1.32813,-1.26593,0.04701
158065,-0.98943,1.79193,-1.76948,-0.67888
158109,-0.67627,-0.67245,-0.61588,-0.39465
158136,-0.34925,3.31098,-0.92146,-0.11706
158181,-0.56931,-0.51998,-0.78996,-0.3505
158243,-0.42858,-0.52048,-0.52757,-0.55565
158314,-0.74938,-0.79694,-0.49709,-0.37033
158396,0.10702,-0.53221,-0.16805,-0.71938
158449,-0.64389,-0.70594,-0.44712,-0.67691
158528,0.98376,1.29047,-0.31695,0.57862
158564,-0.77306,-0.88374,-0.65665,-0.33291
158608,-0.15424,2.79199,3.45656,-1.36471
158653,0.11382,-0.04038,-1.72099,0.23769
158699,-0.61028,-0.64947,-0.79119,-0.44053
158733,0.51851,-0.63542,0.36183,0.88341
158779,-0.8193,-0.62437,-0.76356,-0.46521
158804,2.70499,-0.38399,-1.72715,1.42128
158859,-0.26264,-0.41936,-0.45494,-0.49902
158895,0.76753,-0.07794,-0.37608,0.11809
158966,-0.46429,-0.6007,-0.72843,-0.24461
159035,-0.68528,-0.4595,-0.05499,-0.22444
159071,-0.4747,-0.21433,-0.17243,1.50312
159142,0.06041,-0.55058,0.03763,0.55858
159213,-0.55376,-0.61403,-0.56389,-0.38051
159259,-0.84227,-0.86699,1.09231,-0.23898
159339,0.15296,-0.84482,-0.32226,-0.00825
159366,-0.58227,1.29351,0.51097,-0.24801
159375,1.00361,-0.91386,0.05304,-0.24245
159384,0.85983,-0.18099,1.78846,-0.12923
159393,-0.42431,-0.80271,0.34575,-0.38595
159400,0.08789,-0.51993,-0.02719,0.18288
159419,1.9158,1.29651,-1.65617,-2.08925
159428,-0.46749,-0.55181,-0.05924,-0.67832
159437,2.57659,0.93008,-0.07436,0.56458
159446,0.26534,0.58628,-0.24804,0.37408
159455,0.02918,0.7933,0.2703,1.34034
159464,-0.62653,-0.51953,-0.37207,-0.27205
159473,-0.42961,0.51306,-0.60811,-0.15745
159482,0.03303,0.8499,-0.35593,0.06749
159491,0.92741,0.56961,-0.28828,0.2934
159507,0.16446,0.50954,1.22539,-0.59614
159516,-0.8258,-1.0966,0.54047,0.07361
159525,0.18832,1.16385,-0.85209,0.17664
159614,-0.75979,-0.94575,-0.56966,-0.43901
159650,0.19335,-0.84071,-0.70141,-0.27406
159687,-0.63073,-0.86457,-0.41667,-0.06606
159730,-0.58337,-0.15586,1.06841,-0.26639
159767,-0.66567,-0.63274,-0.17837,-0.2812
159785,0.5313,-1.12713,-0.6142,0.47189
159847,2.02913,3.12963,-2.56612,0.97254
159883,0.33141,0.37797,0.25394,-0.29423
159945,2.19039,0.84172,-1.26591,0.49732
159963,-0.18193,0.39885,-0.05345,-0.29416
160047,1.7005,1.19388,3.49632,0.38027
160092,1.0431,0.07226,-0.57558,-0.74782
160127,-0.31369,-0.29869,-0.13068,0.45911
160172,1.55178,1.02006,-0.69763,-1.14268
160225,0.09811,-0.17082,-0.4003,-0.20796
160261,-0.5273,0.08215,-0.19553,-0.50733
160305,-0.20357,-0.42997,0.24338,0.07287
160323,2.3962,-0.87812,1.35374,-1.17307
160387,-0.38948,-0.53821,-0.59585,-0.44498
160430,-0.40065,-0.67046,0.75433,-0.10146
160476,-0.69118,1.48031,0.55545,-0.26403
160528,-0.16948,0.40394,-0.30828,-0.00802
160564,-0.47307,-0.39298,0.02893,-0.29766
160617,-0.60339,0.34545,0.12705,-0.08443
160644,-0.87556,0.4051,-0.28391,-0.87622
160680,0.26825,-0.68243,0.17713,-0.02803
160724,-0.46446,0.93316,-1.18387,-0.66164
160779,-0.3086,1.0028,-0.40111,1.89202
160831,-0.07962,0.30514,0.28876,0.3967
160877,0.10228,1.35782,0.40435,-0.9603
160911,-0.70952,0.19967,-0.76247,-0.38534
160993,0.0391,-0.70354,-0.81014,0.34045
161035,-0.62277,1.66673,-1.24317,-0.18986
161053,0.80674,-0.81033,-0.83806,-0.56275
161106,-0.21531,-0.26157,0.20674,0.34405
161133,3.61626,2.02837,2.10342,1.85848
161151,0.48952,-0.50819,0.6167,0.06
161179,-1.15675,0.91437,-0.34458,0.25367
161231,-0.00323,0.71989,-0.8049,-0.10294
161259,0.13533,-0.28284,-0.34585,-0.07268
161286,1.09947,0.35686,0.56248,-0.12108
161302,0.4467,-1.11985,-0.6322,0.30566
161348,-0.22286,-0.51846,-0.57972,-0.07152
161384,-0.60366,0.79504,-1.03659,-0.05053
161464,-0.52384,0.01739,-0.65722,-0.08314
161482,-0.46724,-1.19754,1.54647,-0.26555
161525,4.48693,1.32324,0.76879,-2.31982
161543,-0.4228,-0.26214,-0.25123,-0.02692
161552,-0.52959,1.16401,-0.2135,-0.06163
161561,-0.95794,0.02893,0.29555,0.07663
161794,-0.82289,-0.71523,-0.49791,-0.36042
161829,-0.55524,-0.81815,-0.29046,-0.0165
161856,-0.51813,-0.83634,0.13703,-0.59169
161945,-1.14634,0.98979,-1.47841,-0.51756
162014,-0.74041,0.33872,0.31673,-0.63796
162069,1.9488,-0.68445,1.5674,0.42249
162149,1.67056,0.67475,0.30101,-0.77813
162194,2.64385,-1.55921,1.38192,2.34946
162327,1.13206,-0.38502,-0.60304,-0.50268
162381,-0.00312,0.4369,1.50246,2.80064
162452,-1.23341,4.41153,-0.13263,0.24863
162498,0.9395,-0.26504,-0.56307,-0.15451
162559,0.2293,0.30346,1.1281,-0.59794
162693,-0.68345,0.50329,-0.53469,0.16696
162871,-0.00853,0.27633,-0.38712,1.06149
162924,2.33167,0.63304,0.6857,1.55646
163002,-0.40794,-0.52152,0.28281,0.32895
163057,-0.75711,0.33921,1.26283,-0.37084
163137,1.2569,-0.50093,-0.27582,0.81455
163208,2.38628,-1.12791,-0.64422,2.3845
163253,-0.06976,1.8059,0.20743,0.61816
163324,0.10668,0.1189,0.71921,0.66263
163379,-0.39365,0.98467,-0.27587,-0.51466
163486,-0.8343,0.53033,0.17636,-0.25217
163618,-0.29635,-0.25996,-0.58999,-0.08362
163681,0.78641,-0.25812,0.88691,-1.64564
163734,1.18984,-0.19021,0.94785,-0.87849
163789,-0.47281,0.93949,-0.18768,0.29136
163832,-0.80064,1.33367,1.91119,0.2356
163903,-0.95789,4.04177,-0.37259,1.49595
164062,-0.28229,0.65906,0.67881,0.52598
164133,0.10158,-0.75833,-0.81202,-0.43264
164197,-0.52088,0.35619,1.25603,-0.03307
164277,-0.9023,-0.72468,5.15552,0.42913
164339,0.02416,0.71509,1.62925,2.53743
164393,0.55903,0.23372,0.98383,0.36304
164543,-0.23392,0.03924,-0.48802,-0.25514
164598,0.54153,-0.45677,-0.47983,-0.74782
164687,0.67895,-0.42744,-0.3335,0.2515
164749,-0.23698,-0.27927,-0.49532,0.38366
164829,-0.30189,1.79511,1.09462,4.55798
164892,0.41239,0.20273,0.34393,-0.66661
164936,-0.10302,0.14662,-0.71452,-0.81262
164981,-0.59651,-0.67082,-0.23407,0.38879
165069,1.88606,1.87499,-0.93827,-1.01969
165130,2.84253,1.24388,-1.83371,2.38045
165185,0.07625,-0.02714,-0.20547,-0.17011
165274,-1.16557,1.93274,0.38458,-0.55705
165336,0.71926,0.88308,-0.11638,-1.23644
165416,-0.55421,-0.34482,0.91715,0.5402
165470,-0.77969,-0.04218,0.4803,-0.08654
165611,-1.25861,-0.64882,1.61942,-0.02129
165719,0.3745,3.30103,0.28448,-0.73919
165817,0.5208,1.33826,-0.06674,-0.83904
165899,-0.44675,0.02125,0.15765,0.11524
165979,0.61299,-0.26362,1.60867,0.46106
166057,0.11924,1.20122,-0.20582,-0.65209
166137,-0.06752,-0.07984,0.63832,-0.59955
166182,-0.23372,1.13596,0.702,-0.53935
166235,-0.52923,0.53926,0.1552,-0.30595
166315,0.34289,-0.95907,0.79576,1.91383
166413,-0.12574,0.41879,-0.75866,1.36359
166529,-0.56544,-0.17146,0.13626,-0.22914
166636,-1.52858,1.71817,2.42911,3.40744
166672,0.88655,-0.39698,-0.28778,2.01187
166707,-0.03029,1.78546,0.92637,-0.16522
166770,0.08811,0.06191,0.01004,0.19536
166869,3.42782,-1.53821,1.45538,1.52889
166985,-0.30464,0.06947,0.30561,1.81976
167035,4.95338,-0.78054,-0.92221,-2.47237
167071,0.94005,0.16154,-0.29928,-1.31524
167179,-0.62283,-0.20477,0.17918,-0.10531
167231,2.43685,3.11548,-1.31228,0.7495
167240,0.33455,2.80566,4.01402,-0.4421
167259,0.69543,0.96099,0.81446,-0.95453
167268,0.11126,1.94718,1.36352,-2.79749
167277,-0.58476,2.63749,3.92141,-2.11067
167286,-0.29885,0.76395,-0.85898,0.9358
167295,0.64642,0.31009,0.02985,-0.63496
167302,-0.53682,-0.58514,-0.31029,0.6057
167311,1.18234,-0.08979,0.53434,-0.96737
167320,0.61616,-0.0421,0.00524,-0.96643
167473,-0.93006,-0.93328,-0.679,-0.41432
167641,-0.81321,-0.06867,0.13361,1.61165
167696,0.56993,-0.79623,-0.16213,-0.16066
167794,-0.71794,-0.85779,-0.50194,-0.29634
167909,0.78342,-1.53366,0.1169,0.80393
167981,-0.78338,-0.85897,-0.62162,-0.4617
168041,-0.59953,-0.95446,-0.66008,-0.35032
168130,1.03937,-1.50969,0.55039,1.11284
168229,1.4279,-0.14315,-1.00899,-0.41175
168309,-0.46817,2.89801,1.07681,-0.70475
168372,-0.32886,-0.92598,-0.17005,0.703
168452,-0.59806,-0.78795,-0.5293,-0.33496
168559,-0.59886,-0.83921,-0.22606,0.10732
168602,-0.2162,-0.1594,-0.02718,-0.1197
168675,0.54186,-0.66949,-0.31228,0.04974
168755,0.36593,-0.5847,2.4667,0.02548
168791,0.08951,-0.8937,-0.28128,-0.64074
168880,-0.51173,-0.90159,-0.43269,-0.68863
168960,-1.41922,1.03578,-0.14969,2.87384
169039,0.33936,0.30686,-0.16469,0.19792
169119,-0.23374,-0.20762,-0.28329,0.53157
169182,-0.62076,0.53242,0.51299,-0.67718
169253,-0.46383,-0.47154,0.65659,-0.79135
169306,-0.28354,0.68705,0.54037,0.11032
169351,0.71341,0.52775,-0.77428,-0.02313
169404,0.18395,0.19247,1.41224,-1.66883
169547,0.67065,0.48092,-0.07501,-0.11368
169583,0.591,-0.34922,1.87115,0.04785
169681,0.02369,0.1047,0.78938,-0.69816
169896,4.06559,2.34277,0.72994,-1.00994
169994,-0.36545,-0.48581,-0.22536,0.04668
170097,0.62947,0.19635,0.09275,1.76145
170168,-0.30147,-0.16894,2.13236,-0.46265
170220,0.11372,-0.1794,-0.86255,-0.66888
170346,-0.33526,-0.86154,0.21069,1.01746
170444,-0.28765,0.03397,0.29903,0.28632
170514,-0.18772,-0.12086,-0.64171,0.00785
170612,0.71494,-1.01052,0.84034,-0.63164
170685,-0.31803,1.96624,0.97081,-0.99991
170792,0.80243,-0.77236,0.36398,0.04243
170872,-0.35444,-0.09002,0.22724,0.50155
170952,-0.20078,-0.08759,-0.24534,0.76896
171021,1.34206,0.0177,1.14388,0.00391
171067,-0.16887,-0.5337,-0.00471,-0.12939
171101,0.94694,0.3853,0.03708,0.17706
171209,2.39924,0.4988,-1.03594,-1.31309
171272,-0.75605,0.74105,1.0446,-0.31101
171325,-0.80853,-0.53831,-0.18549,-0.6129
171469,-0.50428,0.44404,-0.59451,-0.24957
171539,-0.37604,-0.18806,-0.27108,-0.41327
171628,1.67702,-0.70505,-0.40137,-0.42865
171806,-0.54654,-0.07413,-0.23977,-0.61507
171879,1.008,-0.83647,0.20176,-0.04521
171931,-1.29707,1.60059,3.44323,-1.38916
171995,-2.04925,1.62501,3.14096,1.10921
172082,0.50398,-1.04941,-0.74267,0.35998
172153,-0.54326,0.99322,0.05719,-0.19341
172279,0.11902,-0.06952,0.66009,0.93792
172340,-0.38511,1.20181,-1.4388,0.77634
172377,0.65319,-0.62589,-0.06729,0.16459
172457,1.01868,-0.76748,-1.09633,0.86586
172509,0.03662,-0.74704,0.33464,-0.22786
172581,0.38158,2.55247,0.7276,0.8844
172698,-0.01854,0.2059,1.21505,-0.63711
172812,-1.22207,0.92179,2.71213,2.11938
172894,1.30542,-0.1485,-1.00767,1.08164
172947,-1.12195,1.66981,0.23081,2.45275
172992,0.0591,-0.52154,1.90319,0.06378
173061,-0.51243,-0.53379,-0.45347,0.14511
173132,0.28766,0.73742,3.52088,1.49783
173230,0.95742,-0.80352,0.36586,-1.28045
173374,-0.92933,1.07525,-0.60141,-0.32939
173533,1.98044,-0.84383,-0.83184,-0.18866
173597,0.26432,-0.68315,-0.44865,-0.34493
173686,0.28126,0.95622,-0.06707,-0.05466
173748,-0.52633,0.67654,-0.24266,-0.07436
173793,0.03633,-0.40847,-0.0183,-0.47418
173855,-0.83059,0.8591,0.733,1.56526
173935,0.59386,-0.41558,-0.65382,-0.64939
174021,-0.68753,-0.80435,-0.55718,-0.29315
174085,-0.82834,0.33601,2.72207,-0.19243
174156,-0.97051,-0.68304,-0.52578,-0.44874
174218,5.0051,-0.2394,-0.96726,-3.39579
174254,0.06564,-0.83412,-0.06016,0.06797
174290,1.5608,1.20623,-1.33347,2.12104
174496,1.92295,0.39551,0.86454,-0.82055
174502,0.07566,-0.61193,0.66478,-0.41194
174511,-0.53509,1.27702,-0.23426,2.11308
174520,1.61742,0.27191,1.20815,0.19457
174744,-0.75928,-0.85482,-0.39081,-0.16822
174780,1.41698,-0.75336,-0.13512,0.07382
174824,-0.1548,-0.77958,-0.65901,-0.47897
174860,-0.07448,-0.33927,-0.4412,-0.37805
174922,-0.42343,-0.41709,-0.30072,-0.26717
175019,-0.42671,-0.93237,-0.41992,-0.30971
175055,-0.74811,-0.72568,-0.40265,0.84983
175126,0.88863,0.88953,1.70621,1.14569
175206,0.24106,0.56471,-0.83442,0.20516
175224,-0.03972,-0.47934,-0.27481,-0.41396
175260,2.29135,3.03239,-1.06059,0.08811
175368,-0.83929,1.75667,-1.65392,-0.5592
175439,0.03286,0.12774,-0.28976,0.28538
175466,0.33971,0.00261,0.78572,-0.17827
175509,0.36626,0.68616,-0.13637,-0.03719
175590,-0.01646,-0.4487,-0.32336,-0.47098
175670,-0.04436,-0.72609,-0.45701,-0.06254
175732,-0.51032,-0.33668,0.66057,-0.80584
175787,0.0238,-0.56521,0.24278,0.307
175885,-0.72757,-0.66713,-0.66655,-0.27885
175938,-1.05302,0.18118,-0.83721,-0.18856
175983,-0.35035,-0.60048,-0.06484,0.09996
176150,2.11814,0.14765,-0.51214,-1.33153
176212,-0.16929,-0.43476,-0.17143,-0.43182
176301,-0.62997,-0.541,-0.58004,-0.07568
176338,0.05392,-0.70866,0.14796,0.49716
176445,-0.5525,-0.28845,-0.01613,-0.27282
176506,0.26164,0.66312,-0.22852,0.30278
176551,0.86344,-1.45926,3.80152,1.29748
176613,-0.34943,-0.5867,-0.54012,-0.33584
176686,-0.42049,-0.50127,-0.22999,-0.21258
176748,-0.41144,-0.53151,-0.4774,-0.46615
176793,-0.08267,-0.51761,-0.21833,-0.16068
176855,-0.39001,1.64771,0.8058,-0.74838
176891,-0.46088,-0.89188,-0.14421,2.01887
176944,-0.19264,-0.16618,0.33373,0.52168
177003,-0.50244,-0.25884,0.0795,0.06361
177101,0.1168,-0.90783,0.35174,0.68007
177236,-0.47129,-1.0721,-0.48295,0.11142
177263,0.27564,3.08673,0.79529,0.11062
177352,0.62073,-0.75974,-0.37536,-0.39833
177405,-0.77399,0.00713,0.43225,0.72083
177469,1.86405,0.51934,0.92437,0.08731
177557,-0.53749,-0.40316,-0.65427,0.22463
177600,0.24078,0.1723,0.11127,0.31212
177655,-0.28078,0.34521,-0.31271,-0.22073
177726,0.37184,-0.82187,0.72512,-0.50026
177762,-0.57801,-0.06176,2.07699,-1.91265
177799,0.34396,-1.13511,-0.51212,-0.3123
177842,2.71107,-1.04049,-0.88379,-2.69695
177879,-0.86169,0.77458,0.32506,0.21388
177986,-0.00075,-0.69257,-0.19908,-0.02205
178046,-1.00681,1.6135,0.36651,0.61005
178117,-0.42169,-0.3796,-0.54093,0.4566
178180,0.18757,-0.31901,-0.55482,-0.19339
178279,-0.61458,-0.51818,-0.65984,-0.31165
178313,-0.11338,0.2192,0.14954,0.43938
178377,-0.82705,-0.30015,0.0376,-0.39323
178475,1.29049,0.90896,-0.97063,-0.17658
178545,-0.50236,0.85818,1.42573,-0.63978
178607,-0.97561,0.09174,-0.9559,0.05973
178689,-0.48881,-0.19135,-0.22502,-0.13765
178750,0.4097,-1.01767,0.0921,2.59186
178821,-0.79841,-0.56666,-0.62972,-0.33758
178885,0.46343,-0.06354,-1.34487,2.46288
178894,-0.76615,0.07422,0.5758,0.63797
178901,-0.42723,-0.71145,-0.13683,-0.43641
178910,-0.0713,0.81234,-0.41216,-0.15127
178929,-0.4739,-0.6471,-0.20983,-0.00238
178938,-0.6791,-0.78455,-0.49514,0.00064
178947,0.27361,0.10889,-0.27905,1.48623
178956,-0.50449,-0.69584,0.5278,-0.85831
178965,0.94262,1.53652,0.03447,-1.02998
179132,-0.98983,-1.00773,-0.71219,-0.44143
179221,-0.926,-0.94872,-0.69028,-0.40637
179249,-0.54658,-0.61795,-0.42885,-0.49579
179285,-0.88065,-0.86878,-0.66364,-0.50771
179310,-0.12247,-0.94273,-0.71788,-0.44936
179347,-0.58244,-0.81484,-0.58225,-0.68598
179383,-1.01514,-0.95226,-0.46651,0.01463
179409,-0.47561,-0.31982,-0.06998,-0.7963
179463,0.37781,-0.81553,-0.33244,-0.69824
179481,-0.90663,-0.84565,-0.67011,-0.38842
179515,-0.95903,-0.88931,-0.73015,-0.45271
179533,-0.95833,-0.96569,-0.68855,-0.36579
179551,-0.76481,-0.88131,-0.72692,-0.50341
179588,-0.52067,-0.25397,-0.39701,-0.53263
179604,-0.21299,3.37137,-0.81447,2.76195
179613,-0.83601,0.54679,-0.24657,-0.254
179622,0.03575,-0.00329,0.15111,-0.19034
179631,-0.52953,0.54148,-0.38211,-0.17831
179640,-0.54105,-0.28819,0.65953,-0.09519
179659,-0.0614,0.68066,-0.97802,0.73526
179677,2.05994,-0.28045,-1.17112,0.4791
179686,-0.76187,-0.48314,0.02248,0.93406
179695,1.37152,0.16838,-0.23207,-0.0761
179702,-0.75813,0.47462,0.25725,0.70756
179711,0.05391,0.8996,-0.04884,-1.25805
179720,1.15676,-0.01989,-0.72801,-0.20454
179739,-0.00946,0.91656,-0.78631,0.57513
179748,-0.52719,0.00757,0.06086,0.58344
179757,-0.72341,-0.00178,-0.11435,0.86442
179766,-0.82284,2.79328,-0.35322,-0.88063
179775,-0.88186,0.19181,0.54113,-0.11147
179784,-0.65588,0.54283,0.57895,0.24467
179793,-0.11911,0.66775,4.55358,-1.67022
179800,-0.55879,1.36731,1.36382,0.3532
179819,-0.06365,-0.60861,-0.22028,-0.18875
179828,0.16616,2.06664,1.25993,-2.04477
179837,0.75515,0.31771,-0.8074,-0.70474
179846,-0.59047,-0.78492,-0.14197,-0.0086
179855,-0.92826,0.0474,1.99217,1.7044
179864,-0.44976,-0.11144,0.0992,-0.16871
179873,1.06548,-1.32723,0.55867,-0.79561
179882,0.53275,1.2206,-0.41125,0.03701
179891,-0.37639,-0.55487,0.24329,1.22913
179908,-0.84601,3.65983,1.40438,-0.34408
179917,1.22999,1.95535,0.19659,0.5351
179926,-0.4609,1.13944,-0.20102,-0.37898
179935,1.26523,-0.87615,0.03315,-0.22964
179944,0.4101,-0.56196,0.36436,1.45761
179953,0.57098,0.06537,-0.63106,-0.00956
179962,0.65002,-0.27867,1.95523,-1.63908
179971,0.72666,2.10032,1.54079,-0.03496
179980,0.56791,0.09355,-0.66087,-0.19417
180000,-1.17838,2.32218,1.04973,0.16864
180019,2.81397,2.51929,-1.60612,1.76211
180028,-1.65606,-0.72926,4.82299,3.29025
180037,0.57576,0.25365,-0.45481,-0.46889
180046,-0.12989,-0.59579,-0.02873,0.28401
180055,-2.03969,1.80798,1.68974,2.71062
180064,1.32655,2.01526,4.9222,-2.94829
180091,-0.83563,0.16676,-0.6481,-0.1969
