,0,1,2,3,4,5,6,7,8,9
0,1.8370382428327043,-1.886944991965399,3.2691381330703813,-0.6631335262139144,0.0,0.0,0.0,0.0,0.0,0.0
1,-0.034027227146087836,0.1644077707432361,-0.07897720619426844,0.11890752577000858,0.0,0.0,0.0,0.0,0.0,0.0
2,-0.02051383444256026,-0.20492202143221533,0.059565129331451375,-0.15545477166066504,0.0,0.0,0.0,0.0,0.0,0.0
3,0.3797673468712737,-1.5853115495619379,0.49524809295314925,0.12116010437507088,0.0,0.0,0.0,0.0,0.0,0.0
4,0.35255748215800525,-1.312811505316882,0.36807901550085775,0.19660408423574843,0.0,0.0,0.0,0.0,0.0,0.0
5,0.07733046147064022,-0.3436504392185611,0.2471492133837841,-0.1745272098802701,0.0,0.0,0.0,0.0,0.0,0.0
6,0.4486355661107933,-1.5638777466411942,-1.2043925635844643,0.294209326537611,0.0,0.0,0.0,0.0,0.0,0.0
7,0.09432029788247757,-0.8225459404532878,0.22388504473187976,0.07093741231495909,0.0,0.0,0.0,0.0,0.0,0.0
8,0.5604844952977358,-0.9955243386030369,1.2761808751579895,-0.043108829473343685,0.0,0.0,0.0,0.0,0.0,0.0
9,0.045713149641015895,-0.15945553114300215,0.5366636576785461,-0.14273737234678777,0.0,0.0,0.0,0.0,0.0,0.0
10,-0.0996956033508762,0.1832814001272346,-0.042985195228764296,-0.010320816509782884,0.0,0.0,0.0,0.0,0.0,0.0
11,-0.12501574643640043,0.19076810723481422,-0.13444167025836645,-0.04414726610724054,0.0,0.0,0.0,0.0,0.0,0.0
12,-0.0767512650777255,0.11955297244660273,0.183298120242701,0.02288366757164348,0.0,0.0,0.0,0.0,0.0,0.0
13,-0.12121395976221666,0.17198491030201504,-0.14873722110897716,0.020627978897982326,0.0,0.0,0.0,0.0,0.0,0.0
14,-0.07593546876420167,-0.08173457540380978,0.1038666175771672,-0.07784574350236383,0.0,0.0,0.0,0.0,0.0,0.0
15,-0.11926514447822882,0.1874997007388133,-0.060063834580569665,0.00902044969859626,0.0,0.0,0.0,0.0,0.0,0.0
16,-0.04084386640311308,-0.12425648214809727,0.3696096001559573,-0.05285716898919337,0.0,0.0,0.0,0.0,0.0,0.0
17,-0.14024145702462582,0.29372613427013783,-0.24055108200443998,0.011288879436417184,0.0,0.0,0.0,0.0,0.0,0.0
18,-0.12711191278404488,0.18835030648437776,-0.26859859503651456,0.02353301559654719,0.0,0.0,0.0,0.0,0.0,0.0
19,-0.13815511829798588,0.2408336112778853,-0.09301608584611992,-0.0058318559973829665,0.0,0.0,0.0,0.0,0.0,0.0
20,-0.10054284806412979,0.1263076813039131,0.10057051100559505,0.07303922748963597,0.0,0.0,0.0,0.0,0.0,0.0
21,-0.15157593633869249,0.30660987450327626,-0.19477954706553424,-0.0045003355514587695,0.0,0.0,0.0,0.0,0.0,0.0
22,-0.08962486267807568,0.1629238931165178,0.0345226752333414,0.08030762558743758,0.0,0.0,0.0,0.0,0.0,0.0
23,-0.11248076294467173,0.22976843553798496,-0.1198461988415137,0.010834432511116454,0.0,0.0,0.0,0.0,0.0,0.0
24,-0.11303048596316598,0.2210334415308355,0.12990426107628503,-0.01952938769760062,0.0,0.0,0.0,0.0,0.0,0.0
25,-0.115010192475241,0.19446224506284635,-0.11534284994556178,-0.017805323008991722,0.0,0.0,0.0,0.0,0.0,0.0
26,-0.10228587382631725,0.2207268428109482,-0.1343203032219557,0.00878052059297401,0.0,0.0,0.0,0.0,0.0,0.0
27,-0.06719138703099908,0.061383099048431755,0.3154804733400478,-0.022866119434009388,0.0,0.0,0.0,0.0,0.0,0.0
28,-0.12607292426948277,0.23770691373043548,0.055608370766373295,0.03217127872623417,0.0,0.0,0.0,0.0,0.0,0.0
29,-0.09925483951510972,0.08260999083094658,-0.01915130543796198,0.0673483815403352,0.0,0.0,0.0,0.0,0.0,0.0
30,-0.06305371227216804,0.0916221825783943,-0.03345647848405123,-0.019726766351176338,0.0,0.0,0.0,0.0,0.0,0.0
31,-0.11941377166272134,0.2574760556391094,-0.008678202346489581,0.0029809919250944564,0.0,0.0,0.0,0.0,0.0,0.0
32,-0.1260018391348769,0.27862650403042555,-0.1144873651082821,-0.07059076231541046,0.0,0.0,0.0,0.0,0.0,0.0
33,-0.1273571144950639,0.21035310125530843,0.04224663610012587,0.04504414297391475,0.0,0.0,0.0,0.0,0.0,0.0
34,-0.07644685962222643,0.13583576066205563,0.10050395778908532,-0.022080454083368034,0.0,0.0,0.0,0.0,0.0,0.0
35,0.004607648028045098,-0.05070185975666035,0.646576702482514,-0.08064163128654249,0.0,0.0,0.0,0.0,0.0,0.0
36,-0.14576412602495897,0.25614671826818586,-0.13511902072965792,0.009581651018964946,0.0,0.0,0.0,0.0,0.0,0.0
37,-0.025574126049779603,0.12110934176878661,0.5599484724089081,-0.03186139679903749,0.0,0.0,0.0,0.0,0.0,0.0
38,-0.11522115131517666,0.16054820729430513,-0.40275881071252256,0.1036971759322636,0.0,0.0,0.0,0.0,0.0,0.0
39,-0.08212678882239477,0.11105747323860535,-0.1258949753188208,0.03369374753364271,0.0,0.0,0.0,0.0,0.0,0.0
40,-0.12520629349251627,0.1872004869296704,-0.10238180743002834,0.00015163600784383222,0.0,0.0,0.0,0.0,0.0,0.0
41,-0.07316610790600472,-0.004047183582191462,0.1891142887548144,-0.04825177511299678,0.0,0.0,0.0,0.0,0.0,0.0
42,-0.07765695531317246,0.15695352923050782,-0.08505752610672614,0.0049238486466222035,0.0,0.0,0.0,0.0,0.0,0.0
43,-0.07116439544153401,0.05548476035503644,0.13543677279903257,0.025848590542404112,0.0,0.0,0.0,0.0,0.0,0.0
44,-0.11815284893660134,0.1768612034323334,-0.14488746511873057,-0.0019295531192598074,0.0,0.0,0.0,0.0,0.0,0.0
45,-0.1407313937846281,0.27384919981784966,-0.35274488285407635,0.034644097295924256,0.0,0.0,0.0,0.0,0.0,0.0
46,-0.1176383715093461,0.2129420497764686,-0.1326869773557841,0.04837847748225604,0.0,0.0,0.0,0.0,0.0,0.0
47,-0.13860153816146573,0.22168951187406782,-0.24261608198535817,0.02178010532572502,0.0,0.0,0.0,0.0,0.0,0.0
48,-0.1381490758450198,0.20799006422407548,-0.23740927898726646,0.08228798411383141,0.0,0.0,0.0,0.0,0.0,0.0
49,-0.06532964124260889,0.14512380851826026,0.24518951020476928,0.04724816893216631,0.0,0.0,0.0,0.0,0.0,0.0
50,-0.1386359877825826,0.27668668254292145,-0.050664070535181016,-0.03514837362705093,0.0,0.0,0.0,0.0,0.0,0.0
51,-0.14708292217297886,0.28996970301717545,-0.20142985212188583,0.003681762864226551,0.0,0.0,0.0,0.0,0.0,0.0
52,-0.12928362738789034,0.16000491182510956,-0.07523435989630474,0.02116804673555392,0.0,0.0,0.0,0.0,0.0,0.0
53,-0.11882487841210694,0.1696934938762807,-0.2374944247362292,0.045631612374454456,0.0,0.0,0.0,0.0,0.0,0.0
54,-0.13689933942600138,0.21554733731473255,-0.20611262512454026,0.03564233257504633,0.0,0.0,0.0,0.0,0.0,0.0
55,-0.14468690045615756,0.2796991730710494,-0.19685049699343674,-0.011260627400763007,0.0,0.0,0.0,0.0,0.0,0.0
56,-0.08463570860059438,0.12455179216411645,0.04951114929703772,-0.06908152895067124,0.0,0.0,0.0,0.0,0.0,0.0
57,-0.13198183482184056,0.1956159878124755,-0.027079510310116437,0.03303335373370337,0.0,0.0,0.0,0.0,0.0,0.0
58,-0.12541740881228078,0.1686958520453894,-0.13628719326109198,-0.03749484154687975,0.0,0.0,0.0,0.0,0.0,0.0
59,-0.07182461275302368,0.18295475815218926,0.07706938170629382,0.05649258495128183,0.0,0.0,0.0,0.0,0.0,0.0
60,0.015870357964449557,-0.002002090822495524,1.1678515551733668,-0.0013342394797074175,0.0,0.0,0.0,0.0,0.0,0.0
61,-0.10088473579433717,0.13514342338463928,0.015137804048768098,0.036275710398525784,0.0,0.0,0.0,0.0,0.0,0.0
62,-0.09279675313704683,0.03130551084321749,0.14804964416990088,0.028530958094858554,0.0,0.0,0.0,0.0,0.0,0.0
63,-0.06934647922460702,0.04651768779864119,0.15891951141574237,0.022117870719894826,0.0,0.0,0.0,0.0,0.0,0.0
64,-0.11219519253235707,0.23069433674843967,0.004909119358378449,-0.04836533516634649,0.0,0.0,0.0,0.0,0.0,0.0
65,-0.08666010038151956,0.06370697808637721,-0.06517001567236026,0.06893729348428577,0.0,0.0,0.0,0.0,0.0,0.0
66,-0.09967460305456338,0.1498389225296475,-0.2236210518338747,-0.01048131724615715,0.0,0.0,0.0,0.0,0.0,0.0
67,-0.062304161517629436,-0.046480517286613704,0.08229001812560513,0.012738339802531447,0.0,0.0,0.0,0.0,0.0,0.0
68,-0.07822283256115788,0.06572236704256719,0.2954563282295078,0.02295155724146578,0.0,0.0,0.0,0.0,0.0,0.0
69,-0.058984244377153355,0.1795853356364519,0.27159183664854597,-0.012773994891434494,0.0,0.0,0.0,0.0,0.0,0.0
70,0.005729651441368904,-0.17866925041449103,-0.009807619878835609,0.06365946879475444,0.0,0.0,0.0,0.0,0.0,0.0
71,-0.0492990128207705,-0.036571930418159614,0.013452881438578463,0.15938830207640403,0.0,0.0,0.0,0.0,0.0,0.0
72,-0.11064645807186316,0.2004928507742478,0.05496818306374219,-0.0540895485811155,0.0,0.0,0.0,0.0,0.0,0.0
73,-0.07599627832740571,0.047589269113098444,0.09546635964592294,-0.002128040813181342,0.0,0.0,0.0,0.0,0.0,0.0
74,-0.10962574312323797,0.1712708704092485,0.07020245322257415,-0.014439616284135754,0.0,0.0,0.0,0.0,0.0,0.0
75,-0.02823609388343039,0.00682032036003187,0.2790165607016602,0.017523261493093918,0.0,0.0,0.0,0.0,0.0,0.0
76,-0.1215400652024614,0.20649107145033224,-0.10398733083237208,0.0011173797414831751,0.0,0.0,0.0,0.0,0.0,0.0
77,-0.09953792632730077,0.19277009457950994,0.09367036499310977,-0.04526762344761321,0.0,0.0,0.0,0.0,0.0,0.0
78,3.678336523349667,-5.0793126795625865,3.126906297791897,-0.46259979661785267,0.0,0.0,0.0,0.0,0.0,0.0
79,-0.07831920384948435,0.18512011829971747,0.110512805299174,-0.055034938252807336,0.0,0.0,0.0,0.0,0.0,0.0
80,-0.06034370734380977,0.22943118866072124,0.34430421952143386,-0.06950017770443566,0.0,0.0,0.0,0.0,0.0,0.0
81,-0.08783651385210073,0.12889257818528424,0.012107965772486864,-0.022874650283714982,0.0,0.0,0.0,0.0,0.0,0.0
82,0.14027362535083052,0.010420926393827072,0.7351165855551689,-0.3053011159826334,0.0,0.0,0.0,0.0,0.0,0.0
83,0.021615364952779617,-0.11388349622743037,0.3508770557120564,-0.07939116281769261,0.0,0.0,0.0,0.0,0.0,0.0
84,-0.03131445326899684,0.06300815112042833,0.2201814716080248,-0.027038670603618763,0.0,0.0,0.0,0.0,0.0,0.0
85,0.06745834044508105,-0.06737641960820133,0.3793179060902199,-0.15635060093198308,0.0,0.0,0.0,0.0,0.0,0.0
86,0.07996171900384444,-0.1039414992516234,0.2755577509973436,-0.018121838288054835,0.0,0.0,0.0,0.0,0.0,0.0
87,-0.020714211725743652,0.07722082435434353,0.046486747715920734,-0.048711657500864515,0.0,0.0,0.0,0.0,0.0,0.0
88,0.0004429614343310324,0.07238264841221599,0.3782146881887994,0.027396671174741084,0.0,0.0,0.0,0.0,0.0,0.0
89,-0.014355535984065299,-0.01880246576430676,0.3375300262852357,-0.021350052123247188,0.0,0.0,0.0,0.0,0.0,0.0
90,-0.09441792545514509,0.10449144995614859,0.10081421986003773,0.006089041526869934,0.0,0.0,0.0,0.0,0.0,0.0
91,-0.07646668338066402,0.10893530515185901,0.1231168050968949,0.032171726812520965,0.0,0.0,0.0,0.0,0.0,0.0
92,-0.10786578511435725,0.17539414205206919,-0.095858622974797,0.01424404242422969,0.0,0.0,0.0,0.0,0.0,0.0
93,-0.1379350086280297,0.259274037444143,-0.19071121742623723,0.0026275179690773533,0.0,0.0,0.0,0.0,0.0,0.0
94,-0.08427284974476802,0.14764140020666533,0.11828460090351936,-0.019755565495293816,0.0,0.0,0.0,0.0,0.0,0.0
95,-0.1330722934176819,0.2732432191468125,-0.09661447361699729,-0.006931964170121393,0.0,0.0,0.0,0.0,0.0,0.0
96,-0.10332875016366004,0.20561511105417135,-0.03604883464504758,-0.034067507146954,0.0,0.0,0.0,0.0,0.0,0.0
97,-0.07903574728696203,0.13022698393891763,-0.09426284426147231,0.06717724738021136,0.0,0.0,0.0,0.0,0.0,0.0
98,-0.0814388435979207,0.19099994485734842,0.01507834737372952,-0.06778083350174577,0.0,0.0,0.0,0.0,0.0,0.0
99,-0.11301148799649807,0.13282188046708604,0.1339663493311915,0.013787701716974505,0.0,0.0,0.0,0.0,0.0,0.0
100,-0.04999621320673945,-0.02488356521349167,0.23930967621350419,0.028004480435049443,0.0,0.0,0.0,0.0,0.0,0.0
101,-0.1356744667145154,0.23405619072290937,-0.14651736158718126,0.00920578222597992,0.0,0.0,0.0,0.0,0.0,0.0
102,-0.0933812849079325,0.2165846717072264,-0.08416398744417382,-0.0339965580452369,0.0,0.0,0.0,0.0,0.0,0.0
103,-0.1265469903414548,0.20582231042127583,-0.14811393846166998,-0.023664383873456464,0.0,0.0,0.0,0.0,0.0,0.0
104,-0.1111218603043815,0.21068994569016275,-0.06253506257741523,0.028372579568362515,0.0,0.0,0.0,0.0,0.0,0.0
105,-0.12433388367947934,0.3117010425042479,-0.16892631335409797,-0.022412425912077948,0.0,0.0,0.0,0.0,0.0,0.0
106,-0.066012977210865,0.09782422572267498,0.09559365379306912,0.05399790304907065,0.0,0.0,0.0,0.0,0.0,0.0
107,-0.12823881840517612,0.25775435777699474,-0.21469052706823083,0.016591139015539765,0.0,0.0,0.0,0.0,0.0,0.0
108,-0.10388960412622775,0.15707554016916614,-0.1832360085616989,0.09474508992167566,0.0,0.0,0.0,0.0,0.0,0.0
109,-0.13258643355802963,0.2851423645321467,-0.07132307972893105,-0.024933457727979152,0.0,0.0,0.0,0.0,0.0,0.0
110,-0.06937804151821109,0.1148683079158202,0.3520196762324363,0.02500986628431456,0.0,0.0,0.0,0.0,0.0,0.0
111,-0.07139825329950988,0.1161639487352905,0.021041100901375436,0.03314310996256469,0.0,0.0,0.0,0.0,0.0,0.0
112,-0.12581414186525036,0.2630647157578061,0.0056061112994729885,-0.04477696196507892,0.0,0.0,0.0,0.0,0.0,0.0
113,-0.055813723804706374,-0.022061052499093937,-0.12528570982129614,0.04886394414144281,0.0,0.0,0.0,0.0,0.0,0.0
114,-0.08049364929912264,-0.016702199938327233,-0.2678586277618776,0.04518953333809111,0.0,0.0,0.0,0.0,0.0,0.0
115,-0.13144843789990102,0.2593790972310736,-0.19523121222186587,0.009860960653502787,0.0,0.0,0.0,0.0,0.0,0.0
116,-0.11497302136505845,0.2363765181215262,-0.12278582741366355,0.04549617665242434,0.0,0.0,0.0,0.0,0.0,0.0
117,-0.1434633427077835,0.30486809159224754,-0.15765958967780563,-0.01760915556058029,0.0,0.0,0.0,0.0,0.0,0.0
118,-0.11038980439196093,0.21581884106406674,-0.16985846099901128,0.023278229387518945,0.0,0.0,0.0,0.0,0.0,0.0
119,-0.05039829297955913,-0.034548133661242514,0.19900580849877858,-0.015686547567361094,0.0,0.0,0.0,0.0,0.0,0.0
120,-0.08523055864841003,0.16469668374199897,-0.05141811874962779,0.040903514927956776,0.0,0.0,0.0,0.0,0.0,0.0
121,-0.12965216869697652,0.19059180408956333,-0.1731131864393717,-0.032164243035484145,0.0,0.0,0.0,0.0,0.0,0.0
122,-0.11727984256091156,0.27193846123539056,0.11678946444348089,-0.018284981592161582,0.0,0.0,0.0,0.0,0.0,0.0
123,-0.07773530700292232,0.07634280941029503,0.09552177413710443,-0.0010963974638739582,0.0,0.0,0.0,0.0,0.0,0.0
124,0.14301647948201973,-0.3081782610151807,0.5692101944439997,-0.1775354176209797,0.0,0.0,0.0,0.0,0.0,0.0
125,-0.12077865028497092,0.26085234675471847,-0.13056113745222644,0.002764440468145833,0.0,0.0,0.0,0.0,0.0,0.0
126,-0.12477649880294228,0.259797167120245,-0.0870166416943286,-0.016273263554203297,0.0,0.0,0.0,0.0,0.0,0.0
127,-0.12507279557608392,0.22353325038134794,0.07936709201543511,-0.036674460714143924,0.0,0.0,0.0,0.0,0.0,0.0
128,-0.12840108514431478,0.24355173369065164,-0.13925927594560203,0.048303495266994026,0.0,0.0,0.0,0.0,0.0,0.0
129,-0.09504077338473804,0.24265497592418947,-0.10352218760952066,-0.019505062809712113,0.0,0.0,0.0,0.0,0.0,0.0
130,-0.059579510031552395,0.16457452171821502,0.12941925742950305,-0.018058887753279403,0.0,0.0,0.0,0.0,0.0,0.0
131,-0.08495391753559783,0.18344618297843052,0.2758078326919623,-0.03381790900966418,0.0,0.0,0.0,0.0,0.0,0.0
132,-0.09301236762350258,0.14844883512758286,0.04146695077546983,-0.038528059238123406,0.0,0.0,0.0,0.0,0.0,0.0
133,-0.07905015181997306,0.17575826601415356,0.11053935733899255,-0.02519664288561828,0.0,0.0,0.0,0.0,0.0,0.0
134,0.07206202093079855,-0.09958228716442073,0.7567336297063479,-0.06424436943954955,0.0,0.0,0.0,0.0,0.0,0.0
135,-0.08928270110113831,0.2074226073312929,-0.06015511700378275,0.033651437138363834,0.0,0.0,0.0,0.0,0.0,0.0
136,-0.06235347534695542,0.02378592731942362,0.23538686385372265,0.03927531980348451,0.0,0.0,0.0,0.0,0.0,0.0
137,-0.10299013473658537,0.2699441043349735,0.026167934388704333,-0.0458490435768972,0.0,0.0,0.0,0.0,0.0,0.0
138,-0.11132637441763231,0.25935924920415854,-0.1532872484242781,-0.008835476036111055,0.0,0.0,0.0,0.0,0.0,0.0
139,-0.07305116289498759,0.16178693506076403,0.19637434323900668,-0.0332616497714097,0.0,0.0,0.0,0.0,0.0,0.0
140,-0.13791112143705037,0.27944208345361093,-0.18874088028557712,0.033601923928983,0.0,0.0,0.0,0.0,0.0,0.0
141,-0.07974628091489225,0.206145552071565,0.3797437727382429,-0.023316720640829867,0.0,0.0,0.0,0.0,0.0,0.0
142,-0.017445378577068172,0.027654381213066584,0.166536971656879,-0.07222576119943915,0.0,0.0,0.0,0.0,0.0,0.0
143,-0.15294785409231332,0.2719571872192763,-0.1053978753767711,0.011843699775558493,0.0,0.0,0.0,0.0,0.0,0.0
144,-0.12305451784162554,0.22657227362869248,-0.19442126667854506,0.02833373462462716,0.0,0.0,0.0,0.0,0.0,0.0
145,0.04953697715211476,-0.28088786881521766,0.6526409681048215,0.13818446976551133,0.0,0.0,0.0,0.0,0.0,0.0
146,-0.1255564962345494,0.21132881848249047,-0.17785297329826977,0.009607181841678065,0.0,0.0,0.0,0.0,0.0,0.0
147,-0.034063109336995696,0.19008825261691226,0.019921056741600197,0.09532510320332407,0.0,0.0,0.0,0.0,0.0,0.0
148,-0.10176379858182279,0.09961660765031673,-0.17193448290849472,-0.02880284339535441,0.0,0.0,0.0,0.0,0.0,0.0
149,-0.08372795961745028,0.18377973110244541,0.1229593563441406,-0.04117207471113962,0.0,0.0,0.0,0.0,0.0,0.0
150,-0.09363086196355898,0.2109082078038975,0.23620318245593228,-0.009672218147268945,0.0,0.0,0.0,0.0,0.0,0.0
151,-0.14011188527814447,0.2306614062285717,-0.1600761475100451,0.011713922894403808,0.0,0.0,0.0,0.0,0.0,0.0
152,-0.037271539820279184,0.09432364695285352,0.0952330517276106,-0.042805451157198825,0.0,0.0,0.0,0.0,0.0,0.0
153,-0.11672314463640662,0.26510281729803425,-0.36969443037880806,0.06359383098297257,0.0,0.0,0.0,0.0,0.0,0.0
154,-0.0974048862584731,0.1911557823976365,0.18950347120018657,-0.028015219628498202,0.0,0.0,0.0,0.0,0.0,0.0
155,-0.09479015119892376,0.26433492609362286,-0.02133548713547589,-0.0010493276249323783,0.0,0.0,0.0,0.0,0.0,0.0
156,3.9284483852400736,-7.8169295138896535,3.324861757441675,-1.204054987116357,0.0,0.0,0.0,0.0,0.0,0.0
157,0.12374095002086641,-0.11191549189851889,0.32681227364977883,-0.2429809152458791,0.0,0.0,0.0,0.0,0.0,0.0
158,0.0849165655095331,0.09443616449907141,0.5154316209039982,-0.2528827858294718,0.0,0.0,0.0,0.0,0.0,0.0
159,0.7094446949547978,-0.12636459143195958,2.8574269218713324,-1.504532523661229,0.0,0.0,0.0,0.0,0.0,0.0
160,-0.012472521090912009,0.12554593945357398,0.10850762852769456,-0.1470348175078614,0.0,0.0,0.0,0.0,0.0,0.0
161,0.19660877727338116,-0.4395530807754454,0.2121166014365008,-0.3148380374486065,0.0,0.0,0.0,0.0,0.0,0.0
162,0.5330931936956795,-2.3935045004694517,-1.0209949284285444,-0.2025564110572568,0.0,0.0,0.0,0.0,0.0,0.0
163,-0.05059420751886691,0.098437910275541,0.5129109720878055,-0.040199473413953635,0.0,0.0,0.0,0.0,0.0,0.0
164,0.5475801021440992,-1.8073803060152311,-0.1904292504430425,-0.3004854335004868,0.0,0.0,0.0,0.0,0.0,0.0
165,0.06363642840236669,-0.19641992221555704,0.11964940508440175,-0.20272011536277404,0.0,0.0,0.0,0.0,0.0,0.0
166,0.07988945172069757,-0.058984668006201446,0.24536371941250787,-0.1637163361612533,0.0,0.0,0.0,0.0,0.0,0.0
167,-0.010051714223009623,-0.015037683665511547,0.21622206791679602,-0.05089380953737534,0.0,0.0,0.0,0.0,0.0,0.0
168,-0.12313080298164658,0.184474270631975,-0.10502291999923728,0.036891697760605975,0.0,0.0,0.0,0.0,0.0,0.0
169,-0.029414918596816796,0.0023690139031825805,0.19166363833166486,-0.08118811945823298,0.0,0.0,0.0,0.0,0.0,0.0
170,-0.06609817284584284,0.0731371536964438,-0.10877016064173427,0.01777031031999633,0.0,0.0,0.0,0.0,0.0,0.0
171,-0.11666457525068,0.1225760147940459,0.03486751028894886,-0.03335276537912513,0.0,0.0,0.0,0.0,0.0,0.0
172,-0.07554386686854113,0.029815844187329604,-0.032270955262304245,0.0013662149520005655,0.0,0.0,0.0,0.0,0.0,0.0
173,-0.019361203376999557,-0.07660106283459239,0.14938105411722064,-0.026019254250676305,0.0,0.0,0.0,0.0,0.0,0.0
174,-0.056379481115737866,0.12568665954865932,-0.14142786249041067,-0.05865959845094073,0.0,0.0,0.0,0.0,0.0,0.0
175,-0.105254231145039,0.23097136927593637,-0.05565734880119614,0.005122327300833122,0.0,0.0,0.0,0.0,0.0,0.0
176,-0.07732427256873461,0.22466749380275736,0.16951677523796665,-0.006968443591892395,0.0,0.0,0.0,0.0,0.0,0.0
177,-0.039727332716494784,-0.07954782889981575,-0.08946227369208191,0.05491009650946228,0.0,0.0,0.0,0.0,0.0,0.0
178,-0.06383076634163451,0.10387264223271184,-0.20364862451460328,0.06779719484386047,0.0,0.0,0.0,0.0,0.0,0.0
179,-0.08242401012220679,0.09270650919940719,-0.1782375994221922,0.042727416452698695,0.0,0.0,0.0,0.0,0.0,0.0
180,-0.12812585954317265,0.22836856894264496,-0.2540868287165782,0.03520650697493685,0.0,0.0,0.0,0.0,0.0,0.0
181,-0.1102722374700525,0.1768240894467065,-0.12176987584468725,0.004145567985105472,0.0,0.0,0.0,0.0,0.0,0.0
182,-0.060794953800936254,0.20953796198082064,-0.1733609517679479,-0.04366325613109165,0.0,0.0,0.0,0.0,0.0,0.0
183,-0.08655913071700828,0.21192272017002,0.06958148137481035,0.006033720496481108,0.0,0.0,0.0,0.0,0.0,0.0
184,-0.048165408311978866,-0.06858245735872023,-0.2046498336832057,0.02622588398402441,0.0,0.0,0.0,0.0,0.0,0.0
185,-0.11689873043706105,0.16812857194705802,-0.23292470016233496,0.03714524349945594,0.0,0.0,0.0,0.0,0.0,0.0
186,0.08398838897481944,-0.030518959998783193,0.5535284486645029,-0.13009094293148238,0.0,0.0,0.0,0.0,0.0,0.0
187,-0.05405131222302041,-0.10871436929180572,0.2743225322946584,0.009786420416649294,0.0,0.0,0.0,0.0,0.0,0.0
188,-0.11492621684636814,0.13161312307144973,-0.08479350009133892,-0.02515366256001037,0.0,0.0,0.0,0.0,0.0,0.0
189,-0.09041823109097957,0.19819360750251322,-0.11941976444356259,-0.014971326576154607,0.0,0.0,0.0,0.0,0.0,0.0
190,-0.10924293964743599,0.18927923131439225,-0.13278867817296566,-0.024790499416667645,0.0,0.0,0.0,0.0,0.0,0.0
191,-0.09842841397723769,0.12442903418240521,-0.11650559302091636,-0.01705395851987903,0.0,0.0,0.0,0.0,0.0,0.0
192,-0.13070907979641375,0.20552376312405632,-0.16308405213100127,-0.011960176759306074,0.0,0.0,0.0,0.0,0.0,0.0
193,-0.12405806531581086,0.188314918649358,-0.2302599893244432,-0.016564784389762204,0.0,0.0,0.0,0.0,0.0,0.0
194,-0.028619473863268505,0.01152432721531521,0.22505879642958332,-0.036076166955696286,0.0,0.0,0.0,0.0,0.0,0.0
195,-0.028940870451240778,0.0650087905676808,0.17855341840881672,0.06922099782027463,0.0,0.0,0.0,0.0,0.0,0.0
196,-0.054181153855843406,-0.037519167793010684,-0.0032857674921536,0.052210954225858586,0.0,0.0,0.0,0.0,0.0,0.0
197,-0.12377050281529475,0.27330050108103643,-0.3478087931728159,-0.00406075674943002,0.0,0.0,0.0,0.0,0.0,0.0
198,-0.11450676372072578,0.19315794470698666,-0.18808155693403472,-0.0015726490695840282,0.0,0.0,0.0,0.0,0.0,0.0
199,-0.08364267225933641,0.17499215420767392,0.03584665405039213,-0.026724169815832408,0.0,0.0,0.0,0.0,0.0,0.0
200,-0.12603090692935717,0.2129250920640113,-0.25406970579007754,0.009500672212684054,0.0,0.0,0.0,0.0,0.0,0.0
201,-0.07424218497459001,0.0910323278400449,-0.03187791201621493,0.03569118687379034,0.0,0.0,0.0,0.0,0.0,0.0
202,-0.11978559211911928,0.22320754081748018,-0.15455830778658158,-0.037390165815416924,0.0,0.0,0.0,0.0,0.0,0.0
203,-0.05127459926660314,0.019125620140644405,-0.29819732601611676,0.03872889633625047,0.0,0.0,0.0,0.0,0.0,0.0
204,-0.09495614493360077,0.23266848491686076,-0.0803432899638639,-0.0150533943045745,0.0,0.0,0.0,0.0,0.0,0.0
205,-0.11575530390589389,0.24575958336847123,-0.23922525234855532,0.014347208668265648,0.0,0.0,0.0,0.0,0.0,0.0
206,-0.09094821611966507,-0.002006204119339033,-0.26096697917620315,0.06998517698883236,0.0,0.0,0.0,0.0,0.0,0.0
207,-0.11597588588700383,0.17188170980673229,-0.4417977384281204,0.08518689422867788,0.0,0.0,0.0,0.0,0.0,0.0
208,-0.04842697495633095,0.08127978282668952,0.5170973007399222,0.013243253869772879,0.0,0.0,0.0,0.0,0.0,0.0
209,-0.1188796048483812,0.19392436153831208,-0.09386759986858034,0.020613183977796098,0.0,0.0,0.0,0.0,0.0,0.0
210,-0.04519246016042746,-0.02175150868070323,-0.2454133231692586,0.010295118310003327,0.0,0.0,0.0,0.0,0.0,0.0
211,-0.02579379405513007,-0.3234476216276302,0.029393857774057057,0.08551016546524223,0.0,0.0,0.0,0.0,0.0,0.0
212,-0.10434299221304424,0.1541160935154538,-0.3994967091678708,0.09194997404072414,0.0,0.0,0.0,0.0,0.0,0.0
213,-0.06435788088993412,0.10898599917327041,0.10623164550910573,-0.008688652505996474,0.0,0.0,0.0,0.0,0.0,0.0
214,-0.07606273987083355,0.1193290625858135,0.09852719771919809,-0.007614164483076478,0.0,0.0,0.0,0.0,0.0,0.0
215,-0.0326528903091968,0.1084236047203727,0.3865564584366145,-0.007256948287454801,0.0,0.0,0.0,0.0,0.0,0.0
216,0.0033733744277028243,-0.07917008150759178,0.25160029467630624,0.02517738409223422,0.0,0.0,0.0,0.0,0.0,0.0
217,-0.1353210813251279,0.24531589868268486,-0.22249185216437734,-0.024083523976120756,0.0,0.0,0.0,0.0,0.0,0.0
218,-0.11794225218130616,0.16904672835112816,-0.4114401491802806,0.048742522822052194,0.0,0.0,0.0,0.0,0.0,0.0
219,-0.11495997411114946,0.1736553682568548,-0.0871613277725904,-0.006051500425530405,0.0,0.0,0.0,0.0,0.0,0.0
220,0.00503569419576213,0.09876884366524849,0.12938260437820737,-0.18001688649631148,0.0,0.0,0.0,0.0,0.0,0.0
221,-0.12265624410114756,0.11617557153256344,-0.16177498133531962,-0.034911151529377474,0.0,0.0,0.0,0.0,0.0,0.0
222,-0.06164599378767847,-0.0173992288579258,0.04712665789996208,0.012153854977426803,0.0,0.0,0.0,0.0,0.0,0.0
223,-0.11074556983300561,0.061489106717169034,-0.09337652264776451,-0.0014848813994898153,0.0,0.0,0.0,0.0,0.0,0.0
224,-0.09828506424010997,0.1608898964501196,-0.11969577761163895,0.06594244973152241,0.0,0.0,0.0,0.0,0.0,0.0
225,-0.08177241475238085,-0.03136437179431813,-0.1498646220971186,0.1013439710938438,0.0,0.0,0.0,0.0,0.0,0.0
226,-0.029751561275583538,0.07062033863336166,0.1763549093552136,0.023499474578790147,0.0,0.0,0.0,0.0,0.0,0.0
227,-0.14256038204137447,0.2718790738128969,-0.17620714689839206,0.0015911650700106434,0.0,0.0,0.0,0.0,0.0,0.0
228,-0.0910165003090778,0.09332655032967156,-0.1957186876096574,-0.004763677168869623,0.0,0.0,0.0,0.0,0.0,0.0
229,-0.02085473873750834,0.0015887682156418969,0.37206399899754655,-0.02125546940271926,0.0,0.0,0.0,0.0,0.0,0.0
230,-0.1270401601777014,0.12007979428254288,-0.3604714172014732,0.061835059758830094,0.0,0.0,0.0,0.0,0.0,0.0
231,-0.05738330143697364,0.07709558910366165,-0.13011130299929843,0.02915454897230961,0.0,0.0,0.0,0.0,0.0,0.0
232,-0.08989416675852088,0.07824661163469517,0.13592698520863877,0.03797115861708433,0.0,0.0,0.0,0.0,0.0,0.0
233,-0.09435179236293004,0.08335094928157531,-0.27803925161061,0.05817554962759119,0.0,0.0,0.0,0.0,0.0,0.0
234,-0.06070350513741505,-0.07390530989374802,-0.598581686513049,0.19941192859101914,0.0,0.0,0.0,0.0,0.0,0.0
235,0.003564608305862183,-0.26234108189141553,0.3304210157890884,-0.009928737956124345,0.0,0.0,0.0,0.0,0.0,0.0
236,-0.11479266814266632,0.2143768998520335,-0.17696723012071724,-0.009401417737983146,0.0,0.0,0.0,0.0,0.0,0.0
237,-0.09477548531657355,0.11730415567353426,-0.20043608722793585,0.07203868037056309,0.0,0.0,0.0,0.0,0.0,0.0
238,-0.06186439297849236,0.1311730399941784,-0.07105085564026312,-0.017079617259513923,0.0,0.0,0.0,0.0,0.0,0.0
239,-0.06561238328463438,0.05538679750674518,0.17660431722640801,-0.08689272477667181,0.0,0.0,0.0,0.0,0.0,0.0
240,-0.030004354423658446,0.03329054976164787,-0.2396854245746179,0.05860143472214941,0.0,0.0,0.0,0.0,0.0,0.0
241,-0.06773450226965363,0.05696890962152137,0.17604401631490715,-0.02923246752152252,0.0,0.0,0.0,0.0,0.0,0.0
242,-0.10048422420089725,0.1309460435797053,-0.3278098972470932,0.050423221769447864,0.0,0.0,0.0,0.0,0.0,0.0
243,-0.08247218305818314,0.050712075323995236,0.01384875304302803,0.0010197957047842032,0.0,0.0,0.0,0.0,0.0,0.0
244,-0.1260071811556629,0.21911643217044965,-0.24305098077678502,-0.028120232910716993,0.0,0.0,0.0,0.0,0.0,0.0
245,-0.10494470223037157,0.15041451430559097,-0.22292556902492053,0.04295493063133956,0.0,0.0,0.0,0.0,0.0,0.0
246,-0.12310995022693264,0.16047987961026502,-0.3082252086255142,0.06265150307367265,0.0,0.0,0.0,0.0,0.0,0.0
247,-0.09200187198477355,0.13115163407382813,-0.0360803415925525,-0.05414429923952383,0.0,0.0,0.0,0.0,0.0,0.0
248,-0.048348571645590005,0.07895078588411691,0.2775832935001096,-0.04303862459116987,0.0,0.0,0.0,0.0,0.0,0.0
249,-0.12301943801762065,0.14265889581276836,-0.4029746559341537,0.06693834120890145,0.0,0.0,0.0,0.0,0.0,0.0
250,-0.09437897422477509,0.06240280617036778,-0.43689695420896646,0.017144155494712585,0.0,0.0,0.0,0.0,0.0,0.0
251,-0.08258937845424993,0.16616825664040777,-0.023488376595185313,-0.04775646818207771,0.0,0.0,0.0,0.0,0.0,0.0
252,-0.08972399756417525,0.10616207489197885,-0.07672226751947568,-0.06369924827198863,0.0,0.0,0.0,0.0,0.0,0.0
253,-0.0783459388151077,0.04410722587274254,-0.32263832616721944,0.08300470641858167,0.0,0.0,0.0,0.0,0.0,0.0
254,-0.09005166132057625,0.10243518683551843,0.07961795204765969,-0.028350993142749137,0.0,0.0,0.0,0.0,0.0,0.0
255,-0.12680384846792278,0.1955072632525169,-0.3189660352052867,0.002261009922101685,0.0,0.0,0.0,0.0,0.0,0.0
256,-0.08912449419459507,0.22725641809152483,0.015598723516447383,-0.06410562356662727,0.0,0.0,0.0,0.0,0.0,0.0
257,-0.08551079601053087,0.2702313389380614,-0.13541862179906017,-0.04710542114195073,0.0,0.0,0.0,0.0,0.0,0.0
258,3.727382807948876,-8.89251651875437,-2.6342293815177142,0.019302190379153514,0.0,0.0,0.0,0.0,0.0,0.0
259,-0.013226362398079096,0.039328824817884134,0.06209583786752105,-0.13832791187070795,0.0,0.0,0.0,0.0,0.0,0.0
260,0.012993765302960944,0.006947264997632604,-0.07817959058714433,-0.14684549759449744,0.0,0.0,0.0,0.0,0.0,0.0
261,-0.04259182428397315,0.23493748180366647,-0.09200476189790727,-0.08834294118104775,0.0,0.0,0.0,0.0,0.0,0.0
262,0.042038618121650335,-0.25788079756194493,0.16334489120056697,-0.12548784091512927,0.0,0.0,0.0,0.0,0.0,0.0
263,0.7994361114388263,-4.139568318682488,-1.9890115327540778,0.13529930035696813,0.0,0.0,0.0,0.0,0.0,0.0
264,-0.04991453676251491,-0.012082580126931081,0.13849844770886907,0.024556195442455235,0.0,0.0,0.0,0.0,0.0,0.0
265,-0.00861690617856571,-0.06559181060652133,0.5840625746725924,0.013060038923940195,0.0,0.0,0.0,0.0,0.0,0.0
266,0.13350088042935707,-0.7381918621468612,-0.926188794178302,0.20414138312787775,0.0,0.0,0.0,0.0,0.0,0.0
267,0.37604480469970625,-1.2163606985152966,0.027073603574465442,-0.207634635670251,0.0,0.0,0.0,0.0,0.0,0.0
268,0.3124298617439306,-1.3860874077620269,-0.26797968251938387,-0.21841589243757145,0.0,0.0,0.0,0.0,0.0,0.0
269,-0.044890031366510506,0.004346227210134819,-0.04127007275206426,0.05402317709664273,0.0,0.0,0.0,0.0,0.0,0.0
270,0.11455702640293133,-0.5769458238911684,-0.3055547391023455,0.040909384309265044,0.0,0.0,0.0,0.0,0.0,0.0
271,-0.04884275741166375,-0.03416396025741868,-0.20202159962643795,0.03976614384241613,0.0,0.0,0.0,0.0,0.0,0.0
272,-0.088441362039954,0.12949752436809747,-0.03500840626189124,-0.03416803767893633,0.0,0.0,0.0,0.0,0.0,0.0
273,-0.023475914148503644,0.015597169199906006,-0.2321908717416844,-0.03741965133819882,0.0,0.0,0.0,0.0,0.0,0.0
274,-0.017180836031276975,-0.2835609442735258,-0.2745273681371127,0.08219359352903098,0.0,0.0,0.0,0.0,0.0,0.0
275,-0.12211510092328272,0.21034623516537493,-0.32535633243573203,0.06376796253156744,0.0,0.0,0.0,0.0,0.0,0.0
276,-0.04701553440012454,-0.11061630531525,0.05688500215067701,0.0682322900073566,0.0,0.0,0.0,0.0,0.0,0.0
277,-0.052363582763010945,0.08704031982652889,0.09699173143903005,0.06382656405775483,0.0,0.0,0.0,0.0,0.0,0.0
278,-0.07224971607076916,-0.06865921679731687,-0.1768885699399329,0.03469001568011945,0.0,0.0,0.0,0.0,0.0,0.0
279,-0.033700945044732214,-0.07847113700369425,0.5232027231155955,0.07334043471920207,0.0,0.0,0.0,0.0,0.0,0.0
280,-0.12766233201273613,0.16941918426840802,-0.3018650547878284,0.0019219651047417585,0.0,0.0,0.0,0.0,0.0,0.0
281,-0.10873469740269465,0.21060278444477315,-0.10248251425721967,-0.003334522176340851,0.0,0.0,0.0,0.0,0.0,0.0
282,-0.07501171160509665,-0.11099765791954426,0.043837179612074416,-0.04337993847942596,0.0,0.0,0.0,0.0,0.0,0.0
283,-0.0726028021655375,0.06278136565840309,-0.0070401140526204125,0.0023761278738346743,0.0,0.0,0.0,0.0,0.0,0.0
284,-0.0682000501109511,0.0521958587702288,-0.004601006882154161,-0.018716825863886732,0.0,0.0,0.0,0.0,0.0,0.0
285,-0.033665862525816846,-0.22962794958738433,0.8565926012747814,-0.1014277272548807,0.0,0.0,0.0,0.0,0.0,0.0
286,-0.10737215218052927,0.3222241635336427,0.07923498540347633,-0.02171054361400969,0.0,0.0,0.0,0.0,0.0,0.0
287,-0.06751345562229083,-0.0955027314265539,0.11929523878531205,0.07347349582051971,0.0,0.0,0.0,0.0,0.0,0.0
288,-0.06750596755982484,0.13200296646961712,0.1645360133310338,0.0024264648463553705,0.0,0.0,0.0,0.0,0.0,0.0
289,-0.1261881354556815,0.16564824937392256,-0.2613993390023008,0.06327330299395571,0.0,0.0,0.0,0.0,0.0,0.0
290,0.1366922261775872,-0.42802632614292185,0.5261201673303563,0.13224343747144665,0.0,0.0,0.0,0.0,0.0,0.0
291,-0.08639281191110762,0.10190871109544333,-0.3987459871625119,0.1554974957042249,0.0,0.0,0.0,0.0,0.0,0.0
292,0.12448225720003661,-0.37342417525734456,0.3235085885465342,0.0013877624703636671,0.0,0.0,0.0,0.0,0.0,0.0
293,-0.04704933478654581,-0.10198492576544424,0.599119659822632,-0.045029291856830814,0.0,0.0,0.0,0.0,0.0,0.0
294,-0.061060722979902705,-0.22150515724751096,-0.022498264021701093,0.15621129930992347,0.0,0.0,0.0,0.0,0.0,0.0
295,-0.06287437439949256,-0.05475828737915246,0.15132033715093907,0.009318024669756831,0.0,0.0,0.0,0.0,0.0,0.0
296,-0.09949878081283406,0.15360447810427386,-0.11506428674309517,0.01834003760934297,0.0,0.0,0.0,0.0,0.0,0.0
297,-0.05800764285362677,0.11940781865185501,0.4943782851269831,-0.05442033432531724,0.0,0.0,0.0,0.0,0.0,0.0
298,-0.051592796527639956,-0.10014707373425112,0.5732495267435052,-0.04963870371831641,0.0,0.0,0.0,0.0,0.0,0.0
299,-0.10284960813285576,0.09911109299519823,-0.15893775055000373,0.04845344236210528,0.0,0.0,0.0,0.0,0.0,0.0
300,-0.05311672512331418,-0.21360453759330364,0.16106206417713048,0.07386377681483075,0.0,0.0,0.0,0.0,0.0,0.0
301,-0.06305789609980608,0.12450580571947541,0.37666687574951374,-0.01639296827361055,0.0,0.0,0.0,0.0,0.0,0.0
302,-0.09402510332612034,0.06521073668719858,-0.04962108037447477,0.09232931674869271,0.0,0.0,0.0,0.0,0.0,0.0
303,-0.12669918569555053,0.19187121839753168,-0.08907474572273012,0.003439552851005755,0.0,0.0,0.0,0.0,0.0,0.0
304,-0.07441064538601863,0.11079729789751436,-0.01596471651255435,0.07012147350295156,0.0,0.0,0.0,0.0,0.0,0.0
305,-0.06406719176379662,-0.026966242083933414,-0.08546046970872753,0.05742460333136934,0.0,0.0,0.0,0.0,0.0,0.0
306,-0.06348654001453671,-0.11505278778935846,0.24338830429346814,-0.0307700029848927,0.0,0.0,0.0,0.0,0.0,0.0
307,-0.06448962269988641,-0.010694459381291275,-0.18490491246361018,0.056383549977933274,0.0,0.0,0.0,0.0,0.0,0.0
308,-0.08619641853665008,0.0818642546415722,-0.2021524070818769,-0.013998824572144406,0.0,0.0,0.0,0.0,0.0,0.0
309,-0.08548466108126054,0.11272973314881504,-0.1665996992710316,0.00028564388794354137,0.0,0.0,0.0,0.0,0.0,0.0
310,-0.11966942851582102,0.17596128465623356,-0.4012371197971177,0.046922090158460716,0.0,0.0,0.0,0.0,0.0,0.0
311,0.02594834688781914,-0.2051677643560826,1.1464892680648053,-0.09751336798904728,0.0,0.0,0.0,0.0,0.0,0.0
312,-0.030562034340589024,-0.24714919811745867,0.07665944918734978,-0.015719727717295563,0.0,0.0,0.0,0.0,0.0,0.0
313,-0.12259122440259383,0.24861696605859407,-0.23092086697191172,8.325259101182368e-05,0.0,0.0,0.0,0.0,0.0,0.0
314,-0.08845480711216311,0.18798627043826355,-0.2870033057764189,0.005012876749974756,0.0,0.0,0.0,0.0,0.0,0.0
315,-0.0994940714762028,0.12019792357844752,-0.1576153766641015,0.003840217682724403,0.0,0.0,0.0,0.0,0.0,0.0
316,-0.10316069000194618,0.1434770180976537,-0.056838890912207556,0.06264425991460888,0.0,0.0,0.0,0.0,0.0,0.0
317,-0.08004202909152593,0.09200437321050081,-0.013946298270944336,0.02605790029089962,0.0,0.0,0.0,0.0,0.0,0.0
318,-0.08221212012570897,0.0008121069211591729,-0.07604959897488306,0.08902739478543611,0.0,0.0,0.0,0.0,0.0,0.0
319,-0.0864969153303159,-0.018567737279732457,0.04032189652602356,-0.008362546519782134,0.0,0.0,0.0,0.0,0.0,0.0
320,-0.053858244717889914,-0.12169755130291394,-0.03375047121457695,0.0218566869620246,0.0,0.0,0.0,0.0,0.0,0.0
321,-0.08785066042354668,0.05858510482369418,-0.28759747546293407,0.018659732898523743,0.0,0.0,0.0,0.0,0.0,0.0
322,-0.0685013660053667,0.05587245081573743,-0.25653729271669345,0.029501571765667135,0.0,0.0,0.0,0.0,0.0,0.0
323,-0.007885278473153217,-0.24729416301815368,0.045234125932601836,-0.03256016453981027,0.0,0.0,0.0,0.0,0.0,0.0
324,-0.09628399381411624,0.13413656145637248,-0.2646463799412372,0.014275197236998768,0.0,0.0,0.0,0.0,0.0,0.0
325,-0.012535311426477437,-0.14648600668500825,0.5203632893050506,-0.11669980564766112,0.0,0.0,0.0,0.0,0.0,0.0
326,-0.0730720631162525,0.07222646576908083,-0.21172985380941448,0.02256551595767136,0.0,0.0,0.0,0.0,0.0,0.0
327,-0.12128631121128597,0.25433606322464797,-0.0800879897927339,-0.03684231606727417,0.0,0.0,0.0,0.0,0.0,0.0
328,0.03481016985671388,-0.2530108040278241,-0.4824770649354577,0.21665236303373575,0.0,0.0,0.0,0.0,0.0,0.0
329,-0.07862084010086019,0.05539610686917453,-0.1821611564274628,0.010099039357713545,0.0,0.0,0.0,0.0,0.0,0.0
330,-0.012063486685687406,-0.037526248054989525,0.06637647265027569,-0.05876058234130437,0.0,0.0,0.0,0.0,0.0,0.0
331,-0.10554523951138611,0.09907863016131943,0.08656492788097789,-0.012093646813176241,0.0,0.0,0.0,0.0,0.0,0.0
332,-0.11208066013977357,0.19569804550438769,-0.008886814468667735,-0.005766446712528605,0.0,0.0,0.0,0.0,0.0,0.0
333,-0.10586392967074239,0.05042915975025682,-0.2713216471725013,-0.03327118943489727,0.0,0.0,0.0,0.0,0.0,0.0
334,-0.0768684920868264,0.053153451232603156,0.12895263992142034,-0.01659048513004849,0.0,0.0,0.0,0.0,0.0,0.0
335,-0.1141371875298936,0.16102339869839016,-0.17712003005118923,0.0269302510602949,0.0,0.0,0.0,0.0,0.0,0.0
336,-0.06473706087708053,0.15849054316716338,0.1734281417319123,0.01489706924404207,0.0,0.0,0.0,0.0,0.0,0.0
337,-0.10531803257254385,0.11131811225560993,-0.1110352342835572,-0.004664220479608231,0.0,0.0,0.0,0.0,0.0,0.0
338,-0.041428155239505625,-0.028920714836128788,0.19319973094022921,-0.02587510909847195,0.0,0.0,0.0,0.0,0.0,0.0
339,-0.10302495766567102,0.14633816689600165,-0.00671872032069847,0.0505939918033124,0.0,0.0,0.0,0.0,0.0,0.0
340,-0.06092084606507137,0.19773527648497902,0.10141214311894599,-0.02318971179398833,0.0,0.0,0.0,0.0,0.0,0.0
341,-0.10057624508495899,0.1278783075975875,-0.30531807633487074,-0.005550155207927411,0.0,0.0,0.0,0.0,0.0,0.0
342,-0.05411071688244226,0.01677211079277619,-0.31670341837871424,0.15328533799823946,0.0,0.0,0.0,0.0,0.0,0.0
343,-0.12068972538969684,0.23264014996326676,-0.12973723287221536,-0.03725734473369703,0.0,0.0,0.0,0.0,0.0,0.0
344,-0.06635408919820655,-0.12016822957449255,0.2287992405955718,-0.1120041993213697,0.0,0.0,0.0,0.0,0.0,0.0
345,-0.10972259413379473,0.22525481407942902,-0.16334912047196662,-0.0009940371186894234,0.0,0.0,0.0,0.0,0.0,0.0
346,-0.07929152438221129,0.21324167970881996,0.07701937298655233,0.05315572064664861,0.0,0.0,0.0,0.0,0.0,0.0
347,-0.09464319760713681,0.1714646615348316,0.17674970416344668,-0.03972150621919938,0.0,0.0,0.0,0.0,0.0,0.0
348,-0.09324780270760627,0.028974706700016773,0.09902151474145958,-0.005820832415111578,0.0,0.0,0.0,0.0,0.0,0.0
349,-0.11310279579295336,0.09680837178934155,-0.14450324846048682,0.020858749744531422,0.0,0.0,0.0,0.0,0.0,0.0
350,-0.12410444304951362,0.2157957728142208,-0.10854875139429652,-0.024454774209141734,0.0,0.0,0.0,0.0,0.0,0.0
351,5.456877701320735,-5.529906341742799,10.699797264345326,-1.3457927062587394,0.0,0.0,0.0,0.0,0.0,0.0
352,0.2726522922772176,0.1879125623206186,1.7352690961903856,-0.36249203357348475,0.0,0.0,0.0,0.0,0.0,0.0
353,0.03600947494160915,0.7224947921354344,0.5705146763814122,-0.1925948245512662,0.0,0.0,0.0,0.0,0.0,0.0
354,0.1145721743909209,-0.16882249718883657,0.42120952794283556,-0.006568296859846982,0.0,0.0,0.0,0.0,0.0,0.0
355,-0.057126026242399444,0.09217413926008462,0.12288143189907165,-0.08179860056550058,0.0,0.0,0.0,0.0,0.0,0.0
356,0.13804661069182234,-0.38134171006168904,0.1823771660239649,-0.06238539051162286,0.0,0.0,0.0,0.0,0.0,0.0
357,0.0347985159166075,-0.23009154844689422,0.12730135251197341,-0.1633657238139314,0.0,0.0,0.0,0.0,0.0,0.0
358,0.21973781253611635,-0.9157379425902107,0.3200295611490254,-0.0873843868783009,0.0,0.0,0.0,0.0,0.0,0.0
359,-0.07808297353271758,0.06492788552522269,-0.0610553884672163,-0.019750770575994503,0.0,0.0,0.0,0.0,0.0,0.0
360,0.2888710795513608,-0.8518416112740363,0.12404547367785665,0.002689110772713489,0.0,0.0,0.0,0.0,0.0,0.0
361,-0.07666243553063246,-0.02641094505044351,-0.2828869853148003,0.08857378145787602,0.0,0.0,0.0,0.0,0.0,0.0
362,-0.06409077221059747,0.018191920566834583,0.08305996909697633,0.05908142448805926,0.0,0.0,0.0,0.0,0.0,0.0
363,-0.07148265386582425,0.09914898975797944,0.2608012198895055,-0.025760072453811258,0.0,0.0,0.0,0.0,0.0,0.0
364,-0.06725422489930265,0.0858507240757962,0.3621875697886524,0.012733935394699756,0.0,0.0,0.0,0.0,0.0,0.0
365,-0.0761879215459966,0.17230745700137096,0.17016395746061336,-0.05330635422062485,0.0,0.0,0.0,0.0,0.0,0.0
366,-0.06875277356959465,0.05785866395218129,0.4564428270888824,-0.020470386750302147,0.0,0.0,0.0,0.0,0.0,0.0
367,-0.07377657942407291,0.13570902429794357,0.17671261648065956,-0.030452857686587353,0.0,0.0,0.0,0.0,0.0,0.0
368,-0.03516500036237909,0.19701760531852944,-0.021885046679320477,-0.028383506255399527,0.0,0.0,0.0,0.0,0.0,0.0
369,-0.12621332116025874,0.21133481032197982,0.0347960185868269,-0.04730997274401744,0.0,0.0,0.0,0.0,0.0,0.0
370,-0.019043158470322064,0.08302430363161328,0.5137173338135772,0.03800037189563563,0.0,0.0,0.0,0.0,0.0,0.0
371,-0.00585950991933498,0.19044379657446675,-0.16398007064117132,-0.10444045455568521,0.0,0.0,0.0,0.0,0.0,0.0
372,-0.02966431341033491,-0.07019971997975047,0.3376206818774374,0.017721099262765445,0.0,0.0,0.0,0.0,0.0,0.0
373,-0.04594030423011926,-0.032600753106839714,0.26702080002399387,0.05131213486119052,0.0,0.0,0.0,0.0,0.0,0.0
374,-0.05856475384014836,0.09695961939592987,0.4769049464302143,0.024507571187148518,0.0,0.0,0.0,0.0,0.0,0.0
375,-0.1111572785469142,0.288187003747068,-0.053658581141156424,0.0007810716073158804,0.0,0.0,0.0,0.0,0.0,0.0
376,-0.07839626216036209,0.19483990034156934,0.2753044924419211,-0.030171432838982618,0.0,0.0,0.0,0.0,0.0,0.0
377,0.058762631001748104,-0.10939962332230654,0.8683669408445852,-0.018877892363371687,0.0,0.0,0.0,0.0,0.0,0.0
378,-0.09649650463825173,0.19433091326757862,0.05528982960654606,0.0084543250245149,0.0,0.0,0.0,0.0,0.0,0.0
379,-0.11327643100730611,0.09497067060165425,-0.368238804517086,0.09881787341963275,0.0,0.0,0.0,0.0,0.0,0.0
380,-0.10323522907574018,0.09154820769431214,-0.2919761912600724,0.06031855798568809,0.0,0.0,0.0,0.0,0.0,0.0
381,-0.09777543710347653,0.20911095747082484,0.040442364091150575,0.003771686524338119,0.0,0.0,0.0,0.0,0.0,0.0
382,-0.059220690545725055,-0.017031269976919828,0.32863021683646687,-0.007494400743260989,0.0,0.0,0.0,0.0,0.0,0.0
383,-0.10887314643550108,0.28926059876658955,-0.2439778608143598,-0.02376333881146963,0.0,0.0,0.0,0.0,0.0,0.0
384,-0.0784941647446308,0.2628934583213619,0.25810404162156514,0.013373101476340432,0.0,0.0,0.0,0.0,0.0,0.0
385,-0.06564157756764528,0.12952891938831457,0.03474780987172587,0.051347145201240896,0.0,0.0,0.0,0.0,0.0,0.0
386,-0.0754967671457086,-0.0030850585122942096,0.30752779216786813,0.047190222446037294,0.0,0.0,0.0,0.0,0.0,0.0
387,-0.07602670643772663,0.08721266780184977,0.2608617283527786,-0.000982870912843485,0.0,0.0,0.0,0.0,0.0,0.0
388,-0.0861639743955846,0.15338201894835574,-0.14830839939497026,-0.01598503762633236,0.0,0.0,0.0,0.0,0.0,0.0
389,-0.042664366563479786,-0.07324591538535981,-0.09395761986670799,0.1833420175357178,0.0,0.0,0.0,0.0,0.0,0.0
390,-0.08264471594299443,0.10847653670690548,0.00617037475414931,0.05693619045385101,0.0,0.0,0.0,0.0,0.0,0.0
391,-0.11808785549338895,0.1456554925351468,-0.2718829290846188,0.03342507149308078,0.0,0.0,0.0,0.0,0.0,0.0
392,-0.07409820997165092,0.09212858433089459,0.007867725872450021,0.017118301420030454,0.0,0.0,0.0,0.0,0.0,0.0
393,-0.06563627903572698,0.2352246754358653,0.41252269445308487,-0.05369880974935316,0.0,0.0,0.0,0.0,0.0,0.0
394,-0.09519776096118478,0.2094289404002946,-0.026263735762367145,0.02518991132873263,0.0,0.0,0.0,0.0,0.0,0.0
395,0.02039060427127994,0.19051418926173394,0.6505788304507869,-0.08253478404579125,0.0,0.0,0.0,0.0,0.0,0.0
396,-0.021785572115799397,-0.05844712183990244,0.6124350182058296,0.024278040819589477,0.0,0.0,0.0,0.0,0.0,0.0
397,-0.04378725601411199,-0.04071878466052169,0.24187332229277062,-0.011803949043141287,0.0,0.0,0.0,0.0,0.0,0.0
398,-0.0760150399890167,0.17564184436991015,0.5758832192398825,0.008718025772450889,0.0,0.0,0.0,0.0,0.0,0.0
399,-0.060345742186824466,0.04284672926947147,0.328225517144877,-0.023704596913836914,0.0,0.0,0.0,0.0,0.0,0.0
400,-0.07754016554937458,0.2486191527724439,0.05094698375241514,-0.06721181970745042,0.0,0.0,0.0,0.0,0.0,0.0
401,-0.06034210948555395,0.11408544497188731,0.18103829077367267,-0.06273857233549246,0.0,0.0,0.0,0.0,0.0,0.0
402,-0.06265139164328716,0.04897121133162491,0.1768245024031801,0.05507881282763235,0.0,0.0,0.0,0.0,0.0,0.0
403,-0.10426511444483909,0.14483987108620733,-0.0701554582206451,0.013861334033707208,0.0,0.0,0.0,0.0,0.0,0.0
404,-0.05335117800333128,0.06177824403632163,0.6607091133801922,-0.058748659649481505,0.0,0.0,0.0,0.0,0.0,0.0
405,-0.09709502475302913,0.15294273563902,-0.04629000337161383,0.010134623357693696,0.0,0.0,0.0,0.0,0.0,0.0
406,-0.038144569789738916,0.05864213657206654,0.6317855762237091,-0.02451186801165686,0.0,0.0,0.0,0.0,0.0,0.0
407,-0.022042966148666528,0.11618571358919466,0.5216964088758003,0.04133042535819582,0.0,0.0,0.0,0.0,0.0,0.0
408,-0.04420349535564985,-0.004588116291349807,-0.2766241381309774,0.13185079889446394,0.0,0.0,0.0,0.0,0.0,0.0
409,-0.09868454642847534,0.22263260122021372,-0.06837325244403583,-0.0032013208853543815,0.0,0.0,0.0,0.0,0.0,0.0
410,-0.0845152008961555,0.08477636904995688,0.08916015977750776,0.023144937022588255,0.0,0.0,0.0,0.0,0.0,0.0
411,0.007099693725928325,0.4130414388498072,0.41555669507070836,-0.10528513069668785,0.0,0.0,0.0,0.0,0.0,0.0
412,-0.0896458558547049,-0.006358205344147478,0.199671130817018,0.03723742517804072,0.0,0.0,0.0,0.0,0.0,0.0
413,0.02955354391833799,0.1701012704386311,0.48558495542390123,-0.07192754362536653,0.0,0.0,0.0,0.0,0.0,0.0
414,-0.06600576712018719,0.12801736399070035,0.20063820855155698,-0.04310272581225044,0.0,0.0,0.0,0.0,0.0,0.0
415,-0.09975108503603435,0.14557114586380643,-0.014864793583357466,0.007599424471358549,0.0,0.0,0.0,0.0,0.0,0.0
416,-0.05670268774773059,-0.11157729385640673,0.07467519895979237,0.1675048025409163,0.0,0.0,0.0,0.0,0.0,0.0
417,0.01724059836248415,-0.1916451895219312,0.37434952127906856,-0.00797905968750713,0.0,0.0,0.0,0.0,0.0,0.0
418,-0.09195031446770946,0.1010604023296251,0.028496272244624657,0.02245162558453963,0.0,0.0,0.0,0.0,0.0,0.0
419,-0.03680403313171346,0.028601844326706927,0.2588439371439827,0.05646723847315899,0.0,0.0,0.0,0.0,0.0,0.0
420,-0.0005479797007669014,-0.12417109060228472,0.7767580755636415,0.023196866685451716,0.0,0.0,0.0,0.0,0.0,0.0
421,-0.052050290963060734,0.07936536901077627,0.4404255321873173,0.027508815159250282,0.0,0.0,0.0,0.0,0.0,0.0
422,-0.10825144855997798,0.1044021219515332,-0.0055447394617361935,0.04072880993730676,0.0,0.0,0.0,0.0,0.0,0.0
423,0.23510328393553415,-0.19299181975024005,1.885770104966353,-0.12727891185740414,0.0,0.0,0.0,0.0,0.0,0.0
424,-0.03233373535933797,0.2093236333348479,0.2656202267294574,0.03579771578569205,0.0,0.0,0.0,0.0,0.0,0.0
425,-0.04889292625248219,0.0960151759524412,0.4451461816102439,-0.009422854094483717,0.0,0.0,0.0,0.0,0.0,0.0
426,-0.1006806557401006,0.05303566256498317,-0.019970666960942924,0.09660537777263498,0.0,0.0,0.0,0.0,0.0,0.0
427,-0.06053485517226906,-0.032010810732616767,0.04674446868386789,0.10075807483001563,0.0,0.0,0.0,0.0,0.0,0.0
428,-0.11678128435462114,0.20937701152486302,-0.08626889079119317,0.021365137020669053,0.0,0.0,0.0,0.0,0.0,0.0
429,-0.028358526830680564,0.004615100189618282,0.40967982204616593,-0.07541999755009648,0.0,0.0,0.0,0.0,0.0,0.0
430,-0.027242255178969693,0.10951559716861399,0.23702386350245128,0.058512460255073194,0.0,0.0,0.0,0.0,0.0,0.0
431,-0.1473507613095771,0.29704934770916347,-0.180468070455095,-0.005439048729722217,0.0,0.0,0.0,0.0,0.0,0.0
432,-0.10013690852649465,0.19110664304229957,-0.1878324205711468,0.07196116593586455,0.0,0.0,0.0,0.0,0.0,0.0
433,-0.0704278610994728,-0.10278388454978364,0.300521342040762,0.05470356673106049,0.0,0.0,0.0,0.0,0.0,0.0
434,-0.09944223139688668,0.27086505208415457,0.049185086499647805,-0.023709978697031765,0.0,0.0,0.0,0.0,0.0,0.0
435,-0.08006735026954667,0.10748069322895194,-0.04490366286582236,0.01597821603703004,0.0,0.0,0.0,0.0,0.0,0.0
436,-0.04487967451553537,0.005247460608686741,0.3054417940549304,-0.003602660388118058,0.0,0.0,0.0,0.0,0.0,0.0
437,-0.022047675882792512,-0.06794935463768728,0.17737465832446514,-0.012279254910390926,0.0,0.0,0.0,0.0,0.0,0.0
438,0.03163535108728551,-0.2019246190857753,0.6454066798114755,0.12449550926981226,0.0,0.0,0.0,0.0,0.0,0.0
439,-0.08215076728193195,0.18365334680913126,0.19901074347758918,0.010490583971088896,0.0,0.0,0.0,0.0,0.0,0.0
440,-0.07458578463904383,0.15325491957204962,0.2968030683999534,-0.02728537037144236,0.0,0.0,0.0,0.0,0.0,0.0
441,-0.09296659921347014,0.059168215869720875,-0.14836963734158617,0.0952929431238818,0.0,0.0,0.0,0.0,0.0,0.0
442,-0.0704906792332797,0.033482794948690324,-0.02042389768270424,0.027155862909524178,0.0,0.0,0.0,0.0,0.0,0.0
443,0.09196089410168812,0.05658791814347393,-0.0388177279971317,-0.15769631876172888,0.0,0.0,0.0,0.0,0.0,0.0
444,-0.09859044519178768,0.07328232307702508,0.13308527494780079,0.0207829871984124,0.0,0.0,0.0,0.0,0.0,0.0
445,-0.0842905871944157,0.12368918160577456,0.1808362922872455,-0.005102492063121712,0.0,0.0,0.0,0.0,0.0,0.0
446,-0.09891060009257352,0.19979671045016315,-0.039287415341233846,0.0017698989653080622,0.0,0.0,0.0,0.0,0.0,0.0
447,-0.05354465583620526,0.3915464591658657,0.024831144314066255,-0.15805910068693602,0.0,0.0,0.0,0.0,0.0,0.0
448,-0.07548998077522036,0.16714880666988993,0.16377755252903672,0.03557607987988936,0.0,0.0,0.0,0.0,0.0,0.0
449,-0.0830524146416599,0.19632203704718965,-0.0737223768457265,-0.04022971872797646,0.0,0.0,0.0,0.0,0.0,0.0
450,-0.09847140940624383,0.1860557656469272,0.03604001706904533,-0.03195394162820134,0.0,0.0,0.0,0.0,0.0,0.0
451,-0.11771205665396493,0.2515489559502174,-0.06253552033916002,-0.03322299728815272,0.0,0.0,0.0,0.0,0.0,0.0
452,2.0676888880613182,-3.762674108218608,4.207045829071701,-1.426679579795462,0.0,0.0,0.0,0.0,0.0,0.0
453,0.14494341631241414,-0.3759880223605905,0.549176814207624,-0.12507346279326753,0.0,0.0,0.0,0.0,0.0,0.0
454,0.1093640221490837,-0.3059032859450964,0.5428222508821698,0.06106401486387772,0.0,0.0,0.0,0.0,0.0,0.0
455,0.05604323251737334,-0.23940255798290958,0.9376523764965299,-0.07178629479714912,0.0,0.0,0.0,0.0,0.0,0.0
456,-0.046606276567094686,0.18803212827626747,0.2979517099836063,0.0009233725564687115,0.0,0.0,0.0,0.0,0.0,0.0
457,-0.08846566752206834,0.15658997544084466,-0.16454631144028456,0.0023198120143263115,0.0,0.0,0.0,0.0,0.0,0.0
458,-0.07256831860694304,0.19656488660278057,0.05281021078258158,0.0366767002997256,0.0,0.0,0.0,0.0,0.0,0.0
459,-0.1201730097018358,0.18695122293349778,-0.02837330304233543,0.0658864981442922,0.0,0.0,0.0,0.0,0.0,0.0
460,-0.032106801712994834,-0.1412375480756632,0.0920727806087519,0.2762714422967371,0.0,0.0,0.0,0.0,0.0,0.0
461,-0.09462554993541959,0.20064925736468373,0.08660597188106835,0.038489056409294356,0.0,0.0,0.0,0.0,0.0,0.0
462,-0.12689249229099897,0.1395936751835665,-0.30066052050338177,0.09049406253279975,0.0,0.0,0.0,0.0,0.0,0.0
463,-0.09140912159177565,0.08762065965664088,0.09490929045283,0.004090826284866082,0.0,0.0,0.0,0.0,0.0,0.0
464,-0.09940628561261224,0.04910661667317034,0.183702002872413,0.029400682719008114,0.0,0.0,0.0,0.0,0.0,0.0
465,-0.11955704959986138,0.1559256199551939,-0.11569036599351787,0.043816127253172354,0.0,0.0,0.0,0.0,0.0,0.0
466,-0.06313192295433637,0.20047050647932907,0.44058785001611145,-0.07832858042673192,0.0,0.0,0.0,0.0,0.0,0.0
467,-0.03764965812490984,-0.196364045033409,0.4939386892452161,0.03358649459417259,0.0,0.0,0.0,0.0,0.0,0.0
468,-0.094303235845144,0.08370605081658367,-0.011908453008680597,0.0390462587157731,0.0,0.0,0.0,0.0,0.0,0.0
469,-0.10563343355040046,0.21427719175467336,0.1647570368455768,-0.0019955126982175086,0.0,0.0,0.0,0.0,0.0,0.0
470,-0.07687042263349161,0.18968862086361848,0.016313709745194367,-0.031461344710874715,0.0,0.0,0.0,0.0,0.0,0.0
471,-0.045679807844494325,0.03587078734826961,0.16899611902417813,0.049621733496003184,0.0,0.0,0.0,0.0,0.0,0.0
472,-0.014888658597193955,-0.1862368777977419,0.1508183129944278,0.04410019455037503,0.0,0.0,0.0,0.0,0.0,0.0
473,-0.08347134301218795,0.11223148547839053,0.2684939802917313,-0.010666537022393513,0.0,0.0,0.0,0.0,0.0,0.0
474,-0.07192518744843665,0.2508512187214305,0.01888719559271685,-0.03358188866857384,0.0,0.0,0.0,0.0,0.0,0.0
475,-0.10834276770980081,0.13120459085018613,0.07930837906823307,-0.006590768425011528,0.0,0.0,0.0,0.0,0.0,0.0
476,-0.0037849600131978174,-0.015278928044761695,0.5522242555153963,-0.010705264926309402,0.0,0.0,0.0,0.0,0.0,0.0
477,-0.09699641148170689,0.06129216316324277,-0.07354309199340611,0.07867943309127089,0.0,0.0,0.0,0.0,0.0,0.0
478,-0.12162707708990622,0.1963133019511981,-0.011889428288740265,0.019586626626368044,0.0,0.0,0.0,0.0,0.0,0.0
479,-0.10714801944317556,0.13383166797499432,-0.09385499467641926,0.05576427152799179,0.0,0.0,0.0,0.0,0.0,0.0
480,-0.1430400749240843,0.2472133799078575,-0.2800723307641415,0.010372878403681082,0.0,0.0,0.0,0.0,0.0,0.0
481,-0.11889112857740111,0.12668347806562072,-0.09638336918666972,0.03823927886130856,0.0,0.0,0.0,0.0,0.0,0.0
482,-0.12302237285813761,0.22389382978892944,-0.28733012244261097,0.024508667446095866,0.0,0.0,0.0,0.0,0.0,0.0
483,-0.03925269306433783,-0.08301382023379912,0.16214897462100594,0.05907850926455251,0.0,0.0,0.0,0.0,0.0,0.0
484,-0.06079898258763345,-0.03449927613935846,-0.24601643065357695,0.14151380367167546,0.0,0.0,0.0,0.0,0.0,0.0
485,-0.10529390788694978,0.19413721088606717,0.21888166116156055,-0.005416191738793034,0.0,0.0,0.0,0.0,0.0,0.0
486,-0.08383132625157085,0.14942072436818277,-0.016932364804454057,0.004560365709411677,0.0,0.0,0.0,0.0,0.0,0.0
487,-0.010110107304409475,-0.07354242818639348,0.34471003856754445,0.05313560696466649,0.0,0.0,0.0,0.0,0.0,0.0
488,-0.11062618643684362,0.21260515052343443,0.18614044059543053,0.05926611504852106,0.0,0.0,0.0,0.0,0.0,0.0
489,-0.073085566859481,0.04739852281671764,0.17991893560253863,0.008945398006606332,0.0,0.0,0.0,0.0,0.0,0.0
490,-0.01576407690033099,-0.02438017990999265,0.5007083530699276,-0.03920894076891242,0.0,0.0,0.0,0.0,0.0,0.0
491,-0.10908446946389432,0.26192258435622995,0.11826756884449661,-0.018865776490934863,0.0,0.0,0.0,0.0,0.0,0.0
492,-0.08439550462433729,0.09502077737918214,-0.05872477411805638,0.05131529305143887,0.0,0.0,0.0,0.0,0.0,0.0
493,-0.1394289462860577,0.22962000462918833,-0.15259112349773626,0.024624284262814437,0.0,0.0,0.0,0.0,0.0,0.0
494,-0.10737510495229756,0.1262907524885675,-0.008751548255717194,0.06862688282183584,0.0,0.0,0.0,0.0,0.0,0.0
495,-0.05624517108519078,-0.012598842892820018,0.12006601556829632,0.14936317290689485,0.0,0.0,0.0,0.0,0.0,0.0
496,-0.04361023746845588,0.14536810623160884,0.4744626159987574,-0.011898679460272012,0.0,0.0,0.0,0.0,0.0,0.0
497,-0.10555203121380226,0.14270734738495805,-0.03924164625767567,0.019209007365768208,0.0,0.0,0.0,0.0,0.0,0.0
498,-0.07920653346705002,0.14487705851815144,0.18351832455086609,-0.03653570079366475,0.0,0.0,0.0,0.0,0.0,0.0
499,-0.10022765200921276,0.09153350623127113,-0.23273981296917082,0.04427377060351111,0.0,0.0,0.0,0.0,0.0,0.0
500,-0.06270096449226038,0.2198406508900471,0.39659486053644183,0.024997566294680328,0.0,0.0,0.0,0.0,0.0,0.0
501,-0.056930448227477934,-0.11867876746269154,0.08417633278905637,0.03560438218322959,0.0,0.0,0.0,0.0,0.0,0.0
502,-0.06341260387003914,-0.026073200782529733,-0.01285856121101727,0.06571538518611562,0.0,0.0,0.0,0.0,0.0,0.0
503,-0.05669806550654207,-0.04245381250872054,0.22887519619701321,0.023592087442428845,0.0,0.0,0.0,0.0,0.0,0.0
504,-0.01194765067235496,0.09975191178120038,0.6591858022933925,-0.004583845950602755,0.0,0.0,0.0,0.0,0.0,0.0
505,-0.0656205297714152,-0.0367207031579002,0.2283678798918759,-0.003064156548456706,0.0,0.0,0.0,0.0,0.0,0.0
506,-0.06538179380257803,0.01784386505084835,0.028479416858532072,0.01131593585328134,0.0,0.0,0.0,0.0,0.0,0.0
507,-0.11767135797599249,0.19263792745404762,-0.08499927470197241,0.04492877999903452,0.0,0.0,0.0,0.0,0.0,0.0
508,-0.05590258574553265,0.06229962396096712,0.22884870556851114,0.056891774759045916,0.0,0.0,0.0,0.0,0.0,0.0
509,2.339084288545913,-6.3956931998293,1.7976687383404288,-1.4944766590002228,0.0,0.0,0.0,0.0,0.0,0.0
510,-0.026370132767864055,0.06621808367013343,0.09152917379178871,-0.06046626245253701,0.0,0.0,0.0,0.0,0.0,0.0
511,-0.030085183099612396,-0.03987760605088806,0.23921147681505703,-0.01884049619784415,0.0,0.0,0.0,0.0,0.0,0.0
512,-0.08052932562990354,0.04580267142404184,0.022771265208673154,-0.025380391617531178,0.0,0.0,0.0,0.0,0.0,0.0
513,0.04762479490778113,-0.571816594696652,0.11176575919740822,0.07519867940099013,0.0,0.0,0.0,0.0,0.0,0.0
514,0.4509843443860136,-1.7136328887247094,-0.4977571506411506,-0.28231890667382636,0.0,0.0,0.0,0.0,0.0,0.0
515,0.033225151939540724,-0.47944294772885404,0.03169294827736622,0.054819428500523,0.0,0.0,0.0,0.0,0.0,0.0
516,-0.03401938941521887,-0.19714501030701567,0.5651643478735322,0.013312648556477472,0.0,0.0,0.0,0.0,0.0,0.0
517,-0.07350541611285641,-0.06629122867166225,0.16578802391585673,-0.002475837215347065,0.0,0.0,0.0,0.0,0.0,0.0
518,-0.021908469071270795,-0.22325955573445763,0.015391791183001137,0.22920429700446693,0.0,0.0,0.0,0.0,0.0,0.0
519,-0.11111435798505598,0.1974418559700594,-0.1555528479495061,0.027113427030974312,0.0,0.0,0.0,0.0,0.0,0.0
520,-0.09069725616146032,0.058673472779154044,-0.0698545389410938,0.04155982389596999,0.0,0.0,0.0,0.0,0.0,0.0
521,-0.04642622330445103,-0.0803736620465029,0.09914198541991719,0.03564542666492001,0.0,0.0,0.0,0.0,0.0,0.0
522,-0.07636438263101308,0.014224845847638551,-0.02192207102266971,-0.016676979747042967,0.0,0.0,0.0,0.0,0.0,0.0
523,-0.130819361892163,0.21836879738212084,-0.3498313415357763,0.02187575910492136,0.0,0.0,0.0,0.0,0.0,0.0
524,-0.06370164057095784,0.05601549614978929,0.1747745550223432,-0.009630719188998237,0.0,0.0,0.0,0.0,0.0,0.0
525,-0.09171159639468154,0.015189946811961147,-0.1046806650246471,0.13681346024307284,0.0,0.0,0.0,0.0,0.0,0.0
526,-0.10315934776733834,0.09079474966290492,-0.046462738616934465,0.045415246351425166,0.0,0.0,0.0,0.0,0.0,0.0
527,-0.029976696338076852,-0.07821445181191337,0.5041994084791305,0.043771109452847505,0.0,0.0,0.0,0.0,0.0,0.0
528,-0.07617312327656908,0.0866304233682623,-0.282580073139931,0.05429926170460063,0.0,0.0,0.0,0.0,0.0,0.0
529,-0.04306370635775069,-0.0039765658214259165,0.131912497780522,0.15895326471854407,0.0,0.0,0.0,0.0,0.0,0.0
530,-0.08863573143939128,0.10255742047202354,0.03448908763594696,0.027878207992659138,0.0,0.0,0.0,0.0,0.0,0.0
531,-0.09863933149769442,0.09084748885119684,-0.3344983349719196,0.08078916998967403,0.0,0.0,0.0,0.0,0.0,0.0
532,-0.10191850813501341,0.12433513615731366,-0.061557437615120086,0.021842950488392864,0.0,0.0,0.0,0.0,0.0,0.0
533,-0.1073183398762367,0.04738935225176071,0.07493763079323924,0.028808440346081002,0.0,0.0,0.0,0.0,0.0,0.0
534,-0.11256011294382051,0.1549163861406226,-0.15301868866873528,-0.007459081016756826,0.0,0.0,0.0,0.0,0.0,0.0
535,-0.08523122603886699,0.10451113490900076,-0.07956453653951906,0.01728135145786864,0.0,0.0,0.0,0.0,0.0,0.0
536,0.08852664523887416,-0.47094493844139634,0.9504388012448772,-0.022511011472054563,0.0,0.0,0.0,0.0,0.0,0.0
537,-0.056619196353057746,-0.08176964811571846,0.3452293315080109,0.024142351615435237,0.0,0.0,0.0,0.0,0.0,0.0
538,-0.07933405830210621,0.1698942301466618,-0.10517790669199871,0.03071373936309634,0.0,0.0,0.0,0.0,0.0,0.0
539,-0.06891107285544217,-0.026537850196868582,0.20712266201197088,0.06790418122451064,0.0,0.0,0.0,0.0,0.0,0.0
540,-0.08832695987552816,-0.04362607328567813,-0.16606100189660045,0.11705924502120146,0.0,0.0,0.0,0.0,0.0,0.0
541,-0.12763313961552608,0.2646990944820153,-0.2353045463704713,-0.010184288723430232,0.0,0.0,0.0,0.0,0.0,0.0
542,-0.09617782918224134,0.182118253275391,0.07255777909806276,-0.05466604395305474,0.0,0.0,0.0,0.0,0.0,0.0
543,-0.09519158458470903,-0.046856686906244324,0.042508051673292656,0.04280957917945724,0.0,0.0,0.0,0.0,0.0,0.0
544,-0.010435163700939441,-0.274048150683877,0.1725109921133188,0.15311438328451735,0.0,0.0,0.0,0.0,0.0,0.0
545,-0.06813313898636753,-0.04078497538275197,-0.05533333835490806,0.08245100174991793,0.0,0.0,0.0,0.0,0.0,0.0
546,-0.08029534298664544,0.18270882560231874,-0.07268944008537005,-0.024309302250979145,0.0,0.0,0.0,0.0,0.0,0.0
547,-0.08463627401570355,-0.04475925791756785,-0.24757164548201308,0.2113085870907996,0.0,0.0,0.0,0.0,0.0,0.0
548,-0.08981852842256818,0.12554536898420865,-0.14922689092813204,0.0443995637132447,0.0,0.0,0.0,0.0,0.0,0.0
549,0.05150841465346357,-0.08109839128730231,0.5271685858322075,-0.09274213771200998,0.0,0.0,0.0,0.0,0.0,0.0
550,-0.10733012742584629,0.09413044092237524,0.12906593471636899,0.03645851691422464,0.0,0.0,0.0,0.0,0.0,0.0
551,-0.10116857684579977,0.21262203310408753,0.045661491060078184,0.05105747418537926,0.0,0.0,0.0,0.0,0.0,0.0
552,-0.10891669902925691,0.12585804549775484,-0.22160252964260732,0.10556302513343631,0.0,0.0,0.0,0.0,0.0,0.0
553,-0.13061104931654396,0.19180182703338372,-0.08218359525737817,-0.0013989818924629329,0.0,0.0,0.0,0.0,0.0,0.0
554,-0.1101298884270708,0.1129249061242981,-0.2703283443374451,0.09587092932356348,0.0,0.0,0.0,0.0,0.0,0.0
555,-0.060908554296451256,-0.06911900615796786,0.03606980891903887,0.08714821314152486,0.0,0.0,0.0,0.0,0.0,0.0
556,-0.06634357021172817,0.027584426539033736,0.09008045231386372,0.12628220370586477,0.0,0.0,0.0,0.0,0.0,0.0
557,-0.08024536424262982,0.06650365793155313,0.09516506448427715,0.10970693324573666,0.0,0.0,0.0,0.0,0.0,0.0
558,-0.10107885333272378,0.10894261981782623,-0.1476431198978094,0.020585710430990656,0.0,0.0,0.0,0.0,0.0,0.0
559,-0.11764901311673893,0.11344286304421959,-0.2193650667438695,0.07596237844691801,0.0,0.0,0.0,0.0,0.0,0.0
560,-0.12290898164916372,0.19557377852722585,-0.1872051965229607,0.013039728267874787,0.0,0.0,0.0,0.0,0.0,0.0
561,-0.10092673807485522,0.08736736758985639,-0.13401810868059766,0.029939427726746338,0.0,0.0,0.0,0.0,0.0,0.0
562,-0.11446707797638415,0.10112776167043873,-0.045634659984044236,0.027437204089435133,0.0,0.0,0.0,0.0,0.0,0.0
563,-0.09967674255303166,0.17423069940245678,-0.06269897975907916,0.011109150730595995,0.0,0.0,0.0,0.0,0.0,0.0
564,-0.07119728349797327,-0.02840565257361452,-0.1045002620350765,0.058602533879376355,0.0,0.0,0.0,0.0,0.0,0.0
565,-0.10182705217986263,0.16469502668544223,-0.37001206599716724,0.044623685909332175,0.0,0.0,0.0,0.0,0.0,0.0
566,-0.08244997156690798,0.16097892796068244,-0.025003212482530197,-0.07215229871580708,0.0,0.0,0.0,0.0,0.0,0.0
567,-0.04895641276384935,0.05652035693845817,0.14652812647192684,-0.06305480659764118,0.0,0.0,0.0,0.0,0.0,0.0
568,-0.09640529081392368,0.08076497687361478,-0.25335803170661736,0.12165933722541443,0.0,0.0,0.0,0.0,0.0,0.0
569,-0.10308517800473696,0.10411684217033629,-0.21753931807115484,0.08103985000814531,0.0,0.0,0.0,0.0,0.0,0.0
570,-0.03747702791389752,-0.16065804937747327,0.1321973039025437,0.014112493841122778,0.0,0.0,0.0,0.0,0.0,0.0
571,-0.0730407540358799,0.008144707350912968,-0.050985486244120685,0.025167805188108208,0.0,0.0,0.0,0.0,0.0,0.0
572,-0.054693752400857346,-0.023775880657243866,0.09660697256719851,0.06070368816423873,0.0,0.0,0.0,0.0,0.0,0.0
573,-0.10399296667215399,0.07491554587596227,-0.25438301218120124,0.07977916799742461,0.0,0.0,0.0,0.0,0.0,0.0
574,-0.10122416471693861,0.11150186188501097,-0.0360218149040097,0.0805697769586772,0.0,0.0,0.0,0.0,0.0,0.0
575,-0.12744573342764445,0.12947306749652243,-0.2927301540023071,0.05947314062255101,0.0,0.0,0.0,0.0,0.0,0.0
576,-0.06130544914302343,-0.005910741003193438,-0.10395764954769632,0.006964865424332979,0.0,0.0,0.0,0.0,0.0,0.0
577,-0.059125737518386054,-0.08092643033191844,0.16227808775804942,0.04861368287793231,0.0,0.0,0.0,0.0,0.0,0.0
578,-0.07088052595686577,-0.05979724722788828,-0.058881530695431,0.1447684013183943,0.0,0.0,0.0,0.0,0.0,0.0
579,-0.07717434964512382,0.08964915782511766,0.2735474757380528,-0.0037455216756549147,0.0,0.0,0.0,0.0,0.0,0.0
580,-0.018547844046687426,-0.2447821918429983,0.0855691031672697,0.1298932365455636,0.0,0.0,0.0,0.0,0.0,0.0
581,-0.11914681798592557,0.18685355549098304,-0.10963643069077475,0.005137269668385406,0.0,0.0,0.0,0.0,0.0,0.0
582,-0.12621592474733054,0.19791304178973224,-0.16103975153251282,0.021629703892378005,0.0,0.0,0.0,0.0,0.0,0.0
583,-0.1226665242040193,0.1809928594905168,-0.17650023386371005,0.012873297070529732,0.0,0.0,0.0,0.0,0.0,0.0
584,-0.08987462391352619,0.16265766349970204,0.22813196625628848,0.002567536587673785,0.0,0.0,0.0,0.0,0.0,0.0
585,-0.10465492921517519,0.11242490941158831,-0.2203632233788642,0.11375510172296881,0.0,0.0,0.0,0.0,0.0,0.0
586,-0.13437858026966565,0.23236729452720148,-0.16349860981938497,0.006692224921663671,0.0,0.0,0.0,0.0,0.0,0.0
587,7.00264285290671,-4.975518909160136,-5.86265967424827,2.2068000316550576,0.0,0.0,0.0,0.0,0.0,0.0
588,0.032696483260313824,0.43209209471001464,0.2513989434500506,-0.07281802322193233,0.0,0.0,0.0,0.0,0.0,0.0
589,0.42612917858361365,-0.9622850647331285,1.156968161610352,0.06263035219550979,0.0,0.0,0.0,0.0,0.0,0.0
590,0.4722294325330431,-1.9035289782523925,-0.3899526892373412,0.44093852592785343,0.0,0.0,0.0,0.0,0.0,0.0
591,-0.03289882170897178,0.07838112219594301,-0.176773925071938,0.025826003770429533,0.0,0.0,0.0,0.0,0.0,0.0
592,0.271700372205184,-0.03730751247195352,0.03336294356623093,-0.08590101393437398,0.0,0.0,0.0,0.0,0.0,0.0
593,-0.04034141826224467,-0.1484883263774143,-0.05663123930188386,0.06273774562520057,0.0,0.0,0.0,0.0,0.0,0.0
594,0.5522329579151578,-1.4006735367941479,-0.2688650153386668,0.055941057310374756,0.0,0.0,0.0,0.0,0.0,0.0
595,-0.028905685999607602,-0.1944820750018791,-0.30111246322792956,-0.005186713431515088,0.0,0.0,0.0,0.0,0.0,0.0
596,0.4544379367840182,-1.1790329001065827,0.2853392827534704,0.03448256103491277,0.0,0.0,0.0,0.0,0.0,0.0
597,-0.11613407673355045,0.241104984817482,-0.05648668704507244,-0.03893465061285425,0.0,0.0,0.0,0.0,0.0,0.0
598,-0.11999392193194595,0.20117888021592809,-0.3044942479937226,0.02712467950981948,0.0,0.0,0.0,0.0,0.0,0.0
599,-0.04255636074387695,0.07041805206162875,0.30234769902988834,-0.052722646225011924,0.0,0.0,0.0,0.0,0.0,0.0
600,-0.03506947879634598,0.12390127046174514,-0.019117525183456018,0.013919635550769301,0.0,0.0,0.0,0.0,0.0,0.0
601,-0.017653461771888725,0.13809571256845446,1.1557695030965973,-0.03418765621687195,0.0,0.0,0.0,0.0,0.0,0.0
602,-0.1223179301004965,0.35266990960543265,-0.0828790816171085,1.9913434439020535e-05,0.0,0.0,0.0,0.0,0.0,0.0
603,-0.0838740890486674,0.21208447447523557,0.2796219489872605,0.040318762145171695,0.0,0.0,0.0,0.0,0.0,0.0
604,-0.12401045396166614,0.2521868020888189,-0.06722827989952614,-0.018364125602282386,0.0,0.0,0.0,0.0,0.0,0.0
605,-0.10233167896248971,0.21466457562324145,0.01628818469422255,-0.02274042220972708,0.0,0.0,0.0,0.0,0.0,0.0
606,0.004484789046460983,0.20761986388210873,-0.21381846588085554,-0.10224311282524909,0.0,0.0,0.0,0.0,0.0,0.0
607,-0.06623027276391448,0.12500422238462924,-0.14813709691572174,0.04704237848630666,0.0,0.0,0.0,0.0,0.0,0.0
608,0.01990192879169298,0.007589917477092775,0.28748864753122094,-0.0033333804436693998,0.0,0.0,0.0,0.0,0.0,0.0
609,-0.13869579235477483,0.2894539959780093,-0.21300494004212242,0.0165029169360804,0.0,0.0,0.0,0.0,0.0,0.0
610,-0.05254763647172274,0.1405092813098163,0.00382774350841136,0.07220148490009975,0.0,0.0,0.0,0.0,0.0,0.0
611,0.010430776944028344,0.024284287428556824,0.14027515749920383,-0.06779429765545138,0.0,0.0,0.0,0.0,0.0,0.0
612,-0.11554468140500561,0.20894799321949442,-0.3382908549913649,0.08096982308132357,0.0,0.0,0.0,0.0,0.0,0.0
613,-0.05226023722434229,0.09380636709156294,0.3568231882703783,0.00633738501961725,0.0,0.0,0.0,0.0,0.0,0.0
614,-0.1108819952888854,0.20296118779567807,0.0585162661382452,0.019229309424090995,0.0,0.0,0.0,0.0,0.0,0.0
615,-0.10779150097949569,0.15745842091542,0.09413678917051184,-2.760515331494886e-05,0.0,0.0,0.0,0.0,0.0,0.0
616,-0.1103380717349246,0.2552590905867204,-0.1323382631969289,0.05502340254842716,0.0,0.0,0.0,0.0,0.0,0.0
617,-0.07170091581677907,0.15098002239334293,0.45948698472449506,-0.01946435860443159,0.0,0.0,0.0,0.0,0.0,0.0
618,-0.094222813792275,0.07384034020362179,-0.25777468762822336,0.059511813709884356,0.0,0.0,0.0,0.0,0.0,0.0
619,-0.027967488673392837,0.0347437442109698,0.2735276547221091,-0.01305620685605108,0.0,0.0,0.0,0.0,0.0,0.0
620,-0.1114371278127903,0.20905648076052877,-0.16361432858952168,0.0635495926994091,0.0,0.0,0.0,0.0,0.0,0.0
621,-0.1092348293744681,0.17280996931907702,0.0061174809948828035,0.045427533298257126,0.0,0.0,0.0,0.0,0.0,0.0
622,-0.08513687431465415,0.13246646391211533,-0.0659685608962155,0.010550819672794066,0.0,0.0,0.0,0.0,0.0,0.0
623,0.047450979218109285,-0.038740905848328205,0.3529949369613369,-0.06340349698448974,0.0,0.0,0.0,0.0,0.0,0.0
624,-0.12853088703945215,0.22568027421429318,-0.1642280784064329,-0.01031193678171033,0.0,0.0,0.0,0.0,0.0,0.0
625,-0.09469056619345535,0.07416832150316564,-0.0882818121316326,0.022208112673598224,0.0,0.0,0.0,0.0,0.0,0.0
626,-0.1129534404206397,0.16503080499366102,-0.26946819378302256,0.030805128274508854,0.0,0.0,0.0,0.0,0.0,0.0
627,-0.07931088170990903,0.11548714092876954,-0.0722345764688227,0.044136365906845734,0.0,0.0,0.0,0.0,0.0,0.0
628,0.10492952881756856,1.0947338767448183,0.47695330662781876,-0.17326187944043558,0.0,0.0,0.0,0.0,0.0,0.0
629,-0.11275057863174238,0.28997915565586674,0.004767255641946399,0.04059650501529654,0.0,0.0,0.0,0.0,0.0,0.0
630,0.08116551019045957,0.02054031507126344,1.1677336154150812,-0.05401604045164436,0.0,0.0,0.0,0.0,0.0,0.0
631,-0.06598527995150916,0.13357074626408424,0.31448241855311393,-0.04112907410074791,0.0,0.0,0.0,0.0,0.0,0.0
632,-0.1415309538011255,0.3254970447331984,-0.07298969479647478,-0.021546875891432553,0.0,0.0,0.0,0.0,0.0,0.0
633,-0.11037195489961142,0.19752291427778046,-0.17093316880305237,0.03549876894051064,0.0,0.0,0.0,0.0,0.0,0.0
634,-0.10464057736850786,0.276042547414436,0.1911893238691785,-0.03258432125225557,0.0,0.0,0.0,0.0,0.0,0.0
635,-0.10047584628989586,0.17512521568830056,-0.04152164513453542,0.024045897416146184,0.0,0.0,0.0,0.0,0.0,0.0
636,-0.11442198853882563,0.23506972562533193,-0.10850246767543323,0.03510605629110198,0.0,0.0,0.0,0.0,0.0,0.0
637,-0.09483593730590206,0.09571994269204222,-0.1972318670271517,0.0584636953854851,0.0,0.0,0.0,0.0,0.0,0.0
638,-0.043581891569120686,0.047667189155433075,0.2542218498166119,-0.027984794668755524,0.0,0.0,0.0,0.0,0.0,0.0
639,-0.08315442067052044,0.16076064082906338,0.07827221296296442,0.05220807355876101,0.0,0.0,0.0,0.0,0.0,0.0
640,-0.09360381101273244,0.2594291754457655,0.12165445509144061,0.03844418561777937,0.0,0.0,0.0,0.0,0.0,0.0
641,-0.1184949353862852,0.26605314561774307,-0.12955062359930372,0.0263436071150596,0.0,0.0,0.0,0.0,0.0,0.0
642,-0.1372470685085208,0.32876961993590786,-0.14267824386730363,0.0006274365627955637,0.0,0.0,0.0,0.0,0.0,0.0
643,-0.1358949770063079,0.2478917071596291,-0.09863029276641817,0.010992338215594455,0.0,0.0,0.0,0.0,0.0,0.0
644,-0.1435020836978673,0.28238673048084123,-0.20816292929495064,-0.00915897068874968,0.0,0.0,0.0,0.0,0.0,0.0
645,4.025310314709733,-13.459030443092102,-11.660783760630078,0.6020136010822396,0.0,0.0,0.0,0.0,0.0,0.0
646,-0.05782305600039666,-0.04787134166904122,-0.116680803306674,-0.02556879718562733,0.0,0.0,0.0,0.0,0.0,0.0
647,-0.06345887130085116,-0.03421267844791817,-0.3123150452257052,-0.011786575746220032,0.0,0.0,0.0,0.0,0.0,0.0
648,-0.12660639322814457,0.23873441117917116,-0.17792292929295134,0.00678794441428979,0.0,0.0,0.0,0.0,0.0,0.0
649,-0.11986991267923464,0.21226593809252536,-0.1422338870255949,-0.03231665111787951,0.0,0.0,0.0,0.0,0.0,0.0
650,-0.10725405184173242,0.11618780149083001,-0.0481019164853433,-0.011456697419368975,0.0,0.0,0.0,0.0,0.0,0.0
651,-0.09592113883956695,0.12330022082354163,-0.1923342424388464,0.010623675838849775,0.0,0.0,0.0,0.0,0.0,0.0
652,-0.10256482451837888,0.185878041621183,-0.19796537607392095,-0.024243103868794517,0.0,0.0,0.0,0.0,0.0,0.0
653,-0.035546930323350996,0.006660499188727584,-0.04131127546627606,0.11970277570928553,0.0,0.0,0.0,0.0,0.0,0.0
654,-0.09054436947969396,0.11753529735561563,0.014501874232941699,0.002726525166226122,0.0,0.0,0.0,0.0,0.0,0.0
655,-0.13338072236733756,0.22384214093209515,-0.1583925999970959,0.020044787024607054,0.0,0.0,0.0,0.0,0.0,0.0
656,-0.10172251113459739,0.16699059303834235,-0.07702715513577486,0.028184235981807727,0.0,0.0,0.0,0.0,0.0,0.0
657,-0.13136230518661926,0.2547123031241741,-0.3818806361308888,0.056721962371113356,0.0,0.0,0.0,0.0,0.0,0.0
658,-0.14612066749648944,0.201095598294594,-0.24882510563744314,0.05364469553840531,0.0,0.0,0.0,0.0,0.0,0.0
659,-0.10417735239085225,0.17980280245755081,-0.39757684411540173,0.034851865683009374,0.0,0.0,0.0,0.0,0.0,0.0
660,0.06085477673277826,-0.4082822704298463,0.39182824809349975,-0.23359501813550837,0.0,0.0,0.0,0.0,0.0,0.0
661,-0.06132476702073178,-0.08323983748814504,0.08801507784017355,-0.050950087140279945,0.0,0.0,0.0,0.0,0.0,0.0
662,-0.10146184131768042,0.1187151284189317,-0.0026090132185658576,-0.005169150412484909,0.0,0.0,0.0,0.0,0.0,0.0
663,-0.11357322250644591,0.21691020647040593,-0.18917850637573475,-0.029938666913811453,0.0,0.0,0.0,0.0,0.0,0.0
664,-0.10435961906140273,0.1807977232009949,-0.1738137210392452,-0.04676687972452599,0.0,0.0,0.0,0.0,0.0,0.0
665,-0.0936708369426524,0.10688158860484688,0.023311546730253138,0.03724568821988597,0.0,0.0,0.0,0.0,0.0,0.0
666,-0.05483170614571726,0.17254651739712712,0.037366144913502077,-0.02795711958617958,0.0,0.0,0.0,0.0,0.0,0.0
667,-0.14405484962537163,0.24480767845039644,-0.30523097772102004,-0.010613641386281973,0.0,0.0,0.0,0.0,0.0,0.0
668,-0.12913104091208913,0.18937199041658753,-0.1818608653080161,-0.01249859039015057,0.0,0.0,0.0,0.0,0.0,0.0
669,-0.13114250988244303,0.17482859960315883,-0.13688905839829746,-0.007360330508472236,0.0,0.0,0.0,0.0,0.0,0.0
670,-0.12653338967784908,0.21390346568533625,-0.20399919060129723,0.0009779499557285476,0.0,0.0,0.0,0.0,0.0,0.0
671,-0.11808164281723431,0.12178126161718553,-0.3806683738731077,0.04000751547488649,0.0,0.0,0.0,0.0,0.0,0.0
672,-0.1360893545594535,0.27602522403429974,-0.23016663294529233,0.019506703857589944,0.0,0.0,0.0,0.0,0.0,0.0
673,-0.10423098507539029,0.22205717821380697,-0.011965380839943196,0.01755870785778305,0.0,0.0,0.0,0.0,0.0,0.0
674,-0.09290359305125967,0.17432467745651847,-0.24887732810654226,0.015133243518904538,0.0,0.0,0.0,0.0,0.0,0.0
675,-0.07585226172138683,0.04088727554841138,-0.07393327177350406,0.05518930963425119,0.0,0.0,0.0,0.0,0.0,0.0
676,-0.07994747641950842,0.1404760513345075,-0.2669393503135973,-0.0015931057490697477,0.0,0.0,0.0,0.0,0.0,0.0
677,-0.09618303298698695,0.06893499321769204,0.0034075148241514853,-0.0022818606169206375,0.0,0.0,0.0,0.0,0.0,0.0
678,-0.09769861479167849,0.31676839349917474,-0.19103616204192986,-0.07837132958460842,0.0,0.0,0.0,0.0,0.0,0.0
679,-0.10954549969496538,0.18582649747496874,-0.29400372369903865,0.021827396463811193,0.0,0.0,0.0,0.0,0.0,0.0
680,-0.0756992589420342,0.027537004971485195,-0.26475366121786553,0.01749485873212569,0.0,0.0,0.0,0.0,0.0,0.0
681,-0.026334861299515115,-0.0231751740534028,0.20394299288570117,0.029053109604617294,0.0,0.0,0.0,0.0,0.0,0.0
682,-0.1179772246661461,0.15672684916432644,-0.28901650734055445,0.04137489859982923,0.0,0.0,0.0,0.0,0.0,0.0
683,-0.09090979135306355,0.22037318415470572,-0.11389644702476323,-0.03689040612934898,0.0,0.0,0.0,0.0,0.0,0.0
684,-0.09126566618611966,0.16428221538768614,-0.08475793830731061,-0.004584900412127244,0.0,0.0,0.0,0.0,0.0,0.0
685,-0.10894827562097491,0.15861716808965268,-0.11483590257881929,0.02627175884527702,0.0,0.0,0.0,0.0,0.0,0.0
686,-0.05505898882144182,-0.039686702940560266,0.0500090072048074,-0.04748057256242915,0.0,0.0,0.0,0.0,0.0,0.0
687,-0.07905374659201683,0.0348538594550596,0.1330415541616247,-0.0017247714677489803,0.0,0.0,0.0,0.0,0.0,0.0
688,-0.08809203282338147,0.20237579022870086,-0.14607734918994747,-0.07764151610362822,0.0,0.0,0.0,0.0,0.0,0.0
689,2.70102920043928,-9.354816429521891,-2.3404187293678946,-0.8975876996702044,0.0,0.0,0.0,0.0,0.0,0.0
690,0.7403739363522417,-2.2235733233116006,0.15522118118901884,-0.28516094431314953,0.0,0.0,0.0,0.0,0.0,0.0
691,-0.1112930726855718,0.1480312866973222,-0.22049238212312036,0.0652998409740238,0.0,0.0,0.0,0.0,0.0,0.0
692,-0.0766259931864629,0.02738925922101716,-0.3423177797066245,0.1059340253867401,0.0,0.0,0.0,0.0,0.0,0.0
693,-0.11545704943791953,0.10037251644829501,-0.25359509136528574,0.08330888615921932,0.0,0.0,0.0,0.0,0.0,0.0
694,-0.04679327224301043,-0.13823636022291044,-0.11510397941592679,0.09797092578447118,0.0,0.0,0.0,0.0,0.0,0.0
695,0.04845350106325203,-0.5976355641244139,0.24037174450853974,-0.0513995471601866,0.0,0.0,0.0,0.0,0.0,0.0
696,-0.10409316459159533,0.15361311967576483,-0.05603846579906888,-0.01927230364454911,0.0,0.0,0.0,0.0,0.0,0.0
697,-0.12394197960428115,0.1728626598530082,-0.4935368422081584,0.09727844631653079,0.0,0.0,0.0,0.0,0.0,0.0
698,-0.10330078831934444,0.10014055087366239,-0.4527107959620474,0.10195912091207432,0.0,0.0,0.0,0.0,0.0,0.0
699,-0.13294753673780899,0.17431137434119628,-0.2918275923369747,0.04790979877173341,0.0,0.0,0.0,0.0,0.0,0.0
700,-0.10901090354319767,0.15297896155510116,-0.27369209258842625,0.0005167962908189323,0.0,0.0,0.0,0.0,0.0,0.0
701,-0.10571760330460153,0.26223660665441895,-0.011573495106861786,0.03656030789715726,0.0,0.0,0.0,0.0,0.0,0.0
702,-0.10327815958276096,0.18925552455094352,-0.11548663192797985,0.013134709489415199,0.0,0.0,0.0,0.0,0.0,0.0
703,-0.08546925772807455,0.10006189644701825,-0.12397740883605815,0.02772479746220986,0.0,0.0,0.0,0.0,0.0,0.0
704,-0.013322398535454118,-0.01923439068132451,0.1820630841832281,0.06635365120175704,0.0,0.0,0.0,0.0,0.0,0.0
705,-0.06589852608187206,-0.012420581517205407,-0.06528047142896173,0.08287816982521755,0.0,0.0,0.0,0.0,0.0,0.0
706,-0.1346012591413807,0.21295591290777893,-0.30429090670632514,0.08121466433867416,0.0,0.0,0.0,0.0,0.0,0.0
707,-0.10192749773683966,0.0747139807128303,-0.2800391924634212,0.10810638534739636,0.0,0.0,0.0,0.0,0.0,0.0
708,-0.06761277416878447,0.013059567002969199,-0.010323383953258686,0.0622891300035757,0.0,0.0,0.0,0.0,0.0,0.0
709,-0.1440972926532486,0.24102613912764584,-0.3678237328014479,0.06947548177338753,0.0,0.0,0.0,0.0,0.0,0.0
710,-0.08116740123840206,0.10036169153828385,-0.2078544409141616,0.05926369089343486,0.0,0.0,0.0,0.0,0.0,0.0
711,-0.09069092819941439,0.20334912862131602,0.14967619235434607,-0.00716946502729903,0.0,0.0,0.0,0.0,0.0,0.0
712,-0.032663420004636665,0.0009326760656338603,-0.04226976426011367,0.01589244752952842,0.0,0.0,0.0,0.0,0.0,0.0
713,-0.04094559519970605,-0.12263471595897038,0.1994534776591405,0.015614162849171912,0.0,0.0,0.0,0.0,0.0,0.0
714,-0.12798102185128837,0.12481129044480214,-0.21283831092642821,0.048822830026492854,0.0,0.0,0.0,0.0,0.0,0.0
715,-0.0327976779681827,-0.05024266423319837,0.16702439278850256,-0.07639069571152879,0.0,0.0,0.0,0.0,0.0,0.0
716,-0.11334245469596971,0.10921382859440615,-0.3656875932395573,0.0768687512560443,0.0,0.0,0.0,0.0,0.0,0.0
717,-0.04605677630958163,0.14659887611199954,0.03533155545595946,-0.08651449426187545,0.0,0.0,0.0,0.0,0.0,0.0
718,-0.06423084658860304,-0.027390001063806527,0.04010174606437911,0.0181483360714807,0.0,0.0,0.0,0.0,0.0,0.0
719,-0.11497051390025943,0.16375772617776532,-0.31769855589407836,0.0596765539849803,0.0,0.0,0.0,0.0,0.0,0.0
720,-0.03637306683415887,-0.04921821177622875,0.15483679840591139,-0.0014329362726888126,0.0,0.0,0.0,0.0,0.0,0.0
721,-0.07896549059722013,0.03512249521894301,-0.25272256449056585,0.09077051536646852,0.0,0.0,0.0,0.0,0.0,0.0
722,-0.018535937356700716,0.029234630690551284,-0.20788551634821195,-0.010010181614769414,0.0,0.0,0.0,0.0,0.0,0.0
723,-0.04024100785937122,0.04103875459295286,0.026733933038983932,-0.052290620176872554,0.0,0.0,0.0,0.0,0.0,0.0
724,-0.13558149358926416,0.22602612645322492,-0.21354485088795475,0.006197662760777657,0.0,0.0,0.0,0.0,0.0,0.0
725,-0.09318951874283334,0.11108734461535742,-0.18384304369918825,-0.018052688115297567,0.0,0.0,0.0,0.0,0.0,0.0
726,-0.09425222942205158,0.1466032396915665,-0.08277114187796288,-0.07260847510398193,0.0,0.0,0.0,0.0,0.0,0.0
727,-0.09449890424172903,0.14819171712425347,0.007621542005782255,0.020943783610756272,0.0,0.0,0.0,0.0,0.0,0.0
728,0.04128946776638199,-0.0895428630091481,0.2167284776259778,-0.11932311930320202,0.0,0.0,0.0,0.0,0.0,0.0
729,-0.14815016418403962,0.273202136255177,-0.34152710294774563,0.019736149093856292,0.0,0.0,0.0,0.0,0.0,0.0
730,-0.007809265155935653,-0.128228721456105,-0.1786338141097756,0.021257890258742442,0.0,0.0,0.0,0.0,0.0,0.0
731,-0.11094275617825722,0.1771586422426903,0.012842877739461642,0.011182348905244688,0.0,0.0,0.0,0.0,0.0,0.0
732,-0.10499320210310313,0.15820913239434006,-0.02154814013618526,0.007346175646646754,0.0,0.0,0.0,0.0,0.0,0.0
733,-0.09709627119076172,0.15608521741511774,-0.16519309200714816,0.027464033009754033,0.0,0.0,0.0,0.0,0.0,0.0
734,-0.13025718307581152,0.17497888205024642,-0.28761985707156945,0.09949619644865294,0.0,0.0,0.0,0.0,0.0,0.0
735,-0.10237520324833557,0.11082307952810694,0.09802162318991528,0.008219697326735774,0.0,0.0,0.0,0.0,0.0,0.0
736,0.23611926725111643,-1.0571681001974391,0.24296284723218856,0.09204578668607323,0.0,0.0,0.0,0.0,0.0,0.0
737,-0.14908248842652744,0.2285692270840382,-0.24812879017674408,0.02608117604227381,0.0,0.0,0.0,0.0,0.0,0.0
738,-0.08746670678607056,-0.04530467540184469,-0.19951868825325547,0.08918606269233399,0.0,0.0,0.0,0.0,0.0,0.0
739,-0.14829149720059745,0.2843246364225545,-0.3649852319206026,0.04155564356455928,0.0,0.0,0.0,0.0,0.0,0.0
740,-0.11087735413559903,0.10819581912468801,-0.16428328118012597,-0.029771399779661145,0.0,0.0,0.0,0.0,0.0,0.0
741,0.019003720321012656,-0.30232960280794946,-0.17776861290860083,0.050119300895765134,0.0,0.0,0.0,0.0,0.0,0.0
742,-0.0873576159960393,0.030446518719960698,-0.12117299698530949,0.06664677439745068,0.0,0.0,0.0,0.0,0.0,0.0
743,-0.06736074941989745,-0.023683560163416068,-0.15194472757909183,-0.027702936886528962,0.0,0.0,0.0,0.0,0.0,0.0
744,-0.09387692538014043,0.13919301161384134,-0.1216154339697852,-0.018119135367683063,0.0,0.0,0.0,0.0,0.0,0.0
745,0.03561151442011127,-0.20796880257995062,0.19238608326584583,0.022122817169811064,0.0,0.0,0.0,0.0,0.0,0.0
746,0.0008296977519200607,0.04516876354034848,0.13801667360778266,0.0013552431107158533,0.0,0.0,0.0,0.0,0.0,0.0
747,-0.08805486859203009,-0.058786502945099954,-0.08509327618415219,0.10463089553742608,0.0,0.0,0.0,0.0,0.0,0.0
748,-0.11597729596616425,0.14442901505523975,0.02442949305669426,0.062002772249286846,0.0,0.0,0.0,0.0,0.0,0.0
749,-0.05598783103366918,0.038389726435646566,0.19796784419222765,-0.07781879358372495,0.0,0.0,0.0,0.0,0.0,0.0
750,-0.13910564497259628,0.2409665091566103,-0.299899607671473,0.0880422409362294,0.0,0.0,0.0,0.0,0.0,0.0
751,-0.05989443452780685,-0.05435431609603566,-0.22455117786293594,0.11676051736462212,0.0,0.0,0.0,0.0,0.0,0.0
752,-0.03794111395013595,-0.04568926025468554,-0.2909998181499343,0.09462012281756627,0.0,0.0,0.0,0.0,0.0,0.0
753,-0.06071017534030035,0.04770028198573499,0.17270885776812883,0.006501508095974803,0.0,0.0,0.0,0.0,0.0,0.0
754,-0.07198064698310087,0.17002013367030955,-0.15971578286833035,0.0020541316044147854,0.0,0.0,0.0,0.0,0.0,0.0
755,-0.12999640056623268,0.19800170832366107,-0.26736357596223465,0.009766452739497167,0.0,0.0,0.0,0.0,0.0,0.0
756,-0.0964553658820969,0.09459155667045838,-0.26132716392663924,0.033537062765356195,0.0,0.0,0.0,0.0,0.0,0.0
757,-0.07857104430600387,0.017855330685311394,-0.055000993090854294,0.09047448169428833,0.0,0.0,0.0,0.0,0.0,0.0
758,-0.05627869258382885,0.19639609592792792,0.2072261415818305,-0.062338404542731304,0.0,0.0,0.0,0.0,0.0,0.0
759,-0.03631295539292486,-0.03306358292952509,-0.029874243541330982,-0.0028971141396205045,0.0,0.0,0.0,0.0,0.0,0.0
760,-0.08297770853569637,0.09981988377631207,0.013485776715604282,-0.03664218287458377,0.0,0.0,0.0,0.0,0.0,0.0
761,-0.06800789442806537,0.06897505751385029,-0.2480673180507368,-0.03100723396800129,0.0,0.0,0.0,0.0,0.0,0.0
762,-0.036874664794051215,0.0631566866762002,-0.10609584455875849,0.04992053237242706,0.0,0.0,0.0,0.0,0.0,0.0
763,-0.047820034320889514,0.06651834492430372,0.026507081564596597,-0.04328564117091304,0.0,0.0,0.0,0.0,0.0,0.0
764,-0.09290218579361964,0.10494864317490639,-0.17397793637317452,0.03800943743453544,0.0,0.0,0.0,0.0,0.0,0.0
765,0.09413256869877441,-0.16808924058183283,0.3158321149638796,-0.09616718569956753,0.0,0.0,0.0,0.0,0.0,0.0
766,-0.02786653767322102,-0.18795232353747102,-0.3174349066529076,0.0474545171735676,0.0,0.0,0.0,0.0,0.0,0.0
767,-0.14818445502015248,0.2629601602429414,-0.351301107386817,0.036925570373519095,0.0,0.0,0.0,0.0,0.0,0.0
768,0.026134819009396095,-0.07822036914915542,0.16936773571251995,-0.157132009714218,0.0,0.0,0.0,0.0,0.0,0.0
769,-0.0996595141621864,0.044930628756676444,-0.04036403988911811,0.004305237037496836,0.0,0.0,0.0,0.0,0.0,0.0
770,-0.09673354159309706,0.15955364027252497,-0.06725678576617873,-0.008069938775539324,0.0,0.0,0.0,0.0,0.0,0.0
771,-0.0940867127937864,0.0854740801053156,-0.2841817539365457,0.20933935422726438,0.0,0.0,0.0,0.0,0.0,0.0
772,-0.009871132052292416,-0.03528755650223931,-0.1565728509818676,0.00894025794685367,0.0,0.0,0.0,0.0,0.0,0.0
773,0.04953825497313784,-0.42518582578559716,0.7100659518545244,0.14913237939359147,0.0,0.0,0.0,0.0,0.0,0.0
774,-0.11431798863399205,0.19291408069631671,-0.3531754970498937,-0.05303672961569494,0.0,0.0,0.0,0.0,0.0,0.0
775,-0.12687903261231948,0.11250851466703077,-0.23438536537006305,0.03138908291009485,0.0,0.0,0.0,0.0,0.0,0.0
776,1.209535180590184,-4.053125554797089,-0.4933230912200187,-0.5698704542108539,0.0,0.0,0.0,0.0,0.0,0.0
777,0.006047397385471532,-0.38987406873541813,-0.11258209835812119,0.03594082659101175,0.0,0.0,0.0,0.0,0.0,0.0
778,-0.06154444374964797,-0.12649879900074648,-0.5048686705748339,0.03891054174358739,0.0,0.0,0.0,0.0,0.0,0.0
779,0.14765604030575552,-0.6895256785514645,0.5261649988613168,0.14684560588835668,0.0,0.0,0.0,0.0,0.0,0.0
780,-0.13439023244929274,0.257562808923621,-0.08061189984702696,0.029563878984958165,0.0,0.0,0.0,0.0,0.0,0.0
781,0.38920467425641925,-1.2469407489759436,0.6610632068615189,-0.03436507115688769,0.0,0.0,0.0,0.0,0.0,0.0
782,0.05948541430648005,-0.4113639782468419,-0.21271127732996756,-0.010841993349929784,0.0,0.0,0.0,0.0,0.0,0.0
783,0.026859593889688362,-0.2565815040008654,-0.21910388655555102,-0.08995587514354436,0.0,0.0,0.0,0.0,0.0,0.0
784,0.08643033396268594,-0.5320170330975484,0.059864119090921715,0.13888352901063225,0.0,0.0,0.0,0.0,0.0,0.0
785,-0.0694472307190623,0.14731758849764845,-0.013419281112373232,0.03321370056265246,0.0,0.0,0.0,0.0,0.0,0.0
786,-0.11801534657410995,0.1685003014626384,-0.09574326053597515,0.009683687130723451,0.0,0.0,0.0,0.0,0.0,0.0
787,-0.07712159678733227,-0.004729591295080491,-0.030732549551505364,0.01233458554164737,0.0,0.0,0.0,0.0,0.0,0.0
788,-0.12873390595483175,0.24255014844869122,-0.16048080637252649,0.009503244187937,0.0,0.0,0.0,0.0,0.0,0.0
789,-0.11769998425446423,0.1360530731367736,-0.2949121639692648,-0.009628669020061684,0.0,0.0,0.0,0.0,0.0,0.0
790,-0.08553291860474103,0.1687289728275194,-0.09225314082887832,-0.017749430932710013,0.0,0.0,0.0,0.0,0.0,0.0
791,-0.12907623515944977,0.2538848111376929,-0.06308847738689395,-0.016389595354839952,0.0,0.0,0.0,0.0,0.0,0.0
792,-0.09216841866663499,0.0797844672802893,-0.2962522764864019,0.04803317970242464,0.0,0.0,0.0,0.0,0.0,0.0
793,-0.11833004748412775,0.2043240192581483,-0.259703701439755,0.04132436165787755,0.0,0.0,0.0,0.0,0.0,0.0
794,-0.15984750008039889,0.33762665000530023,-0.2182238502493232,-0.016484565185555494,0.0,0.0,0.0,0.0,0.0,0.0
795,-0.12035913140198388,0.17731158711245726,-0.1100192192506948,0.006087133479789897,0.0,0.0,0.0,0.0,0.0,0.0
796,-0.07802837336759455,0.05057916806665511,-0.03166442924804163,0.038767064684386204,0.0,0.0,0.0,0.0,0.0,0.0
797,-0.09402635945737858,0.12509998017868368,-0.01965027110511639,0.06628446729420756,0.0,0.0,0.0,0.0,0.0,0.0
798,-0.13876535612594962,0.27609284780233956,-0.3656356411967992,0.05485859622928671,0.0,0.0,0.0,0.0,0.0,0.0
799,-0.09216201880953043,0.11731889065118346,-0.1319819428927491,0.044463726149891074,0.0,0.0,0.0,0.0,0.0,0.0
800,-0.1238525295372601,0.25723828917179203,-0.2468906715657452,0.013831237377956067,0.0,0.0,0.0,0.0,0.0,0.0
801,-0.13112047726577833,0.2559130605924141,-0.21172004393187838,0.0672153843181562,0.0,0.0,0.0,0.0,0.0,0.0
802,-0.14986108114944405,0.2608812649029962,-0.2242263522808115,0.002909624315031617,0.0,0.0,0.0,0.0,0.0,0.0
803,-0.12770697492170174,0.146547773650117,-0.18020873362003986,0.040662888038316115,0.0,0.0,0.0,0.0,0.0,0.0
804,-0.12346531311269805,0.14436898405261786,-0.2701128438502269,0.030934597273113974,0.0,0.0,0.0,0.0,0.0,0.0
805,-0.08701730103785517,0.17447129446397788,0.012627878982975073,-0.03208092303874847,0.0,0.0,0.0,0.0,0.0,0.0
806,-0.11042559880172843,0.17306919117784078,-0.14081714227633166,0.07156791408145179,0.0,0.0,0.0,0.0,0.0,0.0
807,-0.12357411964756876,0.22827528658372348,-0.14545239849699443,0.02026339988109988,0.0,0.0,0.0,0.0,0.0,0.0
808,-0.09474418301059633,0.11413711995946288,0.20979638055261815,0.013819124778799121,0.0,0.0,0.0,0.0,0.0,0.0
809,-0.13499188206176926,0.20885201918556046,-0.17230807328182202,0.02765858172952755,0.0,0.0,0.0,0.0,0.0,0.0
810,-0.11591399588249593,0.18633385643679606,-0.12143166531281967,0.06750841783440592,0.0,0.0,0.0,0.0,0.0,0.0
811,-0.09934899091470781,0.15451584567441345,-0.24619426424217622,0.09380794377014987,0.0,0.0,0.0,0.0,0.0,0.0
812,-0.12186185176589327,0.21217181224201498,-0.0141556417290221,-0.007013478781088672,0.0,0.0,0.0,0.0,0.0,0.0
813,-0.12077106360408758,0.15723107013714008,0.05098882294541941,-0.019552709601668203,0.0,0.0,0.0,0.0,0.0,0.0
814,-0.11484778250131789,0.20497766041397025,-0.18230142298062396,0.03085064648514123,0.0,0.0,0.0,0.0,0.0,0.0
815,-0.1371471988642349,0.23773337671665004,-0.21401075002104322,0.009910074948336402,0.0,0.0,0.0,0.0,0.0,0.0
816,-0.12179577805926142,0.21157274085075767,-0.15640855937626827,0.009836911114627377,0.0,0.0,0.0,0.0,0.0,0.0
817,-0.11403128960636717,0.12663155314257607,-0.23089703028109798,-0.002739948183191957,0.0,0.0,0.0,0.0,0.0,0.0
818,-0.12576565395267394,0.13926677273873705,-0.47104091545285537,0.1442341010181447,0.0,0.0,0.0,0.0,0.0,0.0
819,-0.09589925783029643,0.14181011321807802,-0.2831715159579705,0.11552124947903065,0.0,0.0,0.0,0.0,0.0,0.0
820,-0.1023692561011403,0.1327983701241397,-0.05813228435647915,0.010818354810827541,0.0,0.0,0.0,0.0,0.0,0.0
821,-0.11430274108278564,0.21707957584989745,-0.16991171377014364,0.0825193244422737,0.0,0.0,0.0,0.0,0.0,0.0
822,-0.13480550646120087,0.24701881469782208,-0.27067189881952697,0.007328422233427564,0.0,0.0,0.0,0.0,0.0,0.0
823,-0.05864364581897302,0.19420417780643828,0.35447768559246484,0.07226022053719469,0.0,0.0,0.0,0.0,0.0,0.0
824,-0.05627844928084116,-0.04720883327570745,-0.04771594196809755,0.00655690396966508,0.0,0.0,0.0,0.0,0.0,0.0
825,-0.15059393622522257,0.26872652150329884,-0.2881083287285042,0.0343752503098559,0.0,0.0,0.0,0.0,0.0,0.0
826,-0.12915659617101188,0.20464644014562713,-0.28015964816432043,0.0402950051269544,0.0,0.0,0.0,0.0,0.0,0.0
827,-0.055533451551451,0.05331997810838557,0.14540862337469998,0.05501523464990265,0.0,0.0,0.0,0.0,0.0,0.0
828,-0.09949233422563893,0.15683911105706397,0.013577563579263728,-0.0012874301109202708,0.0,0.0,0.0,0.0,0.0,0.0
829,-0.08045677390461213,0.18150799688456282,0.06888635419798066,-0.008645220794996083,0.0,0.0,0.0,0.0,0.0,0.0
830,-0.07784469815833563,-0.0018719427072693136,-0.4153652736861887,0.1403289657703488,0.0,0.0,0.0,0.0,0.0,0.0
831,-0.0992785660532348,0.16533387877058778,-0.18052236214228132,0.042963538785639056,0.0,0.0,0.0,0.0,0.0,0.0
832,-0.11229621493484239,0.288230218802678,-0.1781855521637511,0.06321948540062271,0.0,0.0,0.0,0.0,0.0,0.0
833,-0.12336738950245604,0.24700501371589614,-0.20970773806988202,0.001953769412408999,0.0,0.0,0.0,0.0,0.0,0.0
834,-0.12860473374053774,0.23902215207799105,-0.3915743155286683,0.039562973036840754,0.0,0.0,0.0,0.0,0.0,0.0
835,-0.12103192444878842,0.23410207496580407,-0.1667503575575205,-0.018573406030478634,0.0,0.0,0.0,0.0,0.0,0.0
836,-0.12502046869330047,0.265430636087637,-0.11990483086573667,0.05636731531856381,0.0,0.0,0.0,0.0,0.0,0.0
837,-0.12047256665108186,0.1904355753317676,-0.18762995798027357,0.037901059415737945,0.0,0.0,0.0,0.0,0.0,0.0
838,-0.09662108763537346,0.11624354513742881,-0.26903467302469813,0.08736102743322104,0.0,0.0,0.0,0.0,0.0,0.0
839,-0.046570386372614,-0.05257965233514652,0.14500852866378533,0.11139977489488236,0.0,0.0,0.0,0.0,0.0,0.0
840,-0.10833482713593218,0.19139088863454362,0.029481469953788465,-0.05326728761141999,0.0,0.0,0.0,0.0,0.0,0.0
841,-0.13023443471754723,0.2965097805018916,-0.12922067145076413,-0.007384969260659706,0.0,0.0,0.0,0.0,0.0,0.0
842,-0.005982403138883478,-0.05013086687647778,0.1868237294211105,0.11218322949061822,0.0,0.0,0.0,0.0,0.0,0.0
843,-0.11989115115882683,0.20233748853170955,-0.031918284733257515,-0.0018608325032627565,0.0,0.0,0.0,0.0,0.0,0.0
844,-0.1286399849881428,0.24020866648142597,-0.06703653953369795,-0.009846568624269322,0.0,0.0,0.0,0.0,0.0,0.0
845,-0.12255827182020511,0.10408472035658048,-0.2691025099141032,-0.0224125745632355,0.0,0.0,0.0,0.0,0.0,0.0
846,-0.07060325217586007,0.12523133697017966,0.09657347257721058,0.026118635443590967,0.0,0.0,0.0,0.0,0.0,0.0
847,-0.14271296261757094,0.27638771939461537,-0.168277151638521,-0.015336177782586153,0.0,0.0,0.0,0.0,0.0,0.0
848,-0.12334346988890191,0.2524567256191689,-0.10685299321702657,-0.0012608897478152286,0.0,0.0,0.0,0.0,0.0,0.0
849,-0.1116937890519653,0.2834411625342257,-0.021678965173776096,0.013838804653159183,0.0,0.0,0.0,0.0,0.0,0.0
850,-0.13774336140013088,0.2878405637357116,-0.17063373079384825,-0.03630974798207481,0.0,0.0,0.0,0.0,0.0,0.0
851,-0.03833016401604481,-0.019890784213127025,0.38912553547390943,0.04009188337834998,0.0,0.0,0.0,0.0,0.0,0.0
852,-0.10765672464881937,0.14636977487165986,-0.3485788088948339,0.1026547333060055,0.0,0.0,0.0,0.0,0.0,0.0
853,9.475482299309975,8.248572193538637,21.056612006418696,2.8785868712311116,0.0,0.0,0.0,0.0,0.0,0.0
854,0.5828008407696671,-2.3361685021201817,0.833652205197383,-0.06390755381299117,0.0,0.0,0.0,0.0,0.0,0.0
855,-0.10907114104181738,0.2077956358052559,-0.1205419591204895,-0.00486269743339104,0.0,0.0,0.0,0.0,0.0,0.0
856,-0.13148258991617423,0.2504374264471111,-0.18298419767667737,0.05182457846353054,0.0,0.0,0.0,0.0,0.0,0.0
857,-0.07593159594979655,0.10402993192412735,-0.03638842452748855,-0.03102670143597589,0.0,0.0,0.0,0.0,0.0,0.0
858,0.9262829931880354,-2.600270433289442,0.2856276484787092,0.16598728931974624,0.0,0.0,0.0,0.0,0.0,0.0
859,-0.042318555784185814,-0.04889402651036107,0.14216221771877008,-0.012283018210208154,0.0,0.0,0.0,0.0,0.0,0.0
860,-0.11186461414595844,0.13698353818763556,-0.1364845116046777,0.02491834822615683,0.0,0.0,0.0,0.0,0.0,0.0
861,0.34771519072931184,-1.2503186121428058,-0.31103443600596714,0.015515394283563464,0.0,0.0,0.0,0.0,0.0,0.0
862,0.3454605125438885,-1.1970829858143255,0.7754452358653435,-0.08109052919903897,0.0,0.0,0.0,0.0,0.0,0.0
863,0.04182584312853849,-0.33547472330322875,0.32618570960373205,-0.09739065758746641,0.0,0.0,0.0,0.0,0.0,0.0
864,-0.031598392966565726,-0.06435267894938612,-0.06918349545037482,0.020026298943914802,0.0,0.0,0.0,0.0,0.0,0.0
865,-0.13761688861719668,0.27710372753619195,-0.2911729972795159,0.03641475406815828,0.0,0.0,0.0,0.0,0.0,0.0
866,-0.13714907708220606,0.19452281952397174,-0.09106143852274322,0.049196573760379766,0.0,0.0,0.0,0.0,0.0,0.0
867,0.2168465119561939,0.7170406833315452,1.109126905297863,-0.0850025829130886,0.0,0.0,0.0,0.0,0.0,0.0
868,-0.1333590977615667,0.2425600003834316,-0.2352054601851375,0.028170799619470718,0.0,0.0,0.0,0.0,0.0,0.0
869,0.19188492926735257,0.8877837238359271,0.9750534652489126,-0.11250636242014636,0.0,0.0,0.0,0.0,0.0,0.0
870,-0.11077112209611126,0.2361484380330831,-0.10771870814489647,-0.025787022314916,0.0,0.0,0.0,0.0,0.0,0.0
871,-0.11296284541546253,0.25136479499506603,-0.04410757404426485,0.025084646061257935,0.0,0.0,0.0,0.0,0.0,0.0
872,-0.1203054339206661,0.10373887997340671,-0.17056104225857524,0.049706573323012614,0.0,0.0,0.0,0.0,0.0,0.0
873,-0.06268883840292992,0.08213051206378257,0.1536375627825981,-0.012892022940663148,0.0,0.0,0.0,0.0,0.0,0.0
874,-0.114854239088977,0.21604182225992416,-0.28007177659775234,0.06439191002895026,0.0,0.0,0.0,0.0,0.0,0.0
875,-0.13820303781824156,0.180845486317755,-0.14361347063934551,0.03914028908143295,0.0,0.0,0.0,0.0,0.0,0.0
876,-0.10611760561478384,0.25007796712252706,-0.11679277190179502,-0.0019859295278057023,0.0,0.0,0.0,0.0,0.0,0.0
877,-0.11311376692062351,0.17685573949035513,-0.11053154591891334,0.026229124411944037,0.0,0.0,0.0,0.0,0.0,0.0
878,-0.10258584304942936,0.09155265245382428,-0.05814638549995652,-0.005505305343078913,0.0,0.0,0.0,0.0,0.0,0.0
879,-0.11729048232072178,0.2473632484883345,-0.11366140577637651,0.06013053086797821,0.0,0.0,0.0,0.0,0.0,0.0
880,-0.06401635685325938,0.06277074814075163,-0.11338252918968632,-0.008175935398843912,0.0,0.0,0.0,0.0,0.0,0.0
881,-0.06488132133574678,0.03278455550430396,0.17771480394991937,-0.03368575266984689,0.0,0.0,0.0,0.0,0.0,0.0
882,-0.11513233599641472,0.17431564580471612,-0.18607246359882795,0.010851004191857649,0.0,0.0,0.0,0.0,0.0,0.0
883,-0.08305586835897469,-0.036240352553238424,0.0415946767966715,0.06460117578710846,0.0,0.0,0.0,0.0,0.0,0.0
884,-0.0602660066005511,0.43627666571375295,-0.12816044446948816,-0.04743651563924804,0.0,0.0,0.0,0.0,0.0,0.0
885,-0.09187369986422357,0.17398189894221733,0.19967426331228869,0.010127610054519528,0.0,0.0,0.0,0.0,0.0,0.0
886,-0.11255417460693357,0.17504016690255617,-0.16349493429782716,0.009021031184335391,0.0,0.0,0.0,0.0,0.0,0.0
887,-0.0955528535543408,0.284338600725002,0.00926857877395849,-0.003979270189848698,0.0,0.0,0.0,0.0,0.0,0.0
888,-0.06596880731696239,0.16679859349408874,0.020886148157576983,0.07842238348686481,0.0,0.0,0.0,0.0,0.0,0.0
889,-0.09328419709955513,0.13222896239325965,-0.04640038219560045,0.02095323049062376,0.0,0.0,0.0,0.0,0.0,0.0
890,-0.11130848356394868,0.09202064166866442,-0.1929758844270514,0.1265113875145067,0.0,0.0,0.0,0.0,0.0,0.0
891,-0.13626994494785255,0.20959606343117582,-0.29198007615631977,0.02967090392660271,0.0,0.0,0.0,0.0,0.0,0.0
892,-0.03844276317518298,0.29429344440290756,0.11039347747957722,-0.14870550170310354,0.0,0.0,0.0,0.0,0.0,0.0
893,-0.11781774599701318,0.22041242757294122,-0.2143197624262651,-0.008789698509774513,0.0,0.0,0.0,0.0,0.0,0.0
894,0.9718615775202776,5.90683759435199,4.772988721997015,-0.41499967398794974,0.0,0.0,0.0,0.0,0.0,0.0
895,-0.09148010339221788,0.19457564616776254,-0.32956974100070857,0.042694630498587745,0.0,0.0,0.0,0.0,0.0,0.0
896,-0.1170969444297324,0.1335729327049362,-0.03691182755454497,0.02531756923931057,0.0,0.0,0.0,0.0,0.0,0.0
897,0.06863538160646084,-0.13158485984551674,0.49705743017700327,-0.05585667711818147,0.0,0.0,0.0,0.0,0.0,0.0
898,-0.09159004666792779,0.21191173099113633,-0.2814124055113513,-0.008716150946287072,0.0,0.0,0.0,0.0,0.0,0.0
899,-0.0908979067444578,0.08557517968541141,-0.21054547822809774,-0.026899395970125098,0.0,0.0,0.0,0.0,0.0,0.0
900,-0.08306265702360621,-0.03595857115523683,0.2764481206115254,-0.011730501672812444,0.0,0.0,0.0,0.0,0.0,0.0
901,-0.107819634247642,0.16429195496654606,-0.027014305218164114,0.0009670768582436084,0.0,0.0,0.0,0.0,0.0,0.0
902,-0.04467986236490446,0.2350363622647963,-0.18229451785729553,0.03408668690597246,0.0,0.0,0.0,0.0,0.0,0.0
903,-0.09584058799526948,0.1302685018651121,-0.20617220327177158,0.02556110191139269,0.0,0.0,0.0,0.0,0.0,0.0
904,-0.12714814054266163,0.29117042658576503,-0.024121930902564526,-0.0535658102945503,0.0,0.0,0.0,0.0,0.0,0.0
905,-0.12674754863761997,0.16468501899885415,-0.1572976492164464,0.012000565723586772,0.0,0.0,0.0,0.0,0.0,0.0
906,-0.11458605764737481,0.27561065635324505,-0.03844383730046159,-0.008873548690636692,0.0,0.0,0.0,0.0,0.0,0.0
907,-0.10975047756115366,0.26275723649580124,0.01610117102006891,-0.054940058721489,0.0,0.0,0.0,0.0,0.0,0.0
908,-0.08787315686746433,0.12042092859447084,0.11025292268335048,0.04976128612184171,0.0,0.0,0.0,0.0,0.0,0.0
909,-0.08993435611886566,0.09128134222692968,0.0494902617268476,0.026653462920049015,0.0,0.0,0.0,0.0,0.0,0.0
910,-0.09761357963630954,0.16631493211924583,-0.27308090961296505,0.05075267550022192,0.0,0.0,0.0,0.0,0.0,0.0
911,-0.14095624115133992,0.21030653732929216,-0.2680715123814331,0.023934108940406023,0.0,0.0,0.0,0.0,0.0,0.0
912,-0.12404162270957551,0.2740802529760523,-0.12464682487395273,0.0183783931822466,0.0,0.0,0.0,0.0,0.0,0.0
913,-0.11331816669024912,0.2053536834538347,-0.12369268817863323,0.010838494592741523,0.0,0.0,0.0,0.0,0.0,0.0
914,-0.1483848345684443,0.2896212333858935,-0.2581979860995457,0.007305898584268807,0.0,0.0,0.0,0.0,0.0,0.0
915,-0.05292235701084185,-0.019736763385433998,-0.17340609494348,0.03184166813195885,0.0,0.0,0.0,0.0,0.0,0.0
916,-0.09288416801339165,0.06138603863734581,-0.2906189935643885,0.13962461376151547,0.0,0.0,0.0,0.0,0.0,0.0
917,-0.12881062186883435,0.274449699057421,-0.27076239850221145,0.03466467831180076,0.0,0.0,0.0,0.0,0.0,0.0
918,-0.13257971636824092,0.2577350760053369,-0.059345703972352275,0.0026745825883138486,0.0,0.0,0.0,0.0,0.0,0.0
919,-0.004975694383489437,0.06692896625994513,-0.05499828959164972,0.09635433426318839,0.0,0.0,0.0,0.0,0.0,0.0
920,-0.11649110426054113,0.23922219297049638,-0.1430648859977085,0.001850760167920827,0.0,0.0,0.0,0.0,0.0,0.0
921,-0.0784077087229012,-0.019643999107062177,-0.15458128376700098,0.12376959968272482,0.0,0.0,0.0,0.0,0.0,0.0
922,-0.09791551564309631,0.06412440538702051,-0.5355387609595067,0.18930909932710868,0.0,0.0,0.0,0.0,0.0,0.0
923,-0.10707695133562899,0.20610400606455073,-0.1984681184349106,0.04507986428773944,0.0,0.0,0.0,0.0,0.0,0.0
924,-0.12368849843774801,0.14910836576571251,-0.2609751379809493,0.06550597316501053,0.0,0.0,0.0,0.0,0.0,0.0
925,-0.09536596902445232,0.07049079150126629,-0.014129038843982561,-0.03917524247885797,0.0,0.0,0.0,0.0,0.0,0.0
926,-0.10926633108213585,0.21656698908966784,-0.10314682326393429,-0.005028874015113462,0.0,0.0,0.0,0.0,0.0,0.0
927,-0.12225984528842644,0.25289541721813413,-0.38638737988277166,0.02268911326958617,0.0,0.0,0.0,0.0,0.0,0.0
928,-0.09499742356035225,0.034873523853674766,-0.2333352711736985,0.1228428544764511,0.0,0.0,0.0,0.0,0.0,0.0
929,-0.07662831964169388,0.041407768645926664,-0.3651966163833479,0.20216075804840736,0.0,0.0,0.0,0.0,0.0,0.0
930,-0.1410007553446411,0.3512384626281948,-0.20286104163449928,-0.00016097844881782735,0.0,0.0,0.0,0.0,0.0,0.0
931,-0.05588790086807926,0.05893345464009154,0.11927170501434689,-0.01711259153569496,0.0,0.0,0.0,0.0,0.0,0.0
932,-0.12444103644112176,0.287443890019999,-0.2675782480370527,0.007576793521534999,0.0,0.0,0.0,0.0,0.0,0.0
933,-0.09491587632838396,0.20500042897852272,-0.05448917224106592,-0.03048441778175919,0.0,0.0,0.0,0.0,0.0,0.0
934,7.513013495565215,-13.74458245507275,-6.91488592891429,3.1907716089176645,0.0,0.0,0.0,0.0,0.0,0.0
935,0.12129636922448916,-0.3524241545674596,-0.5908465288308902,-0.05266340991393454,0.0,0.0,0.0,0.0,0.0,0.0
936,0.7807737464425284,-2.6043339329548965,-2.361228037283425,0.13156572920843063,0.0,0.0,0.0,0.0,0.0,0.0
937,0.7212366176059818,-0.8626646457732118,1.123581247206486,-0.6358457994552801,0.0,0.0,0.0,0.0,0.0,0.0
938,0.04192591124821623,-0.06698466426530769,-0.01564513978398952,-0.19712434838854556,0.0,0.0,0.0,0.0,0.0,0.0
939,0.11614123277857821,0.004242808733582508,0.2997473668804939,-0.1761282697850382,0.0,0.0,0.0,0.0,0.0,0.0
940,-0.03804897236864849,0.026613287933561307,0.0029714921347389783,-0.12584936422345946,0.0,0.0,0.0,0.0,0.0,0.0
941,0.012543238148813137,0.012464297394775213,0.2591744131442179,-0.1350845424830456,0.0,0.0,0.0,0.0,0.0,0.0
942,0.1898643247486297,-0.3709403970398451,0.39939793129083623,-0.16994807766650663,0.0,0.0,0.0,0.0,0.0,0.0
943,-0.005199069645634319,-0.14184381732426346,0.037615867120900565,-0.05905407912944683,0.0,0.0,0.0,0.0,0.0,0.0
944,0.18860029999380262,-0.6109106843037756,0.2157107755210282,-0.4425792371673903,0.0,0.0,0.0,0.0,0.0,0.0
945,0.018046029932415046,-0.26580239853939186,-0.07451619181231933,-0.021022789415912464,0.0,0.0,0.0,0.0,0.0,0.0
946,0.6298614307973844,-2.3049290405422656,-0.792994624507371,-0.1083658002005365,0.0,0.0,0.0,0.0,0.0,0.0
947,-0.08801167841451027,0.17691227181957456,0.008074914825154557,0.008760195893880584,0.0,0.0,0.0,0.0,0.0,0.0
948,-0.06544411896565884,0.17265891139072323,0.1735477785687429,-0.043153755470308024,0.0,0.0,0.0,0.0,0.0,0.0
949,-0.1078819941108351,0.2560868099426297,0.05306234752800215,-0.05083213096868061,0.0,0.0,0.0,0.0,0.0,0.0
950,-0.0548443133582847,0.15442391062487093,-0.01860081195327578,-0.03663496889686219,0.0,0.0,0.0,0.0,0.0,0.0
951,-0.05954039004941456,0.16988515132473,0.12429043116414351,-0.09655084978403179,0.0,0.0,0.0,0.0,0.0,0.0
952,-0.11582495972587986,0.22426695611350186,-0.1771140592360501,0.027755500367767694,0.0,0.0,0.0,0.0,0.0,0.0
953,-0.11478246542105082,0.2110928920045451,-0.19995058246052647,-0.034576171672456704,0.0,0.0,0.0,0.0,0.0,0.0
954,-0.09194361047528647,0.23249895296292614,-0.19769230257315668,0.0033858750543591335,0.0,0.0,0.0,0.0,0.0,0.0
955,-0.06822848879418346,0.20346325327229742,0.4030889603386283,-0.02405346825011788,0.0,0.0,0.0,0.0,0.0,0.0
956,-0.020220881554855085,0.00029304029885248985,0.029831994114526868,-0.020962310072784863,0.0,0.0,0.0,0.0,0.0,0.0
957,-0.07220488310736936,0.06273800145153956,0.18096481207248755,-0.03686107102038322,0.0,0.0,0.0,0.0,0.0,0.0
958,-0.12928180758564575,0.2825341251135511,-0.10630031927898352,-0.0158399365945161,0.0,0.0,0.0,0.0,0.0,0.0
959,-0.03594480440601864,0.12006861764147422,0.03599207094818379,-0.10585486059087602,0.0,0.0,0.0,0.0,0.0,0.0
960,-0.09487636322779758,0.28772681036230974,-0.10806137988481565,-0.01656010282638384,0.0,0.0,0.0,0.0,0.0,0.0
961,0.2438522667442892,-0.1801543406351897,1.226141405918244,-0.1740414151433651,0.0,0.0,0.0,0.0,0.0,0.0
962,-0.0959871913620022,0.20615812298429184,-0.012029228820579376,-0.03616474122640893,0.0,0.0,0.0,0.0,0.0,0.0
963,-0.07281807491528251,0.3773524143072919,0.2815631821090911,-0.10566153349192621,0.0,0.0,0.0,0.0,0.0,0.0
964,-0.1417256417482446,0.27607009658739895,-0.26161564517341074,-0.011801839511063417,0.0,0.0,0.0,0.0,0.0,0.0
965,-0.11369122097993148,0.22347638448543808,-0.21738610473172892,0.014544146043714007,0.0,0.0,0.0,0.0,0.0,0.0
966,-0.10622280850376065,0.1479766173250076,0.012566233223963658,-0.04055973562231242,0.0,0.0,0.0,0.0,0.0,0.0
967,-0.0994143693015093,0.21046280629487915,0.07012101923291668,0.022852410141788272,0.0,0.0,0.0,0.0,0.0,0.0
968,-0.10601890137589778,0.2101807912960942,0.01847122696756726,-0.019986116277203463,0.0,0.0,0.0,0.0,0.0,0.0
969,-0.11473375861905347,0.191010384156178,-0.13871548413263823,-0.02310441508358975,0.0,0.0,0.0,0.0,0.0,0.0
970,-0.10617634170740145,0.24289991303551686,-0.01757716901155374,0.00221278950490633,0.0,0.0,0.0,0.0,0.0,0.0
971,0.09910337427896385,-0.3426110203463176,0.7862899504665243,-0.14203795996494853,0.0,0.0,0.0,0.0,0.0,0.0
972,-0.10340899095310786,0.3178632342911469,-0.11029152089345975,-0.03111692148125098,0.0,0.0,0.0,0.0,0.0,0.0
973,-0.08128673403571927,0.16393487560325634,0.05049270855121531,-0.040210922067166206,0.0,0.0,0.0,0.0,0.0,0.0
974,0.08552360143331922,-0.11757574791888636,0.23676004182887778,-0.22025802168062017,0.0,0.0,0.0,0.0,0.0,0.0
975,-0.057844186623659435,0.05929306641202572,0.06159126390771714,-0.03793240211529404,0.0,0.0,0.0,0.0,0.0,0.0
976,-0.04602601957252088,0.09481404930017032,0.19691469404536602,0.03771046033861102,0.0,0.0,0.0,0.0,0.0,0.0
977,-0.11059124605198102,0.1234548714968804,-0.293085534068994,0.015222556282471274,0.0,0.0,0.0,0.0,0.0,0.0
978,-0.07884443420156219,0.10673446027023134,-0.23774650444772635,-0.037677092837280456,0.0,0.0,0.0,0.0,0.0,0.0
979,-0.10714708968776755,0.3004815464965258,0.0259667073545419,-0.020475598472927375,0.0,0.0,0.0,0.0,0.0,0.0
980,-0.10170495906183755,0.2511039235743135,0.015151344570978994,-0.06934175434112072,0.0,0.0,0.0,0.0,0.0,0.0
981,-0.10773712649105234,0.2512779737797745,0.005967381760307823,-0.01383515423633547,0.0,0.0,0.0,0.0,0.0,0.0
982,-0.02347025051108177,0.35896283088691966,0.3890756553504981,-0.16547712411791374,0.0,0.0,0.0,0.0,0.0,0.0
983,-0.12231411264624864,0.23995090507551878,-0.06838639327858982,-0.03731916161509032,0.0,0.0,0.0,0.0,0.0,0.0
984,-0.12669417438674263,0.19122767578446354,-0.15942535868199226,-0.022070833612732946,0.0,0.0,0.0,0.0,0.0,0.0
985,-0.10097821822922426,0.25454360754056926,0.09776087661806118,0.0010156632762906956,0.0,0.0,0.0,0.0,0.0,0.0
986,-0.1331406381868147,0.3077464896035519,-0.2443825548933649,0.007201732091854775,0.0,0.0,0.0,0.0,0.0,0.0
987,-0.12456471013404158,0.3282888793421498,-0.030817050192676148,0.007298952426094196,0.0,0.0,0.0,0.0,0.0,0.0
988,-0.13153022938968886,0.21895024685361017,-0.14848845471208272,-0.005765729669362508,0.0,0.0,0.0,0.0,0.0,0.0
989,-0.12707519222182875,0.2709226149783214,-0.3841051712534196,0.049655708579178316,0.0,0.0,0.0,0.0,0.0,0.0
990,-0.033487339258432704,0.11307529739709664,0.3302216576862223,-0.04770260878084798,0.0,0.0,0.0,0.0,0.0,0.0
991,0.32975227167798593,0.04812250941756065,1.455572901440233,-0.3501348731916118,0.0,0.0,0.0,0.0,0.0,0.0
992,0.0878693557343672,0.03359593856991994,0.24058081256957237,-0.17876993840812835,0.0,0.0,0.0,0.0,0.0,0.0
993,-0.14784104567014564,0.2993229118977587,-0.19789219447393688,0.004235314159216968,0.0,0.0,0.0,0.0,0.0,0.0
994,-0.1518007670491306,0.34317837485577446,-0.23637157029889533,-0.026169814798445074,0.0,0.0,0.0,0.0,0.0,0.0
995,-0.12929734994544295,0.2647378302891229,-0.059002494546952784,-0.004675343153284066,0.0,0.0,0.0,0.0,0.0,0.0
996,-0.11796274096527014,0.21714225975750245,-0.06448686820509703,0.0008513969709338881,0.0,0.0,0.0,0.0,0.0,0.0
997,-0.14356104883963755,0.2770402199476068,-0.17669066802673297,-0.02196046724069229,0.0,0.0,0.0,0.0,0.0,0.0
998,-0.08669793483049502,0.14231976249805273,-0.050905281717917965,-0.09232199549024715,0.0,0.0,0.0,0.0,0.0,0.0
999,-0.12739206229428415,0.30538921514120715,-0.11110882644694875,-0.031883749704730346,0.0,0.0,0.0,0.0,0.0,0.0
1000,-0.11331350391604632,0.24658265325389153,-0.0020177200953044165,-0.04925600996398357,0.0,0.0,0.0,0.0,0.0,0.0
1001,-0.10610625305783532,0.18494992507362232,0.11909682316336427,-0.0381607164786371,0.0,0.0,0.0,0.0,0.0,0.0
1002,-0.12499277930406283,0.2632562378829429,-0.1923567306777133,0.03335448053083209,0.0,0.0,0.0,0.0,0.0,0.0
1003,-0.13580580960435273,0.30278872365717824,-0.18445643926514665,0.0033548751063859606,0.0,0.0,0.0,0.0,0.0,0.0
1004,1.2375127239187602,-3.2873490043224582,-2.7559855006828693,0.8436028340427051,0.0,0.0,0.0,0.0,0.0,0.0
1005,0.01815238421385402,-0.336131309417022,-0.6052244226140852,0.15184293874193006,0.0,0.0,0.0,0.0,0.0,0.0
1006,0.08455270500177281,-0.5488219711726207,-0.5106711905007986,0.12480776836943396,0.0,0.0,0.0,0.0,0.0,0.0
1007,-0.1418856232183044,0.2916432238183022,-0.2152671043023641,-0.002785381418455571,0.0,0.0,0.0,0.0,0.0,0.0
1008,0.03640501163219514,-0.2768557563010242,0.8039720735328705,-0.006526911908941531,0.0,0.0,0.0,0.0,0.0,0.0
1009,-0.0896879463979668,0.21158629367764986,0.28371549282508773,-0.007837506748502721,0.0,0.0,0.0,0.0,0.0,0.0
1010,-0.05883416519510031,0.016469536907383526,0.4170180233266523,0.015227871962727405,0.0,0.0,0.0,0.0,0.0,0.0
1011,0.22620438273596769,-0.8828667742330775,-0.9915867780819995,0.15352284042349368,0.0,0.0,0.0,0.0,0.0,0.0
1012,-0.13473033395713607,0.2410995292994859,-0.26582037442402334,0.060349863475888416,0.0,0.0,0.0,0.0,0.0,0.0
1013,-0.08486549436119,0.1488594770853966,-0.25277408509355614,0.04401830966939452,0.0,0.0,0.0,0.0,0.0,0.0
1014,-0.1203320863152037,0.40009393062206067,-0.02831746680088872,0.017284061619341692,0.0,0.0,0.0,0.0,0.0,0.0
1015,-0.0762747525564636,0.25264813886962917,-0.10814942032459338,-0.003434116915670382,0.0,0.0,0.0,0.0,0.0,0.0
1016,-0.10372051411725419,0.21247081845679908,0.08659147539721862,0.00995584651751293,0.0,0.0,0.0,0.0,0.0,0.0
1017,-0.12017675178648905,0.23248238088701206,-0.13478403865949143,0.018008369153019784,0.0,0.0,0.0,0.0,0.0,0.0
1018,-0.02072099784710664,0.033132746470981946,0.17474695677110813,0.1603690671120056,0.0,0.0,0.0,0.0,0.0,0.0
1019,-0.08260990098487943,0.0400190895166639,-0.1463953325975013,0.03314222808919075,0.0,0.0,0.0,0.0,0.0,0.0
1020,-0.09351346875410295,0.1976122251760054,-0.13321211456252605,0.0166851738047319,0.0,0.0,0.0,0.0,0.0,0.0
1021,-0.06187229020536342,0.17358694402205296,-0.07886056761957981,0.01575971113426116,0.0,0.0,0.0,0.0,0.0,0.0
1022,-0.11875039202332818,0.21131757480839336,-0.20139532470132443,0.018539927875038456,0.0,0.0,0.0,0.0,0.0,0.0
1023,-0.12145262475479732,0.2945113569638628,-0.13657199880764975,-0.04266998360689972,0.0,0.0,0.0,0.0,0.0,0.0
1024,-0.022367382404291123,0.1363971570388003,-0.06808483110496971,0.03855463457687505,0.0,0.0,0.0,0.0,0.0,0.0
1025,-0.10721559847712896,0.18846732709625227,-0.17218278899315245,0.03629514575773923,0.0,0.0,0.0,0.0,0.0,0.0
1026,-0.1345183216632207,0.26239742795059096,-0.23892061086263422,0.057693364816457454,0.0,0.0,0.0,0.0,0.0,0.0
1027,-0.11799946427562022,0.23336817419428416,-0.2948651348551272,0.012568789048007185,0.0,0.0,0.0,0.0,0.0,0.0
1028,-0.11521252424784863,0.19951761280211275,-0.36981027046062265,0.10003209805578055,0.0,0.0,0.0,0.0,0.0,0.0
1029,-0.1404304646987954,0.26086846905367966,-0.2549991857192791,0.018821940402701378,0.0,0.0,0.0,0.0,0.0,0.0
1030,-0.1305904745907657,0.24422071635102327,-0.10421078749429535,0.012197886469456494,0.0,0.0,0.0,0.0,0.0,0.0
1031,-0.09027947949421058,0.15735423630676462,-0.2680597481868143,0.05635998864658537,0.0,0.0,0.0,0.0,0.0,0.0
1032,-0.07804634301169117,0.06875897746883078,-0.2857258886473047,0.03765125611440189,0.0,0.0,0.0,0.0,0.0,0.0
1033,-0.12259497483318692,0.24535207434348824,-0.2945871773873834,0.037394935631726495,0.0,0.0,0.0,0.0,0.0,0.0
1034,-0.10004809670917596,0.14980879227435243,-0.07082045108826356,0.03631125834823069,0.0,0.0,0.0,0.0,0.0,0.0
1035,-0.023281614333277793,-0.06257569654361511,-0.2107017651315217,0.15821746034908993,0.0,0.0,0.0,0.0,0.0,0.0
1036,-0.07159257625859065,0.1106520052538119,-0.3682413090902733,0.07926753613260469,0.0,0.0,0.0,0.0,0.0,0.0
1037,-0.10845791554578331,0.24210538649344465,-0.07078034277053535,-0.023129763002166435,0.0,0.0,0.0,0.0,0.0,0.0
1038,-0.05618574119211572,0.18922187823084377,0.49039341830356686,0.03100602333007213,0.0,0.0,0.0,0.0,0.0,0.0
1039,-0.11865372207052595,0.16000996158930247,-0.24597822313930848,0.05644691214173485,0.0,0.0,0.0,0.0,0.0,0.0
1040,-0.038476770310801336,0.1510196842971075,-0.0037831551600792258,0.06440943642051757,0.0,0.0,0.0,0.0,0.0,0.0
1041,-0.07843869338076186,0.12028321611146933,-0.24815633954259944,0.054606134125828244,0.0,0.0,0.0,0.0,0.0,0.0
1042,-0.1438606890415213,0.344112123741996,-0.13586678591842555,-0.005596708744878156,0.0,0.0,0.0,0.0,0.0,0.0
1043,-0.12936508417247708,0.24105663070530675,-0.22684130148659098,0.04143325896336072,0.0,0.0,0.0,0.0,0.0,0.0
1044,-0.12256412395039178,0.29764472770841854,-0.31710416047756784,0.009891002975955888,0.0,0.0,0.0,0.0,0.0,0.0
1045,-0.13358515586030162,0.201222100635556,-0.17533579485793896,0.005044015145210788,0.0,0.0,0.0,0.0,0.0,0.0
1046,-0.13106685289754422,0.25796177862071284,-0.27478638169762376,0.010489724067762116,0.0,0.0,0.0,0.0,0.0,0.0
1047,-0.14592055359037753,0.30875181562430726,-0.19851815706752515,0.018956857642465137,0.0,0.0,0.0,0.0,0.0,0.0
1048,-0.10982634597757111,0.19548953988551704,0.04464965941883859,0.021405463846006556,0.0,0.0,0.0,0.0,0.0,0.0
1049,1.7995439147505026,-4.5027500036698935,-0.4079739329384396,-0.4177796970795907,0.0,0.0,0.0,0.0,0.0,0.0
1050,0.011405946931097984,-0.04707472653300121,-0.15588627243850772,0.10138116973152185,0.0,0.0,0.0,0.0,0.0,0.0
1051,-0.07865611789448704,0.09254471938219104,-0.27161781020033426,0.017445010935587483,0.0,0.0,0.0,0.0,0.0,0.0
1052,0.07744858782205523,-0.2769957826399288,-0.1816276728213878,-0.009696956556494505,0.0,0.0,0.0,0.0,0.0,0.0
1053,0.0013657776663947687,-0.15520275370721331,-0.23279544737300106,0.03113167744800182,0.0,0.0,0.0,0.0,0.0,0.0
1054,-0.027511649627324584,0.17471836154598314,0.04075123834099959,-0.12952545177431274,0.0,0.0,0.0,0.0,0.0,0.0
1055,-0.014966187426754816,-0.2063809186820438,-0.5473978035316157,0.1284338325268295,0.0,0.0,0.0,0.0,0.0,0.0
1056,-0.11560033379635012,0.18190874752459543,-0.25771540076613403,0.009390275420342905,0.0,0.0,0.0,0.0,0.0,0.0
1057,0.19405161247154895,-0.5971010023018449,-0.10053815529714348,-0.05217371374686619,0.0,0.0,0.0,0.0,0.0,0.0
1058,-0.08073685835655324,0.1607197961961562,0.009175936981021678,0.035138193855218124,0.0,0.0,0.0,0.0,0.0,0.0
1059,0.028479208004375138,-0.07739887573860504,0.2893222564093131,-0.0590919070079805,0.0,0.0,0.0,0.0,0.0,0.0
1060,0.25454674965143825,-1.2524639543983733,-0.24462404908168556,-0.13910425292096285,0.0,0.0,0.0,0.0,0.0,0.0
1061,-0.08588404981414294,0.12779820824772872,-0.08080871928843146,-0.027779890209944227,0.0,0.0,0.0,0.0,0.0,0.0
1062,0.15251341766555312,-0.6120685975965948,-0.5185663972125509,0.08735658890502415,0.0,0.0,0.0,0.0,0.0,0.0
1063,-0.06675899390474953,0.09011963330037703,-0.13263438223111446,0.062996692329616,0.0,0.0,0.0,0.0,0.0,0.0
1064,0.07552898370142024,-0.08077157569371905,0.2854985681630706,-0.19591893030816726,0.0,0.0,0.0,0.0,0.0,0.0
1065,-0.058311553292172136,0.019689190640277184,-0.1139583826341248,-0.0066917982828488265,0.0,0.0,0.0,0.0,0.0,0.0
1066,0.04784484532321594,-0.26322693272071135,1.1467870340181858,-0.0851195153441536,0.0,0.0,0.0,0.0,0.0,0.0
1067,-0.08781882474082199,0.17088494940108206,0.03992190047399773,0.029127842885567145,0.0,0.0,0.0,0.0,0.0,0.0
1068,-0.06646767431886513,0.062084072443442356,-0.14090368995226762,0.016411832661812384,0.0,0.0,0.0,0.0,0.0,0.0
1069,-0.10948026066030504,0.23467278550845327,-0.12610455821937294,0.04188870617213814,0.0,0.0,0.0,0.0,0.0,0.0
1070,-0.06870610610805349,0.014743384466854175,-0.4481960124621612,0.1210849452602878,0.0,0.0,0.0,0.0,0.0,0.0
1071,-0.004582378101419657,-0.14159997446116337,0.18409103276625594,0.011881975131112176,0.0,0.0,0.0,0.0,0.0,0.0
1072,-0.07369830041151565,-0.015058900613908797,-0.21559368054115516,0.0594549041394153,0.0,0.0,0.0,0.0,0.0,0.0
1073,-0.06144588292550972,0.021322889808630348,-0.19080873757692363,0.024862793480265925,0.0,0.0,0.0,0.0,0.0,0.0
1074,0.027069012952401005,0.16893462543467638,1.5644177187126163,-0.04464243014715306,0.0,0.0,0.0,0.0,0.0,0.0
1075,-0.018784369594900145,0.03528667284728055,-0.012789053482038558,0.06866110261161519,0.0,0.0,0.0,0.0,0.0,0.0
1076,-0.0838805165821622,0.14094271636616792,0.32343150575274887,-0.0013411098656609128,0.0,0.0,0.0,0.0,0.0,0.0
1077,0.06141816515801835,-0.0023121190542600882,0.7354922428535388,-0.0007136402689813536,0.0,0.0,0.0,0.0,0.0,0.0
1078,-0.10732084970996424,0.1989651741575295,-0.017464317158613442,0.04658419703010821,0.0,0.0,0.0,0.0,0.0,0.0
1079,-0.022220756806137883,-0.050962097432202993,0.008013586444332336,0.059293464424378176,0.0,0.0,0.0,0.0,0.0,0.0
1080,-0.09512186151078457,0.1631078070171454,-0.03513683410942471,-0.01962202823859681,0.0,0.0,0.0,0.0,0.0,0.0
1081,-0.07312723117536979,0.23081417722967335,0.21855307348044284,-0.009348114960678236,0.0,0.0,0.0,0.0,0.0,0.0
1082,-0.059161328589401166,0.053255760107925515,-0.014437203443772523,-0.058813732470922024,0.0,0.0,0.0,0.0,0.0,0.0
1083,-0.05606688792744929,0.04910720092679065,-0.0248737387384252,-0.002053975828455615,0.0,0.0,0.0,0.0,0.0,0.0
1084,-0.010762616577284714,-0.03834021830380981,0.002136059513845114,0.05211425026379369,0.0,0.0,0.0,0.0,0.0,0.0
1085,0.08852836706762202,-0.33014693560639435,0.46146990033055973,-0.06830430996175432,0.0,0.0,0.0,0.0,0.0,0.0
1086,-0.07206860934354001,0.13084395911348412,0.09808721418720168,-0.05380827122690992,0.0,0.0,0.0,0.0,0.0,0.0
1087,-0.08005431305005568,0.10722280585562585,-0.05462467802703831,-0.04833707048518305,0.0,0.0,0.0,0.0,0.0,0.0
1088,0.00022283495470352838,-0.1426881057401664,-0.25137359369985723,-0.04199072914723494,0.0,0.0,0.0,0.0,0.0,0.0
1089,-0.021586724167802517,0.01733414108915013,-0.07665014332404996,0.04187915097147967,0.0,0.0,0.0,0.0,0.0,0.0
1090,-0.06945526507878254,0.08115636762861024,0.029995548452546716,0.02595327274750041,0.0,0.0,0.0,0.0,0.0,0.0
1091,0.0020310054459969414,0.040369487210555444,0.0952390145599164,-0.09063281036372375,0.0,0.0,0.0,0.0,0.0,0.0
1092,-0.07202080948228007,0.06472530010291087,0.03202893897743115,-0.03301168554948406,0.0,0.0,0.0,0.0,0.0,0.0
1093,-0.0519986787031119,0.2606863752908918,-0.03239334037250608,-0.0035918240860006736,0.0,0.0,0.0,0.0,0.0,0.0
1094,-0.015312011092274406,0.11622580691350146,0.806464652937119,-0.10364454834858508,0.0,0.0,0.0,0.0,0.0,0.0
1095,-0.10347251954815607,0.15278496875583297,-0.359940072524313,0.015399827828575104,0.0,0.0,0.0,0.0,0.0,0.0
1096,-0.02569155891837418,0.005510162181218361,0.3536820072233378,-0.009188629697421423,0.0,0.0,0.0,0.0,0.0,0.0
1097,-0.06375304577578143,0.041243347492373204,0.021928361511488678,-0.03375245772057888,0.0,0.0,0.0,0.0,0.0,0.0
1098,-0.015287265515114248,-0.015278288826196524,0.3217811839256515,-0.02845006684091106,0.0,0.0,0.0,0.0,0.0,0.0
1099,-0.03068849048083772,0.06300282484703236,-0.060085427105945055,0.012668880271017233,0.0,0.0,0.0,0.0,0.0,0.0
1100,-0.08454792300461618,0.14534040112782587,-0.13245144068399203,0.014477317506096203,0.0,0.0,0.0,0.0,0.0,0.0
1101,-0.02687861889156084,0.00204074820635334,-0.02640087748573963,0.012901650918496932,0.0,0.0,0.0,0.0,0.0,0.0
1102,-0.0639236982583655,0.026057905462832473,0.41426661571745454,-0.02452385240692129,0.0,0.0,0.0,0.0,0.0,0.0
1103,-0.01461002829773392,-0.047576364125122735,0.4955721555159474,-0.04994167589778108,0.0,0.0,0.0,0.0,0.0,0.0
1104,-0.09347982738179773,0.212351989360123,-0.2827736747944132,0.06081220392353595,0.0,0.0,0.0,0.0,0.0,0.0
1105,-0.07516449157967746,0.10543904658896763,0.08964693656228932,-0.009981673707076921,0.0,0.0,0.0,0.0,0.0,0.0
1106,0.0015232734449030809,-0.03885958554801871,0.5898691979855338,-0.022398520651460873,0.0,0.0,0.0,0.0,0.0,0.0
1107,-0.0957530470649415,0.15478233381548004,-0.11356306068975161,-0.014061674018742327,0.0,0.0,0.0,0.0,0.0,0.0
1108,-0.10828499872127227,0.06344518271022706,-0.14487082320463998,0.021932685316274948,0.0,0.0,0.0,0.0,0.0,0.0
1109,0.04787190989453421,-0.16650293488422682,0.20417640983859217,0.233886675889905,0.0,0.0,0.0,0.0,0.0,0.0
1110,-0.07129770144995512,0.06744032679864369,-0.1928943117740679,0.09576912967016137,0.0,0.0,0.0,0.0,0.0,0.0
1111,-0.06836491561366223,0.06739499510096174,0.1680039078736396,0.03924958250562554,0.0,0.0,0.0,0.0,0.0,0.0
1112,-0.09475223021021298,0.18976502096945638,-0.14360002301005326,-0.05336239055090946,0.0,0.0,0.0,0.0,0.0,0.0
1113,-0.01753979014807992,-0.21599996966950347,-0.2232468190702957,0.10809082610174917,0.0,0.0,0.0,0.0,0.0,0.0
1114,-0.05264169627570667,0.04739926700943113,0.06409136464525012,-0.05082450414984928,0.0,0.0,0.0,0.0,0.0,0.0
1115,-0.06757047004022802,-0.03285434576282846,-0.2646148200887706,0.011759257498652847,0.0,0.0,0.0,0.0,0.0,0.0
1116,-0.1051821495816453,0.18410318283963392,-0.28097988605329893,-0.013293733514271835,0.0,0.0,0.0,0.0,0.0,0.0
1117,-0.056319499187544864,0.00551018770912963,-0.19062848934202903,-0.004334013697119102,0.0,0.0,0.0,0.0,0.0,0.0
1118,-0.10694402397517871,0.14505567970573266,-0.24233911616360862,0.02188099591282967,0.0,0.0,0.0,0.0,0.0,0.0
1119,-0.06603997655182005,0.09712311366032991,0.07682917805977818,-0.01941167301811164,0.0,0.0,0.0,0.0,0.0,0.0
1120,-0.12016217832271084,0.18038395946275507,-0.17565693225933357,0.04000566783647683,0.0,0.0,0.0,0.0,0.0,0.0
1121,-0.13784594729324737,0.2723938605446956,-0.30007796389936364,-0.016422520707972153,0.0,0.0,0.0,0.0,0.0,0.0
1122,0.014273633552185002,0.021687469771900718,-0.10422861179186638,-0.035410531756746064,0.0,0.0,0.0,0.0,0.0,0.0
1123,-0.09985617285110554,0.21127341939832942,-0.16139120062917262,0.03459784466848015,0.0,0.0,0.0,0.0,0.0,0.0
1124,6.776731844723598,-10.824891325345742,8.208098233884828,-4.42207461768229,0.0,0.0,0.0,0.0,0.0,0.0
1125,0.0024249752342549854,0.10446993073842442,0.22244395687766122,-0.04156543194122307,0.0,0.0,0.0,0.0,0.0,0.0
1126,0.021358083621347248,0.21937792315715474,0.33699437469906024,-0.038552535924470235,0.0,0.0,0.0,0.0,0.0,0.0
1127,0.01220397911511138,0.03208927275047053,0.21140454788733382,-0.06965314476995976,0.0,0.0,0.0,0.0,0.0,0.0
1128,-0.02259302797849438,0.1774369016554403,0.12200207522155061,-0.1324579190952397,0.0,0.0,0.0,0.0,0.0,0.0
1129,0.14903194462792574,-0.6061447426860012,0.236239311442244,-0.1517747177293916,0.0,0.0,0.0,0.0,0.0,0.0
1130,0.20015640833498094,-0.8390280998471867,-0.1853739097219434,-0.3116540901964474,0.0,0.0,0.0,0.0,0.0,0.0
1131,0.3411644861722339,-0.8885751362333922,1.2969170391433646,-0.31426593765302835,0.0,0.0,0.0,0.0,0.0,0.0
1132,0.03423186238957286,-0.15599209212499307,0.09697001843668361,0.03253580772935026,0.0,0.0,0.0,0.0,0.0,0.0
1133,-0.09958138212773252,0.11222021959406037,-0.47142557966402004,0.11444953096628996,0.0,0.0,0.0,0.0,0.0,0.0
1134,-0.08795141918750561,0.15505364072713343,-0.03797520196655402,-0.030285199663055536,0.0,0.0,0.0,0.0,0.0,0.0
1135,-0.0014502486477672612,0.0819907979412322,-0.06177249455438853,0.16756655374354212,0.0,0.0,0.0,0.0,0.0,0.0
1136,-0.08974791557298492,0.14774704953941084,-0.3112153732759241,0.10317200472838463,0.0,0.0,0.0,0.0,0.0,0.0
1137,-0.08174620563245234,0.0523414572402556,-0.2711035165934761,0.06240548787878373,0.0,0.0,0.0,0.0,0.0,0.0
1138,0.006991567403696907,-0.21850289171725462,0.3585975337285998,0.02714931792099475,0.0,0.0,0.0,0.0,0.0,0.0
1139,-0.0564603737339835,-0.05875735965884777,-0.12284169231146005,0.1069292238677823,0.0,0.0,0.0,0.0,0.0,0.0
1140,-0.026370805876696404,-0.09194519071964961,-0.304754550500369,0.25694367641435356,0.0,0.0,0.0,0.0,0.0,0.0
1141,-0.0802541763570544,0.06311233332002607,-0.09622721134496123,0.03076441156780643,0.0,0.0,0.0,0.0,0.0,0.0
1142,-0.1277324012895787,0.1570130455115609,-0.3603208151767393,0.10787658728489484,0.0,0.0,0.0,0.0,0.0,0.0
1143,-0.10218304056672141,0.04166134011812958,-0.09668185197993602,0.08430363415710497,0.0,0.0,0.0,0.0,0.0,0.0
1144,-0.0343655878785119,0.17201251946665996,0.08278328765942915,-0.05588730841901247,0.0,0.0,0.0,0.0,0.0,0.0
1145,-0.01810157050354688,0.19399090583155776,0.6238223560483442,-0.057606618318967004,0.0,0.0,0.0,0.0,0.0,0.0
1146,-0.06765000211084987,0.04589711286596162,0.08981741940229444,0.031022828236891585,0.0,0.0,0.0,0.0,0.0,0.0
1147,-0.00795334159850821,0.16384855874956614,0.5107485919437664,-0.013311156604422777,0.0,0.0,0.0,0.0,0.0,0.0
1148,-0.12444192285073885,0.1636766228426715,-0.3491194935599368,0.044618876459641583,0.0,0.0,0.0,0.0,0.0,0.0
1149,-0.023675462834033826,-0.0004838665039104868,0.31355788119980504,0.0316859759358256,0.0,0.0,0.0,0.0,0.0,0.0
1150,-0.07069033745199316,0.087558529728136,-0.15063637082358033,0.09529445919565623,0.0,0.0,0.0,0.0,0.0,0.0
1151,-0.11709696646330935,0.19196036743653105,-0.320880221476962,0.04453720302878523,0.0,0.0,0.0,0.0,0.0,0.0
1152,-0.04248009650312435,0.04809912152144101,-0.20422937439651478,0.11669363062709961,0.0,0.0,0.0,0.0,0.0,0.0
1153,0.028069407770639813,-0.3064397713313361,0.16273410464878407,0.12930834349528975,0.0,0.0,0.0,0.0,0.0,0.0
1154,-0.03544314992068931,-0.1554733865528821,0.09940272843371772,0.010562926830026614,0.0,0.0,0.0,0.0,0.0,0.0
1155,-0.07889148365800489,0.1878676383634166,0.08280088488025492,-0.05317160674339289,0.0,0.0,0.0,0.0,0.0,0.0
1156,-0.10024646413129085,0.09163361015775678,-0.08652644267344453,0.03539179764995081,0.0,0.0,0.0,0.0,0.0,0.0
1157,-0.0303786283427846,-0.04830954420551208,-0.18881195108063095,0.1545766607382611,0.0,0.0,0.0,0.0,0.0,0.0
1158,-0.12791976848053857,0.23059243468318602,-0.2908994415533185,0.018603593684175378,0.0,0.0,0.0,0.0,0.0,0.0
1159,-0.030235795850456732,-0.037508499864270656,-0.17533944250847877,0.0799425895685318,0.0,0.0,0.0,0.0,0.0,0.0
1160,-0.014069866361481507,0.04129930489633412,0.5231155581917284,-0.0179096276326961,0.0,0.0,0.0,0.0,0.0,0.0
1161,-0.07585162628307125,0.21126922454442845,-0.16447221541320164,0.018107371690872606,0.0,0.0,0.0,0.0,0.0,0.0
1162,-0.001656928364235819,-0.291483548810319,0.09637378934459236,0.0019151839579678673,0.0,0.0,0.0,0.0,0.0,0.0
1163,0.19843798697685552,-0.9178174508032843,-0.5584081649045103,0.34049582306872866,0.0,0.0,0.0,0.0,0.0,0.0
1164,-0.025047462711896173,0.2374332622329861,-0.002518249461738972,-0.08949082961364341,0.0,0.0,0.0,0.0,0.0,0.0
1165,-0.08422101387650538,0.1269996347581264,-0.209720319193104,0.016843722665189905,0.0,0.0,0.0,0.0,0.0,0.0
1166,-0.10726906236604311,0.16645453285775116,-0.2992367691800307,0.04970432641666407,0.0,0.0,0.0,0.0,0.0,0.0
1167,-0.08422014276954044,0.033024737246277365,-0.4165853864096184,0.12396311316135208,0.0,0.0,0.0,0.0,0.0,0.0
1168,-0.07958867517278766,0.07758164861521713,-0.042112536918126615,0.10879394463757859,0.0,0.0,0.0,0.0,0.0,0.0
1169,-0.10765350282398747,0.1715239173991039,-0.09557358831436981,0.01623876113441189,0.0,0.0,0.0,0.0,0.0,0.0
1170,-0.04133225555624527,0.03741355563681073,0.16600180430979336,-0.010913236488873976,0.0,0.0,0.0,0.0,0.0,0.0
1171,-0.06359110069228173,0.2534254710619896,-0.1179977433892787,-0.011836795213459789,0.0,0.0,0.0,0.0,0.0,0.0
1172,-0.08126137515568885,0.04927003121816686,-0.23987770411855705,0.11073907574687233,0.0,0.0,0.0,0.0,0.0,0.0
1173,-0.10833064597858597,0.18244982036379268,-0.27315945683422016,0.02137246823406576,0.0,0.0,0.0,0.0,0.0,0.0
1174,-0.0816129362840468,0.19036701661559538,-0.15921483742726272,0.023829889352292414,0.0,0.0,0.0,0.0,0.0,0.0
1175,-0.10825441490578742,0.16898551894293584,-0.19803292420739063,0.05219987427385797,0.0,0.0,0.0,0.0,0.0,0.0
1176,-0.1265754827343581,0.1265580857697395,-0.3153076673573481,0.10974220617406392,0.0,0.0,0.0,0.0,0.0,0.0
1177,-0.0864211295495936,0.013396076890610488,-0.5713091671418246,0.23844634640630794,0.0,0.0,0.0,0.0,0.0,0.0
1178,-0.07085728545786722,0.08301663769944256,0.059754234914729705,-0.01733752315817989,0.0,0.0,0.0,0.0,0.0,0.0
1179,-0.09786398227697725,0.010306929251850755,-0.15415960029068332,0.09819038464829227,0.0,0.0,0.0,0.0,0.0,0.0
1180,-0.11207211633157374,0.14254185444050846,-0.20574507074241322,0.0434212804257145,0.0,0.0,0.0,0.0,0.0,0.0
1181,-0.037063533273369066,-0.007987694297226318,-0.3033713686128237,0.05923168321292656,0.0,0.0,0.0,0.0,0.0,0.0
1182,-0.10696344324203037,0.21717200051825855,-0.07329935402330887,0.005913716601583156,0.0,0.0,0.0,0.0,0.0,0.0
1183,-0.11313481370258881,0.0963327759943111,-0.33401649151505625,0.09907100972643067,0.0,0.0,0.0,0.0,0.0,0.0
1184,-0.11924554501176438,0.1834500567111699,-0.29961936518366333,0.10930404518477753,0.0,0.0,0.0,0.0,0.0,0.0
1185,-0.050886696220169496,-0.05588467568823039,-0.46820008595172025,0.026634611442336507,0.0,0.0,0.0,0.0,0.0,0.0
1186,-0.007310349903037907,0.4291751810940432,0.15107562976214525,-0.2412926940297561,0.0,0.0,0.0,0.0,0.0,0.0
1187,-0.04776520919119383,0.028912295875444152,0.11027308827273165,0.002924892149199499,0.0,0.0,0.0,0.0,0.0,0.0
1188,-0.07304801045565415,0.04531975664929755,-0.23600064091950568,0.11095441244261497,0.0,0.0,0.0,0.0,0.0,0.0
1189,-0.002159539694639258,-0.3752666923510221,-0.3385529686081803,0.21472142566132543,0.0,0.0,0.0,0.0,0.0,0.0
1190,0.029545035192998597,-0.1964086107254068,-0.08397246295196578,0.16954570406113043,0.0,0.0,0.0,0.0,0.0,0.0
1191,-0.06773011055989975,-0.023471147906430505,-0.4127493148739651,0.14415442987278587,0.0,0.0,0.0,0.0,0.0,0.0
1192,-0.11287094453902961,0.12189721979818909,-0.40917098361131793,0.09242388004055131,0.0,0.0,0.0,0.0,0.0,0.0
1193,-0.08706647263578343,0.12870101958507113,-0.043065764494915504,-0.029101673130242648,0.0,0.0,0.0,0.0,0.0,0.0
1194,-0.06534805636228476,-0.12039361270908631,-0.4597693952392083,0.143259907645839,0.0,0.0,0.0,0.0,0.0,0.0
1195,-0.10121580630691426,0.17501335302050125,-0.2554524137784956,0.05972008146415942,0.0,0.0,0.0,0.0,0.0,0.0
1196,-0.03754351789756593,0.24192810799106987,0.008458846530432731,-0.10560537163590437,0.0,0.0,0.0,0.0,0.0,0.0
1197,-0.048910949134743524,0.04778894032183071,0.07814142305980253,0.12257902676192844,0.0,0.0,0.0,0.0,0.0,0.0
1198,-0.03985380873341089,0.012157799278759977,-0.4919838810832173,0.07897221590528697,0.0,0.0,0.0,0.0,0.0,0.0
1199,0.11378406692851305,-0.35401056152029126,0.3719733901419021,-0.08745723520904564,0.0,0.0,0.0,0.0,0.0,0.0
1200,-0.06486093079485206,0.12140799065420124,0.21324556433602665,-0.017599096257416725,0.0,0.0,0.0,0.0,0.0,0.0
1201,-0.12773891227449385,0.24909153759501415,-0.11349858315260651,0.0058097685681372776,0.0,0.0,0.0,0.0,0.0,0.0
1202,-0.03423260686923589,-0.009444095995195845,-0.19077885202494604,0.06744345176355512,0.0,0.0,0.0,0.0,0.0,0.0
1203,-0.09552405711899656,0.200110557395809,-0.1924901978628817,0.008711644073304109,0.0,0.0,0.0,0.0,0.0,0.0
1204,0.025954543534715515,-0.2584377656411326,0.23973675186876375,0.056470463631493294,0.0,0.0,0.0,0.0,0.0,0.0
1205,-0.13024542066808614,0.26095711308256636,-0.14618367578868713,-0.013817953886182897,0.0,0.0,0.0,0.0,0.0,0.0
1206,-0.09940003280739376,0.16070449530909492,-0.20685982596828204,0.049960240984047465,0.0,0.0,0.0,0.0,0.0,0.0
1207,-0.055602382070228974,0.023651691003647272,-0.044805685119534804,0.1840333543930608,0.0,0.0,0.0,0.0,0.0,0.0
1208,-0.124175126816612,0.19295404029468885,-0.3278692565362757,0.11882498481412862,0.0,0.0,0.0,0.0,0.0,0.0
1209,-0.10304581158566804,0.13508211301845505,0.10318246135214726,0.09215771358589715,0.0,0.0,0.0,0.0,0.0,0.0
1210,-0.11880621836426135,0.13072928570596895,-0.47125897174097703,0.10653146686208245,0.0,0.0,0.0,0.0,0.0,0.0
1211,-0.10418209071137408,0.16207444732551562,-0.022308728641288016,0.04330870564604863,0.0,0.0,0.0,0.0,0.0,0.0
1212,-0.08026113322535253,0.21598113155695167,-0.00018624430372821815,-0.028564443928739778,0.0,0.0,0.0,0.0,0.0,0.0
1213,-0.08689998887372412,0.07074482079693012,-0.300373442775303,0.11955660759878219,0.0,0.0,0.0,0.0,0.0,0.0
1214,-0.09564762761214388,0.14499095754939428,-0.3275695305985127,0.01436528917996226,0.0,0.0,0.0,0.0,0.0,0.0
1215,-0.07103815557324986,0.11972676969285426,-0.19401031699091648,0.024882593559086164,0.0,0.0,0.0,0.0,0.0,0.0
1216,-0.054628264241065656,0.04565932368447207,-0.14821347857297432,0.030871787266235188,0.0,0.0,0.0,0.0,0.0,0.0
1217,-0.1037631566944824,0.18027094424714157,-0.184975430569659,0.014288694272919997,0.0,0.0,0.0,0.0,0.0,0.0
1218,0.01361926089258191,-0.3051846737833362,-0.03444836219166274,0.19874412199545283,0.0,0.0,0.0,0.0,0.0,0.0
1219,-0.07114068890055876,0.01360603974900419,-0.21615689810540362,0.16763602404248157,0.0,0.0,0.0,0.0,0.0,0.0
1220,-0.12564757591483655,0.21123738325891026,-0.14041108407229097,0.02935422822936874,0.0,0.0,0.0,0.0,0.0,0.0
1221,-0.11614966687718846,0.23515888686488087,-0.15922973224896741,-0.004735761580099312,0.0,0.0,0.0,0.0,0.0,0.0
1222,-0.09303322606959313,0.15276411851245367,-0.471745384665355,0.1331122597561216,0.0,0.0,0.0,0.0,0.0,0.0
1223,-0.11073255465830903,0.21427975631852364,-0.23221564697382854,0.11748637827232747,0.0,0.0,0.0,0.0,0.0,0.0
1224,-0.04675675439691106,0.06536893672397917,-0.054371316661392624,-0.1005139982378096,0.0,0.0,0.0,0.0,0.0,0.0
1225,-0.0990595537398432,0.08473807735666096,-0.1610930567097938,0.105223047384417,0.0,0.0,0.0,0.0,0.0,0.0
1226,-0.08979066006023853,0.3215701415139035,0.09335170837530775,-0.0029345511159540472,0.0,0.0,0.0,0.0,0.0,0.0
1227,-0.10494487041040385,0.11239594885215519,-0.13296680174305459,0.06470672528685827,0.0,0.0,0.0,0.0,0.0,0.0
1228,-0.13516116081053287,0.2434065228413598,-0.2357265908980542,-0.0030366347786456036,0.0,0.0,0.0,0.0,0.0,0.0
1229,-0.08183325264924111,0.09335253895075284,-0.3892135934489205,0.1598542257196895,0.0,0.0,0.0,0.0,0.0,0.0
1230,-0.08978308053687661,0.24083927993500062,-0.12653563906126095,0.04731605647269758,0.0,0.0,0.0,0.0,0.0,0.0
1231,-0.11550348384423277,0.22224302994766224,-0.2595480419555847,0.03706410579593986,0.0,0.0,0.0,0.0,0.0,0.0
1232,-0.09709773407781841,0.30230940677117507,-0.07307521617889753,0.020600354304363813,0.0,0.0,0.0,0.0,0.0,0.0
1233,-0.0260390444863917,0.05487275358323046,0.4581361276451585,0.06214298121385304,0.0,0.0,0.0,0.0,0.0,0.0
1234,-0.12739952648233405,0.22569262351268074,-0.12275101779008976,0.028025549014845837,0.0,0.0,0.0,0.0,0.0,0.0
1235,6.1689417006064495,-17.18421843674564,-6.633890618311097,-0.5027542682959858,0.0,0.0,0.0,0.0,0.0,0.0
1236,-0.03690998397959997,0.10596751448825766,0.07719792731128451,-0.12257851041742475,0.0,0.0,0.0,0.0,0.0,0.0
1237,0.0015994977685977918,-0.06541754382007804,-0.09719149202727136,-0.13899148129412967,0.0,0.0,0.0,0.0,0.0,0.0
1238,0.7115663425987716,-2.622031137099794,-0.9316788252923865,0.43996146436374345,0.0,0.0,0.0,0.0,0.0,0.0
1239,-0.017019122818638325,-0.06572726546573052,0.05135067733421534,-0.033475025383588146,0.0,0.0,0.0,0.0,0.0,0.0
1240,0.07477905708813358,-0.33061753304801283,1.2254461020017693,0.015452484422413995,0.0,0.0,0.0,0.0,0.0,0.0
1241,-0.06027376108313524,-0.010785504091943426,-0.045800850705890996,0.038516149354836146,0.0,0.0,0.0,0.0,0.0,0.0
1242,-0.07525755573492439,0.06950353862797792,-0.3457348831492629,0.030166894210120556,0.0,0.0,0.0,0.0,0.0,0.0
1243,-0.0015953850119362037,-0.24523340945394376,-0.4711386590671769,-0.01081699020571277,0.0,0.0,0.0,0.0,0.0,0.0
1244,-0.017972274157378718,0.0801418381169055,0.2971651075289321,-0.04741919181557025,0.0,0.0,0.0,0.0,0.0,0.0
1245,-0.10652148638670553,0.11323193322111019,-0.0565255612014112,-0.015094384148738888,0.0,0.0,0.0,0.0,0.0,0.0
1246,-0.10690053264106496,0.04564373263333256,0.07453077397258909,-0.003182245479701336,0.0,0.0,0.0,0.0,0.0,0.0
1247,-0.1065504517166619,0.1255811531001324,-0.38411721877331984,0.06451619320537799,0.0,0.0,0.0,0.0,0.0,0.0
1248,-0.09714286382417958,0.18710802667331194,-0.2381457634185597,0.07649881775097647,0.0,0.0,0.0,0.0,0.0,0.0
1249,-0.06962761388405339,0.10531226841634442,-0.1965361433265943,0.0007715891067448704,0.0,0.0,0.0,0.0,0.0,0.0
1250,-0.032361888251389546,-0.08741671163209173,0.16297197446717826,-0.08038883867769418,0.0,0.0,0.0,0.0,0.0,0.0
1251,-0.10901245549338749,0.12898688760012525,-0.06445999187703826,0.018036960328934953,0.0,0.0,0.0,0.0,0.0,0.0
1252,-0.06850197918097399,0.00028475205440938725,-0.25507400498802835,0.07993826237441462,0.0,0.0,0.0,0.0,0.0,0.0
1253,-0.0990537464092974,0.1420092833835245,-0.17077836210190758,-0.005078362501687937,0.0,0.0,0.0,0.0,0.0,0.0
1254,-0.04199180118287856,-0.030808215097270372,-0.31501782414595947,-0.012704567604455186,0.0,0.0,0.0,0.0,0.0,0.0
1255,-0.10841422380436072,0.15638284458175036,-0.11050856679103761,0.013932077750532448,0.0,0.0,0.0,0.0,0.0,0.0
1256,-0.034566210445050906,-0.12161684860100982,-0.657746642393226,0.19086609251808997,0.0,0.0,0.0,0.0,0.0,0.0
1257,-0.08958502676325678,0.054048541731425925,-0.0414432452260229,0.007619145317331867,0.0,0.0,0.0,0.0,0.0,0.0
1258,-0.09689384813954001,0.09291744406875661,-0.5150618595441738,0.10426840202259269,0.0,0.0,0.0,0.0,0.0,0.0
1259,-0.01194801717230571,-0.20495202370360227,-0.1734588121376854,0.07623554730042868,0.0,0.0,0.0,0.0,0.0,0.0
1260,-0.04175267838020029,-0.02072550166464401,0.23894853660903226,-0.08864031417824356,0.0,0.0,0.0,0.0,0.0,0.0
1261,-0.05291062747913229,0.06761817725528599,-0.3120579219056229,-0.037149845662764275,0.0,0.0,0.0,0.0,0.0,0.0
1262,-0.0923532274380718,0.12189923051196798,-0.10803907248874724,0.02077937713385799,0.0,0.0,0.0,0.0,0.0,0.0
1263,-0.038245983805416904,-0.010216364437185519,-0.03802446602100024,0.03619665487859796,0.0,0.0,0.0,0.0,0.0,0.0
1264,-0.07280993554210806,-0.03675036972132401,-0.043592421513552915,0.0025742276758979475,0.0,0.0,0.0,0.0,0.0,0.0
1265,0.05074830255659544,-0.03604813125352942,1.4146842399920934,0.0346429051977557,0.0,0.0,0.0,0.0,0.0,0.0
1266,-0.049853242342195556,-0.04287268731381126,-0.23075388388741536,0.09194642302131438,0.0,0.0,0.0,0.0,0.0,0.0
1267,-0.10440364925842688,0.1168898102349153,-0.2749055976885193,0.03493327376745873,0.0,0.0,0.0,0.0,0.0,0.0
1268,-0.07100253564774359,-0.048593188414668045,-0.055525854093143326,-0.014172864383267914,0.0,0.0,0.0,0.0,0.0,0.0
1269,0.1018681307016396,-0.45113423634351585,1.0138236339711786,0.061875716496052904,0.0,0.0,0.0,0.0,0.0,0.0
1270,-0.11166993729118996,0.264300099818564,-0.14199350637919544,-0.007865368465162335,0.0,0.0,0.0,0.0,0.0,0.0
1271,0.06057013793734035,-0.30555982151504957,0.06104386182843479,0.0005278228980464267,0.0,0.0,0.0,0.0,0.0,0.0
1272,0.15576719686169085,-0.3610212282291804,1.2031737934295366,-0.01181663410162179,0.0,0.0,0.0,0.0,0.0,0.0
1273,-0.08341761098003166,-0.022108254176099663,-0.19265971787788488,-0.02226643499043736,0.0,0.0,0.0,0.0,0.0,0.0
1274,-0.10713264173648226,0.2343799599601501,-0.10791977601018736,0.008158952599457458,0.0,0.0,0.0,0.0,0.0,0.0
1275,-0.11632111376987295,0.15947777120610027,-0.37843658103354527,0.04954440236846869,0.0,0.0,0.0,0.0,0.0,0.0
1276,-0.058794102183228523,0.09395774583581583,-0.04705417166450984,0.035279701678193574,0.0,0.0,0.0,0.0,0.0,0.0
1277,-0.12700203937416968,0.24646605281581946,-0.3079692583382947,-0.04944730927048792,0.0,0.0,0.0,0.0,0.0,0.0
1278,0.028140161704710058,-0.4298215841384873,0.09299801748659035,0.027113011140503403,0.0,0.0,0.0,0.0,0.0,0.0
1279,-0.05397759620823973,-0.054655595585900746,0.225285084295047,-0.04177418466174518,0.0,0.0,0.0,0.0,0.0,0.0
1280,-0.11545794909251256,0.1788575897772802,-0.2591118715071592,0.01346710435670864,0.0,0.0,0.0,0.0,0.0,0.0
1281,-0.09726765657924136,0.0902745740845789,-0.3849812643328545,0.15107464922356018,0.0,0.0,0.0,0.0,0.0,0.0
1282,-0.11282482796626621,0.18165553271747018,-0.27978969430885026,0.038308553524792115,0.0,0.0,0.0,0.0,0.0,0.0
1283,-0.04966195784574509,-0.013237143686772547,0.36336179442570676,-0.038625464460237374,0.0,0.0,0.0,0.0,0.0,0.0
1284,-0.058956005422494094,-0.07812726531215197,0.27532078723774517,0.026628813647794194,0.0,0.0,0.0,0.0,0.0,0.0
1285,-0.025284099157690993,0.04809606061382387,0.49588750908672874,-0.09737607301882834,0.0,0.0,0.0,0.0,0.0,0.0
1286,-0.13055800119311628,0.1953655266913471,-0.3215940796258382,0.0838888228304467,0.0,0.0,0.0,0.0,0.0,0.0
1287,-0.11271799399506861,0.05736396515781142,-0.47883729723824503,0.09893301147745975,0.0,0.0,0.0,0.0,0.0,0.0
1288,-0.05382370745265949,-0.11176680004782066,-0.1127546793353835,0.018808127629906867,0.0,0.0,0.0,0.0,0.0,0.0
1289,-0.014478952099926789,-0.09430821479688029,-0.3519032937217307,0.041977104017434146,0.0,0.0,0.0,0.0,0.0,0.0
1290,-0.0703141729630737,0.0006021747143839556,-0.18203841460293765,0.05270884431555239,0.0,0.0,0.0,0.0,0.0,0.0
1291,-0.016092000973975843,-0.15044785469256855,0.20808722347807856,-0.016642909335358436,0.0,0.0,0.0,0.0,0.0,0.0
1292,-0.09266862192926184,0.08916884677656838,-0.3667481777238301,0.05961648484559475,0.0,0.0,0.0,0.0,0.0,0.0
1293,-0.09532962412898792,0.1663874249743428,-0.21745770735128778,0.012320424439079006,0.0,0.0,0.0,0.0,0.0,0.0
1294,-0.10347098206212854,0.15958547583593855,-0.23935805132406163,0.03142076982358597,0.0,0.0,0.0,0.0,0.0,0.0
1295,-0.11972902668825573,0.25053039950283207,-0.23604144485544715,0.019491596771426117,0.0,0.0,0.0,0.0,0.0,0.0
1296,-0.06985143414692095,0.07107153000276743,-0.11813286520606954,0.04755272253586934,0.0,0.0,0.0,0.0,0.0,0.0
1297,-0.09631105038677792,0.054540524556174495,-0.16623523419505834,0.0726796540673211,0.0,0.0,0.0,0.0,0.0,0.0
1298,-0.09611504151239546,0.015657631232605218,-0.0221523126899872,0.03614866692213675,0.0,0.0,0.0,0.0,0.0,0.0
1299,-0.1303138560570549,0.22162886983138552,-0.19958506475088172,0.012748529360114728,0.0,0.0,0.0,0.0,0.0,0.0
1300,1.9783589314443033,-4.293536030696158,5.095460470972995,-2.8372288095957687,0.0,0.0,0.0,0.0,0.0,0.0
1301,0.03683469380375194,-0.25598759730531134,0.16277136031758327,-0.10320917214514548,0.0,0.0,0.0,0.0,0.0,0.0
1302,0.01813196149809649,-0.2821162432020601,0.6368662060579463,-0.19152520507152426,0.0,0.0,0.0,0.0,0.0,0.0
1303,-0.09055193260730397,0.162311888491354,-0.1625631421973672,-0.008174930052778182,0.0,0.0,0.0,0.0,0.0,0.0
1304,0.3648564199484052,-1.5544516966693078,0.9893161473366594,-1.0299604096987183,0.0,0.0,0.0,0.0,0.0,0.0
1305,0.01574634560784954,-0.16599612040741454,0.4515456212178729,-0.07630564337851577,0.0,0.0,0.0,0.0,0.0,0.0
1306,0.03511608545955505,-0.10282026381652319,0.12121526577624407,-0.18539188827779213,0.0,0.0,0.0,0.0,0.0,0.0
1307,-0.023156808909200906,-0.11623786103041982,0.2094768393254003,-0.18042712760268081,0.0,0.0,0.0,0.0,0.0,0.0
1308,-0.083171567284651,0.0995769015601581,0.11912866752045576,-0.048448720310151565,0.0,0.0,0.0,0.0,0.0,0.0
1309,-0.11812856257352608,0.17023243556781406,-0.2850611509950773,-0.025006497167554147,0.0,0.0,0.0,0.0,0.0,0.0
1310,-0.04844930722742266,0.045653955915624496,0.20085530707994714,-0.04316042230145026,0.0,0.0,0.0,0.0,0.0,0.0
1311,-0.11027054999810437,0.17489322713492106,-0.3471594471515566,0.0714370535541428,0.0,0.0,0.0,0.0,0.0,0.0
1312,-0.04589518613357398,-0.10198500944420372,0.3736548102589538,-0.022261190907184324,0.0,0.0,0.0,0.0,0.0,0.0
1313,-0.07830318096294028,0.09930954303211112,-0.38464822702174223,0.028569630211366385,0.0,0.0,0.0,0.0,0.0,0.0
1314,-0.12679917448302014,0.21027529027892589,-0.24299356211614564,-0.03166500219239475,0.0,0.0,0.0,0.0,0.0,0.0
1315,-0.09239385989750813,0.08953951723323017,-0.2552253157822017,-0.04790761169511185,0.0,0.0,0.0,0.0,0.0,0.0
1316,-0.10625796603743069,0.20651139751743255,-0.02674667871678731,0.00867115271923778,0.0,0.0,0.0,0.0,0.0,0.0
1317,0.015306540264156239,-0.15478887744617406,0.32460410282577734,-0.2655573971354512,0.0,0.0,0.0,0.0,0.0,0.0
1318,-0.08161525530567121,0.1908080952601749,0.08103535814163335,-0.09040390174300818,0.0,0.0,0.0,0.0,0.0,0.0
1319,-0.07366148821715741,0.0821518051778123,0.1241934457879273,-0.16258185162538089,0.0,0.0,0.0,0.0,0.0,0.0
1320,-0.10269861515553626,0.2126323754712408,-0.03346368116257991,-0.004153159760207919,0.0,0.0,0.0,0.0,0.0,0.0
1321,0.028295044982370992,-0.3707210673781357,-0.3210707746378509,-0.23605777894593585,0.0,0.0,0.0,0.0,0.0,0.0
1322,-0.10391415786043189,0.1565955534321221,-0.1836397667181012,-0.005946278488728742,0.0,0.0,0.0,0.0,0.0,0.0
1323,-0.05489617366491556,0.09482881498967008,0.21645086057102303,-0.06446796954494587,0.0,0.0,0.0,0.0,0.0,0.0
1324,-0.12437999162745161,0.1687528170214909,-0.27517805876151563,0.056139449760127184,0.0,0.0,0.0,0.0,0.0,0.0
1325,-0.09074947932437008,0.13861642176295585,-0.20178515163997987,-0.09400049611632516,0.0,0.0,0.0,0.0,0.0,0.0
1326,-0.11462748735708334,0.19475046212842312,-0.15920166398584845,-0.014953788970613831,0.0,0.0,0.0,0.0,0.0,0.0
1327,-0.07444095673202976,0.059067365982311944,-0.2682608752776111,-0.0076858320953303895,0.0,0.0,0.0,0.0,0.0,0.0
1328,-0.012223195005969785,-0.07409418466864377,0.39369323345873636,-0.09682635010438358,0.0,0.0,0.0,0.0,0.0,0.0
1329,-0.0733657071739711,0.0237796313850148,0.020860214106673946,-0.03349646512103647,0.0,0.0,0.0,0.0,0.0,0.0
1330,-0.1029468536962638,0.16420440037335216,-0.24219180285000674,0.004709067361837022,0.0,0.0,0.0,0.0,0.0,0.0
1331,-0.035503085111892055,0.04649498146990307,0.010017181939770949,-0.04704733976937053,0.0,0.0,0.0,0.0,0.0,0.0
1332,-0.0837752328916094,0.1699131933826235,0.18893552545902986,-0.09783289309762491,0.0,0.0,0.0,0.0,0.0,0.0
1333,-0.02997499672723411,0.12029276148905707,0.1635815288792205,-0.2477061565156256,0.0,0.0,0.0,0.0,0.0,0.0
1334,-0.09068610652095092,0.08050976996138158,0.021152718811958272,0.0021992599715467617,0.0,0.0,0.0,0.0,0.0,0.0
1335,-0.10937188184886205,0.14271038113353188,-0.26726357048897814,-0.02495487324859037,0.0,0.0,0.0,0.0,0.0,0.0
1336,-0.11503366013902641,0.23916269007524163,-0.15507295053314998,-0.0306810244152111,0.0,0.0,0.0,0.0,0.0,0.0
1337,-0.09523664954528359,0.1541068998968503,-0.1063273787896302,-0.05740217849252353,0.0,0.0,0.0,0.0,0.0,0.0
1338,-0.10567112153032902,0.15215832112039884,0.013623987350066202,-0.025837721264885427,0.0,0.0,0.0,0.0,0.0,0.0
1339,-0.09189895617903128,0.10090345842484157,-0.01072822467803207,-0.01703737736388961,0.0,0.0,0.0,0.0,0.0,0.0
1340,-0.10189283090931643,0.18899254479002617,-0.04180154760896763,-0.06891191959227777,0.0,0.0,0.0,0.0,0.0,0.0
1341,-0.08992142764526953,0.06223132464716604,-0.30960474414075256,-0.018254247991014893,0.0,0.0,0.0,0.0,0.0,0.0
1342,-0.04735255214409875,0.2239038629245098,0.09233683124077191,-0.3024823079053151,0.0,0.0,0.0,0.0,0.0,0.0
1343,-0.0999062838875289,0.20862228488707238,-0.19517080526442462,-0.05042926657407932,0.0,0.0,0.0,0.0,0.0,0.0
1344,-0.011682839194563728,-0.03338762519668927,0.4772638600349598,-0.20205895451970898,0.0,0.0,0.0,0.0,0.0,0.0
1345,-0.021798369377851547,-0.05413350435629102,0.4825498931109441,-0.1643350046973706,0.0,0.0,0.0,0.0,0.0,0.0
1346,-0.04094921622811554,0.092483241142537,-0.14574321493528464,-0.044519765106352464,0.0,0.0,0.0,0.0,0.0,0.0
1347,0.03778731539015882,-0.011341955156798627,0.6855026334260136,-0.26092346247030196,0.0,0.0,0.0,0.0,0.0,0.0
1348,-0.07374965200077109,-0.002277930615563196,0.07328271852605561,0.026076161517377575,0.0,0.0,0.0,0.0,0.0,0.0
1349,-0.07348952877588859,0.18733282516736208,-0.1933577989489648,-0.03424976951575218,0.0,0.0,0.0,0.0,0.0,0.0
1350,-0.06477708384827614,0.07774067322121474,0.24455779083569396,-0.07353781738131641,0.0,0.0,0.0,0.0,0.0,0.0
1351,0.047156111450826675,-0.14859932883488666,-0.15015255855897747,0.07867855370686429,0.0,0.0,0.0,0.0,0.0,0.0
1352,-0.08117362454847334,0.025220995311774668,0.15397179923788692,-0.022273855404141996,0.0,0.0,0.0,0.0,0.0,0.0
1353,-0.10975694153749979,0.22447168861437286,-0.10316081151506643,-0.01481153048630119,0.0,0.0,0.0,0.0,0.0,0.0
1354,-0.11114873016392003,0.143979419425573,-0.1471416165793012,-0.06414607950201742,0.0,0.0,0.0,0.0,0.0,0.0
1355,-0.02822146057578219,-0.04242918512613422,-0.25085787336266946,0.09240164752549888,0.0,0.0,0.0,0.0,0.0,0.0
1356,-0.11783501674767861,0.17859978093038784,-0.14650602693332204,-0.021386266247671912,0.0,0.0,0.0,0.0,0.0,0.0
1357,-0.07255141691637934,0.08775718935954643,0.18330320966655808,-0.12003573304642762,0.0,0.0,0.0,0.0,0.0,0.0
1358,-0.09603127187839752,0.16437932578186532,-0.19511269286670038,-0.05631802895112437,0.0,0.0,0.0,0.0,0.0,0.0
1359,-0.09973997399127847,0.22378944730659545,0.00034701777473184885,0.002373694446362413,0.0,0.0,0.0,0.0,0.0,0.0
1360,-0.09978050563786638,0.18793314531191868,-0.06192111964234938,-0.04680891256937745,0.0,0.0,0.0,0.0,0.0,0.0
1361,-0.06533079691979439,0.10891675196460873,0.1023625166430604,-0.04220248315091343,0.0,0.0,0.0,0.0,0.0,0.0
1362,0.03199488098832896,0.0165741418886456,0.01993780577293418,-0.1526068061448773,0.0,0.0,0.0,0.0,0.0,0.0
1363,-0.029363748284141036,-0.0557164637288659,0.08040269088136348,0.05777376757889875,0.0,0.0,0.0,0.0,0.0,0.0
1364,0.15952886979395664,-0.2061807995130475,0.9924839001053964,-0.3690453927253859,0.0,0.0,0.0,0.0,0.0,0.0
1365,-0.035392430017151894,0.12582183832364605,0.17765920640395946,-0.06076390645076981,0.0,0.0,0.0,0.0,0.0,0.0
1366,-0.06270573372981837,0.0897559514141767,0.10775923138864248,-0.10508152928674346,0.0,0.0,0.0,0.0,0.0,0.0
1367,-0.10410121675202888,0.10425928888127477,-0.06612994002457247,-0.11761351809178207,0.0,0.0,0.0,0.0,0.0,0.0
1368,-0.0990592952464933,0.09556078117610455,-0.31982709650547775,-0.029702040555767726,0.0,0.0,0.0,0.0,0.0,0.0
1369,0.14935218368329387,0.23565872043404684,0.9719443758083746,-0.7850123871326561,0.0,0.0,0.0,0.0,0.0,0.0
1370,0.75949267513172,-1.9803619299122506,-2.0494045717386937,0.6632509408970231,0.0,0.0,0.0,0.0,0.0,0.0
1371,-0.09797812006067344,0.26009897152137984,-0.23148813914246938,-0.03416288697692142,0.0,0.0,0.0,0.0,0.0,0.0
1372,-0.05629868704269923,0.18392948551374239,-0.11379996395277815,-0.07467260666148585,0.0,0.0,0.0,0.0,0.0,0.0
1373,0.9209282715578793,-2.469594787896775,-2.372052161190046,0.689827928349275,0.0,0.0,0.0,0.0,0.0,0.0
1374,-0.093524175407556,0.20513269383505467,-0.14690856041612962,0.002175931582694818,0.0,0.0,0.0,0.0,0.0,0.0
1375,-0.1280389083391542,0.19879481149209288,-0.340592341880998,0.044308283469974855,0.0,0.0,0.0,0.0,0.0,0.0
1376,-0.05189621789757085,-0.08098733797695432,-0.554381030175869,0.06746855526955689,0.0,0.0,0.0,0.0,0.0,0.0
1377,-0.11151569323977206,0.18961115210917878,-0.2979468376332239,-0.001591574176074996,0.0,0.0,0.0,0.0,0.0,0.0
1378,0.06583694875316674,-0.24629885764102752,-0.38442289993922096,0.16435329646700764,0.0,0.0,0.0,0.0,0.0,0.0
1379,0.2612572556702083,-0.8023927897479156,-0.9504207425206188,0.11174550424622359,0.0,0.0,0.0,0.0,0.0,0.0
1380,0.10829185777719091,-0.6006762159803568,-0.2381739563983638,-0.017482088976937954,0.0,0.0,0.0,0.0,0.0,0.0
1381,0.003803980130394,-0.10388982176009688,-0.28786173776816343,0.07648318014976886,0.0,0.0,0.0,0.0,0.0,0.0
1382,-0.09092449280224531,0.21044249337041823,0.02745170632811511,0.06072519950566934,0.0,0.0,0.0,0.0,0.0,0.0
1383,-0.10171489491291928,0.3220448711284428,0.026004416896060412,-0.0064614043589910864,0.0,0.0,0.0,0.0,0.0,0.0
1384,-0.11311394315178676,0.19227347093421712,-0.13105832522812638,-0.017095550831660165,0.0,0.0,0.0,0.0,0.0,0.0
1385,-0.10973294619154673,0.25749839823604287,-0.12256622877913276,-0.007034859370826919,0.0,0.0,0.0,0.0,0.0,0.0
1386,-0.011491717980557743,0.07256698232257822,0.2390359587366632,0.03704305935156413,0.0,0.0,0.0,0.0,0.0,0.0
1387,-0.025661235727965685,-0.086083201437311,-0.15355077815188672,0.10867670181690738,0.0,0.0,0.0,0.0,0.0,0.0
1388,-0.059313564935051605,0.02022426068048427,-0.01669740061469762,0.04763740816550589,0.0,0.0,0.0,0.0,0.0,0.0
1389,-0.13994470243357954,0.21675348295302843,-0.016684362763708806,-0.0004196224730801199,0.0,0.0,0.0,0.0,0.0,0.0
1390,0.03657587116951249,0.1937458414942532,0.37301222006310536,0.14378743259064303,0.0,0.0,0.0,0.0,0.0,0.0
1391,-0.06878166219252185,0.07860840557576691,-0.1463688879419049,0.11388546346092918,0.0,0.0,0.0,0.0,0.0,0.0
1392,-0.03611006356680808,0.20205206582775928,0.0421885822301354,-0.026522479500818617,0.0,0.0,0.0,0.0,0.0,0.0
1393,-0.0014842573159525735,-0.022226377600848956,-0.22718138989081102,0.147870506545585,0.0,0.0,0.0,0.0,0.0,0.0
1394,-0.1357202433635274,0.3205246087323055,-0.14991840061214823,0.02018955580094809,0.0,0.0,0.0,0.0,0.0,0.0
1395,-0.03994755295410702,0.17902460330903422,-0.06705024894516529,0.049203494680529716,0.0,0.0,0.0,0.0,0.0,0.0
1396,-0.1302336519145265,0.1939960449647788,-0.11878521359076107,-0.009368229396634705,0.0,0.0,0.0,0.0,0.0,0.0
1397,0.03742550079484449,0.07698291302967152,0.11318078454538143,0.001970978743267238,0.0,0.0,0.0,0.0,0.0,0.0
1398,-0.07823497302746013,0.0928743125181421,-0.16545369326055545,0.016331833460050304,0.0,0.0,0.0,0.0,0.0,0.0
1399,-0.08307274646203734,0.059233888774287174,-0.23524734336922784,0.04014101716225951,0.0,0.0,0.0,0.0,0.0,0.0
1400,0.011037540112725437,0.08225533770821347,0.505441320966042,-0.12039297473152244,0.0,0.0,0.0,0.0,0.0,0.0
1401,-0.05771903015594787,0.21026352948821597,0.26747711289237946,-0.023669421367186323,0.0,0.0,0.0,0.0,0.0,0.0
1402,0.012921230610313179,0.1557532900974221,0.20725971563838247,0.04184265698754363,0.0,0.0,0.0,0.0,0.0,0.0
1403,-0.05739180199995406,0.25916765841706385,0.10742141302450314,0.02326889241744043,0.0,0.0,0.0,0.0,0.0,0.0
1404,-0.12237593501719293,0.2624592626312905,-0.2839424167188214,0.07672438744123714,0.0,0.0,0.0,0.0,0.0,0.0
1405,-0.07591216258713747,0.2023956443925487,-0.02767570634319313,0.0044212328955786995,0.0,0.0,0.0,0.0,0.0,0.0
1406,-0.0546038288122342,0.1111639320976748,-0.14253305244414802,0.020975066790550147,0.0,0.0,0.0,0.0,0.0,0.0
1407,-0.12314956839475139,0.24501302227428973,0.009683734166984953,-0.005127635399364154,0.0,0.0,0.0,0.0,0.0,0.0
1408,-0.08555893675204984,0.22577302525617224,-0.025672832373829103,0.05001927855563289,0.0,0.0,0.0,0.0,0.0,0.0
1409,0.017033918693947388,-0.05260517283240136,0.5299299783279489,0.01876931176575823,0.0,0.0,0.0,0.0,0.0,0.0
1410,0.09956681196802346,-0.052593759375305096,-0.4534411331342356,0.4323790870201662,0.0,0.0,0.0,0.0,0.0,0.0
1411,-0.13434622324052223,0.2905416383333805,-0.057572958229543406,0.004459877083533759,0.0,0.0,0.0,0.0,0.0,0.0
1412,-0.08639271052751958,-0.07003904017139641,-0.11539310174380792,-0.047245848108866076,0.0,0.0,0.0,0.0,0.0,0.0
1413,-0.1277630737627699,0.2541439441199589,-0.2576051737511516,-0.03207676467655753,0.0,0.0,0.0,0.0,0.0,0.0
1414,-0.04238800603021438,0.1614708619590936,-0.3149279979005365,0.13853169248398822,0.0,0.0,0.0,0.0,0.0,0.0
1415,-0.07750298635166895,0.18413068444038605,-0.11397587435391258,0.006851969514844907,0.0,0.0,0.0,0.0,0.0,0.0
1416,0.029344980823714655,-0.12391754264446934,0.24776101429799155,-0.09759897222526467,0.0,0.0,0.0,0.0,0.0,0.0
1417,-0.0879524103679692,0.07305447522874531,0.2601177620498581,0.00839079815212496,0.0,0.0,0.0,0.0,0.0,0.0
1418,-0.015924917170727165,-0.012237137529564237,0.2998677572256834,0.03782057116203593,0.0,0.0,0.0,0.0,0.0,0.0
1419,-0.14073322683876668,0.24963851313088034,-0.24799629511198987,0.0007332416485310068,0.0,0.0,0.0,0.0,0.0,0.0
1420,-0.03309522875319006,0.014359175691742058,-0.18496513265321562,0.05285969832778389,0.0,0.0,0.0,0.0,0.0,0.0
1421,-0.051682016785860166,0.11422134938242262,0.06828303613192918,0.004001573879833222,0.0,0.0,0.0,0.0,0.0,0.0
1422,-0.1288242539196712,0.21090416095503456,-0.23221293997585177,-0.023944016758790092,0.0,0.0,0.0,0.0,0.0,0.0
1423,-0.10272301430637962,0.19344033582630557,-0.049238765722231674,0.01055635483400909,0.0,0.0,0.0,0.0,0.0,0.0
1424,-0.13271395799686553,0.27719511786261636,-0.15531017811012815,-0.008892896643152175,0.0,0.0,0.0,0.0,0.0,0.0
1425,-0.11445988349830806,0.34116452781248624,-0.0024843879663350747,-0.006866078852442358,0.0,0.0,0.0,0.0,0.0,0.0
1426,-0.12174466630446033,0.18149821941809302,-0.23501410017889401,0.006088163437347744,0.0,0.0,0.0,0.0,0.0,0.0
1427,0.032448089335971236,0.006214698146096547,0.3908578021624237,-0.006627271915175827,0.0,0.0,0.0,0.0,0.0,0.0
1428,-0.06604712447062795,0.08602025618935674,-0.1821286837814564,0.131081269647022,0.0,0.0,0.0,0.0,0.0,0.0
1429,-0.1041772649673668,0.2618337024861012,-0.003058047696222234,-0.01429288430973388,0.0,0.0,0.0,0.0,0.0,0.0
1430,-0.06716209913309255,0.02011109389129714,0.09707887836818557,0.03459985983638428,0.0,0.0,0.0,0.0,0.0,0.0
1431,-0.07532394102214097,0.15518646134515068,-0.04375613896832229,0.01703869030280957,0.0,0.0,0.0,0.0,0.0,0.0
1432,-0.09480425020527672,0.2984570333255606,-0.01253561167520866,-0.042156512209694644,0.0,0.0,0.0,0.0,0.0,0.0
1433,-0.10628798666505755,0.2464425930613327,-0.16428949195517048,0.04721896192565161,0.0,0.0,0.0,0.0,0.0,0.0
1434,-0.09585239142976848,0.23594939137896231,-0.15739853672911547,0.05610544041545362,0.0,0.0,0.0,0.0,0.0,0.0
1435,-0.10942116818824632,0.3301530918204142,-0.17163858249972003,-0.017189999956170633,0.0,0.0,0.0,0.0,0.0,0.0
1436,-0.07351970437403944,0.19959594207799894,-0.06902497666104382,0.08993029936150596,0.0,0.0,0.0,0.0,0.0,0.0
1437,1.390528647725679,-4.764781246605975,-0.7176155665821529,-0.2820994608726077,0.0,0.0,0.0,0.0,0.0,0.0
1438,-0.1368443079758919,0.2610137174406664,-0.22285576153450848,0.006207115460818321,0.0,0.0,0.0,0.0,0.0,0.0
1439,1.1997119342532399,-5.562908623241611,-3.1457396490596894,0.6781806588514003,0.0,0.0,0.0,0.0,0.0,0.0
1440,-0.1002545088742522,0.028712115761596588,-0.29977447320125156,0.09577354331009927,0.0,0.0,0.0,0.0,0.0,0.0
1441,-0.09174124490337046,0.09782407291043056,-0.244524855016898,0.054831389095793395,0.0,0.0,0.0,0.0,0.0,0.0
1442,0.6441588502436152,-2.5893187338050714,0.1651604531702356,-0.7517570518359764,0.0,0.0,0.0,0.0,0.0,0.0
1443,0.3675551622690954,-1.5397386586856698,-0.012904800362227768,-0.5956093162202498,0.0,0.0,0.0,0.0,0.0,0.0
1444,0.3889228915190258,-1.5003114238149324,0.7958810423814925,-0.7143841758418753,0.0,0.0,0.0,0.0,0.0,0.0
1445,0.01298723867965928,-0.19439412697855307,0.07089602366338053,-0.2326749428234048,0.0,0.0,0.0,0.0,0.0,0.0
1446,0.31097303260115083,-1.4896588953477714,-0.48798592818372005,-0.5948274037474891,0.0,0.0,0.0,0.0,0.0,0.0
1447,-0.07958115907671993,0.11573656538004762,-0.147315567269923,-0.17249474839379142,0.0,0.0,0.0,0.0,0.0,0.0
1448,-0.11630260396868349,0.15818481055794417,0.03873476263024364,-0.051204809921516305,0.0,0.0,0.0,0.0,0.0,0.0
1449,0.1781019953618172,-0.9367445880596593,-0.6396480829066262,0.022926559258218113,0.0,0.0,0.0,0.0,0.0,0.0
1450,-0.06831486454496546,0.033480091888469496,-0.2785199073611763,-0.07930856445312726,0.0,0.0,0.0,0.0,0.0,0.0
1451,0.10765737102381365,-0.47893855907348176,-0.2713951016491563,0.03474249215943318,0.0,0.0,0.0,0.0,0.0,0.0
1452,0.10859319153336904,-0.6293744853072542,0.07904639720841607,-0.05503078213492124,0.0,0.0,0.0,0.0,0.0,0.0
1453,0.29330088581063474,-0.9551796678824693,0.17606298976581913,-0.08587095271208904,0.0,0.0,0.0,0.0,0.0,0.0
1454,0.16557952280101673,-0.7111610949251724,-0.1456817629816076,0.028019774273781245,0.0,0.0,0.0,0.0,0.0,0.0
1455,-0.09224367014357489,0.035587220074580886,-0.2858634999727159,0.08023778309346669,0.0,0.0,0.0,0.0,0.0,0.0
1456,-0.12878263524312245,0.24271704372884106,-0.31191034417051594,0.062492348079834094,0.0,0.0,0.0,0.0,0.0,0.0
1457,-0.05498187447446577,0.008077195782418852,-0.19220658029076973,0.02026575472994899,0.0,0.0,0.0,0.0,0.0,0.0
1458,-0.09840761542625745,0.13655845027110813,-0.2246445854615945,-0.0255023188216509,0.0,0.0,0.0,0.0,0.0,0.0
1459,-0.06974222672597685,0.07049215475520916,-0.1495064910152509,-0.07799036464461111,0.0,0.0,0.0,0.0,0.0,0.0
1460,-0.16227752822918723,0.33360140371010477,-0.26973752948217267,0.011372238026759194,0.0,0.0,0.0,0.0,0.0,0.0
1461,-0.07520394912565777,0.21437915567291801,0.014707515830776223,-0.038392260347848234,0.0,0.0,0.0,0.0,0.0,0.0
1462,-0.12720650570674158,0.2173338668200201,-0.1074873075522772,-0.026254010358690055,0.0,0.0,0.0,0.0,0.0,0.0
1463,-0.09166825336324186,0.18958968521850122,0.047246388278816956,-0.07021011106398553,0.0,0.0,0.0,0.0,0.0,0.0
1464,-0.11154072375715486,0.1246406524717114,-0.21548315317463118,-0.00829849293686493,0.0,0.0,0.0,0.0,0.0,0.0
1465,-0.04751224779154596,0.04310009247205478,-0.1568509352189134,0.0011263096203341307,0.0,0.0,0.0,0.0,0.0,0.0
1466,-0.10463059555039764,0.18596701950449362,-0.35251250608738877,-0.05481840964706904,0.0,0.0,0.0,0.0,0.0,0.0
1467,-0.09137999034280284,0.12265434907672737,-0.19579065119731712,-0.014593376008357459,0.0,0.0,0.0,0.0,0.0,0.0
1468,-0.1506503077602959,0.31845045622106727,-0.20003872046892074,-0.0014209529508017683,0.0,0.0,0.0,0.0,0.0,0.0
1469,-0.1452971487869206,0.27334607644161935,-0.19589513761746882,0.014730583290984976,0.0,0.0,0.0,0.0,0.0,0.0
1470,-0.13820457460488048,0.26336552439160116,-0.23826186140529398,0.01567939851422663,0.0,0.0,0.0,0.0,0.0,0.0
1471,-0.12169824495715692,0.18492385126580937,-0.0832455612582794,0.0030723081931764034,0.0,0.0,0.0,0.0,0.0,0.0
1472,-0.0831931041186637,0.02479507897798135,-0.21230407467461168,-0.006699747984730561,0.0,0.0,0.0,0.0,0.0,0.0
1473,-0.1050301742699538,0.09783566950319597,-0.11206097041896682,0.0037338865692251506,0.0,0.0,0.0,0.0,0.0,0.0
1474,-0.0664971080826268,0.129684709871702,-0.21877256176401882,0.09829787492818873,0.0,0.0,0.0,0.0,0.0,0.0
1475,0.009836324706014813,-0.007453151555746239,0.20856655728987158,-0.006752938355846342,0.0,0.0,0.0,0.0,0.0,0.0
1476,-0.12778635298597465,0.2530401052673383,-0.21048074928178903,0.010895470242385552,0.0,0.0,0.0,0.0,0.0,0.0
1477,-0.11136512802837877,0.2050612701190912,-0.30215432558951927,-0.028813427807310367,0.0,0.0,0.0,0.0,0.0,0.0
1478,-0.0368254631747889,-0.03985800257716769,-0.21269219368709574,-0.04205601870798604,0.0,0.0,0.0,0.0,0.0,0.0
1479,-0.11194570298610464,0.26102114405280635,-0.0365700787127202,0.045568378098302824,0.0,0.0,0.0,0.0,0.0,0.0
1480,-0.15318964442883115,0.2875606994562693,-0.2409527551188484,0.011727768574105605,0.0,0.0,0.0,0.0,0.0,0.0
1481,-0.1384677861208138,0.2756077658083561,-0.22220845959273658,0.005750562402239858,0.0,0.0,0.0,0.0,0.0,0.0
1482,-0.10621578927510726,0.16376123290096353,-0.061460370870167584,-0.015012184338729511,0.0,0.0,0.0,0.0,0.0,0.0
1483,-0.12311295163096408,0.23933595450774545,-0.19091227734472155,0.038186443723925934,0.0,0.0,0.0,0.0,0.0,0.0
1484,-0.08442835097041261,0.1536939702904491,0.05252240744874908,0.01472372064134211,0.0,0.0,0.0,0.0,0.0,0.0
1485,-0.11234034546828596,0.2164989684262222,-0.2684723808208466,0.023519628381936383,0.0,0.0,0.0,0.0,0.0,0.0
1486,-0.010055668114675322,-0.1596281187957929,0.28282261193105446,0.033348625056136914,0.0,0.0,0.0,0.0,0.0,0.0
1487,-0.10760973524797235,0.28155340413939783,-0.2362765193823243,0.01464785503669896,0.0,0.0,0.0,0.0,0.0,0.0
1488,-0.11684667945026278,0.1642206045185227,-0.03732278357351208,-0.008041739449889205,0.0,0.0,0.0,0.0,0.0,0.0
1489,-0.11011526731698779,0.21336815481847612,-0.3600532576051037,0.020831530195021996,0.0,0.0,0.0,0.0,0.0,0.0
1490,-0.04428565990326499,-0.017812073841027412,0.22197774854284127,0.037413831037622705,0.0,0.0,0.0,0.0,0.0,0.0
1491,-0.09738900820554294,0.16970731455540541,-0.07341136203719453,-0.05069366676792929,0.0,0.0,0.0,0.0,0.0,0.0
1492,-0.10301327165232929,0.15566419818339125,-0.20101164741311797,0.06973466507474509,0.0,0.0,0.0,0.0,0.0,0.0
1493,-0.07242607133963831,0.09628639434784769,-0.3301798685087317,0.027401561368960756,0.0,0.0,0.0,0.0,0.0,0.0
1494,-0.07604114838428769,0.1041743327512446,-0.24685674030373947,-0.02908420829148944,0.0,0.0,0.0,0.0,0.0,0.0
1495,-0.029652900460239377,0.04107675389699493,-0.11753615819352162,-0.015719127233103397,0.0,0.0,0.0,0.0,0.0,0.0
1496,-0.12703823989746607,0.23691847346910871,-0.22628487490022764,0.017269259961367075,0.0,0.0,0.0,0.0,0.0,0.0
1497,-0.1327942493119611,0.1894777092363502,-0.20248053593401022,-0.005621444805911364,0.0,0.0,0.0,0.0,0.0,0.0
1498,-0.08675616756801187,0.1421998791115139,-0.14915936341025945,0.034112930679441766,0.0,0.0,0.0,0.0,0.0,0.0
1499,-0.11483721435201333,0.21908789116077126,-0.15343522574197432,-0.02549205773785189,0.0,0.0,0.0,0.0,0.0,0.0
1500,-0.1385672773241218,0.29530818289450006,-0.06858883141707042,-0.021789113550818907,0.0,0.0,0.0,0.0,0.0,0.0
1501,-0.06823309129848804,0.18357213539136014,-0.43898274390663256,-0.03533966847025855,0.0,0.0,0.0,0.0,0.0,0.0
1502,-0.12307898255386114,0.24448688804223925,-0.2664275951050997,-0.02366926042048502,0.0,0.0,0.0,0.0,0.0,0.0
1503,-0.09382733606845652,0.1473034313776479,-0.30337631590534947,-0.03957324928637777,0.0,0.0,0.0,0.0,0.0,0.0
1504,-0.1357006298467916,0.24114816726053745,-0.2846145089232744,0.005011358468958391,0.0,0.0,0.0,0.0,0.0,0.0
1505,-0.12025680013676583,0.16116170462798426,-0.2781136939499113,0.0022683096732814636,0.0,0.0,0.0,0.0,0.0,0.0
1506,1.3561430276616202,-4.33589409337533,-0.5407431183798334,-0.9069860097036536,0.0,0.0,0.0,0.0,0.0,0.0
1507,0.04699058849257795,0.05643685939329354,0.20842206818927808,-0.04556845003024396,0.0,0.0,0.0,0.0,0.0,0.0
1508,0.9535727482651246,-2.9401388709540237,-0.32514010037145524,-0.6501874139657123,0.0,0.0,0.0,0.0,0.0,0.0
1509,0.3717277570370024,-1.7674052918316114,-0.7066297191170815,-0.1769017938510866,0.0,0.0,0.0,0.0,0.0,0.0
1510,-0.020762065621238193,-0.25235409475918924,-0.4997685631725596,-0.14105456846706124,0.0,0.0,0.0,0.0,0.0,0.0
1511,-0.11707429576588012,0.20844143797118614,-0.05023164344843504,-0.0018841579655673702,0.0,0.0,0.0,0.0,0.0,0.0
1512,-0.007932604127085567,-0.2369187784534767,0.007856619531909968,-0.019890389306879603,0.0,0.0,0.0,0.0,0.0,0.0
1513,-0.12341656403086637,0.22981655616681693,-0.21339022234670385,0.029059721869952145,0.0,0.0,0.0,0.0,0.0,0.0
1514,-0.13325173698039378,0.18998906699107979,-0.22587498700515307,0.047589916724816723,0.0,0.0,0.0,0.0,0.0,0.0
1515,-0.020226672967083147,-0.04703290086646403,0.035524718025836996,-0.10497542507545461,0.0,0.0,0.0,0.0,0.0,0.0
1516,-0.10674921018503451,0.2750965944205729,-0.18978716864979694,-0.03481465835025381,0.0,0.0,0.0,0.0,0.0,0.0
1517,-0.1274098638417687,0.19573976711737703,-0.16048214294125135,-0.024676391492442388,0.0,0.0,0.0,0.0,0.0,0.0
1518,-0.11970352259182838,0.1390962574264709,-0.16930724881177933,0.005110628486917557,0.0,0.0,0.0,0.0,0.0,0.0
1519,-0.04568886162986864,-0.11815558272623085,-0.015211850374155365,0.11046032649366937,0.0,0.0,0.0,0.0,0.0,0.0
1520,-0.11049105500394565,0.07766763112253344,-0.1089025639722043,0.018015506061323253,0.0,0.0,0.0,0.0,0.0,0.0
1521,-0.11870569169369781,0.22295549750754015,-0.1878914897126786,-0.029688251215135953,0.0,0.0,0.0,0.0,0.0,0.0
1522,-0.12466706980103315,0.2074775472254342,-0.07783367745073756,-0.030217282854388808,0.0,0.0,0.0,0.0,0.0,0.0
1523,-0.12224288698516189,0.251813066785758,-0.30791602112119787,0.044989809490190595,0.0,0.0,0.0,0.0,0.0,0.0
1524,-0.06815762507861876,0.06186147384939673,-0.11357188214369937,-0.0682863985606666,0.0,0.0,0.0,0.0,0.0,0.0
1525,-0.11069749281806102,0.16244264186506327,-0.08860805801264657,-0.0023939455798511885,0.0,0.0,0.0,0.0,0.0,0.0
1526,0.04532013800078775,-0.08021220548559946,1.0147738238675839,-0.04034391730450486,0.0,0.0,0.0,0.0,0.0,0.0
1527,-0.07433819772151326,0.004055010138744351,0.015693747569190074,0.030688710223441815,0.0,0.0,0.0,0.0,0.0,0.0
1528,0.005219274539144183,0.012958137493605224,0.21346170644897122,-0.07790904363220115,0.0,0.0,0.0,0.0,0.0,0.0
1529,-0.10758843978108122,0.2728951147060534,-0.22105026638255637,0.015113727630274182,0.0,0.0,0.0,0.0,0.0,0.0
1530,-0.0662709323287843,0.10249904248317741,0.023890517803509436,-0.043174443210182156,0.0,0.0,0.0,0.0,0.0,0.0
1531,-0.11642245890814765,0.13153514593039942,-0.3706769738243933,0.10543093090642139,0.0,0.0,0.0,0.0,0.0,0.0
1532,-0.108794307633403,0.08604597447467464,-0.12734697967442782,0.014571004254554725,0.0,0.0,0.0,0.0,0.0,0.0
1533,-0.13789475460731368,0.19898217711315547,-0.2791037476327772,0.011940655244610372,0.0,0.0,0.0,0.0,0.0,0.0
1534,-0.0023444143027974832,-0.10828192430103563,0.09920627119962636,0.06570588066059349,0.0,0.0,0.0,0.0,0.0,0.0
1535,-0.1302706515950453,0.24063345323756424,-0.09462713295014501,0.021469869987341392,0.0,0.0,0.0,0.0,0.0,0.0
1536,-0.10823849271408181,0.18425873217186717,-0.24162249426515933,0.019360066814896812,0.0,0.0,0.0,0.0,0.0,0.0
1537,-0.0731105462947606,0.14059157944093514,0.05257425439665965,0.00816839021320779,0.0,0.0,0.0,0.0,0.0,0.0
1538,-0.05602801751985762,0.07826388792631923,-0.030180356359470133,0.05532289836946552,0.0,0.0,0.0,0.0,0.0,0.0
1539,-0.09772742817054718,0.12005839608474171,0.07226799145984883,0.015359320914223054,0.0,0.0,0.0,0.0,0.0,0.0
1540,0.009788498100319756,-0.10120105134299065,0.2668484328870931,-0.06229740898396559,0.0,0.0,0.0,0.0,0.0,0.0
1541,-0.10576774753850562,0.16745956612001134,-0.21434130685725472,-0.018070516387446344,0.0,0.0,0.0,0.0,0.0,0.0
1542,-0.09668220525067452,0.126869037296344,-0.0879579598822459,-0.027183980693206673,0.0,0.0,0.0,0.0,0.0,0.0
1543,-0.12203814033262624,0.26068253840800715,-0.29472530143530973,0.00844777854775477,0.0,0.0,0.0,0.0,0.0,0.0
1544,-0.11779360215072417,0.08572251339331069,-0.22627687930859777,0.04218190660918472,0.0,0.0,0.0,0.0,0.0,0.0
1545,-0.10775570306992704,0.12733166934293888,-0.11658661641051397,0.009337694333867696,0.0,0.0,0.0,0.0,0.0,0.0
1546,-0.04712517655491875,0.05433489177747361,-0.06061998857706074,0.0694291496529764,0.0,0.0,0.0,0.0,0.0,0.0
1547,-0.0841131159321209,0.1100779492886777,-0.1254126612223018,-0.04054301427044719,0.0,0.0,0.0,0.0,0.0,0.0
1548,-0.0694753551534528,0.040922761905441786,0.30230596407940136,-0.03729925408949121,0.0,0.0,0.0,0.0,0.0,0.0
1549,-0.1260624211145076,0.20449322585923554,-0.30493682193117577,0.03448271422580174,0.0,0.0,0.0,0.0,0.0,0.0
1550,-0.037171465385503276,0.05854914261066871,0.4100379069385259,-0.04152438717939372,0.0,0.0,0.0,0.0,0.0,0.0
1551,-0.105556676179045,0.12553423414116074,-0.03765550408118038,0.013989293740838262,0.0,0.0,0.0,0.0,0.0,0.0
1552,-0.09862673992872166,0.10143287310832022,-0.19672714235454297,0.051835271016245264,0.0,0.0,0.0,0.0,0.0,0.0
1553,-0.09292316345661165,0.0870065897510385,-0.22618912860362358,0.010860164987577121,0.0,0.0,0.0,0.0,0.0,0.0
1554,-0.12458323572179807,0.24891712455268653,-0.09450923163261152,0.01024533597473366,0.0,0.0,0.0,0.0,0.0,0.0
1555,-0.1329502049646884,0.2330155217743953,-0.23216312150693577,0.01563366980814777,0.0,0.0,0.0,0.0,0.0,0.0
1556,-0.1223336029260581,0.1378393217527144,-0.2531426863835905,0.07049048841327137,0.0,0.0,0.0,0.0,0.0,0.0
1557,-0.07529303805738961,0.03141522369396492,-0.0065666026431855425,0.03637619378636833,0.0,0.0,0.0,0.0,0.0,0.0
1558,-0.09751481524237869,0.25585838344923484,-0.07991362700879649,-0.009312045785239415,0.0,0.0,0.0,0.0,0.0,0.0
1559,-0.097959660323797,0.006798171110594483,-0.20118117405695632,0.16656924468236944,0.0,0.0,0.0,0.0,0.0,0.0
1560,-0.07509100297725921,0.13081954221996242,-0.2000647413122108,0.017823596425141447,0.0,0.0,0.0,0.0,0.0,0.0
1561,-0.1228411198258694,0.24362708445765766,-0.2159927771267367,0.0043938466031700815,0.0,0.0,0.0,0.0,0.0,0.0
1562,-0.09111717368264433,0.15114114825238253,-0.15262632905468493,0.10522064122859587,0.0,0.0,0.0,0.0,0.0,0.0
1563,-0.10084712916603052,0.04522782658972995,-0.3585615370406617,0.10845318970001491,0.0,0.0,0.0,0.0,0.0,0.0
1564,-0.10797537907883563,0.13466133753598744,-0.09903630305878633,0.020143877862831006,0.0,0.0,0.0,0.0,0.0,0.0
1565,8.60875399824497,-12.484693479229238,29.417013828997973,5.065944767412881,0.0,0.0,0.0,0.0,0.0,0.0
1566,0.02489139223401361,0.17238500937864099,0.5083093730129338,-0.16835585753355792,0.0,0.0,0.0,0.0,0.0,0.0
1567,0.1593631957676774,0.23332675656516336,0.6645738951376425,-0.41505939798578867,0.0,0.0,0.0,0.0,0.0,0.0
1568,0.018346574496541056,0.43160971742984716,0.6516689371843096,-0.09955120366344691,0.0,0.0,0.0,0.0,0.0,0.0
1569,0.1076466596672789,0.14900969460583197,0.6646621696218783,-0.3865936991839684,0.0,0.0,0.0,0.0,0.0,0.0
1570,0.09175608377331572,-0.3728962589233355,0.4528223023935101,-0.029439442068958436,0.0,0.0,0.0,0.0,0.0,0.0
1571,0.6487915248314919,-2.6743182326281483,-0.018315418292656833,-0.0961429777081359,0.0,0.0,0.0,0.0,0.0,0.0
1572,0.09141538989219364,-0.2110293983559493,0.4037520676543531,-0.306921951378326,0.0,0.0,0.0,0.0,0.0,0.0
1573,-0.004388207519555402,-0.23783819598913086,0.7938378317263376,-0.06725027268482048,0.0,0.0,0.0,0.0,0.0,0.0
1574,-0.09243707512333653,0.09610906640295175,-0.060701778116688795,-0.0023458479394020907,0.0,0.0,0.0,0.0,0.0,0.0
1575,-0.09907205615282239,0.028328544298127638,-0.14370265481367675,0.024048442173505217,0.0,0.0,0.0,0.0,0.0,0.0
1576,-0.037067509561351915,0.18595059334658945,0.21445705630179004,-0.08378024815506764,0.0,0.0,0.0,0.0,0.0,0.0
1577,-0.01631048752065609,-0.2504357729211524,0.38041288849295624,0.15734238073651038,0.0,0.0,0.0,0.0,0.0,0.0
1578,0.019159353188247293,-0.4406910278799645,0.4942141538448917,0.029587187402485806,0.0,0.0,0.0,0.0,0.0,0.0
1579,-0.1050438975569365,0.07538343245350881,-0.028934986126697138,-0.007967043388756699,0.0,0.0,0.0,0.0,0.0,0.0
1580,-0.08933572112703506,0.10871493279270869,0.061791244145998174,-0.043938187306412295,0.0,0.0,0.0,0.0,0.0,0.0
1581,-0.07913449770073747,0.08062967611702733,-0.03373002434795171,0.03583168790294472,0.0,0.0,0.0,0.0,0.0,0.0
1582,-0.10425177423703966,0.10696594880299161,-0.4221210830100361,0.055550297619166876,0.0,0.0,0.0,0.0,0.0,0.0
1583,-0.07687371189584034,0.03046892294463559,0.06120423334393114,0.015294115099924392,0.0,0.0,0.0,0.0,0.0,0.0
1584,-0.0787365516564813,0.06251271133961395,-0.24957156664981833,0.055903917934096964,0.0,0.0,0.0,0.0,0.0,0.0
1585,0.2506392990480924,0.6012566477245916,2.2427458048217446,-0.1505211724713883,0.0,0.0,0.0,0.0,0.0,0.0
1586,-0.04795836050377038,0.01285826912177348,0.13892752777638812,0.0457452910062148,0.0,0.0,0.0,0.0,0.0,0.0
1587,-0.0439032530445017,-0.08776582411701853,0.11822819936356699,0.01946615100100256,0.0,0.0,0.0,0.0,0.0,0.0
1588,-0.062429453229147,0.1869978569997391,-0.06153645801455993,0.0907532401752283,0.0,0.0,0.0,0.0,0.0,0.0
1589,-0.031100105930227176,-0.263250482942875,0.2096428699483446,-0.07340701596052564,0.0,0.0,0.0,0.0,0.0,0.0
1590,-0.11232016645192225,0.10390865885383255,-0.1640860956702985,0.028680051849525517,0.0,0.0,0.0,0.0,0.0,0.0
1591,-0.06748823925597669,-0.053300393882396206,0.130554241025849,0.014728113526906686,0.0,0.0,0.0,0.0,0.0,0.0
1592,-0.1309867465224573,0.2049942689907428,-0.09345887040533764,0.0011209228963252687,0.0,0.0,0.0,0.0,0.0,0.0
1593,-0.05966077257263344,0.047383568148556515,0.26875615367497907,-0.004042725074516682,0.0,0.0,0.0,0.0,0.0,0.0
1594,0.03125143879184947,-0.18690712996193498,0.5662901762837687,-0.005565278431988167,0.0,0.0,0.0,0.0,0.0,0.0
1595,-0.12094897057370532,0.1629650192560302,-0.14730221242019212,-0.002105256707746747,0.0,0.0,0.0,0.0,0.0,0.0
1596,-0.09708654079848654,0.22738781561130855,0.10926614438703698,-0.06941228439742003,0.0,0.0,0.0,0.0,0.0,0.0
1597,-0.07745111517532072,0.1272990139564753,0.06067113998740385,0.001941087611325521,0.0,0.0,0.0,0.0,0.0,0.0
1598,-0.07437001936095317,0.017152453376748797,0.1536662232619357,-0.06173349123620782,0.0,0.0,0.0,0.0,0.0,0.0
1599,-0.10894043554396807,0.17376116207413397,-0.07437215867614633,0.003040386115669008,0.0,0.0,0.0,0.0,0.0,0.0
1600,-0.07272816553332997,0.009770076957738887,0.027267757761359934,-0.03175414161776106,0.0,0.0,0.0,0.0,0.0,0.0
1601,-0.10164757986670592,0.06643605686833204,-0.0008022941940808203,-0.016124137574364168,0.0,0.0,0.0,0.0,0.0,0.0
1602,-0.1062232547861761,0.20439984071864534,0.023195706983353447,-0.05499039840721351,0.0,0.0,0.0,0.0,0.0,0.0
1603,-0.08093786164555486,0.1421466369245297,0.09743549094775254,-0.013226823589734501,0.0,0.0,0.0,0.0,0.0,0.0
1604,-0.12864902465291547,0.20539090508188823,-0.3094571430378382,0.03823157608815752,0.0,0.0,0.0,0.0,0.0,0.0
1605,-0.07904371522635632,-0.07121590894499898,0.10187339101920448,-0.033898542262305875,0.0,0.0,0.0,0.0,0.0,0.0
1606,-0.09204485152132601,0.08554093785509309,0.12246438697977112,0.05357324538491261,0.0,0.0,0.0,0.0,0.0,0.0
1607,-0.09215805204733556,0.11758188686454532,0.06505268705931416,0.0010121117452608999,0.0,0.0,0.0,0.0,0.0,0.0
1608,-0.1253440438239516,0.15662951900108169,-0.1499022694186165,0.007620472694862192,0.0,0.0,0.0,0.0,0.0,0.0
1609,-0.06342785792902471,0.025066648911111974,-0.0567300396674868,0.011806564959050142,0.0,0.0,0.0,0.0,0.0,0.0
1610,0.06023744060552783,-0.245393024513854,1.2202880426001157,-0.12894481183742568,0.0,0.0,0.0,0.0,0.0,0.0
1611,0.005154826078781022,-0.1938050333612156,1.0934792443870176,0.04959147813890773,0.0,0.0,0.0,0.0,0.0,0.0
1612,-0.13001964067554606,0.2426761339930864,-0.0655590004795908,0.011658242718993095,0.0,0.0,0.0,0.0,0.0,0.0
1613,-0.07752281392967994,0.017067171801141867,0.2720024462779173,-0.09324988188185475,0.0,0.0,0.0,0.0,0.0,0.0
1614,-0.055130464056443944,0.20213678480400507,0.5388926533001841,0.013542505943410162,0.0,0.0,0.0,0.0,0.0,0.0
1615,0.44385277992176614,2.077111712323292,2.816453836342137,-0.1311977825855114,0.0,0.0,0.0,0.0,0.0,0.0
1616,-0.07991041542475871,-0.008043353294221307,-0.25059861515885434,0.04611053406534816,0.0,0.0,0.0,0.0,0.0,0.0
1617,-0.05409181282604793,0.040247903311273724,0.4828947116880234,-0.02161879606688255,0.0,0.0,0.0,0.0,0.0,0.0
1618,-0.08706875589452295,0.08710319110514689,-0.049571268156034645,-0.03143194621663846,0.0,0.0,0.0,0.0,0.0,0.0
1619,-0.11329666983575451,0.19145541105137193,-0.11746221454206797,-0.00537962339607889,0.0,0.0,0.0,0.0,0.0,0.0
1620,-0.06618155057542294,-0.08198605215443736,0.18833156148857336,0.028452848455733797,0.0,0.0,0.0,0.0,0.0,0.0
1621,-0.106559265005815,0.04131197842955674,-0.10306084567790995,0.055368616157404876,0.0,0.0,0.0,0.0,0.0,0.0
1622,-0.08186325733556117,0.08008917421766404,-0.12346648119757848,0.037569788512459616,0.0,0.0,0.0,0.0,0.0,0.0
1623,-0.10604199838589215,0.11312850748122737,-0.27293358810038837,0.09792892458389679,0.0,0.0,0.0,0.0,0.0,0.0
1624,0.05815814811024573,-0.1846661233050723,0.8136929396704807,-0.10289997642816878,0.0,0.0,0.0,0.0,0.0,0.0
1625,-0.09352884354488164,0.138325449147544,0.1513642211786017,0.04747311586098618,0.0,0.0,0.0,0.0,0.0,0.0
1626,0.035650386512788186,-0.17723760781182368,0.6451406333148164,-0.10026521261162864,0.0,0.0,0.0,0.0,0.0,0.0
1627,-0.1028920857225326,0.16531366029788974,-0.15247309744267598,0.006986533886662921,0.0,0.0,0.0,0.0,0.0,0.0
1628,-0.07010350364235991,-0.011212561095945216,0.1109402343159004,0.03220770610343086,0.0,0.0,0.0,0.0,0.0,0.0
1629,-0.015473986762126095,-0.3156167153027462,0.3774857827556525,-0.02964099462240022,0.0,0.0,0.0,0.0,0.0,0.0
1630,-0.1219695903311667,0.10711235136125223,-0.10779199846763785,0.013571906342960259,0.0,0.0,0.0,0.0,0.0,0.0
1631,-0.05332357657180293,-0.08283702864398199,0.12088779248836407,-0.02764139436107062,0.0,0.0,0.0,0.0,0.0,0.0
1632,-0.05272388628224441,-0.02741868397254621,-0.04464148608742673,0.07016002058819301,0.0,0.0,0.0,0.0,0.0,0.0
1633,-0.07198212973310018,-0.018123252477441003,0.2385330837912521,0.008495980133739185,0.0,0.0,0.0,0.0,0.0,0.0
1634,-0.02621885591551748,-0.04626171840624998,0.25266663682127,-0.06377355048863126,0.0,0.0,0.0,0.0,0.0,0.0
1635,-0.07631954393976549,0.024261264022268754,0.04076047537048689,0.05785702563022493,0.0,0.0,0.0,0.0,0.0,0.0
1636,-0.08666831546103379,0.07984709425120468,0.19517033016110616,-0.00865269084711434,0.0,0.0,0.0,0.0,0.0,0.0
1637,-0.05652665284043056,0.022132598058004077,-0.004348318512602187,-0.06052567655982724,0.0,0.0,0.0,0.0,0.0,0.0
1638,-0.08832295880895995,0.019180016185578606,-0.13832653489567429,0.029240740616903543,0.0,0.0,0.0,0.0,0.0,0.0
1639,-0.11353629853210052,0.10795538829940418,0.031251572871457654,-0.03071078265053594,0.0,0.0,0.0,0.0,0.0,0.0
1640,-0.07783363529366424,0.013306862579458739,0.04571386955803654,0.01422654845689396,0.0,0.0,0.0,0.0,0.0,0.0
1641,-0.08456965913670682,-0.03338375850716874,-0.367435941915651,0.17114843055593792,0.0,0.0,0.0,0.0,0.0,0.0
1642,-0.045493107521663065,-0.14567416279857648,-0.16217877875815961,0.04467984448115101,0.0,0.0,0.0,0.0,0.0,0.0
1643,-0.10032606045279753,0.05584474545839692,0.072692725422561,-0.03971178731475404,0.0,0.0,0.0,0.0,0.0,0.0
1644,-0.09789254350693376,0.1697416318701609,-0.08214988180186208,-0.006463016896856063,0.0,0.0,0.0,0.0,0.0,0.0
1645,-0.06427422570387699,0.01797191237526006,0.4259212080316796,0.0055230186988265905,0.0,0.0,0.0,0.0,0.0,0.0
1646,-0.01174637863823107,-0.07019173821730307,0.16652903208186398,-0.027921564763299284,0.0,0.0,0.0,0.0,0.0,0.0
1647,-0.07393946575731114,-0.0030192342375387577,0.25454524082825886,0.10027716252444713,0.0,0.0,0.0,0.0,0.0,0.0
1648,-0.11039036402418115,0.15398534656716956,-0.17206200689278472,0.017292856462600335,0.0,0.0,0.0,0.0,0.0,0.0
1649,-0.05152118231242805,-0.05749411807201978,-0.018085623335802898,0.022389857173710424,0.0,0.0,0.0,0.0,0.0,0.0
1650,-0.0790705390279732,0.10232372522947765,0.22818984165623887,-0.037751900253684495,0.0,0.0,0.0,0.0,0.0,0.0
1651,-0.06808117775707648,-0.03552402948011715,0.13356599947406345,0.03675992813178578,0.0,0.0,0.0,0.0,0.0,0.0
1652,-0.09647946233488816,0.1264475265716001,-0.21858729723479375,-0.04903558510535975,0.0,0.0,0.0,0.0,0.0,0.0
1653,-0.04275924810260341,-0.08313198331251752,0.5109267473897672,0.014848471551880781,0.0,0.0,0.0,0.0,0.0,0.0
1654,-0.07989768938609726,0.12061255026277769,0.2884609976337352,-0.027013456992327028,0.0,0.0,0.0,0.0,0.0,0.0
1655,-0.10838117072090889,0.17352604826135487,-0.15611948334778752,-0.03173696542810038,0.0,0.0,0.0,0.0,0.0,0.0
1656,-0.1420238389629984,0.18172153235164792,-0.11352054851423593,0.01564082710513291,0.0,0.0,0.0,0.0,0.0,0.0
1657,-0.11860184499588951,0.2544280291838704,0.07446353209134343,-0.030212179127782905,0.0,0.0,0.0,0.0,0.0,0.0
1658,-0.11547609829900822,0.21044064302213777,-0.07836994014707162,-0.0381391448667531,0.0,0.0,0.0,0.0,0.0,0.0
1659,-0.11298293604858968,0.1223703387653701,0.0013401145075059165,-0.00877658988267727,0.0,0.0,0.0,0.0,0.0,0.0
1660,-0.12763747963086802,0.23824543835913137,0.05708909822719467,-0.020900317631083666,0.0,0.0,0.0,0.0,0.0,0.0
1661,0.1728734447780968,1.9606443612734088,1.4479615255956768,-0.05490155771769713,0.0,0.0,0.0,0.0,0.0,0.0
1662,-0.13844654160494174,0.21714873146848243,-0.19786474345780813,-0.017579956829915113,0.0,0.0,0.0,0.0,0.0,0.0
1663,1.0537652332213927,-2.950713004392066,-1.394953340103606,-0.958411782118102,0.0,0.0,0.0,0.0,0.0,0.0
1664,-0.10777715761085986,0.08492155109302711,-0.1833719745894464,0.03826462383065525,0.0,0.0,0.0,0.0,0.0,0.0
1665,0.4338644838205944,-0.12694744867629001,0.8274575778635549,-0.25767304807140123,0.0,0.0,0.0,0.0,0.0,0.0
1666,0.2914926087967934,-1.3643429158914786,-1.282439455439512,0.06355952322631041,0.0,0.0,0.0,0.0,0.0,0.0
1667,-0.06719102916548017,0.04759145543491642,0.05201329923769363,-0.0075198276920407,0.0,0.0,0.0,0.0,0.0,0.0
1668,0.1384384595598366,-0.7620189046799238,-0.1245778033603022,-0.1643644491600666,0.0,0.0,0.0,0.0,0.0,0.0
1669,-0.14995750232991817,0.3164807757788651,-0.16501836992195626,-0.029339173322636008,0.0,0.0,0.0,0.0,0.0,0.0
1670,-0.09355707858119909,0.12016257508245191,-0.04450049878861945,-0.024886251668812576,0.0,0.0,0.0,0.0,0.0,0.0
1671,-0.11393142528674592,0.10007842317918893,-0.08820238411722588,-0.010744354509311002,0.0,0.0,0.0,0.0,0.0,0.0
1672,-0.006532821534037508,0.13058895429137332,0.3342365959679731,-0.09396807353683967,0.0,0.0,0.0,0.0,0.0,0.0
1673,0.07779900138546643,-0.09069844926521388,0.2453955484160055,-0.04883048058048579,0.0,0.0,0.0,0.0,0.0,0.0
1674,-0.1245979830616772,0.2638365666376689,-0.14229546574538654,-0.042018813855338524,0.0,0.0,0.0,0.0,0.0,0.0
1675,-0.13073791749771624,0.21839341080237407,-0.14474568982885372,0.01701076272084609,0.0,0.0,0.0,0.0,0.0,0.0
1676,-0.1372151780407037,0.2216884238841213,-0.17576748311356444,0.018540569082081796,0.0,0.0,0.0,0.0,0.0,0.0
1677,0.07013632969990524,0.44070668150592407,0.15954372429345864,-0.35563403576889596,0.0,0.0,0.0,0.0,0.0,0.0
1678,-0.034969634175537,0.09661161323488299,0.04677477343711146,0.06949013222570745,0.0,0.0,0.0,0.0,0.0,0.0
1679,-0.11361368135234162,0.23089551629653343,-0.01578599160200499,-0.0031135332426786267,0.0,0.0,0.0,0.0,0.0,0.0
1680,-0.11640328828420259,0.3258644045818437,-0.12699711577399178,-0.022506816639564657,0.0,0.0,0.0,0.0,0.0,0.0
1681,0.09261897859319419,0.47558285095549496,0.3163104098257026,-0.3830914542959391,0.0,0.0,0.0,0.0,0.0,0.0
1682,-0.07660070303521631,0.16254402241479016,-0.03434665219118711,0.010358080106173097,0.0,0.0,0.0,0.0,0.0,0.0
1683,0.046516820849217454,-0.17368643930461455,0.7385625977078824,-0.10934097964083972,0.0,0.0,0.0,0.0,0.0,0.0
1684,-0.13632464227377383,0.19654934988381212,-0.27137443361387825,0.02097752796607892,0.0,0.0,0.0,0.0,0.0,0.0
1685,0.06547812116913439,-0.17804740449735504,0.313339843941328,-0.06976647135750294,0.0,0.0,0.0,0.0,0.0,0.0
1686,-0.058282583042355084,0.21374901699907217,0.1329276891587464,-0.004149863383344966,0.0,0.0,0.0,0.0,0.0,0.0
1687,-0.021895053925120114,0.11747972899139693,0.6217345309619698,-0.07883021887378185,0.0,0.0,0.0,0.0,0.0,0.0
1688,-0.034920575524126356,-0.05285412824754062,0.4322642149958618,-0.07905275794075306,0.0,0.0,0.0,0.0,0.0,0.0
1689,-0.09103440411293522,0.27520696973298586,0.1417130378071139,0.01715495348108404,0.0,0.0,0.0,0.0,0.0,0.0
1690,-0.09222609147466103,0.2841655500825674,-0.021607755040800276,-0.057460667208631605,0.0,0.0,0.0,0.0,0.0,0.0
1691,-0.026183354978651176,0.2015228404416807,0.23305499238598532,-0.015480663200960088,0.0,0.0,0.0,0.0,0.0,0.0
1692,-0.01136485260336948,0.06400900912944096,0.5173166686184268,-0.13122073852879362,0.0,0.0,0.0,0.0,0.0,0.0
1693,-0.09954854420055322,0.10217080922804883,-0.031538146737395745,-0.0179034821864469,0.0,0.0,0.0,0.0,0.0,0.0
1694,0.18691784459021196,0.06179337115697728,1.163628766168564,-0.19243556611868504,0.0,0.0,0.0,0.0,0.0,0.0
1695,-0.040039828382879984,0.05476219844894012,-0.18372809420320413,-0.05091424072996738,0.0,0.0,0.0,0.0,0.0,0.0
1696,-0.07000699864601645,0.1766765893531453,0.0845086254510413,-0.05126974738545251,0.0,0.0,0.0,0.0,0.0,0.0
1697,-0.05628776651896424,0.11226128838177428,0.3404463195107536,-0.04051668624176648,0.0,0.0,0.0,0.0,0.0,0.0
1698,-0.02442262147709766,0.17714583380034113,-0.07146570082151504,-0.03632817892926476,0.0,0.0,0.0,0.0,0.0,0.0
1699,-0.03043527804230234,0.20637129992043274,0.1348645233050497,-0.1460469024416498,0.0,0.0,0.0,0.0,0.0,0.0
1700,-0.015950701811849148,0.15919663660892727,0.519526298037564,0.07095973269897732,0.0,0.0,0.0,0.0,0.0,0.0
1701,0.06026239273330991,0.41596040710753646,0.5397052760143527,-0.17633223791450153,0.0,0.0,0.0,0.0,0.0,0.0
1702,-0.0006376811013536638,0.014401856524941232,-0.08006282387859967,0.16522824251841445,0.0,0.0,0.0,0.0,0.0,0.0
1703,0.0896181905797648,-0.14382045708009264,0.08102871830801427,0.2791367708138094,0.0,0.0,0.0,0.0,0.0,0.0
1704,0.06989256451363093,0.5311048545753073,-0.06900136807362604,-0.6294756656443204,0.0,0.0,0.0,0.0,0.0,0.0
1705,-0.027927596111731942,0.10463867446765164,0.17783928301564841,-0.15171807308282728,0.0,0.0,0.0,0.0,0.0,0.0
1706,-0.07476495022089848,-0.03929068895031436,0.10510673819337084,0.07083691568468446,0.0,0.0,0.0,0.0,0.0,0.0
1707,-0.02816646013046227,0.291512952762099,-0.20700059901065437,-0.10397792562127776,0.0,0.0,0.0,0.0,0.0,0.0
1708,-0.04184000359151767,0.12350921966826992,0.5255264515855902,-0.10475678193436103,0.0,0.0,0.0,0.0,0.0,0.0
1709,-0.07445667273557392,0.22628834202864356,0.023934323478874395,-0.05312983889080361,0.0,0.0,0.0,0.0,0.0,0.0
1710,-0.0485462684065832,0.02051837136012629,0.2372737218687344,0.05808178046866181,0.0,0.0,0.0,0.0,0.0,0.0
1711,-0.10061533527425637,0.20349460977386413,0.16038961480205893,-0.0819753055247298,0.0,0.0,0.0,0.0,0.0,0.0
1712,-0.08581619599088688,0.2506358283388123,-0.030690906063741575,-0.057277117990153864,0.0,0.0,0.0,0.0,0.0,0.0
1713,0.001733695729916045,0.2968180577153369,0.17833106596870826,-0.2767168727072581,0.0,0.0,0.0,0.0,0.0,0.0
1714,0.11144501259093731,0.6177991673793414,0.3104646471851506,-0.38798053067310173,0.0,0.0,0.0,0.0,0.0,0.0
1715,0.044198442367067256,0.27681532600474806,0.3589326910740713,-0.1213811499900554,0.0,0.0,0.0,0.0,0.0,0.0
1716,-0.13014083915486369,0.2617113535450447,-0.10210295360118378,0.006845294151891356,0.0,0.0,0.0,0.0,0.0,0.0
1717,-0.10295290028555916,0.161135183620254,-0.1707778239557088,0.0007629158343470388,0.0,0.0,0.0,0.0,0.0,0.0
1718,-0.06413721696043986,0.12798156091724772,0.12401618470472872,-0.03152016017601674,0.0,0.0,0.0,0.0,0.0,0.0
1719,0.0332195658714792,-0.04284691688178703,0.9431992010186306,-0.07759038913668063,0.0,0.0,0.0,0.0,0.0,0.0
1720,-0.08358514523686589,0.17356863246518797,0.17086770133409018,0.01733606566516948,0.0,0.0,0.0,0.0,0.0,0.0
1721,-0.008886188908032553,0.14312191999894683,-0.07049723843067827,-0.04521023401619396,0.0,0.0,0.0,0.0,0.0,0.0
1722,-0.0917263342220361,0.2814471485608537,-0.08250154498483686,-0.04507276572790747,0.0,0.0,0.0,0.0,0.0,0.0
1723,-0.07211455064908087,0.2271204294559647,0.09571156597190032,-0.07470395995413472,0.0,0.0,0.0,0.0,0.0,0.0
1724,0.027760316069464348,0.11717950486796228,0.4727509297133421,-0.09875561173870279,0.0,0.0,0.0,0.0,0.0,0.0
1725,-0.03171357048380722,0.1098416508985161,0.4127324843534626,0.002313554049530973,0.0,0.0,0.0,0.0,0.0,0.0
1726,-0.04703760715772915,0.28937694133971686,0.3047235867343646,-0.08013484513987186,0.0,0.0,0.0,0.0,0.0,0.0
1727,-0.08282349543486106,0.08520135423156444,-0.02368510068925578,0.07919801139384866,0.0,0.0,0.0,0.0,0.0,0.0
1728,0.10485869042114593,-0.2454000081451874,0.25823549837699916,0.43555814755564065,0.0,0.0,0.0,0.0,0.0,0.0
1729,-0.10568180518977136,0.10742803279538748,0.003859802869811549,0.016947809622502148,0.0,0.0,0.0,0.0,0.0,0.0
1730,-0.07381445115144379,0.16213743644096193,-0.06721305741885338,-0.01146113410023191,0.0,0.0,0.0,0.0,0.0,0.0
1731,-0.10380854818748479,0.13157073106535283,-0.4074842396580209,0.10921780142688421,0.0,0.0,0.0,0.0,0.0,0.0
1732,-0.0789619426770817,0.09724120635599316,-0.10308210580921821,0.04213391318007655,0.0,0.0,0.0,0.0,0.0,0.0
1733,-0.09531561619986338,0.21893725065341102,0.0713052848933042,-0.04715349107722119,0.0,0.0,0.0,0.0,0.0,0.0
1734,-0.09406361404089471,0.14664619788187747,-0.14296657252683873,-0.011976390373755467,0.0,0.0,0.0,0.0,0.0,0.0
1735,-0.11115591210632693,0.1269141255193521,-0.2902211518362757,0.03160429429615634,0.0,0.0,0.0,0.0,0.0,0.0
1736,-0.012377902067402476,0.1452149978325284,0.37505668038369117,-0.027287299312609547,0.0,0.0,0.0,0.0,0.0,0.0
1737,-0.09814620070428144,0.0668469557203015,0.24393217329006225,0.01757857053348986,0.0,0.0,0.0,0.0,0.0,0.0
1738,-0.08068635138460549,0.17754602590002655,-0.037299170642997884,-0.06108229125125709,0.0,0.0,0.0,0.0,0.0,0.0
1739,-0.06736116625007023,0.0487491288532369,0.07799518908719039,-0.03409145423397912,0.0,0.0,0.0,0.0,0.0,0.0
1740,-0.11190085051555167,0.22017059495037536,-0.03966599097506085,-0.03764405575785881,0.0,0.0,0.0,0.0,0.0,0.0
1741,-0.10573909210080262,0.14230354509277382,0.04928656561791985,-0.004930174503794878,0.0,0.0,0.0,0.0,0.0,0.0
1742,-0.047102782470231426,0.01287096457031683,-0.18723495765456977,0.10199255167156521,0.0,0.0,0.0,0.0,0.0,0.0
1743,-0.11977249215886442,0.18973038399734596,-0.22001302355632069,-0.014749572708077712,0.0,0.0,0.0,0.0,0.0,0.0
1744,-0.07315032823900329,0.33155606297177137,0.21870759613747964,-0.06410699383713939,0.0,0.0,0.0,0.0,0.0,0.0
1745,-2.4079941711381517e-05,-0.05414581188503424,0.7653927673469195,0.18228250856301467,0.0,0.0,0.0,0.0,0.0,0.0
1746,-0.1204568431957248,0.22988749488122423,-0.1314283027649642,0.030281477222399624,0.0,0.0,0.0,0.0,0.0,0.0
1747,-0.09062554515195952,0.16027821602826253,-0.13947597045976987,0.08620893854607328,0.0,0.0,0.0,0.0,0.0,0.0
1748,0.10331911448368378,-0.00461338121119978,0.8178199679113739,-0.13925323157343478,0.0,0.0,0.0,0.0,0.0,0.0
1749,-0.07970920946077938,0.15298974245104266,-0.13992060293373487,-0.04585833619495183,0.0,0.0,0.0,0.0,0.0,0.0
1750,-0.10001553696759609,0.3038627193501014,0.17749545336318592,-0.07926260764339468,0.0,0.0,0.0,0.0,0.0,0.0
1751,-0.006825861436258997,0.39557707581144896,0.3677835915552383,-0.17561198579395493,0.0,0.0,0.0,0.0,0.0,0.0
1752,-0.11188812514816059,0.30625477095681686,0.19636036884492147,-0.0030029187127723744,0.0,0.0,0.0,0.0,0.0,0.0
1753,-0.12837594110310527,0.16396648607817907,-0.08100069634995467,0.04688202204402437,0.0,0.0,0.0,0.0,0.0,0.0
1754,-0.09291847076816681,0.1425481637755535,0.26315630329962375,-0.020153825683560254,0.0,0.0,0.0,0.0,0.0,0.0
1755,-0.06959621736323972,0.3431205532725914,-0.044723098874998014,-0.1545618122674247,0.0,0.0,0.0,0.0,0.0,0.0
1756,-0.06113009436513447,0.14248216899934124,-0.16493683875721177,0.1042111595087242,0.0,0.0,0.0,0.0,0.0,0.0
1757,-0.06772006286048017,0.15792560830337043,0.024959761970864382,0.0019636809781535926,0.0,0.0,0.0,0.0,0.0,0.0
1758,-0.007076525298284297,-0.1364472205576555,-0.3772141184674301,0.2469539002911203,0.0,0.0,0.0,0.0,0.0,0.0
1759,0.0042342868456936465,0.015607813504099344,0.2882795042019084,-0.09469040430998169,0.0,0.0,0.0,0.0,0.0,0.0
1760,-0.02252954267046669,0.28625479126515824,0.6012718425471885,-0.07197360118595832,0.0,0.0,0.0,0.0,0.0,0.0
1761,-0.07400725271814226,0.21078431687302876,-0.1538993304183085,-0.06906916494608845,0.0,0.0,0.0,0.0,0.0,0.0
1762,-0.07373204737817247,0.14267640529459946,-0.24345515965851103,0.056366483291622305,0.0,0.0,0.0,0.0,0.0,0.0
1763,-0.05526176246663636,0.024208850595229474,-0.10286549044350365,0.034015670547667694,0.0,0.0,0.0,0.0,0.0,0.0
1764,-0.05916997862980878,-0.048327502241092155,-0.2891723136479058,0.08622429279461143,0.0,0.0,0.0,0.0,0.0,0.0
1765,-0.08974811974951967,0.13167456848369719,-0.25310515756294416,0.1837562862289368,0.0,0.0,0.0,0.0,0.0,0.0
1766,0.1159556305293565,-0.20927311292534828,1.4520368740586924,-0.11213197184253493,0.0,0.0,0.0,0.0,0.0,0.0
1767,-0.07703894197189909,0.2785226271469193,0.35674579423159264,-0.04469127065125726,0.0,0.0,0.0,0.0,0.0,0.0
1768,-0.1003246316808798,0.1829360019839371,-0.1001579158772567,0.08606625174228096,0.0,0.0,0.0,0.0,0.0,0.0
1769,-0.10578777080514179,0.33069302782895105,0.09340338101321578,-0.027075791523415823,0.0,0.0,0.0,0.0,0.0,0.0
1770,-0.03990482802755558,0.08543574477174562,0.3780410998875049,0.01835682090911362,0.0,0.0,0.0,0.0,0.0,0.0
1771,-0.1010652199305249,0.25223343521486197,0.044037266493220914,-0.01794073185296978,0.0,0.0,0.0,0.0,0.0,0.0
1772,0.07587236713873627,0.16347509617618042,0.3534528666560011,-0.23435706906550674,0.0,0.0,0.0,0.0,0.0,0.0
1773,-0.09428577587899026,0.1675980471703935,0.15205368590646898,-0.053979626749990475,0.0,0.0,0.0,0.0,0.0,0.0
1774,-0.032217774364879354,0.110189762213784,0.373175595506776,-0.06098311837859405,0.0,0.0,0.0,0.0,0.0,0.0
1775,-0.0454901767919674,0.10062845877313013,0.3557791341842634,0.035949519763747835,0.0,0.0,0.0,0.0,0.0,0.0
1776,-0.06900706522238638,0.055008995619867065,-0.1372535123478144,0.1674516923915538,0.0,0.0,0.0,0.0,0.0,0.0
1777,-0.07104200108403283,0.14848692087595303,0.15756927550942018,-0.053804528948206046,0.0,0.0,0.0,0.0,0.0,0.0
1778,0.2780862802120196,0.9010391601068672,2.556421116107379,-0.1893001365186124,0.0,0.0,0.0,0.0,0.0,0.0
1779,-0.1315794543991981,0.30485296916327775,-0.19978620998001342,-0.05275129268582205,0.0,0.0,0.0,0.0,0.0,0.0
1780,-0.014681991943141398,0.3337744730410152,0.4343096033550598,-0.047367216874148806,0.0,0.0,0.0,0.0,0.0,0.0
1781,0.09607427377301629,0.8781543577083308,0.8523634575839577,-0.2196956090187916,0.0,0.0,0.0,0.0,0.0,0.0
1782,-0.04383968211240546,0.0030662770665838284,0.14800587150074504,0.020288461083721777,0.0,0.0,0.0,0.0,0.0,0.0
1783,-0.011946622270149412,0.1669649069717128,0.5101204038680133,0.005534635052346179,0.0,0.0,0.0,0.0,0.0,0.0
1784,-0.12791186000130297,0.19908460747201337,-0.1825200815749825,0.005883390598629359,0.0,0.0,0.0,0.0,0.0,0.0
1785,-0.08327331848776463,0.1281280535387568,0.2210737718762931,-0.03756996526228848,0.0,0.0,0.0,0.0,0.0,0.0
1786,-0.13163059192323318,0.17578184816538772,-0.16806901902484844,0.07286027159475876,0.0,0.0,0.0,0.0,0.0,0.0
1787,-0.08629210393952802,0.23862121141015222,-0.2737418816572412,0.02146004258142959,0.0,0.0,0.0,0.0,0.0,0.0
1788,0.02261890156226679,-0.033606615401952394,0.007634844640784024,0.07103345123647917,0.0,0.0,0.0,0.0,0.0,0.0
1789,-0.06392287032093742,0.07360988359829197,0.09767017406420948,0.10565981053480497,0.0,0.0,0.0,0.0,0.0,0.0
1790,0.027288495031333893,0.058275626877150065,0.5915687295193024,-0.18144154690668518,0.0,0.0,0.0,0.0,0.0,0.0
1791,-0.04439494247271466,0.09534621930366571,0.32376473171312603,-0.03895595131283065,0.0,0.0,0.0,0.0,0.0,0.0
1792,2.96384465511129,-6.096262108735926,4.008628794989,-0.7865331100180719,0.0,0.0,0.0,0.0,0.0,0.0
1793,-0.0904021138460771,0.32794046197793236,0.010792827481520632,-0.13370634706815254,0.0,0.0,0.0,0.0,0.0,0.0
1794,0.046874435967089505,0.009569664415192228,0.37472409163248865,-0.04372056609820998,0.0,0.0,0.0,0.0,0.0,0.0
1795,0.08526092435478935,0.09041744781064076,0.4073958615506155,-0.12666406272394312,0.0,0.0,0.0,0.0,0.0,0.0
1796,0.5542347782703155,-1.880193114903217,-0.3584823130164831,0.15617667927919626,0.0,0.0,0.0,0.0,0.0,0.0
1797,-0.10931470633901307,0.16933132700460823,0.06129241035786211,-0.006987784842926663,0.0,0.0,0.0,0.0,0.0,0.0
1798,-0.1015087637031064,0.18256347351280694,-0.06781841868276949,-0.019021012405540716,0.0,0.0,0.0,0.0,0.0,0.0
1799,0.15248093162180038,-0.5522362565223833,0.68581792443089,-0.16119846213883557,0.0,0.0,0.0,0.0,0.0,0.0
1800,0.20267797010797162,-0.6483117213947408,0.3886953501586173,-0.08547151366775063,0.0,0.0,0.0,0.0,0.0,0.0
1801,-0.07438219215999022,0.10812766330513839,0.07835930220766561,-0.03609754768854899,0.0,0.0,0.0,0.0,0.0,0.0
1802,0.09862125908411226,-0.42783346247541826,0.47485601530801624,0.06216601639983735,0.0,0.0,0.0,0.0,0.0,0.0
1803,0.11852644794571542,-0.3898030097314322,0.3266826002294095,0.07686275034133898,0.0,0.0,0.0,0.0,0.0,0.0
1804,-0.11062443376842049,0.13468442367829347,0.06618147872560512,-0.05539223493061923,0.0,0.0,0.0,0.0,0.0,0.0
1805,-0.12811091791145704,0.2723220184633825,-0.18722192155408268,-0.0012250888678777508,0.0,0.0,0.0,0.0,0.0,0.0
1806,-0.11920696961878817,0.19234141231726543,-0.21591628689162026,0.017547910611457718,0.0,0.0,0.0,0.0,0.0,0.0
1807,-0.11297293785138486,0.1657191886024583,-0.04485890487840212,0.02403082107814788,0.0,0.0,0.0,0.0,0.0,0.0
1808,-0.1254437685527216,0.1879574765698932,-0.17905344604870863,0.021747987839300962,0.0,0.0,0.0,0.0,0.0,0.0
1809,-0.11708959479034448,0.22755629998983273,-0.11615299985424528,0.031444757551801227,0.0,0.0,0.0,0.0,0.0,0.0
1810,-0.13335553574924547,0.20040784581740212,-0.12860064636782492,0.016506403449965287,0.0,0.0,0.0,0.0,0.0,0.0
1811,-0.07995655201616733,0.2981777183480259,0.2375446658718493,-0.028008232093877223,0.0,0.0,0.0,0.0,0.0,0.0
1812,-0.08850516238789351,0.22914272366534635,-0.26706900310180715,0.01781105709163725,0.0,0.0,0.0,0.0,0.0,0.0
1813,-0.09531508758882781,0.18394580723231532,-0.009164795090149875,-0.04253759694664636,0.0,0.0,0.0,0.0,0.0,0.0
1814,-0.09324438210110718,0.007873735458619085,-0.26564703723460253,0.15391154229591095,0.0,0.0,0.0,0.0,0.0,0.0
1815,-0.12606721456159073,0.26524995126219086,-0.17521611723520097,0.011166563202896915,0.0,0.0,0.0,0.0,0.0,0.0
1816,-0.09360904000390048,0.04008466160386667,0.06203302366260695,0.03495047916991073,0.0,0.0,0.0,0.0,0.0,0.0
1817,-0.08510171934334433,0.17497372725690494,0.013547454356325846,0.05205293478587109,0.0,0.0,0.0,0.0,0.0,0.0
1818,-0.0829063816449959,0.14518953951659336,0.07746323388058447,-0.001970836206386149,0.0,0.0,0.0,0.0,0.0,0.0
1819,-0.06591568628286323,-0.03267615732730322,0.39061812864243495,0.02002652614509672,0.0,0.0,0.0,0.0,0.0,0.0
1820,-0.08624546805309845,0.09024463840324207,0.06430205095647024,-0.04442111226817007,0.0,0.0,0.0,0.0,0.0,0.0
1821,-0.13421730728024092,0.24554202419170224,-0.23998697370819463,-0.02089728030662929,0.0,0.0,0.0,0.0,0.0,0.0
1822,-0.004048276355357591,-0.07058242187511521,0.6176396033274807,-0.12229210118085482,0.0,0.0,0.0,0.0,0.0,0.0
1823,-0.09268734768338305,0.1039920120011729,0.2669540106283795,0.049212815925369635,0.0,0.0,0.0,0.0,0.0,0.0
1824,-0.08732664002355134,0.021473961833357123,-0.02278282440166469,0.00474550560513577,0.0,0.0,0.0,0.0,0.0,0.0
1825,-0.09168540913369605,0.20709420131836503,-0.19712809555795505,0.04642305167622639,0.0,0.0,0.0,0.0,0.0,0.0
1826,-0.09947342695476379,0.17081768379611018,-0.2158473892304952,0.05847104363379416,0.0,0.0,0.0,0.0,0.0,0.0
1827,-0.029936491467606935,0.11242356904664721,0.36551632221482877,-0.003591926641014321,0.0,0.0,0.0,0.0,0.0,0.0
1828,-0.07889942413647162,0.11734924907432463,0.09407816094261169,-0.007821003176239492,0.0,0.0,0.0,0.0,0.0,0.0
1829,-0.0351025027953642,0.0713984681398495,0.29213984130237264,0.03413395636170825,0.0,0.0,0.0,0.0,0.0,0.0
1830,-0.08514181628118513,0.08131276308826066,0.015798490000512467,0.06119104496313209,0.0,0.0,0.0,0.0,0.0,0.0
1831,-0.09516278675899413,0.20596567424434123,-0.009564098170022406,-0.021487976334549852,0.0,0.0,0.0,0.0,0.0,0.0
1832,-0.11109754678473033,0.13572207839712355,-0.16291780206008205,0.029716083106261837,0.0,0.0,0.0,0.0,0.0,0.0
1833,-0.0329140709255644,0.018080112205052495,0.27380016285656883,0.004004012896562039,0.0,0.0,0.0,0.0,0.0,0.0
1834,0.058582533551676565,-0.2809552803218077,0.626583142533302,0.023192769679425077,0.0,0.0,0.0,0.0,0.0,0.0
1835,-0.13393134606545112,0.22779643965321034,-0.22345680972253606,0.04043739904318973,0.0,0.0,0.0,0.0,0.0,0.0
1836,-0.07193876945085524,0.15524879191472757,0.019926828393196323,-0.006977075419674196,0.0,0.0,0.0,0.0,0.0,0.0
1837,-0.11423886008715084,0.23282051475870918,-0.09871059720415487,0.035228402553943994,0.0,0.0,0.0,0.0,0.0,0.0
1838,0.10291768948214824,-0.3888512405072889,1.520854528271346,0.01102256207191203,0.0,0.0,0.0,0.0,0.0,0.0
1839,-0.08252561947966942,0.2909064628925063,0.03128022638636381,-0.014440399110359391,0.0,0.0,0.0,0.0,0.0,0.0
1840,-0.1111296520929874,0.17884170370547545,-0.14369845492262828,0.002120969541178297,0.0,0.0,0.0,0.0,0.0,0.0
1841,-0.053887578112436975,0.11846542374715893,0.44156213294502417,-0.04218422999953051,0.0,0.0,0.0,0.0,0.0,0.0
1842,-0.12419724864946853,0.25376339283973093,-0.09978221590466498,0.004386562282920622,0.0,0.0,0.0,0.0,0.0,0.0
1843,-0.07435708801769163,0.07339912150747774,-0.11171109660072527,0.09114018690876949,0.0,0.0,0.0,0.0,0.0,0.0
1844,-0.08204738875019801,0.08459061563652567,-0.1447845556355008,0.10640178262062236,0.0,0.0,0.0,0.0,0.0,0.0
1845,-0.0813566344964434,0.029594560844953408,-0.07211995473875207,0.0026668505546244598,0.0,0.0,0.0,0.0,0.0,0.0
1846,-0.0012442008499936482,-0.02982507952865891,0.677891429265173,-0.02678306371224126,0.0,0.0,0.0,0.0,0.0,0.0
1847,-0.10447975636162052,0.2144852605562102,-0.01488146905381611,-0.03159315496207995,0.0,0.0,0.0,0.0,0.0,0.0
1848,-0.09005940406841187,0.07824738325972597,0.07244825716425657,0.005547049220653388,0.0,0.0,0.0,0.0,0.0,0.0
1849,-0.07991711162282154,-0.08532031561063314,-0.3052914226735,0.0976964159982803,0.0,0.0,0.0,0.0,0.0,0.0
1850,-0.11284952121834725,0.19025263784386287,0.0819187244308604,-0.0029980214338733813,0.0,0.0,0.0,0.0,0.0,0.0
1851,-0.09052787816042146,0.18459535450077172,-0.05317436906725973,0.048346468927698505,0.0,0.0,0.0,0.0,0.0,0.0
1852,0.06807732901943804,-0.2412266891258833,0.5432307427503329,-0.08567177626665788,0.0,0.0,0.0,0.0,0.0,0.0
1853,-0.08863183776008622,0.15424237717505934,-0.09239081566440724,0.02295439457172944,0.0,0.0,0.0,0.0,0.0,0.0
1854,-0.059924319382029925,0.09495443623732674,-0.11377271465071606,0.06315871748837995,0.0,0.0,0.0,0.0,0.0,0.0
1855,-0.02710205194513123,0.09641512410160633,0.5650659578288951,0.007678098127441968,0.0,0.0,0.0,0.0,0.0,0.0
1856,0.0385676918683981,-0.2236134131466659,0.6184859483741566,0.011435183717249445,0.0,0.0,0.0,0.0,0.0,0.0
1857,0.15432697662287664,-0.4232340852557416,1.539364659075118,0.13889071016174356,0.0,0.0,0.0,0.0,0.0,0.0
1858,-0.08990440989463594,0.16532968844331017,-0.0619961122698684,0.014891947563796328,0.0,0.0,0.0,0.0,0.0,0.0
1859,-0.12602388716123583,0.16691268233614684,-0.062200115492937816,0.01843104857847273,0.0,0.0,0.0,0.0,0.0,0.0
1860,-0.07001479576339283,-0.04481875292578645,-0.07803785685208524,0.0725930736649241,0.0,0.0,0.0,0.0,0.0,0.0
1861,1.957953727487989,-5.510275075683452,1.1348782691098112,-1.6310029983943928,0.0,0.0,0.0,0.0,0.0,0.0
1862,0.513490712329427,-0.6554996671812569,4.1818550572630935,-0.789860447154194,0.0,0.0,0.0,0.0,0.0,0.0
1863,0.0002777774201953125,-0.14142145736647505,0.545074079854189,-0.17171233775291173,0.0,0.0,0.0,0.0,0.0,0.0
1864,-0.12048067349938342,0.20815382621693826,0.04511334531171897,-0.018897617429831533,0.0,0.0,0.0,0.0,0.0,0.0
1865,0.043952104841537915,-0.5385746725642558,-0.5933763293993753,0.09270934125138716,0.0,0.0,0.0,0.0,0.0,0.0
1866,0.07608058675947749,-0.19953976360483291,-0.07294887634172237,-0.09357990282143773,0.0,0.0,0.0,0.0,0.0,0.0
1867,0.009922375995834964,-0.12490537551507735,-0.30839355214858793,0.027170917341042905,0.0,0.0,0.0,0.0,0.0,0.0
1868,-0.005447024964433152,-0.1613665769869211,0.1835964527966424,-0.05880703239838293,0.0,0.0,0.0,0.0,0.0,0.0
1869,-0.09580570393165479,0.14181127728096354,-0.30485937548439784,0.10151994597262076,0.0,0.0,0.0,0.0,0.0,0.0
1870,-0.08698724884530806,0.012185607381587197,-0.37135513561036204,0.08779267978267138,0.0,0.0,0.0,0.0,0.0,0.0
1871,-0.05723755395450114,-0.12297224804239892,-0.5265569929570871,0.2338680038768978,0.0,0.0,0.0,0.0,0.0,0.0
1872,-0.11998223475798693,0.256521806778873,-0.20187891309213643,-0.00653830960629543,0.0,0.0,0.0,0.0,0.0,0.0
1873,-0.12479909876812662,0.23275972452092383,-0.37608728989189383,0.021929809885593187,0.0,0.0,0.0,0.0,0.0,0.0
1874,-0.07404991066977223,0.06710407642938238,0.07447310757856869,-0.056286260590483715,0.0,0.0,0.0,0.0,0.0,0.0
1875,-0.04478046876709079,-0.02843222883085364,0.2977926143355212,-0.08069964764197807,0.0,0.0,0.0,0.0,0.0,0.0
1876,-0.07120097828232763,0.05193207899185251,-0.17548212961881318,-0.024035078054304583,0.0,0.0,0.0,0.0,0.0,0.0
1877,-0.024481777735932114,-0.024914134519147577,0.22269241323961883,-0.02282429814086286,0.0,0.0,0.0,0.0,0.0,0.0
1878,-0.053425992943105065,0.051618351600422795,0.008317548939546171,0.0007997141715666899,0.0,0.0,0.0,0.0,0.0,0.0
1879,-0.1168033811175024,0.2691848401688636,-0.1593708352132262,-0.04183775688406538,0.0,0.0,0.0,0.0,0.0,0.0
1880,0.05637054582178999,-0.2420746183620692,0.9446342419816718,-0.11998938737083734,0.0,0.0,0.0,0.0,0.0,0.0
1881,-0.1247590193659916,0.1732474056756054,-0.21895988454496745,0.006479329741316155,0.0,0.0,0.0,0.0,0.0,0.0
1882,-0.051206186895001574,0.08728241139811423,-0.3847136509507922,0.09166785687114494,0.0,0.0,0.0,0.0,0.0,0.0
1883,-0.08248752911486518,0.028503880198551615,-0.5885253573335278,0.13119417010515072,0.0,0.0,0.0,0.0,0.0,0.0
1884,-0.059526287542993814,0.08078455716921172,0.0007905799284620473,0.0918600362030045,0.0,0.0,0.0,0.0,0.0,0.0
1885,-0.10239082854352456,0.14861210671320138,-0.2585091693648753,0.1250067120336532,0.0,0.0,0.0,0.0,0.0,0.0
1886,-0.0678472488580092,0.08816723751520165,-0.1307862442277211,-0.09117184828330663,0.0,0.0,0.0,0.0,0.0,0.0
1887,-0.02705827542071437,-0.10762119322253626,0.247020192703856,0.07631664902830472,0.0,0.0,0.0,0.0,0.0,0.0
1888,-0.12833914522732867,0.21813111552653253,-0.14131770275061295,-0.013068364127037132,0.0,0.0,0.0,0.0,0.0,0.0
1889,-0.0631507342291635,0.007917281353779372,-0.3976309848168846,0.01603857139564877,0.0,0.0,0.0,0.0,0.0,0.0
1890,-0.08588851733973155,0.15197613769666737,-0.16014450099755417,0.07156329381787999,0.0,0.0,0.0,0.0,0.0,0.0
1891,-0.1137614048674288,0.1936787773514661,-0.10480526402985307,-0.025763478732324346,0.0,0.0,0.0,0.0,0.0,0.0
1892,-0.10209010287252845,0.09617596152546189,-0.2160885881537237,0.036866216747203695,0.0,0.0,0.0,0.0,0.0,0.0
1893,-0.09436619785531143,0.14632785270042023,-0.13303932686863726,-0.11849696377805335,0.0,0.0,0.0,0.0,0.0,0.0
1894,-0.09390724500949336,0.2573697230396825,-0.16314850746601078,-0.041426369205945265,0.0,0.0,0.0,0.0,0.0,0.0
1895,-0.095628061587967,0.2326887324280145,-0.2215100915000829,-0.07968463086379202,0.0,0.0,0.0,0.0,0.0,0.0
1896,-0.10061188118922304,0.13778399251290502,-0.31457908022508296,0.05020226923278762,0.0,0.0,0.0,0.0,0.0,0.0
1897,-0.11841102527850927,0.20344242785599642,-0.0492248561553729,0.005556636896127636,0.0,0.0,0.0,0.0,0.0,0.0
1898,-0.048882727762502076,0.10488572133563871,0.3564144226415635,-0.014749258224834482,0.0,0.0,0.0,0.0,0.0,0.0
1899,-0.05323276038046903,0.1909607474049489,0.1993454838864384,-0.06727622190029839,0.0,0.0,0.0,0.0,0.0,0.0
1900,-0.017227828350921282,-0.2221562299449116,-0.665056563498021,0.2788686421447733,0.0,0.0,0.0,0.0,0.0,0.0
1901,-0.053813369098762484,0.08850369806716041,-0.0043516465766711854,0.05118765500278731,0.0,0.0,0.0,0.0,0.0,0.0
1902,-0.04661095435318129,0.12026553918787854,-0.004669472189767669,-0.015629922314397866,0.0,0.0,0.0,0.0,0.0,0.0
1903,-0.10728515966370998,0.09135333063999154,-0.46257417656840966,0.10699273819213816,0.0,0.0,0.0,0.0,0.0,0.0
1904,-0.05776850934397058,-0.07343497033041542,-0.3888592490575436,0.1646914828937409,0.0,0.0,0.0,0.0,0.0,0.0
1905,-0.0751928909661594,0.10844628656973929,-0.2191033972199479,0.03426511126586053,0.0,0.0,0.0,0.0,0.0,0.0
1906,-0.047329519633563834,-0.04094433187080224,-0.616508141879051,0.1555882641405848,0.0,0.0,0.0,0.0,0.0,0.0
1907,-0.12880755330388027,0.25129806833955576,-0.16608508096608227,0.0036257707540153354,0.0,0.0,0.0,0.0,0.0,0.0
1908,-0.10676246027822005,0.2176620734926159,0.023457205347779498,0.017473725650400666,0.0,0.0,0.0,0.0,0.0,0.0
1909,-0.05223089396243253,0.14671658343515648,0.20431075512442362,-0.07729403835596656,0.0,0.0,0.0,0.0,0.0,0.0
1910,-0.08332989933151537,0.07680059657108351,-0.08392031477237276,0.1390863309565778,0.0,0.0,0.0,0.0,0.0,0.0
1911,-0.11781716811367701,0.08971023919089809,-0.5257683653130387,0.11637792222533017,0.0,0.0,0.0,0.0,0.0,0.0
1912,-0.04099573503725468,0.05605089357078618,0.1076732753448605,0.02840595389195718,0.0,0.0,0.0,0.0,0.0,0.0
1913,-0.10754363624823049,0.1515463546038001,-0.37627005286402854,0.07464737409374651,0.0,0.0,0.0,0.0,0.0,0.0
1914,-0.08742352077000211,0.06690174907508575,-0.014801824821727842,0.0718051614447868,0.0,0.0,0.0,0.0,0.0,0.0
1915,-0.037103548759648664,-0.07520120595469135,-0.08002553121252451,0.13092015304283558,0.0,0.0,0.0,0.0,0.0,0.0
1916,-0.08573380628651683,0.09604416520987556,0.16193321261970114,0.02726466137476009,0.0,0.0,0.0,0.0,0.0,0.0
1917,-0.13167593763152713,0.22391457198800827,-0.19033167477128457,-0.004872188723350323,0.0,0.0,0.0,0.0,0.0,0.0
1918,-0.07400769342902028,0.20954008967049162,-0.02202135581584347,-0.07985235551406678,0.0,0.0,0.0,0.0,0.0,0.0
1919,-0.11949571677938033,0.20958522731379012,-0.19137164150432334,-0.033022091047500944,0.0,0.0,0.0,0.0,0.0,0.0
1920,-0.04198534491429566,-0.023540725515525784,0.20115977042795283,0.0379328056891714,0.0,0.0,0.0,0.0,0.0,0.0
1921,-0.025749094571540947,-0.19761483091087026,0.4702605834663581,0.10835319382565081,0.0,0.0,0.0,0.0,0.0,0.0
1922,-0.10645988177547047,0.25591311097903113,-0.30203020656910395,0.0568368052477877,0.0,0.0,0.0,0.0,0.0,0.0
1923,-0.08089668755373822,0.004382214258595511,-0.018235294335164846,0.044723785908880986,0.0,0.0,0.0,0.0,0.0,0.0
1924,-0.10834893337288827,0.21568709619059787,-0.16329816350929094,0.016860260872269817,0.0,0.0,0.0,0.0,0.0,0.0
1925,-0.08664169009568358,0.03516676685697902,-0.3362512758912618,0.1053987146978057,0.0,0.0,0.0,0.0,0.0,0.0
1926,-0.09574607342254322,0.05834496888633053,-0.14313560049058685,0.05109882703928227,0.0,0.0,0.0,0.0,0.0,0.0
1927,3.794139521267975,-9.945665593001456,-2.0569672469639704,3.284689082511089,0.0,0.0,0.0,0.0,0.0,0.0
1928,-0.032230550520340726,0.1641715091424054,-0.037121646868550434,-0.0478998283043276,0.0,0.0,0.0,0.0,0.0,0.0
1929,0.0852263004040748,0.0463181784300613,0.5438340988721709,-0.1797017501193459,0.0,0.0,0.0,0.0,0.0,0.0
1930,0.09326045572735897,-0.010193500496577298,0.1059564887794442,-0.18014614018745406,0.0,0.0,0.0,0.0,0.0,0.0
1931,0.01065614596160658,0.013480777298685085,0.04679411272100399,0.0002925770033730451,0.0,0.0,0.0,0.0,0.0,0.0
1932,0.44715123468913687,-2.1578036608237228,-0.6003398034019013,-0.06357691986160324,0.0,0.0,0.0,0.0,0.0,0.0
1933,-0.05363310073768155,-0.005025686936630459,-0.03755994264252874,-0.007426222453990037,0.0,0.0,0.0,0.0,0.0,0.0
1934,0.21167111499434849,-1.2074857126993928,0.3819210910154121,0.09181086694443755,0.0,0.0,0.0,0.0,0.0,0.0
1935,0.694730827325725,-2.2039628423634325,0.4304899368245385,-0.1313401804828635,0.0,0.0,0.0,0.0,0.0,0.0
1936,0.0978167753042051,-0.4949110903624473,-0.3409138601446677,0.14347312897029918,0.0,0.0,0.0,0.0,0.0,0.0
1937,0.25729995364638203,-1.3618810120992457,-0.2871786504247928,0.15589357302406753,0.0,0.0,0.0,0.0,0.0,0.0
1938,-0.004170432905245783,0.06505789700873728,0.04587073949111848,0.12098620871832204,0.0,0.0,0.0,0.0,0.0,0.0
1939,-0.07417431199128509,-0.045847021497660345,0.02413386703748004,0.03417568369419041,0.0,0.0,0.0,0.0,0.0,0.0
1940,-0.07324332015913983,0.040174393065229234,-0.17498090166532926,0.0833673430515092,0.0,0.0,0.0,0.0,0.0,0.0
1941,-0.10778102101912991,0.26980883345642026,0.08204396130397262,-0.025973019322881534,0.0,0.0,0.0,0.0,0.0,0.0
1942,-0.13448061879284776,0.2659123310819692,-0.18530695226656455,-0.02229378768735601,0.0,0.0,0.0,0.0,0.0,0.0
1943,-0.07574605901854178,0.12984214729985386,0.3546255779696423,-0.030507953340684683,0.0,0.0,0.0,0.0,0.0,0.0
1944,-0.0294194346054572,-0.06524331831970069,0.7100430057140295,-0.053424313160312285,0.0,0.0,0.0,0.0,0.0,0.0
1945,-0.09363056704919154,0.1594036019875835,-0.07647632163461723,0.0031336529457196153,0.0,0.0,0.0,0.0,0.0,0.0
1946,-0.1232218897829889,0.16670629978030316,0.040306472865475035,0.015765769219147914,0.0,0.0,0.0,0.0,0.0,0.0
1947,-0.14385707667168646,0.22861885955265243,-0.15180722591336812,0.02615371960005389,0.0,0.0,0.0,0.0,0.0,0.0
1948,-0.045068749566430484,0.012767053046752762,0.1580104979958959,0.08283836640557778,0.0,0.0,0.0,0.0,0.0,0.0
1949,-0.11686432582883007,0.14686114879056095,-0.11074143440278088,0.013714735265585873,0.0,0.0,0.0,0.0,0.0,0.0
1950,-0.13807401479054307,0.18626620398849128,-0.13488754741544046,0.05633225359497447,0.0,0.0,0.0,0.0,0.0,0.0
1951,-0.1382789171224281,0.20304983043908773,-0.16335266373104698,0.004856693248606427,0.0,0.0,0.0,0.0,0.0,0.0
1952,-0.09715288540888027,0.023730650353236068,0.10928353976719547,-0.016090353613418915,0.0,0.0,0.0,0.0,0.0,0.0
1953,-0.08746806699185476,-0.01533489109676256,-0.0721828315345285,0.0607287110018859,0.0,0.0,0.0,0.0,0.0,0.0
1954,-0.03145156742458465,-0.05120826645353971,0.05889167421000829,-0.00604265827802723,0.0,0.0,0.0,0.0,0.0,0.0
1955,-0.10534739178663238,0.23882531219964914,0.17086155020797714,0.07147268131588534,0.0,0.0,0.0,0.0,0.0,0.0
1956,-0.12955964334761563,0.19460721513363247,-0.3088850402102485,0.04753661921701391,0.0,0.0,0.0,0.0,0.0,0.0
1957,-0.13528712427648282,0.26420570285464284,-0.18489276194577892,0.008077828483441058,0.0,0.0,0.0,0.0,0.0,0.0
1958,-0.15530393947581583,0.3045643865783774,-0.20272620346345308,0.007991332909221145,0.0,0.0,0.0,0.0,0.0,0.0
1959,-0.05776477302251409,0.07885881904373455,0.2849852556600801,0.028168742801470255,0.0,0.0,0.0,0.0,0.0,0.0
1960,-0.14088950802998076,0.25348119243605316,-0.15922944768517028,-0.0037652430146683674,0.0,0.0,0.0,0.0,0.0,0.0
1961,-0.13576144287334874,0.21641523166075738,-0.18926906782830744,0.02566054698126461,0.0,0.0,0.0,0.0,0.0,0.0
1962,-0.11812691182698337,0.10024795468970656,-0.17473588868988252,0.06813008949023333,0.0,0.0,0.0,0.0,0.0,0.0
1963,-0.060975666229774544,0.055232584756762876,0.351293354716391,0.0038718220806229133,0.0,0.0,0.0,0.0,0.0,0.0
1964,-0.039291213996097626,0.08962193032667376,-0.07151730928983563,0.00940394655907054,0.0,0.0,0.0,0.0,0.0,0.0
1965,-0.06355273920730163,0.11948602747735151,0.15142713799845103,0.026838754043560897,0.0,0.0,0.0,0.0,0.0,0.0
1966,-0.01580071030770033,-0.03471170138360691,0.32011174929292147,0.019283595849439266,0.0,0.0,0.0,0.0,0.0,0.0
1967,-0.10229248678502846,0.2819816286806913,0.007170583531567973,0.033691277278707174,0.0,0.0,0.0,0.0,0.0,0.0
1968,-0.0239310215860167,-0.09435353973983579,0.149447210630693,0.10546333323325048,0.0,0.0,0.0,0.0,0.0,0.0
1969,-0.10605481060035397,0.1073337119497126,-0.16289302382586238,0.09914642830826478,0.0,0.0,0.0,0.0,0.0,0.0
1970,-0.06866463164540389,0.12284120801905224,-0.14838796187791992,0.042124957892345445,0.0,0.0,0.0,0.0,0.0,0.0
1971,-0.0968354350249542,0.14683119330008973,-0.1565486385891935,0.025183880212355448,0.0,0.0,0.0,0.0,0.0,0.0
1972,-0.09665981420156206,0.13568824822910297,0.05407926730961874,0.06952394858757432,0.0,0.0,0.0,0.0,0.0,0.0
1973,-0.07584879042360249,0.09895661782561965,-0.1245696100144592,0.09698685035602442,0.0,0.0,0.0,0.0,0.0,0.0
1974,-0.006156651993858762,-0.05719788488242135,-0.10307358998882334,0.06644682042471536,0.0,0.0,0.0,0.0,0.0,0.0
1975,-0.12242807995197078,0.2670186262526929,-0.06399098130644144,0.04410282686372937,0.0,0.0,0.0,0.0,0.0,0.0
1976,-0.028931850257161513,0.03663242711951184,0.06342150622487801,0.059093765533087345,0.0,0.0,0.0,0.0,0.0,0.0
1977,-0.0649437842997645,0.08772492804581285,0.2060160847917078,-0.0693884236584915,0.0,0.0,0.0,0.0,0.0,0.0
1978,-0.12347885764649727,0.1559156377820304,-0.1472371185601982,0.03368880233526314,0.0,0.0,0.0,0.0,0.0,0.0
1979,-0.05470813211692319,0.010885877967355191,0.17008990245464778,0.00509133647822075,0.0,0.0,0.0,0.0,0.0,0.0
1980,-0.13209293227009736,0.1900442489344085,-0.17600713552944192,0.03740774954930273,0.0,0.0,0.0,0.0,0.0,0.0
1981,-0.10916520578169547,0.19019690210847484,-0.12616191896154322,0.038824318808574274,0.0,0.0,0.0,0.0,0.0,0.0
1982,0.051410938894983174,-0.36299157376530133,0.5556427080685105,-0.025595511057527283,0.0,0.0,0.0,0.0,0.0,0.0
1983,-0.07493029287311354,0.2940506630851465,0.03298478314014493,-0.15066451156797936,0.0,0.0,0.0,0.0,0.0,0.0
1984,-0.10374553426307408,0.04019919267776757,-0.0005623283025997947,0.07071837472728335,0.0,0.0,0.0,0.0,0.0,0.0
1985,-0.1321397635463496,0.2274766019699613,-0.1762021918243623,0.0008089775443070337,0.0,0.0,0.0,0.0,0.0,0.0
1986,-0.12339576277305826,0.2830431730909187,-0.24523892285381005,0.10271435892151985,0.0,0.0,0.0,0.0,0.0,0.0
1987,-0.0726886290644278,0.09916937601539233,0.32429289762776015,-0.04349162706940429,0.0,0.0,0.0,0.0,0.0,0.0
1988,-0.011342057961246774,-0.04598123027651475,-0.004894557264897256,0.08165967278416583,0.0,0.0,0.0,0.0,0.0,0.0
1989,-0.13605758148270672,0.23051812855799475,-0.15433839661662865,-0.022912319655556262,0.0,0.0,0.0,0.0,0.0,0.0
1990,-0.12912448866098666,0.30672182016133703,-0.10524011474379813,-0.0043396071714063315,0.0,0.0,0.0,0.0,0.0,0.0
1991,-0.12214318750531934,0.2511050228280282,-0.23540786588576093,0.07062625726850359,0.0,0.0,0.0,0.0,0.0,0.0
1992,-0.11230635296429116,0.20813556522957663,0.06721055823342088,-0.01872474515325458,0.0,0.0,0.0,0.0,0.0,0.0
1993,-0.15030804920489996,0.2767021762484165,-0.20261130070052003,-0.004868153559252119,0.0,0.0,0.0,0.0,0.0,0.0
1994,-0.006908656073405627,0.12655882582682162,0.09707643800542202,-0.05753665181245592,0.0,0.0,0.0,0.0,0.0,0.0
1995,-0.11514825298174125,0.1880284607183258,-0.17693735876350583,0.07637243739155425,0.0,0.0,0.0,0.0,0.0,0.0
1996,-0.10786960364336408,0.22091804933313114,0.07195413285486925,-0.05390619652438877,0.0,0.0,0.0,0.0,0.0,0.0
1997,-0.12751091963784053,0.1793134544719334,0.14128094489372658,0.001757845972328568,0.0,0.0,0.0,0.0,0.0,0.0
1998,-0.12357092895833109,0.1722419137532775,-0.04174145223981849,-0.03499505157442627,0.0,0.0,0.0,0.0,0.0,0.0
1999,-0.08185752259508461,0.11715178952510648,-0.06392274070396058,0.04211067695327628,0.0,0.0,0.0,0.0,0.0,0.0
2000,-0.10149527181153499,0.10036224828268242,-0.12269563188420643,0.05642109449121726,0.0,0.0,0.0,0.0,0.0,0.0
2001,-0.1267099726774751,0.2758707953691175,0.005199287282301309,-0.024141931553950974,0.0,0.0,0.0,0.0,0.0,0.0
2002,-0.027822305887278662,-0.37245023993819626,0.47771078258951444,0.03916697348856985,0.0,0.0,0.0,0.0,0.0,0.0
2003,-0.020041105419393364,-0.03980776883041568,-0.018811137916023513,0.1618970378145661,0.0,0.0,0.0,0.0,0.0,0.0
2004,-0.13211591232102005,0.1775426760687041,-0.059454488121346225,-0.0076944262991357985,0.0,0.0,0.0,0.0,0.0,0.0
2005,-0.03293244968320825,0.17913337093756693,0.20600293559199082,0.0012378258125895767,0.0,0.0,0.0,0.0,0.0,0.0
2006,-0.09716288540771992,0.03738387524198197,0.09799936403579389,0.03855449009455497,0.0,0.0,0.0,0.0,0.0,0.0
2007,-0.10488860272952324,0.1910280927377607,-0.13318538221971846,-0.005016116333786977,0.0,0.0,0.0,0.0,0.0,0.0
2008,-0.1297517397785517,0.1937914303594265,-0.13601475717278105,-0.037126985549385386,0.0,0.0,0.0,0.0,0.0,0.0
2009,-0.11170392271059461,0.12725712033129633,-0.3709386254025944,0.06566473452437491,0.0,0.0,0.0,0.0,0.0,0.0
2010,-0.11025780650902457,0.21784063224324432,-0.17609599848674848,-0.014176496842890348,0.0,0.0,0.0,0.0,0.0,0.0
2011,-0.10675096411120215,0.1793199978883423,-0.09417788018153159,0.027093943803089698,0.0,0.0,0.0,0.0,0.0,0.0
2012,-0.12781285754080754,0.19436653604596277,-0.0587430465454819,0.00648322022204982,0.0,0.0,0.0,0.0,0.0,0.0
2013,-0.14301378426092784,0.29294713306236636,-0.14704609113806014,-0.009304300725144916,0.0,0.0,0.0,0.0,0.0,0.0
2014,0.016163362722273866,-0.11002428530917498,0.5983830325494527,0.029207222761615775,0.0,0.0,0.0,0.0,0.0,0.0
2015,-0.1163051595108592,0.16479158023842877,0.08425525222007264,-0.00777831113254523,0.0,0.0,0.0,0.0,0.0,0.0
2016,-0.11733376511839455,0.1825463519110803,-0.1297225332808331,0.03894673177532266,0.0,0.0,0.0,0.0,0.0,0.0
2017,-0.10848117398427519,0.10191771850925108,-0.09736456319031415,0.08089000078905874,0.0,0.0,0.0,0.0,0.0,0.0
2018,-0.14607358621934005,0.2723875313520642,-0.2590400623773567,0.049256101199519176,0.0,0.0,0.0,0.0,0.0,0.0
2019,-0.14165132808258005,0.2519455111604816,-0.013892664237011135,-0.022136831166484773,0.0,0.0,0.0,0.0,0.0,0.0
2020,-0.0947229150491312,0.20621525875010263,0.024973498276310676,0.04974999646882559,0.0,0.0,0.0,0.0,0.0,0.0
2021,-0.12663533548309,0.21106498732496207,-0.1838007883597581,0.023389665105764897,0.0,0.0,0.0,0.0,0.0,0.0
2022,-0.14919658460542543,0.26613198535907057,-0.11093138790668165,-0.032416311422866634,0.0,0.0,0.0,0.0,0.0,0.0
2023,-0.12261752717662029,0.15230808900223786,-0.11880826569177352,0.008757723586667087,0.0,0.0,0.0,0.0,0.0,0.0
2024,-0.1326474173660683,0.3245860245275214,-0.21131951760838957,-0.0064452050774152095,0.0,0.0,0.0,0.0,0.0,0.0
2025,-0.05904141986873663,0.3579317985682517,0.006742061505134111,-0.145269879406327,0.0,0.0,0.0,0.0,0.0,0.0
2026,-0.11786134863787358,0.2625304204476457,-0.0774437428415363,0.016874984594248736,0.0,0.0,0.0,0.0,0.0,0.0
2027,-0.12235829187772439,0.21971933446187253,-0.10315773667133749,-0.00654593560104802,0.0,0.0,0.0,0.0,0.0,0.0
2028,-0.11639931035122017,0.18669843001366132,-0.1088518803782568,0.0756334029294419,0.0,0.0,0.0,0.0,0.0,0.0
2029,2.2370982599569182,-5.897547674433731,-4.500352971385324,1.180540376206135,0.0,0.0,0.0,0.0,0.0,0.0
2030,0.01799099182777779,-0.19482194671808364,0.1898478095244855,-0.07428536728299125,0.0,0.0,0.0,0.0,0.0,0.0
2031,-0.029540663687140825,-0.11792139462022849,-0.27273828582741844,0.08569101908723263,0.0,0.0,0.0,0.0,0.0,0.0
2032,1.2293475486617147,-3.8462837012008135,-1.529221232887612,-0.1296945257068725,0.0,0.0,0.0,0.0,0.0,0.0
2033,0.03506198716861187,-0.4931072781197605,0.6967023728021783,-0.06869951967254301,0.0,0.0,0.0,0.0,0.0,0.0
2034,-0.03231047469068105,-0.12766665812731914,-0.07621799285505708,-0.05794512691794257,0.0,0.0,0.0,0.0,0.0,0.0
2035,0.006061238535325606,-0.36866345250406635,-0.4481752401033411,0.09184129640308343,0.0,0.0,0.0,0.0,0.0,0.0
2036,0.34353761207989775,-1.3342619686652735,0.5043976263141356,-0.115680138518671,0.0,0.0,0.0,0.0,0.0,0.0
2037,-0.06007067276379099,0.09533252025687755,-0.3205127932098999,-0.046152172717589125,0.0,0.0,0.0,0.0,0.0,0.0
2038,-0.06889950446805135,0.06481489431349875,-0.2766006909046725,0.09432011671747971,0.0,0.0,0.0,0.0,0.0,0.0
2039,-0.07833083765762366,0.017086193180341776,-0.038355034900428804,0.021661556332576676,0.0,0.0,0.0,0.0,0.0,0.0
2040,-0.04473059352602466,0.02965082248047481,0.42761376297720455,-0.031757181465707364,0.0,0.0,0.0,0.0,0.0,0.0
2041,-0.08509364205952263,0.036239243401719516,-0.04405867339791388,0.011704047475977574,0.0,0.0,0.0,0.0,0.0,0.0
2042,-0.11424381685882949,0.14375709219249333,0.0377135858353137,0.02908762676219479,0.0,0.0,0.0,0.0,0.0,0.0
2043,-0.08210725652955891,-0.03338403935290633,-0.2818203332119607,0.011739462837278484,0.0,0.0,0.0,0.0,0.0,0.0
2044,-0.06006949296514534,-0.022332654471680115,-0.20575536731905364,0.10431220227290867,0.0,0.0,0.0,0.0,0.0,0.0
2045,0.015840431526016618,-0.2161215837630281,0.1897309251210003,-0.011148112252634878,0.0,0.0,0.0,0.0,0.0,0.0
2046,0.0015488608444657313,-0.16722211177365137,0.3153179738295743,-0.05033267986206778,0.0,0.0,0.0,0.0,0.0,0.0
2047,-0.06821204937887357,-0.1727621009339553,0.3504737697304274,0.010174667440640058,0.0,0.0,0.0,0.0,0.0,0.0
2048,-0.10289464980286128,0.17584805350502453,-0.02062876625881993,0.012419987012147892,0.0,0.0,0.0,0.0,0.0,0.0
2049,-0.08194825042755184,0.0723495945270114,-0.16265499178424836,-0.010312492196024292,0.0,0.0,0.0,0.0,0.0,0.0
2050,-0.09910095706073935,0.12897353911808468,-0.29043467418008906,-0.0033574911927571395,0.0,0.0,0.0,0.0,0.0,0.0
2051,-0.0950574451409877,0.08203846277327591,-0.01692018476691989,-0.01739942690984619,0.0,0.0,0.0,0.0,0.0,0.0
2052,-0.08915693873700858,0.04658774614966729,-0.03399166576108017,0.035276744155780734,0.0,0.0,0.0,0.0,0.0,0.0
2053,-0.08775387470210706,0.14759357747729235,-0.21124596130387183,-0.03515064048608912,0.0,0.0,0.0,0.0,0.0,0.0
2054,-0.09294666460094925,0.10087704602158046,0.10140831643784519,-0.08188085699637071,0.0,0.0,0.0,0.0,0.0,0.0
2055,-0.11509650678386626,0.18809192337315425,-0.22141010032100053,-0.009082777119394331,0.0,0.0,0.0,0.0,0.0,0.0
2056,-0.02480400553583947,-0.21067406529678806,0.37747664025558253,-0.028959133576411368,0.0,0.0,0.0,0.0,0.0,0.0
2057,-0.10857815534524635,0.17271927363987735,-0.19785184494095429,0.012796168534833955,0.0,0.0,0.0,0.0,0.0,0.0
2058,-0.08910535999913446,0.0023551929877640237,-0.1885774865501219,0.043224727582406156,0.0,0.0,0.0,0.0,0.0,0.0
2059,-0.0819739359372462,0.04613478239139064,-0.051992757180210146,0.008053948656317537,0.0,0.0,0.0,0.0,0.0,0.0
2060,-0.11985620420238344,0.19981959335763802,-0.2392372284643457,-0.013672955910307144,0.0,0.0,0.0,0.0,0.0,0.0
2061,-0.05500226277963247,-0.06569978587344744,0.443655836967584,-0.024290815448853288,0.0,0.0,0.0,0.0,0.0,0.0
2062,-0.04903207981071785,-0.1499579844558414,-0.1868643057707374,-0.017089777288151742,0.0,0.0,0.0,0.0,0.0,0.0
2063,-0.064446372804995,-0.03931631344870444,0.22982201672203068,-0.0225070409782569,0.0,0.0,0.0,0.0,0.0,0.0
2064,-0.10735396046003837,0.19087081411966278,-0.2600326416639547,0.010060830201678849,0.0,0.0,0.0,0.0,0.0,0.0
2065,-0.043853479495384616,0.0020569403604969103,-0.10185167694038388,0.03285558440905814,0.0,0.0,0.0,0.0,0.0,0.0
2066,-0.08528644867562862,0.03255982098690146,-0.2041277626199571,0.028221290727080017,0.0,0.0,0.0,0.0,0.0,0.0
2067,-0.08067453501661158,0.09691793845926736,-0.09254772118295887,-0.004610564059797681,0.0,0.0,0.0,0.0,0.0,0.0
2068,-0.04524752503071943,0.10423061717910213,-0.17672932499369393,0.023600712139577346,0.0,0.0,0.0,0.0,0.0,0.0
2069,-0.09522072853277112,0.01819397144606354,0.05199973342162982,0.08483552937485263,0.0,0.0,0.0,0.0,0.0,0.0
2070,-0.1218608055882634,0.12284881962434809,-0.11147229210363178,-0.008951674529693563,0.0,0.0,0.0,0.0,0.0,0.0
2071,-0.07169898150334007,0.3014245703010748,0.307256992434257,0.08146358519282249,0.0,0.0,0.0,0.0,0.0,0.0
2072,-0.09207503273984147,0.06638301619195673,-0.19748727466809265,-0.0032767785309482586,0.0,0.0,0.0,0.0,0.0,0.0
2073,-0.04434696453109974,0.007637042327279673,0.2291452116062787,-0.1305077160495478,0.0,0.0,0.0,0.0,0.0,0.0
2074,-0.012090179209632694,-0.06591449579805797,0.07038004303588298,0.08535679258136639,0.0,0.0,0.0,0.0,0.0,0.0
2075,0.030386356129910724,-0.22919195225657202,0.4914207658271224,-0.11871677658397556,0.0,0.0,0.0,0.0,0.0,0.0
2076,-0.0507144749558612,-0.033377165496730477,0.12290654240006076,-0.030185247289321655,0.0,0.0,0.0,0.0,0.0,0.0
2077,-0.037943421359689596,-0.06391848936977285,-0.3300046220325009,0.05929046369800826,0.0,0.0,0.0,0.0,0.0,0.0
2078,-0.12585216355769513,0.19347867341789923,-0.11400207618200901,0.033198874621407054,0.0,0.0,0.0,0.0,0.0,0.0
2079,-0.046660972999130156,-0.038965273231565685,0.15252430553500845,-0.06483376069579995,0.0,0.0,0.0,0.0,0.0,0.0
2080,0.03804484218634174,-0.19361250945852734,0.6213156972117396,-0.11647799099801892,0.0,0.0,0.0,0.0,0.0,0.0
2081,-0.0975577249915194,0.09469267652985891,-0.15187903782374557,0.08993216345428957,0.0,0.0,0.0,0.0,0.0,0.0
2082,-0.07828805242091501,0.11113119087002955,-0.06571779934255749,0.0016139625048140274,0.0,0.0,0.0,0.0,0.0,0.0
2083,-0.09174983848283741,0.10730213186616559,-0.35160233245011074,0.05322672944574577,0.0,0.0,0.0,0.0,0.0,0.0
2084,0.06561754244976319,-0.1634538777690997,0.3023966092290431,-0.03596727646379711,0.0,0.0,0.0,0.0,0.0,0.0
2085,-0.0665190343690447,0.012819964723264455,0.01491996745814323,-0.036557078493857226,0.0,0.0,0.0,0.0,0.0,0.0
2086,0.03219677098804969,-0.17295720871196174,0.9481711549385453,-0.10942499152542326,0.0,0.0,0.0,0.0,0.0,0.0
2087,-0.10783413428351224,0.10103214535427069,-0.17184947954374324,-0.012796567066413215,0.0,0.0,0.0,0.0,0.0,0.0
2088,-0.12729467863268207,0.19989788191984617,-0.21085001813703447,0.025279436634652673,0.0,0.0,0.0,0.0,0.0,0.0
2089,-0.08253338105773453,-0.04521954088988671,0.011750080786388315,-0.005166044012137106,0.0,0.0,0.0,0.0,0.0,0.0
2090,-0.0881663621680557,0.153450365649163,-0.16464833735517714,0.0138436837754806,0.0,0.0,0.0,0.0,0.0,0.0
2091,-0.09698710941121301,0.055252979127624106,-0.1827672909021908,-0.017590375038570156,0.0,0.0,0.0,0.0,0.0,0.0
2092,-0.11806545165929495,0.14658378756186985,-0.15246226075346533,-0.009177944103000886,0.0,0.0,0.0,0.0,0.0,0.0
2093,0.03778599435057864,-0.4259143199103578,1.0901704131557608,-0.019427134524119698,0.0,0.0,0.0,0.0,0.0,0.0
2094,-0.05353321920379028,-0.09397133630820394,0.43196495684501646,-0.0642671827152953,0.0,0.0,0.0,0.0,0.0,0.0
2095,-0.06407548058955592,0.08662380037453925,-0.028099625019296404,-0.008524831644273699,0.0,0.0,0.0,0.0,0.0,0.0
2096,-0.10096167936766744,0.08138357934924212,-0.05986224170099694,0.07743407750821074,0.0,0.0,0.0,0.0,0.0,0.0
2097,-0.04952573306856792,-0.008988071147883496,0.059426876566407966,0.1204844391947433,0.0,0.0,0.0,0.0,0.0,0.0
2098,-0.08178331024087536,0.03270404518320083,-0.19297695098220172,0.008851884508297457,0.0,0.0,0.0,0.0,0.0,0.0
2099,-0.0927435986039705,0.15982008523721072,0.008840060321429404,0.029233066966072425,0.0,0.0,0.0,0.0,0.0,0.0
2100,-0.014634216670007109,-0.17337818077289344,-0.049593262957651325,-0.07786225151343779,0.0,0.0,0.0,0.0,0.0,0.0
2101,-0.004130264204857284,-0.11711151368600464,0.03729151821701528,-0.08100420750729771,0.0,0.0,0.0,0.0,0.0,0.0
2102,-0.0377144180039996,-0.2201012868163767,-0.05071187361404478,0.054077358521312735,0.0,0.0,0.0,0.0,0.0,0.0
2103,-0.10807858959254468,0.15709934481315752,-0.024389332391008257,0.012794369895401293,0.0,0.0,0.0,0.0,0.0,0.0
2104,-0.0904903522058765,-0.0004419192360190921,-0.32995392169406645,0.1250828711624214,0.0,0.0,0.0,0.0,0.0,0.0
2105,-0.1201290801637242,0.08943472709885035,-0.3147253370344215,0.07572631776899026,0.0,0.0,0.0,0.0,0.0,0.0
2106,-0.1257818691504753,0.23065083423054455,-0.18692760909092027,0.04452283445358316,0.0,0.0,0.0,0.0,0.0,0.0
2107,-0.1241847038575107,0.16565426059051275,-0.1707924319526204,0.003800866679594397,0.0,0.0,0.0,0.0,0.0,0.0
2108,-0.12513944996608742,0.24281736340327903,-0.2724376326735457,0.018356829760982334,0.0,0.0,0.0,0.0,0.0,0.0
2109,-0.13180084125412553,0.21333376731713619,-0.18820226502716433,-0.022290427795267454,0.0,0.0,0.0,0.0,0.0,0.0
2110,-0.12830299805674722,0.18301932022463802,-0.33238179435827414,0.027606085726102136,0.0,0.0,0.0,0.0,0.0,0.0
2111,-0.10524951348000827,0.14684212832225638,0.03171377116208108,0.026420085898082056,0.0,0.0,0.0,0.0,0.0,0.0
2112,1.5841641031693845,-2.2660308385028096,1.7547013398767792,-2.35327686897953,0.0,0.0,0.0,0.0,0.0,0.0
2113,-0.05932272859760846,-0.013992903718852713,-0.034834403463860394,-0.02680457934226064,0.0,0.0,0.0,0.0,0.0,0.0
2114,0.2989937644699313,-1.0300440253640284,1.0548424784515644,-0.3536794101367638,0.0,0.0,0.0,0.0,0.0,0.0
2115,0.623331293439352,-1.843118566268049,0.9466464087391299,-0.5495078193937374,0.0,0.0,0.0,0.0,0.0,0.0
2116,-0.10391897702366784,0.2082702313589498,-0.13683242014327282,0.022172708931200633,0.0,0.0,0.0,0.0,0.0,0.0
2117,0.18291962718742794,-0.9777624753011752,-0.4361533997360812,-0.2338661573443938,0.0,0.0,0.0,0.0,0.0,0.0
2118,-0.11058306081405468,0.17540822245895973,-0.278960951495363,-0.009294029256895613,0.0,0.0,0.0,0.0,0.0,0.0
2119,0.0982090704521674,-0.3575309165769846,0.28885804687465966,-0.15011138162889334,0.0,0.0,0.0,0.0,0.0,0.0
2120,-0.08039634154514837,0.09305899043523364,-0.40404589070718344,0.10974960855375915,0.0,0.0,0.0,0.0,0.0,0.0
2121,-0.12357515703955824,0.24747073761850752,-0.2338250928560177,0.001940911912223125,0.0,0.0,0.0,0.0,0.0,0.0
2122,-0.09261788902842732,0.030331923335944963,-0.505514673751385,0.10777778061833576,0.0,0.0,0.0,0.0,0.0,0.0
2123,-0.10971844471957848,0.12326677227143762,-0.09772436994054691,-0.020833597167410525,0.0,0.0,0.0,0.0,0.0,0.0
2124,-0.08303968950807324,0.08449707729972146,-0.10230472884512326,-0.02751100669679592,0.0,0.0,0.0,0.0,0.0,0.0
2125,-0.07725002115113268,-0.048555268362324974,-0.5828464939634838,0.1578508189632099,0.0,0.0,0.0,0.0,0.0,0.0
2126,-0.0842498804972762,0.12082035267666635,-0.28824895465576456,0.060260569616659855,0.0,0.0,0.0,0.0,0.0,0.0
2127,-0.08433425118224025,0.08725239433343439,-0.39127397733151936,0.014764098261891408,0.0,0.0,0.0,0.0,0.0,0.0
2128,-0.09667303454008737,0.1409813085929356,-0.2438437188053134,-0.02008920082304338,0.0,0.0,0.0,0.0,0.0,0.0
2129,-0.10565984276475315,0.06295528304770098,-0.21339318803669702,0.017653372331303627,0.0,0.0,0.0,0.0,0.0,0.0
2130,-0.07723311914462579,0.05332929005565562,0.24233375782692515,-0.07394574847059555,0.0,0.0,0.0,0.0,0.0,0.0
2131,-0.10775674371547794,0.08940633403008,-0.2943841457839402,0.03633019395234163,0.0,0.0,0.0,0.0,0.0,0.0
2132,-0.07305728553036196,0.03345044095531842,-0.49701273312692124,0.15798270165869674,0.0,0.0,0.0,0.0,0.0,0.0
2133,-0.0953457101958731,0.1446988251325545,-0.2476646309678774,0.06390964175711136,0.0,0.0,0.0,0.0,0.0,0.0
2134,-0.04797367012313836,0.12074156245138316,-0.2492293628145801,0.1272078000322271,0.0,0.0,0.0,0.0,0.0,0.0
2135,-0.05803654120013673,0.055566226307943396,0.12039905955284745,-0.013161615491319702,0.0,0.0,0.0,0.0,0.0,0.0
2136,-0.021020609462792463,-0.01457622704913369,-0.1778566373361554,-0.0508070619177875,0.0,0.0,0.0,0.0,0.0,0.0
2137,-0.0673231500086236,-0.058718428352898,-0.08022781083515759,0.04738024903191628,0.0,0.0,0.0,0.0,0.0,0.0
2138,-0.07093045445250717,0.004803121537482428,0.04843477280466405,0.004017234209030753,0.0,0.0,0.0,0.0,0.0,0.0
2139,-0.07194668798995855,0.1312048088480898,-0.21525364431057575,0.04653157932553536,0.0,0.0,0.0,0.0,0.0,0.0
2140,-0.1205300262991341,0.20362975758297736,-0.2571111779670501,0.07447654847682329,0.0,0.0,0.0,0.0,0.0,0.0
2141,-0.08793307809706874,0.061836260017189434,-0.1341394692403745,-0.026657674335096627,0.0,0.0,0.0,0.0,0.0,0.0
2142,-0.11426665225591304,0.1653299478058671,-0.3852512412965581,0.07129848738259977,0.0,0.0,0.0,0.0,0.0,0.0
2143,-0.11425257253877089,0.2274870437543159,-0.21262797542756973,-0.03085659155363776,0.0,0.0,0.0,0.0,0.0,0.0
2144,-0.12677716541436324,0.1726891532768281,-0.4503287241047473,0.09023834948138235,0.0,0.0,0.0,0.0,0.0,0.0
2145,-0.06727334492338471,-0.008120002092987405,-0.2203106198823372,0.09071436242839155,0.0,0.0,0.0,0.0,0.0,0.0
2146,-0.06157925415144223,0.09024939056151166,0.11634663845148095,-0.021897548120733898,0.0,0.0,0.0,0.0,0.0,0.0
2147,-0.049614253056132915,0.04457269520672004,-0.19937155785726987,0.025623549329288148,0.0,0.0,0.0,0.0,0.0,0.0
2148,-0.11100718296701947,0.14663518447042279,-0.25538769787063964,-0.03621571299133011,0.0,0.0,0.0,0.0,0.0,0.0
2149,-0.09603081513198951,0.11436822664514161,-0.1905493071845503,0.006250316431904729,0.0,0.0,0.0,0.0,0.0,0.0
2150,-0.1056091763242329,0.15113574799066096,-0.12185939914411191,0.007778820679920668,0.0,0.0,0.0,0.0,0.0,0.0
2151,-0.09315181536605674,0.0666909100163924,-0.3455430233306919,0.10031261111426001,0.0,0.0,0.0,0.0,0.0,0.0
2152,-0.07285685333248464,-0.0632515168713287,-0.4670128071347032,0.09624621501684379,0.0,0.0,0.0,0.0,0.0,0.0
2153,-0.03054713571778222,-0.06655609262300999,-0.09777189481329814,-0.06610590077890663,0.0,0.0,0.0,0.0,0.0,0.0
2154,-0.10452192307360929,0.19268439302964668,-0.20237455995204373,0.012786402471165382,0.0,0.0,0.0,0.0,0.0,0.0
2155,-0.05620844512300784,0.025707964417366905,0.07373622372942079,-0.08045140790776834,0.0,0.0,0.0,0.0,0.0,0.0
2156,-0.09590090769521539,0.08044801700353896,0.1864054578086281,-0.0033629266802941626,0.0,0.0,0.0,0.0,0.0,0.0
2157,-0.12293182799682212,0.1745572699704287,-0.403331408934822,0.08914221002796774,0.0,0.0,0.0,0.0,0.0,0.0
2158,-0.1017558917885868,0.09648080808938894,-0.16955420807551227,-0.01896215511495338,0.0,0.0,0.0,0.0,0.0,0.0
2159,-0.12521934282106156,0.2453646730336024,-0.3145414475644603,-0.0086041282713669,0.0,0.0,0.0,0.0,0.0,0.0
2160,-0.1079802308023471,0.2496906536374558,-0.08580432627706494,-0.08570968150592889,0.0,0.0,0.0,0.0,0.0,0.0
2161,-0.09267559937545873,0.11022533991607605,-0.22550305018552882,0.05930136199274184,0.0,0.0,0.0,0.0,0.0,0.0
2162,-0.06874018934288373,-0.03566416199085961,-0.17437608213597097,0.06858753201455597,0.0,0.0,0.0,0.0,0.0,0.0
2163,-0.11960709204846659,0.2279171587399636,-0.4307127044229785,0.123654847087904,0.0,0.0,0.0,0.0,0.0,0.0
2164,-0.09098915323004826,0.0996106580110993,-0.3118602703807736,0.08696354542914243,0.0,0.0,0.0,0.0,0.0,0.0
2165,-0.07386783629692573,0.09076044077824816,0.08017015176862256,0.06769557013123187,0.0,0.0,0.0,0.0,0.0,0.0
2166,-0.12161453044839109,0.20313506043870452,-0.3197287495610552,0.01855719447765278,0.0,0.0,0.0,0.0,0.0,0.0
2167,-0.11466432655332824,0.1709890228305471,-0.3942559254825538,0.08554020685397923,0.0,0.0,0.0,0.0,0.0,0.0
2168,-0.10592511783289106,0.10504343222127663,-0.40227427228992796,0.06214848528313994,0.0,0.0,0.0,0.0,0.0,0.0
2169,-0.01651606265982302,-0.18245378507022203,0.1674164597921978,-0.007081200647185721,0.0,0.0,0.0,0.0,0.0,0.0
2170,-0.10870317286817918,0.17700036601563013,-0.15773757783786474,0.0026113612890639472,0.0,0.0,0.0,0.0,0.0,0.0
2171,0.12809529954493487,-0.26226883274200696,0.5277813818395862,-0.03864407542687118,0.0,0.0,0.0,0.0,0.0,0.0
2172,-0.07257237794643065,0.12514291767222002,-0.19409523402767637,0.011192014871298884,0.0,0.0,0.0,0.0,0.0,0.0
2173,-0.05721117557809171,0.07563812193632072,-0.17598864724456728,0.010639367133985984,0.0,0.0,0.0,0.0,0.0,0.0
2174,-0.09423184815025669,0.18090790604662393,-0.2618681332323416,-0.020649250970245118,0.0,0.0,0.0,0.0,0.0,0.0
2175,0.014822909821755532,-0.05698892889396609,0.649735112654937,-0.10563634721033464,0.0,0.0,0.0,0.0,0.0,0.0
2176,-0.1090921054466953,0.17426974619055785,-0.2669326195480893,-0.04431963156462131,0.0,0.0,0.0,0.0,0.0,0.0
2177,-0.0966291583747188,0.006463524504172339,-0.4130624357485245,0.10415783735018859,0.0,0.0,0.0,0.0,0.0,0.0
2178,-0.08962121159907412,-0.013465630438904128,-0.187551547884945,0.053174953012466414,0.0,0.0,0.0,0.0,0.0,0.0
2179,-0.11388034122696983,0.15709850801756234,-0.16384560967290193,-0.037694219247207186,0.0,0.0,0.0,0.0,0.0,0.0
2180,-0.05052397917474298,-0.00371600113903219,0.06712452332968874,-0.02535837730998672,0.0,0.0,0.0,0.0,0.0,0.0
2181,-0.1030387380726742,0.19076541316211026,0.05772502826301329,-0.035013933795445165,0.0,0.0,0.0,0.0,0.0,0.0
2182,-0.08634373805534606,0.12656174911417128,-0.12456754017656271,-0.05796891921692344,0.0,0.0,0.0,0.0,0.0,0.0
2183,0.25932400774869974,-0.6166476863748238,2.4175997344150626,-0.3680212888597692,0.0,0.0,0.0,0.0,0.0,0.0
2184,-0.13486964161527387,0.20854421143201843,-0.4425169544569207,0.059264029807337935,0.0,0.0,0.0,0.0,0.0,0.0
2185,-0.1148294548143675,0.110950708115474,-0.282650804725451,0.08315054089574087,0.0,0.0,0.0,0.0,0.0,0.0
2186,-0.11671743930776661,0.14818857994683596,-0.440916629996317,0.09776285038380236,0.0,0.0,0.0,0.0,0.0,0.0
2187,-0.11575871245298797,0.15615072255293325,-0.11885684140758193,0.012661092231502085,0.0,0.0,0.0,0.0,0.0,0.0
2188,-0.1101080754266559,0.12250404190268639,-0.2455886215404688,0.09113732132616238,0.0,0.0,0.0,0.0,0.0,0.0
2189,-0.1074329369654959,-0.0001584204077390082,-0.3176273368825447,0.06274480770194425,0.0,0.0,0.0,0.0,0.0,0.0
2190,-0.07178892876353296,0.11161075830216671,-0.14339911834802732,-0.0221978521720827,0.0,0.0,0.0,0.0,0.0,0.0
2191,-0.07384138463058687,0.12088984217282292,-0.13613999435310223,0.03163396121286725,0.0,0.0,0.0,0.0,0.0,0.0
2192,-0.08583285641907057,0.11608659045057827,-0.12726076546890927,0.011925867301113842,0.0,0.0,0.0,0.0,0.0,0.0
2193,-0.07877022000898697,-0.05199497360761643,-0.5269044265729474,0.18537105377351645,0.0,0.0,0.0,0.0,0.0,0.0
2194,-0.12176733789239273,0.15441295833208785,-0.46143248031979645,0.07794713235856454,0.0,0.0,0.0,0.0,0.0,0.0
2195,-0.088213313937212,0.007850727883838572,-0.40777004280130247,0.16711032962526667,0.0,0.0,0.0,0.0,0.0,0.0
2196,-0.05028896358963794,-0.013228195225523043,-0.06196251380087885,-0.11991915880161379,0.0,0.0,0.0,0.0,0.0,0.0
2197,-0.1350073935938547,0.18352607285976297,-0.4045698970538499,0.08055312071288404,0.0,0.0,0.0,0.0,0.0,0.0
2198,-0.0889834555827646,0.044947197906993704,-0.16415838518388834,0.032935535961683325,0.0,0.0,0.0,0.0,0.0,0.0
2199,-0.10816145006739737,0.1437312432014297,0.014225056556061455,-0.03194263422654041,0.0,0.0,0.0,0.0,0.0,0.0
2200,-0.0927983457318937,0.13781430806393816,-0.29373166455143973,0.06256174177413631,0.0,0.0,0.0,0.0,0.0,0.0
2201,-0.0722705046322638,0.1731584011046236,0.1016146980746941,-0.07922024997862104,0.0,0.0,0.0,0.0,0.0,0.0
2202,-0.12137737408846244,0.14363967628731814,-0.3841030888593439,0.07955850448159486,0.0,0.0,0.0,0.0,0.0,0.0
2203,-0.08461700100543619,0.04362517734999237,-0.11986228147460096,-0.021264962562543902,0.0,0.0,0.0,0.0,0.0,0.0
2204,-0.10146693817016691,0.08458855640667427,-0.3188951900647362,0.05700323719340447,0.0,0.0,0.0,0.0,0.0,0.0
2205,-0.0927944181113947,0.13614864489547676,-0.37914944941140283,0.09066456499108835,0.0,0.0,0.0,0.0,0.0,0.0
2206,-0.060517058354705965,-0.11902605982984465,-0.36060638706692266,0.12960661494433112,0.0,0.0,0.0,0.0,0.0,0.0
2207,-0.10762563976323815,0.21948436830073637,-0.3588908687694043,0.04711468111771873,0.0,0.0,0.0,0.0,0.0,0.0
2208,-0.07265956699420151,-0.02866474887083471,-0.4175465089727281,0.07861894783792862,0.0,0.0,0.0,0.0,0.0,0.0
2209,-0.1262933053189852,0.21710171711925666,-0.2983283009775828,-0.023992845697999657,0.0,0.0,0.0,0.0,0.0,0.0
2210,-0.059210238827565626,0.09959637623630485,0.09667112304155011,0.047572760575172394,0.0,0.0,0.0,0.0,0.0,0.0
2211,-0.10751561989052773,0.14279222706289157,-0.29051953075629855,0.07617657445411827,0.0,0.0,0.0,0.0,0.0,0.0
2212,-0.10270755385938822,0.0962987526810181,-0.22689819157624477,0.06403009632572326,0.0,0.0,0.0,0.0,0.0,0.0
2213,-0.11909414741297016,0.2662197920021756,-0.1858014564969772,-0.06518253106977266,0.0,0.0,0.0,0.0,0.0,0.0
2214,-0.12928171002026106,0.20031091021906353,-0.2319515427674586,0.028214896434746294,0.0,0.0,0.0,0.0,0.0,0.0
2215,-0.08685159218314972,0.12606083726508877,-0.16478964436758153,0.06889044275995986,0.0,0.0,0.0,0.0,0.0,0.0
2216,-0.10940369188668528,0.1213066437520927,-0.1048415370104684,0.07990804021699882,0.0,0.0,0.0,0.0,0.0,0.0
2217,-0.11222514530947142,0.12697396883929518,-0.21331394865479297,0.030327740379805148,0.0,0.0,0.0,0.0,0.0,0.0
2218,-0.09640748025790326,0.12275775693284675,-0.33443540502075625,0.09241097290167284,0.0,0.0,0.0,0.0,0.0,0.0
2219,-0.11676367656934006,0.2595236234879471,0.031135576995253527,-0.014318974550173386,0.0,0.0,0.0,0.0,0.0,0.0
2220,-0.1129571719879085,0.1659910643387195,-0.18454137264629902,-0.02534964812052639,0.0,0.0,0.0,0.0,0.0,0.0
2221,-0.10585048338769655,0.11299789614887415,-0.3373676722479436,0.10522411814251825,0.0,0.0,0.0,0.0,0.0,0.0
2222,-0.10655835206398041,0.08380821741548682,-0.3221910633318349,0.07473435934026255,0.0,0.0,0.0,0.0,0.0,0.0
2223,-0.10300133731283215,0.0799238441691317,-0.09492579505052216,0.002576145473759272,0.0,0.0,0.0,0.0,0.0,0.0
2224,4.949668526829704,-13.168949449408887,-2.0978273095712883,0.24561143526882237,0.0,0.0,0.0,0.0,0.0,0.0
2225,-0.004959380582581143,0.06335706673562475,0.19684006973124848,-0.12600477903962312,0.0,0.0,0.0,0.0,0.0,0.0
2226,-0.0008636931466971411,0.04090382002783781,0.2581950808230206,-0.025807382461419996,0.0,0.0,0.0,0.0,0.0,0.0
2227,0.056353228413049926,-0.20569407698337977,0.40814172344499977,-0.1815878480716655,0.0,0.0,0.0,0.0,0.0,0.0
2228,0.021717426118770533,-0.16924700012496444,0.08663857460137396,-0.022723816869003776,0.0,0.0,0.0,0.0,0.0,0.0
2229,0.10996392749949715,-0.03744530536262114,0.8716102988560372,-0.19693492913162292,0.0,0.0,0.0,0.0,0.0,0.0
2230,0.04717783224116428,0.0609729305206385,0.15472160254194176,-0.12058910341601514,0.0,0.0,0.0,0.0,0.0,0.0
2231,0.06248175568776665,-0.027951117387042076,1.1023159961369438,-0.17636835801741513,0.0,0.0,0.0,0.0,0.0,0.0
2232,-0.05462309370793146,0.045834952101268873,-0.12404985033158147,-0.01989697345666816,0.0,0.0,0.0,0.0,0.0,0.0
2233,0.235494057576071,-0.7603649361742293,-0.6067030942652729,0.019445885574057874,0.0,0.0,0.0,0.0,0.0,0.0
2234,0.10530338822523629,-0.37108912501359576,0.11875882325985576,-0.20316468293725623,0.0,0.0,0.0,0.0,0.0,0.0
2235,0.15778242143924254,-0.9032254272313948,-0.5619750634814686,0.029358294128212083,0.0,0.0,0.0,0.0,0.0,0.0
2236,0.08383011231101357,-0.3289696442099395,-0.6052998679555184,-0.0367880790137992,0.0,0.0,0.0,0.0,0.0,0.0
2237,0.6394011551670669,-2.6947887521460907,-1.3383477565857747,0.3483427825274103,0.0,0.0,0.0,0.0,0.0,0.0
2238,-0.04017947067825068,-0.024382674706424943,-0.07371079899485405,-0.003853599467037595,0.0,0.0,0.0,0.0,0.0,0.0
2239,0.04817174424449512,-0.295376276071421,-0.21027429399533393,-0.170239490679056,0.0,0.0,0.0,0.0,0.0,0.0
2240,0.09541254174969928,-0.634454421015217,-0.01408374939496566,0.07870598196193905,0.0,0.0,0.0,0.0,0.0,0.0
2241,0.08384481574795004,-0.2449656014533864,-0.7738774432706138,-0.09039033424608069,0.0,0.0,0.0,0.0,0.0,0.0
2242,-0.06152112388656177,0.14069044572659498,-0.003943956329022923,-0.018805343729498304,0.0,0.0,0.0,0.0,0.0,0.0
2243,0.12156757385763652,-0.6894059768330384,-1.165909204456519,0.2964813671844117,0.0,0.0,0.0,0.0,0.0,0.0
2244,-0.0494018320466491,-0.1710755782293443,-0.2810562691523335,-0.009263421380569733,0.0,0.0,0.0,0.0,0.0,0.0
2245,0.06218161260628957,-0.17738694552835774,0.28600415118437494,-0.09519596532670999,0.0,0.0,0.0,0.0,0.0,0.0
2246,0.151313606419528,-0.4853868684555828,0.14718761862763713,-0.04053300274645616,0.0,0.0,0.0,0.0,0.0,0.0
2247,-0.04191873816616052,-0.0003744004940071166,0.1021807954387642,-0.039481671207722654,0.0,0.0,0.0,0.0,0.0,0.0
2248,-0.12508057071101356,0.21238938510465463,-0.1779246862520984,-0.020351527748949393,0.0,0.0,0.0,0.0,0.0,0.0
2249,-0.04715303343228695,0.047363542580823585,0.12596136923568296,-0.03112344355481432,0.0,0.0,0.0,0.0,0.0,0.0
2250,-0.07637258243037175,0.027917019075366874,-0.05273247511899191,0.012960621339889615,0.0,0.0,0.0,0.0,0.0,0.0
2251,-0.10808267045208052,0.09072957420963096,0.07273151579444564,0.01308954245101468,0.0,0.0,0.0,0.0,0.0,0.0
2252,0.006563260441586281,-0.041966637855911156,0.08392950308757977,-0.10438438185074378,0.0,0.0,0.0,0.0,0.0,0.0
2253,-0.13517339162168995,0.2433075014248746,-0.24797249137779587,0.038033802618963906,0.0,0.0,0.0,0.0,0.0,0.0
2254,-0.09155782535904752,0.05444969451735442,-0.028987461162420902,-0.015790839589977696,0.0,0.0,0.0,0.0,0.0,0.0
2255,-0.11717548537096498,0.24724640861426686,-0.002066940685289525,-0.049617764697141485,0.0,0.0,0.0,0.0,0.0,0.0
2256,-0.06744924330336521,0.10946599296986079,0.10251021469512211,-0.026070812472912475,0.0,0.0,0.0,0.0,0.0,0.0
2257,-0.037511723518538063,-0.12280006908583913,0.0003414317423326967,-0.02712221303684214,0.0,0.0,0.0,0.0,0.0,0.0
2258,-0.09606292463971981,0.024195356485184193,0.19347879276511198,-0.04421335670508264,0.0,0.0,0.0,0.0,0.0,0.0
2259,-0.12631086569992384,0.20370189850478498,-0.08954422231738773,-0.0026116911878813916,0.0,0.0,0.0,0.0,0.0,0.0
2260,-0.013658412657581878,-0.13861650658692523,-0.009542413328838508,-0.01644147604879685,0.0,0.0,0.0,0.0,0.0,0.0
2261,-0.14801501972264142,0.26171063387752574,-0.19230970014253157,0.02252043262346322,0.0,0.0,0.0,0.0,0.0,0.0
2262,-0.1396591913798539,0.28946117424191203,-0.16960516422045263,-0.010135296409167603,0.0,0.0,0.0,0.0,0.0,0.0
2263,-0.07771549755812578,-0.0531413181535099,0.10635065825825842,-0.01189665706778127,0.0,0.0,0.0,0.0,0.0,0.0
2264,-0.037968004161413035,0.059443984273102914,-0.017844097109254924,-0.0497609768722018,0.0,0.0,0.0,0.0,0.0,0.0
2265,-0.1291123878128935,0.213417070974902,-0.14492650109796784,0.0002204455607101626,0.0,0.0,0.0,0.0,0.0,0.0
2266,-0.030563637388133315,-0.1329931687791561,-0.0009529490633562441,0.1545098254020727,0.0,0.0,0.0,0.0,0.0,0.0
2267,-0.07963095407804369,0.15220684159991962,-0.27452320507357064,0.030692398190759362,0.0,0.0,0.0,0.0,0.0,0.0
2268,-0.08528043424036914,-0.10417606421014954,0.17691829124951747,0.050227100097977775,0.0,0.0,0.0,0.0,0.0,0.0
2269,-0.0459255546469717,0.03487101502362368,-0.4091203771797518,0.04977665459700501,0.0,0.0,0.0,0.0,0.0,0.0
2270,-0.1391208669446112,0.26107476749910435,-0.15473212058102162,0.00259100432132602,0.0,0.0,0.0,0.0,0.0,0.0
2271,-0.07052977219294446,0.05927527911818809,-0.33576876113419307,0.1104558925195956,0.0,0.0,0.0,0.0,0.0,0.0
2272,-0.08056278453680665,0.07320966681290592,0.030515385680777225,-0.03874276928930967,0.0,0.0,0.0,0.0,0.0,0.0
2273,-0.063693671910243,0.04483353087316418,0.06455311110336347,-0.02215670985714153,0.0,0.0,0.0,0.0,0.0,0.0
2274,0.03836391190773358,-0.08839118166128447,-0.04271248560444568,-0.17502678756756526,0.0,0.0,0.0,0.0,0.0,0.0
2275,0.01528626354663118,-0.009812149628554792,0.18547127996436605,-0.13405907931170696,0.0,0.0,0.0,0.0,0.0,0.0
2276,-0.12185684295640672,0.18773713532459962,-0.16472043776458245,-0.01668826130566051,0.0,0.0,0.0,0.0,0.0,0.0
2277,0.03990504633879004,-0.13912674963752597,0.04888965247102426,-0.1413158462052315,0.0,0.0,0.0,0.0,0.0,0.0
2278,-0.1181810805301656,0.15819359010995312,-0.1366771422626429,0.01139561582429092,0.0,0.0,0.0,0.0,0.0,0.0
2279,-0.10386391377393882,0.20778720091926034,-0.04805658795524397,0.018096424002340912,0.0,0.0,0.0,0.0,0.0,0.0
2280,-0.038375086978268594,0.18172422904906743,0.27505449778735336,0.016752232031261482,0.0,0.0,0.0,0.0,0.0,0.0
2281,-0.07554084758011208,0.05970728570944807,0.02367601848347856,0.027126568236403106,0.0,0.0,0.0,0.0,0.0,0.0
2282,-0.09107961704724636,0.09468026568707874,0.13048636801157693,0.031232750769457848,0.0,0.0,0.0,0.0,0.0,0.0
2283,-0.1314281944429681,0.26253642910188674,-0.25947631445048214,-0.008240329733869648,0.0,0.0,0.0,0.0,0.0,0.0
2284,-0.026441683790049707,0.17734118621624587,0.40845281927666316,-0.08164445123930654,0.0,0.0,0.0,0.0,0.0,0.0
2285,-0.034128406966985526,-0.14540485536102604,0.1716009414436937,-0.0640358979441009,0.0,0.0,0.0,0.0,0.0,0.0
2286,-0.15223956738169211,0.2781751269012306,-0.3249459561660512,0.03760321550015458,0.0,0.0,0.0,0.0,0.0,0.0
2287,-0.12525865458577967,0.20796754182502644,-0.006647427405513279,0.0006825009876557771,0.0,0.0,0.0,0.0,0.0,0.0
2288,-0.05426381377551462,-0.08946657462235891,0.07790111069898568,-0.08923500937922016,0.0,0.0,0.0,0.0,0.0,0.0
2289,-0.05591487684293527,0.01630014479757037,-0.04705977227010248,-0.035088116922359996,0.0,0.0,0.0,0.0,0.0,0.0
2290,-0.03580072345976667,-0.07456402662499717,0.008883613921787057,0.0351241680377838,0.0,0.0,0.0,0.0,0.0,0.0
2291,0.0579380099937863,-0.29160916927038055,0.14917996847839587,-0.1274988127528708,0.0,0.0,0.0,0.0,0.0,0.0
2292,-0.06263451512108362,0.11641256793294302,0.19418150588199767,-0.0723319310887293,0.0,0.0,0.0,0.0,0.0,0.0
2293,-0.1299290299991594,0.2299211874410732,-0.1296732663348656,0.0054485463991416115,0.0,0.0,0.0,0.0,0.0,0.0
2294,-0.06521811181067602,0.06896849550806011,0.2641283121388481,-0.06705192300495644,0.0,0.0,0.0,0.0,0.0,0.0
2295,-0.07926343505581514,0.12143906910255774,-0.13273656036239284,0.01353427045200095,0.0,0.0,0.0,0.0,0.0,0.0
2296,-0.08565935258140185,0.08543326118323806,-0.026279713494004226,-0.029065876094148017,0.0,0.0,0.0,0.0,0.0,0.0
2297,-0.08459711158958198,0.08964338449633669,0.13133173334616113,0.053847005125196565,0.0,0.0,0.0,0.0,0.0,0.0
2298,-0.10363428958302016,0.31426195160457393,-0.09909740286450817,-0.0281720355469567,0.0,0.0,0.0,0.0,0.0,0.0
2299,-0.11811373821809193,0.20628586466172813,-0.06351678411881242,-0.04575755609605572,0.0,0.0,0.0,0.0,0.0,0.0
2300,-0.12698206081711466,0.2164779428884339,-0.27363265991509816,0.002630026931890055,0.0,0.0,0.0,0.0,0.0,0.0
2301,0.012157041419174723,-0.10022949526464156,0.40608455925587233,-0.06498368203255307,0.0,0.0,0.0,0.0,0.0,0.0
2302,-0.03589200907938593,0.027172084919798306,0.31982856142753463,-0.04169352379408942,0.0,0.0,0.0,0.0,0.0,0.0
2303,-0.13540466895757033,0.21263665727969314,-0.10560222999867619,0.022045153894629833,0.0,0.0,0.0,0.0,0.0,0.0
2304,-0.1147929605380031,0.18638185701460483,-0.30790493201827857,0.1262259073987366,0.0,0.0,0.0,0.0,0.0,0.0
2305,-0.04434686708564907,0.016660285423319855,-0.07890044579180065,-0.037403669802085086,0.0,0.0,0.0,0.0,0.0,0.0
2306,-0.1362547079365364,0.21449561436219253,-0.0787004593857724,-0.017941583553533393,0.0,0.0,0.0,0.0,0.0,0.0
2307,-0.07767106851965293,0.08836366751026899,0.1004239134783102,0.004556975324092359,0.0,0.0,0.0,0.0,0.0,0.0
2308,-0.10141786175815702,0.14344147665610088,-0.2414821312579223,0.04796771308433862,0.0,0.0,0.0,0.0,0.0,0.0
2309,-0.1253624091996172,0.2501422440618302,-0.13293374524489665,0.008870558296837392,0.0,0.0,0.0,0.0,0.0,0.0
2310,-0.07286206983576354,-0.049675347139076814,0.03364132140927277,-0.008287796737708764,0.0,0.0,0.0,0.0,0.0,0.0
2311,-0.12428629501366112,0.212698890760293,-0.21669290874083252,0.006076707939176565,0.0,0.0,0.0,0.0,0.0,0.0
2312,-0.10474762533368265,0.24643968009276782,0.04357393255922511,-0.05401367069772243,0.0,0.0,0.0,0.0,0.0,0.0
2313,-0.12072175917788514,0.2091815586641762,-0.10262465421375813,-0.010153203758057379,0.0,0.0,0.0,0.0,0.0,0.0
2314,-0.13008311033954265,0.27288346626391646,-0.20053853669138424,0.02880477569748487,0.0,0.0,0.0,0.0,0.0,0.0
2315,-0.13845416410213643,0.22246574909310157,-0.31577209787441984,0.04967944687235148,0.0,0.0,0.0,0.0,0.0,0.0
2316,-0.09913406162351986,0.17757192134773903,-0.15543097114724722,-0.02295651638935547,0.0,0.0,0.0,0.0,0.0,0.0
2317,-0.0685702030642591,-0.04886460104679286,-0.025963439923022188,-0.07708538751802142,0.0,0.0,0.0,0.0,0.0,0.0
2318,-0.11445591931850395,0.18352801638395796,-0.08575076959841303,-0.005984019097278713,0.0,0.0,0.0,0.0,0.0,0.0
2319,-0.06329342757107745,-0.004125805915338109,0.13956011659360898,0.016011566374333923,0.0,0.0,0.0,0.0,0.0,0.0
2320,0.03088595207751705,-0.21758519758414951,0.2412277535456421,-0.05183184289673296,0.0,0.0,0.0,0.0,0.0,0.0
2321,-0.06484107465841178,0.03159193108035813,-0.006031865455851565,-0.0122311760726465,0.0,0.0,0.0,0.0,0.0,0.0
2322,-0.035771253352494294,-0.12917798529579838,-0.07231361441060008,-0.02678986472299643,0.0,0.0,0.0,0.0,0.0,0.0
2323,-0.09554937895608509,0.10879169297984871,-0.18718479871183052,-0.01718308296508465,0.0,0.0,0.0,0.0,0.0,0.0
2324,-0.10753368152926111,0.1822521094928607,-0.02747656754335437,-0.007327048313747314,0.0,0.0,0.0,0.0,0.0,0.0
2325,-0.115691378889325,0.2220013796393448,-0.21828310223225134,-0.009783736417659778,0.0,0.0,0.0,0.0,0.0,0.0
2326,-0.12981191619089627,0.12685835729271883,-0.03349965176407449,0.0379305589220068,0.0,0.0,0.0,0.0,0.0,0.0
2327,-0.1184090440177481,0.20885067804965532,-0.11962114719385615,0.03450220260418201,0.0,0.0,0.0,0.0,0.0,0.0
2328,2.4706739374686713,-5.468486546444224,-0.7223848787441318,-0.7829882912430751,0.0,0.0,0.0,0.0,0.0,0.0
2329,0.3371940756871938,-0.6052960961263713,-0.5709692742113047,-0.12546674142112477,0.0,0.0,0.0,0.0,0.0,0.0
2330,-0.06143236480893567,0.1889864370226687,0.04686701361543474,-0.016472898785559194,0.0,0.0,0.0,0.0,0.0,0.0
2331,0.11841675717750233,-0.2058875398427732,0.017713528201550914,-0.09915156784292699,0.0,0.0,0.0,0.0,0.0,0.0
2332,0.03340562224012259,-0.1318377204175397,-0.18379593843228267,-0.0011754626140644698,0.0,0.0,0.0,0.0,0.0,0.0
2333,-0.10426220581137292,0.38039525245669753,0.1574549238927242,-0.0618969166111631,0.0,0.0,0.0,0.0,0.0,0.0
2334,-0.08487964492907302,0.26965044500903934,0.11059900366694628,-0.003151601714187194,0.0,0.0,0.0,0.0,0.0,0.0
2335,-0.11214041326350929,0.18807243028460574,-0.01964943307743434,-0.03983789587852304,0.0,0.0,0.0,0.0,0.0,0.0
2336,-0.04575174022853596,0.16549653352900964,0.2143496273767828,-0.09121989687353652,0.0,0.0,0.0,0.0,0.0,0.0
2337,-0.09531464543355149,0.16278674709745275,-0.08049755540171566,0.006999581553850168,0.0,0.0,0.0,0.0,0.0,0.0
2338,-0.05811145234788489,-0.00991900321002578,0.43916124176502214,0.06528431589250094,0.0,0.0,0.0,0.0,0.0,0.0
2339,-0.0863890018724373,0.16447648212838603,0.013118267216703075,-0.04513973621200575,0.0,0.0,0.0,0.0,0.0,0.0
2340,-0.08072730414037921,0.06230897321611207,-0.20819114842471584,0.0577862616837943,0.0,0.0,0.0,0.0,0.0,0.0
2341,-0.10705676163784517,0.13606252130421814,-0.1637772272992777,0.06603678631555232,0.0,0.0,0.0,0.0,0.0,0.0
2342,-0.08782909040685527,0.14944086593940828,-0.05346415578901243,0.07787730387214847,0.0,0.0,0.0,0.0,0.0,0.0
2343,-0.09870778493184071,0.28054101348506394,0.030121345871237933,-0.07828422690197734,0.0,0.0,0.0,0.0,0.0,0.0
2344,-0.09204769430011968,0.14334596298324298,-0.13373984750444395,0.02170308281191424,0.0,0.0,0.0,0.0,0.0,0.0
2345,-0.13357452664452138,0.1712977203873612,-0.14574750808646758,0.004259711629873416,0.0,0.0,0.0,0.0,0.0,0.0
2346,-0.09772171204419935,0.23867909788780736,0.12613305508841732,-0.03612594700704128,0.0,0.0,0.0,0.0,0.0,0.0
2347,-0.11981216027409505,0.23537873013726743,-0.31878661659574614,0.028212443121288063,0.0,0.0,0.0,0.0,0.0,0.0
2348,-0.09035748495196541,0.10372214864996693,-0.41718623303248564,0.07570142385130554,0.0,0.0,0.0,0.0,0.0,0.0
2349,-0.11657781218601734,0.22173354935786813,0.056734536466176,0.010034446746983835,0.0,0.0,0.0,0.0,0.0,0.0
2350,-0.10101269646828519,0.25015863452620807,-0.15129862930227075,0.00919857991014785,0.0,0.0,0.0,0.0,0.0,0.0
2351,-0.06294183562192632,0.0630304652558061,0.10499526275169002,-0.008534057590712702,0.0,0.0,0.0,0.0,0.0,0.0
2352,-0.10152378856289565,0.15564330110501184,-0.05484003853642736,0.021571871047511595,0.0,0.0,0.0,0.0,0.0,0.0
2353,-0.03945464363447155,0.48553178664217606,0.27948298299802415,-0.15074426626607915,0.0,0.0,0.0,0.0,0.0,0.0
2354,-0.10832264896693757,0.290786929669079,-0.042178910105651335,-0.042985718141695856,0.0,0.0,0.0,0.0,0.0,0.0
2355,-0.11893006045538858,0.21634239759192578,0.04992030756053178,-0.021933968383034543,0.0,0.0,0.0,0.0,0.0,0.0
2356,-0.07922952896551252,0.21252376213415247,-0.012346670870000534,-0.03699149680639268,0.0,0.0,0.0,0.0,0.0,0.0
2357,-0.08126860751871279,0.12895140496372123,0.16941424673106292,0.05133025564568374,0.0,0.0,0.0,0.0,0.0,0.0
2358,-0.1263968346448809,0.1770927590314841,-0.13573675395309814,-0.0031696719491768636,0.0,0.0,0.0,0.0,0.0,0.0
2359,0.01596832264279479,0.05990694023162003,0.5611072639907515,-0.12838312511300812,0.0,0.0,0.0,0.0,0.0,0.0
2360,-0.020133193148073037,0.13748168184257656,0.28155568764004973,-0.06050065864743556,0.0,0.0,0.0,0.0,0.0,0.0
2361,-0.02067485205471496,-0.07763566716563564,0.5548222962015444,-0.00437955552132738,0.0,0.0,0.0,0.0,0.0,0.0
2362,-0.07955033906922511,0.22519154131305313,0.05164415849795857,-0.06207322805645647,0.0,0.0,0.0,0.0,0.0,0.0
2363,-0.06769497799628171,0.09948401938245924,0.3382770164159043,-0.10980340456538627,0.0,0.0,0.0,0.0,0.0,0.0
2364,-0.05183826683683422,0.21242050464735562,0.11679444301522454,-0.09194430689232719,0.0,0.0,0.0,0.0,0.0,0.0
2365,-0.05516830089902205,0.05344337371110634,-0.017351182712402234,0.045140631541332306,0.0,0.0,0.0,0.0,0.0,0.0
2366,-0.009993551035163948,0.21012280603768424,0.47256470222817276,-0.18527855808491225,0.0,0.0,0.0,0.0,0.0,0.0
2367,-0.1358193040905057,0.27667483165437734,-0.14328565816141478,0.006531221132574414,0.0,0.0,0.0,0.0,0.0,0.0
2368,-0.1367423588540545,0.32382951649500374,-0.14969010824278334,0.0038943871264694742,0.0,0.0,0.0,0.0,0.0,0.0
2369,-0.09393762004624812,0.182877430376886,0.12157798893764084,-0.07217437340176497,0.0,0.0,0.0,0.0,0.0,0.0
2370,-0.10858140772046226,0.1766536387209365,-0.12204368232130179,0.052787156351060655,0.0,0.0,0.0,0.0,0.0,0.0
2371,-0.09270694143065986,0.24296887474366652,-0.014212715783908578,-0.01477343645100671,0.0,0.0,0.0,0.0,0.0,0.0
2372,-0.09683318948445874,0.24726304199923618,0.13668584289876476,-0.05767604164906264,0.0,0.0,0.0,0.0,0.0,0.0
2373,-0.14122962294064909,0.29823104373361875,-0.18656766472495137,-0.00215198100460228,0.0,0.0,0.0,0.0,0.0,0.0
2374,-0.12053480386084818,0.2440993590508245,0.20203965452660805,-0.023766894068193958,0.0,0.0,0.0,0.0,0.0,0.0
2375,-0.06037771428100355,0.38862197401454246,0.41324215883734666,0.03498036587155606,0.0,0.0,0.0,0.0,0.0,0.0
2376,-0.03602824841873945,-0.061952964559727895,0.5247056155808156,0.025685224333748688,0.0,0.0,0.0,0.0,0.0,0.0
2377,-0.09932314743157879,0.23541501450255575,-0.08111714596510704,-0.002715491486707771,0.0,0.0,0.0,0.0,0.0,0.0
2378,-0.1038214246619074,0.2516730775752664,0.05113746266429996,0.0333742926323569,0.0,0.0,0.0,0.0,0.0,0.0
2379,-0.1227336662690396,0.17519724211618212,-0.024997860752637047,-0.04234815941244338,0.0,0.0,0.0,0.0,0.0,0.0
2380,-0.1328688746142509,0.14689250213802335,-0.18987281334232348,0.017924948885486874,0.0,0.0,0.0,0.0,0.0,0.0
2381,-0.03561865013834322,-0.02455168650261086,0.06832272382950709,-0.09968021820838806,0.0,0.0,0.0,0.0,0.0,0.0
2382,-0.08129109327786686,0.16293099837443262,0.1252495336110873,-0.01060935255116809,0.0,0.0,0.0,0.0,0.0,0.0
2383,-0.12604266334169886,0.31359167043773184,-0.22120369250474242,-0.05036951328829593,0.0,0.0,0.0,0.0,0.0,0.0
2384,-0.11212511572128894,0.16498892774669813,-0.09242172307010633,0.05700704055986555,0.0,0.0,0.0,0.0,0.0,0.0
2385,-0.08387061524430875,0.2426993731409345,0.2131113971587929,-0.035934955965364584,0.0,0.0,0.0,0.0,0.0,0.0
2386,-0.07664266842049422,0.20700900187790494,0.05693081130587696,-0.11033281319405976,0.0,0.0,0.0,0.0,0.0,0.0
2387,-0.048870598913088786,0.12362182072016926,0.03496537481952623,0.011481608316996779,0.0,0.0,0.0,0.0,0.0,0.0
2388,1.476390461235209,-2.669401504338439,4.299334099961144,-1.4908961799916933,0.0,0.0,0.0,0.0,0.0,0.0
2389,0.005228851516330834,-0.11570954786468018,0.06539335713007385,-0.005157853405098313,0.0,0.0,0.0,0.0,0.0,0.0
2390,0.06824122727963874,-0.2528141225540907,0.2117433718078897,-0.09468376952330144,0.0,0.0,0.0,0.0,0.0,0.0
2391,0.22771350073651503,-0.7663215642130793,1.1488711314097675,-0.15564940663314575,0.0,0.0,0.0,0.0,0.0,0.0
2392,-0.12205917363251755,0.2147603499094701,-0.03864764212448694,0.013752996741025186,0.0,0.0,0.0,0.0,0.0,0.0
2393,-0.10989894871493487,0.10280980793294074,-0.2550695226462188,0.10275721313654965,0.0,0.0,0.0,0.0,0.0,0.0
2394,-0.10520071392390784,0.06871730906913948,-0.35975754938655846,0.10742980820685175,0.0,0.0,0.0,0.0,0.0,0.0
2395,-0.041145339066169295,-0.019407463983445485,0.3582075475102391,0.05603117557647483,0.0,0.0,0.0,0.0,0.0,0.0
2396,-0.10865732352252466,0.13758841588781906,0.046166113695702886,-0.0025998771375340688,0.0,0.0,0.0,0.0,0.0,0.0
2397,-0.12066910301378372,0.17778301577863623,-0.07739206380852844,-0.009385891394388576,0.0,0.0,0.0,0.0,0.0,0.0
2398,-0.07577169680085465,0.09227867699487431,0.12512166226748336,-0.03376364525641581,0.0,0.0,0.0,0.0,0.0,0.0
2399,-0.0624308697336361,-0.013847528189342151,0.16566354866020858,0.08490400608985585,0.0,0.0,0.0,0.0,0.0,0.0
2400,-0.08893084553004625,0.04737869296047858,-0.1966857123218229,0.11564760419022892,0.0,0.0,0.0,0.0,0.0,0.0
2401,-0.09397647560706741,0.14126429719765535,0.08082494852089278,0.0661855701083144,0.0,0.0,0.0,0.0,0.0,0.0
2402,-0.11957308140629708,0.17370004654159513,-0.08911376792972378,0.08480045999721432,0.0,0.0,0.0,0.0,0.0,0.0
2403,-0.1087556687293681,0.293362275860043,0.035085845267468066,-0.019140811190091814,0.0,0.0,0.0,0.0,0.0,0.0
2404,-0.09554989214321112,0.08528448390836132,-0.06161426428668079,0.13562114827665828,0.0,0.0,0.0,0.0,0.0,0.0
2405,-0.1112180194094153,0.16887753469776842,-0.12484674732272055,0.07954609105511468,0.0,0.0,0.0,0.0,0.0,0.0
2406,0.06798344861178864,-0.0989859856119435,0.5677723584033306,0.08753904702776694,0.0,0.0,0.0,0.0,0.0,0.0
2407,-0.07235506837259002,0.10073850335914984,0.2471277553526301,-0.041462670979837794,0.0,0.0,0.0,0.0,0.0,0.0
2408,-0.13412549610376095,0.20658539605091314,-0.181929434470749,-0.03365744105072519,0.0,0.0,0.0,0.0,0.0,0.0
2409,-0.046496641605957977,0.2587332114809427,0.017779737597151676,-0.03522753327468559,0.0,0.0,0.0,0.0,0.0,0.0
2410,-0.11618248547935707,0.23655289980913008,-0.25428430417240044,0.013735966474412163,0.0,0.0,0.0,0.0,0.0,0.0
2411,-0.1087866927850098,0.18513492276289814,-0.04682139464834585,0.02365157159778382,0.0,0.0,0.0,0.0,0.0,0.0
2412,-0.12963787658704987,0.28312256787695755,-0.13453331972821636,0.05365005692335469,0.0,0.0,0.0,0.0,0.0,0.0
2413,-0.11776983480898391,0.2794134438590907,-0.109758991451165,0.0028180787475632334,0.0,0.0,0.0,0.0,0.0,0.0
2414,-0.0742134762661024,0.09790092969419875,-0.12385333419987221,0.09350724341448079,0.0,0.0,0.0,0.0,0.0,0.0
2415,-0.11719331980694454,0.1745764603132822,-0.1628372985574555,0.05258260522949823,0.0,0.0,0.0,0.0,0.0,0.0
2416,-0.1077226965529716,0.2196307082368355,-0.016468229852626425,0.013378112964728203,0.0,0.0,0.0,0.0,0.0,0.0
2417,-0.0122000692857346,-0.00843921656820699,-0.19448878682157977,0.11745591503197529,0.0,0.0,0.0,0.0,0.0,0.0
2418,-0.10436001413045087,0.1623599687264904,-0.004332829765538518,0.007603920217492012,0.0,0.0,0.0,0.0,0.0,0.0
2419,-0.09105140247222404,0.0264460880314404,0.03961397310756082,0.04297955056873345,0.0,0.0,0.0,0.0,0.0,0.0
2420,-0.09254017799722282,0.05955100320069095,-0.1099913422300147,0.07210482979833276,0.0,0.0,0.0,0.0,0.0,0.0
2421,-0.072282390321268,-0.02988471657024418,0.2182624734849101,0.002123002697391503,0.0,0.0,0.0,0.0,0.0,0.0
2422,-0.10428019121584517,-0.005968634437013117,-0.2798933104664863,0.11263463525009547,0.0,0.0,0.0,0.0,0.0,0.0
2423,-0.12883942753377253,0.19655027358278077,-0.22796346394561437,0.06729807560446877,0.0,0.0,0.0,0.0,0.0,0.0
2424,-0.098831956952447,0.031033021379943362,0.18128065390988246,-0.02003987492004503,0.0,0.0,0.0,0.0,0.0,0.0
2425,-0.08844309793658033,0.11157789281296565,-0.06696789852470177,0.010023020457390192,0.0,0.0,0.0,0.0,0.0,0.0
2426,-0.06831631651475181,-0.017171455297277344,0.11865597050785155,0.03333277402116549,0.0,0.0,0.0,0.0,0.0,0.0
2427,-0.09150447522476568,0.1967845204393984,-0.014907220438893051,-0.016176123283167882,0.0,0.0,0.0,0.0,0.0,0.0
2428,-0.09968905872216696,0.059866020100962286,0.0624631639907222,0.016236174339078247,0.0,0.0,0.0,0.0,0.0,0.0
2429,-0.0440825198778946,0.22970854923958478,0.3470700170815105,-0.0018959333794145551,0.0,0.0,0.0,0.0,0.0,0.0
2430,-0.0323827530067432,-0.007602719771117166,0.3604702303653189,0.06759684650483345,0.0,0.0,0.0,0.0,0.0,0.0
2431,-0.10476924764354711,0.12252111808978589,0.023495949791975574,-0.016556854765015935,0.0,0.0,0.0,0.0,0.0,0.0
2432,-0.14036665681399071,0.2702493951949945,-0.22186052271022083,-0.005015990469181707,0.0,0.0,0.0,0.0,0.0,0.0
2433,-0.07706930167271747,0.05120276718928342,0.28200129846648436,-0.007503089134514186,0.0,0.0,0.0,0.0,0.0,0.0
2434,-0.13895091756487532,0.22124420103816134,-0.23395711054868243,0.016705844698958396,0.0,0.0,0.0,0.0,0.0,0.0
2435,-0.07551428896107246,0.08390165849441181,-0.24015629066678992,0.062291181064028096,0.0,0.0,0.0,0.0,0.0,0.0
2436,-0.09835053757278754,0.11725678882553148,0.25193710277209724,-0.009550055387769063,0.0,0.0,0.0,0.0,0.0,0.0
2437,-0.13483181750369633,0.2401134388482469,-0.1555338587537533,-0.014809546076940143,0.0,0.0,0.0,0.0,0.0,0.0
2438,-0.09152499542525347,0.14166272573391714,-0.13105149043615436,0.03858891396537204,0.0,0.0,0.0,0.0,0.0,0.0
2439,-0.009827653972574254,-0.22066141743299963,0.3016125819366466,0.14862863596900625,0.0,0.0,0.0,0.0,0.0,0.0
2440,-0.10068157398196426,0.27444814462606687,-0.17174257926953704,0.06382748588584361,0.0,0.0,0.0,0.0,0.0,0.0
2441,0.04775200698193384,-0.13403099182434824,0.12835136438677577,0.09920972793906135,0.0,0.0,0.0,0.0,0.0,0.0
2442,-0.03935070827520855,-0.014652140227975091,0.36021965257299415,0.039002210243782816,0.0,0.0,0.0,0.0,0.0,0.0
2443,-0.10062387112271201,0.2571831447319454,-0.052990369407546575,-0.018031760389659396,0.0,0.0,0.0,0.0,0.0,0.0
2444,-0.135609746264986,0.2312035983705004,-0.18177751335320136,0.03620317330341736,0.0,0.0,0.0,0.0,0.0,0.0
2445,-0.11016298187022946,0.40758600496859415,0.14049441987680766,0.07173294446315867,0.0,0.0,0.0,0.0,0.0,0.0
2446,4.644134624104842,-1.4197406278632423,5.04123207343264,0.28536713614796555,0.0,0.0,0.0,0.0,0.0,0.0
2447,-0.07421247668530613,0.24111169979955172,0.23873687040460054,-0.035008883516152375,0.0,0.0,0.0,0.0,0.0,0.0
2448,-0.11321267441935846,0.2819050319739734,0.11431954343308755,-0.05223933893263455,0.0,0.0,0.0,0.0,0.0,0.0
2449,-0.07461590087459737,0.1068018601594129,0.24154115376508598,-0.07925386870143859,0.0,0.0,0.0,0.0,0.0,0.0
2450,0.30893731205859476,2.392112100144205,2.0914630760113355,-0.14814922175569725,0.0,0.0,0.0,0.0,0.0,0.0
2451,1.017934603700406,-3.762430907841457,-1.3005656878742213,0.2296150852381091,0.0,0.0,0.0,0.0,0.0,0.0
2452,-0.12043687984625119,0.1925414062206118,-0.14578925241481316,-0.025341635556106305,0.0,0.0,0.0,0.0,0.0,0.0
2453,0.028566773311741674,-0.2672915721035367,-0.2734066100243885,0.09821462202986049,0.0,0.0,0.0,0.0,0.0,0.0
2454,0.3599223665347103,0.41195471997829103,0.9204067680656225,-0.025036868423630506,0.0,0.0,0.0,0.0,0.0,0.0
2455,-0.0873913010411108,0.12545748039784616,-0.07550095513361312,-0.027814823331620567,0.0,0.0,0.0,0.0,0.0,0.0
2456,-0.03917815951445171,0.028972160537951104,-0.1788735684281685,-0.004674249475958756,0.0,0.0,0.0,0.0,0.0,0.0
2457,-0.06326120027126517,-0.003751555758853575,0.168047334342913,-0.0032261777342366643,0.0,0.0,0.0,0.0,0.0,0.0
2458,-0.11025484254601209,0.24036890750768403,0.04805966505648585,0.018283088668048994,0.0,0.0,0.0,0.0,0.0,0.0
2459,-0.13935941994563106,0.27543012906020375,-0.19139402632654925,-0.030276671354506395,0.0,0.0,0.0,0.0,0.0,0.0
2460,-0.10582333141815749,0.13828343707640586,-0.16309003472047268,0.03175682717644746,0.0,0.0,0.0,0.0,0.0,0.0
2461,-0.11759029188732988,0.25572174050896884,0.032000176944713396,-0.006865288644946783,0.0,0.0,0.0,0.0,0.0,0.0
2462,0.15856134837731,-0.3296645488731052,0.825806149641466,-0.1837024584075308,0.0,0.0,0.0,0.0,0.0,0.0
2463,-0.09093393955239193,0.1398762945263683,-0.17998301638396796,-0.007722552024824027,0.0,0.0,0.0,0.0,0.0,0.0
2464,-0.10857521515373444,0.16323931653224383,0.07488377809455896,-0.05335654794875327,0.0,0.0,0.0,0.0,0.0,0.0
2465,-0.09519886982440288,0.17164150138510448,0.0264382950975526,0.0012265295234541646,0.0,0.0,0.0,0.0,0.0,0.0
2466,-0.11582087451117279,0.23466997383795243,-0.10833640422076912,0.046922266964897576,0.0,0.0,0.0,0.0,0.0,0.0
2467,-0.11225844587799237,0.15911793326299584,-0.13554657965687977,0.015281402525652804,0.0,0.0,0.0,0.0,0.0,0.0
2468,-0.09869717518666293,0.3866967295346665,0.1486545960806479,0.00044353828314420675,0.0,0.0,0.0,0.0,0.0,0.0
2469,-0.12317996400483622,0.31064716173702694,0.015370757952587622,0.0025746296214024006,0.0,0.0,0.0,0.0,0.0,0.0
2470,-0.15112455812695014,0.3140018544708135,-0.16648146146757611,0.004335142882838814,0.0,0.0,0.0,0.0,0.0,0.0
2471,-0.1338116815627991,0.24543290010219204,-0.027853176383493553,-0.018110965559329725,0.0,0.0,0.0,0.0,0.0,0.0
2472,-0.14362236326771605,0.3022948535841779,-0.1355288485621686,-0.008242427094905013,0.0,0.0,0.0,0.0,0.0,0.0
2473,-0.13899837455663416,0.2827607058848422,-0.2442716488310495,0.02475754766467382,0.0,0.0,0.0,0.0,0.0,0.0
2474,-0.09798404540147636,0.004296626522914182,0.1504851694480605,-0.01408860066710309,0.0,0.0,0.0,0.0,0.0,0.0
2475,-0.06176024387000821,0.12995675943444557,0.3488558354662431,-0.030040248615919096,0.0,0.0,0.0,0.0,0.0,0.0
2476,-0.11226582145612662,0.1991496749530158,0.07139229995822234,-0.0005795188560823427,0.0,0.0,0.0,0.0,0.0,0.0
2477,-0.11455589043556187,0.21082663130419932,0.08720822527145394,-0.038988208619425285,0.0,0.0,0.0,0.0,0.0,0.0
2478,-0.09993114500941887,0.2659724955119448,0.08871295489106898,-0.006510548137180733,0.0,0.0,0.0,0.0,0.0,0.0
2479,-0.09682380697456999,0.15816656470052015,0.28006014383222644,-0.021934817623272866,0.0,0.0,0.0,0.0,0.0,0.0
2480,-0.09602052588057135,0.08534428827673675,0.04714039225194795,0.026256008469721027,0.0,0.0,0.0,0.0,0.0,0.0
2481,-0.1522192476446812,0.2938646024692833,-0.24994376894447642,8.778157312221348e-05,0.0,0.0,0.0,0.0,0.0,0.0
2482,-0.14627207775052706,0.2926666354444069,-0.1640079210426556,-0.00477690498804363,0.0,0.0,0.0,0.0,0.0,0.0
2483,-0.0982748071135888,0.18423835403213515,0.025961946947855183,0.0045551460536261655,0.0,0.0,0.0,0.0,0.0,0.0
2484,-0.12253255754471536,0.1999541346423072,0.015347632001111835,0.03349017554774288,0.0,0.0,0.0,0.0,0.0,0.0
2485,-0.11317433314564126,0.20709358677809633,-0.05249494078738416,0.007271194802298394,0.0,0.0,0.0,0.0,0.0,0.0
2486,-0.15371338898908762,0.31730770961718485,-0.19365954546226136,-0.0058392775171941715,0.0,0.0,0.0,0.0,0.0,0.0
2487,-0.10628248748970105,0.24440960376560955,-0.04223254736965565,-0.03831840727822945,0.0,0.0,0.0,0.0,0.0,0.0
2488,-0.08344881461096247,0.21734844793445868,0.4357363660198428,-0.032435447895812645,0.0,0.0,0.0,0.0,0.0,0.0
2489,-0.09510654743921297,0.28526094620660236,-0.04764996895945254,-0.043866737890833986,0.0,0.0,0.0,0.0,0.0,0.0
2490,-0.09464400165508562,0.016016368125963413,-0.00202453254898812,0.07742506888926456,0.0,0.0,0.0,0.0,0.0,0.0
2491,-0.12657432017592227,0.2090607458451968,-0.004364263679801415,0.004659519763647537,0.0,0.0,0.0,0.0,0.0,0.0
2492,-0.08961681685794858,0.14411902226046613,-0.13683458473253354,-0.002551360550830647,0.0,0.0,0.0,0.0,0.0,0.0
2493,-0.08985390647957808,0.08620865152459803,0.047147912762234304,0.03252926638231541,0.0,0.0,0.0,0.0,0.0,0.0
2494,-0.15026245684196762,0.32941704495503304,-0.16198914533996106,0.010497069164428855,0.0,0.0,0.0,0.0,0.0,0.0
2495,-0.08022387597390708,0.25413911082243634,0.11908763223621116,-0.01687320153381855,0.0,0.0,0.0,0.0,0.0,0.0
2496,-0.07827472931665128,0.2581934874357715,0.09512690014665938,0.04461096554600735,0.0,0.0,0.0,0.0,0.0,0.0
2497,0.0013381376281538235,0.04851907562884617,0.3438721164606749,-0.005324730880226039,0.0,0.0,0.0,0.0,0.0,0.0
2498,-0.09540971774586253,0.11693689300824546,0.10239888482043448,-0.010618484390332902,0.0,0.0,0.0,0.0,0.0,0.0
2499,-0.08941854518456875,0.08404726336667473,-0.16055016090301857,0.025697125973779798,0.0,0.0,0.0,0.0,0.0,0.0
2500,-0.12006293501407916,0.2720998246038611,-0.12567088788624142,0.023309665935675333,0.0,0.0,0.0,0.0,0.0,0.0
2501,-0.04805669828202713,0.18205682074236873,0.3393149406838442,-0.07503394931031412,0.0,0.0,0.0,0.0,0.0,0.0
2502,-0.09177408376883334,0.39991987449710914,-0.023827877507670066,-0.023631282093586902,0.0,0.0,0.0,0.0,0.0,0.0
2503,0.021706633317789457,0.0005061559011239441,0.5590944707897878,-0.0615188112277014,0.0,0.0,0.0,0.0,0.0,0.0
2504,-0.11721414362473924,0.20888674610004215,0.04240701943812294,0.03601926435156235,0.0,0.0,0.0,0.0,0.0,0.0
2505,-0.09889360583422802,0.16246293457736513,0.043325434510306675,-0.004526920054642682,0.0,0.0,0.0,0.0,0.0,0.0
2506,-0.1300801800597781,0.18176679656137987,-0.2540709388294936,0.05712895791338176,0.0,0.0,0.0,0.0,0.0,0.0
2507,-0.14617722252441842,0.2864355036495309,-0.15092520734050885,-0.0017444500221530047,0.0,0.0,0.0,0.0,0.0,0.0
2508,-0.09284807140479058,0.10687510049596466,0.11701335842725233,0.024106606436331078,0.0,0.0,0.0,0.0,0.0,0.0
2509,-0.12271632174100912,0.2535290394404544,0.06269050997268681,-0.0281978928993121,0.0,0.0,0.0,0.0,0.0,0.0
2510,2.5231870296003396,-4.969360156396796,4.710999679355504,-0.43346835401754547,0.0,0.0,0.0,0.0,0.0,0.0
2511,0.06969967814721657,0.20299085793991767,0.9737848913095155,-0.1004501554485203,0.0,0.0,0.0,0.0,0.0,0.0
2512,0.005633725323606614,0.09322812616031069,0.714930079806538,-0.05917241967629542,0.0,0.0,0.0,0.0,0.0,0.0
2513,0.07665696369108489,-0.537495927795251,1.3450406042880072,0.041042819594096884,0.0,0.0,0.0,0.0,0.0,0.0
2514,0.1207754820778759,-0.08249032982883951,0.9636180803893678,-0.31551129913282266,0.0,0.0,0.0,0.0,0.0,0.0
2515,0.3104195247727715,-1.51058971041619,-0.08525704562194665,0.265368788128309,0.0,0.0,0.0,0.0,0.0,0.0
2516,0.5115339073782558,-1.4424201521002988,-0.07666350406016914,-0.38129608826978983,0.0,0.0,0.0,0.0,0.0,0.0
2517,0.18592166149982947,-0.7266609034469528,-0.02646962727267438,0.04500329185543498,0.0,0.0,0.0,0.0,0.0,0.0
2518,0.46445726356662453,-1.286168659297466,0.39369460839978077,0.021975585561413154,0.0,0.0,0.0,0.0,0.0,0.0
2519,0.04326353768763237,-0.20427702425634417,0.40160184821317346,-0.21518186318793264,0.0,0.0,0.0,0.0,0.0,0.0
2520,-0.11487660940184392,0.22416214769996926,-0.18195977177614064,-0.00664594446635937,0.0,0.0,0.0,0.0,0.0,0.0
2521,0.2446939219328393,-0.9017844860031164,-0.6984812642320964,0.12994434311979697,0.0,0.0,0.0,0.0,0.0,0.0
2522,-0.06018551429880872,0.03374083728259184,0.16944898027379887,-0.028997069072364757,0.0,0.0,0.0,0.0,0.0,0.0
2523,-0.03953624867483284,-0.021780585875343126,-0.11742112328635257,0.039376235369940546,0.0,0.0,0.0,0.0,0.0,0.0
2524,-0.04673350650928275,0.020421189109630873,0.044021045206190434,0.009312171420379278,0.0,0.0,0.0,0.0,0.0,0.0
2525,-0.04307871307292133,-0.059764700462408844,0.21331478081950325,0.008152352450967888,0.0,0.0,0.0,0.0,0.0,0.0
2526,-0.09909649821241179,0.10752089259882171,0.027908058255531144,0.00430947137581702,0.0,0.0,0.0,0.0,0.0,0.0
2527,-0.09321323409631792,0.07207515845390987,0.14214235947879966,-0.0039238008869473245,0.0,0.0,0.0,0.0,0.0,0.0
2528,-0.07202883534590669,-0.06124550105163685,0.45111274478254776,-0.018947761059174294,0.0,0.0,0.0,0.0,0.0,0.0
2529,-0.06514290772203724,-0.0530906277349705,0.020732412210373908,-0.010569185951466487,0.0,0.0,0.0,0.0,0.0,0.0
2530,-0.02627894017387711,-0.2710879234813887,0.513710352888184,0.05025327188075735,0.0,0.0,0.0,0.0,0.0,0.0
2531,-0.10166715562988758,0.14650363082401535,-0.06367309928478157,0.03699758487722634,0.0,0.0,0.0,0.0,0.0,0.0
2532,-0.12892602490285401,0.19892180090438408,-0.12550498170683272,0.054448760595770015,0.0,0.0,0.0,0.0,0.0,0.0
2533,-0.07309749390799496,0.11444334918563188,0.3770868926534047,-0.010563295426353942,0.0,0.0,0.0,0.0,0.0,0.0
2534,-0.020024627222889793,-0.19716260628954244,0.04550758267238854,0.017537714047390896,0.0,0.0,0.0,0.0,0.0,0.0
2535,-0.09730315035616946,0.08554179726490341,0.10951472477818797,0.020011302960671027,0.0,0.0,0.0,0.0,0.0,0.0
2536,-0.04819767092755375,-0.0583763122734264,0.14663600662613607,0.014601770713087445,0.0,0.0,0.0,0.0,0.0,0.0
2537,-0.10686376470474111,0.16520682020550825,-0.11022746145725791,-0.024533324805906833,0.0,0.0,0.0,0.0,0.0,0.0
2538,-0.04153518507179814,0.06524547174770653,0.6178599960963369,0.0505225704924147,0.0,0.0,0.0,0.0,0.0,0.0
2539,-0.10933877511396546,0.10896684574965616,-0.052552941567575964,0.003817869849196017,0.0,0.0,0.0,0.0,0.0,0.0
2540,-0.12743590514873196,0.22449282870183404,-0.23700268038606664,-0.030056892178419732,0.0,0.0,0.0,0.0,0.0,0.0
2541,0.04922000276923811,-0.51653762365753,0.7532110369183518,0.11191911469391427,0.0,0.0,0.0,0.0,0.0,0.0
2542,-0.11721083680523502,0.1230897722496648,-0.13406236852946105,-0.06793551134156267,0.0,0.0,0.0,0.0,0.0,0.0
2543,-0.002760416902985597,-0.15045767373094426,0.3021140179008131,0.011648033535750304,0.0,0.0,0.0,0.0,0.0,0.0
2544,0.10652181710450061,-0.3984178567581731,1.0418196755830784,-0.029502148738671193,0.0,0.0,0.0,0.0,0.0,0.0
2545,-0.08618476203833622,-0.0015853913532774928,-0.19254231175921724,0.0879293883548668,0.0,0.0,0.0,0.0,0.0,0.0
2546,-0.07937816682965032,0.19333237280394658,-0.09115004398207413,-0.0774993141084453,0.0,0.0,0.0,0.0,0.0,0.0
2547,-0.08349272958816478,0.1294798103097876,-0.12825806453577945,0.01868223817073613,0.0,0.0,0.0,0.0,0.0,0.0
2548,-0.0890977654147644,0.02760316995092449,0.21092911011646265,0.017426421379031113,0.0,0.0,0.0,0.0,0.0,0.0
2549,-0.10495188640796167,0.15695149153565058,0.016404065730499098,0.02448240637786332,0.0,0.0,0.0,0.0,0.0,0.0
2550,-0.11021784745933802,0.23139673507637665,0.010729608282730231,0.040573270035543,0.0,0.0,0.0,0.0,0.0,0.0
2551,0.03571451877169249,-0.3165626658256316,1.0823691823311608,0.04816174886447841,0.0,0.0,0.0,0.0,0.0,0.0
2552,-0.06928707634876215,-0.013814803486413403,0.0918412969866493,0.018404577926281168,0.0,0.0,0.0,0.0,0.0,0.0
2553,-0.05097498732239074,-0.07406000449346598,-0.19736957437354635,0.08385628883050679,0.0,0.0,0.0,0.0,0.0,0.0
2554,-0.047362686922062226,0.02269359856663543,0.18312497228954416,-0.02037021680469382,0.0,0.0,0.0,0.0,0.0,0.0
2555,-0.07061734522972282,-0.033623729165176044,0.2371811747875944,0.01534463101865921,0.0,0.0,0.0,0.0,0.0,0.0
2556,-0.08607013864012628,0.045146915950009046,0.28583862928024956,0.0034431663820825753,0.0,0.0,0.0,0.0,0.0,0.0
2557,-0.07126973308415306,-0.037858404493482,-0.06152486410799272,-0.0005828605639819206,0.0,0.0,0.0,0.0,0.0,0.0
2558,-0.047528635266570765,0.017105800321501743,0.21245398881662922,0.056397231875425106,0.0,0.0,0.0,0.0,0.0,0.0
2559,-0.11944495311111192,0.12497370762920006,0.0052748185602490534,0.02428713697623617,0.0,0.0,0.0,0.0,0.0,0.0
2560,-0.11459575329654417,0.13430029932151552,-0.16723868464715697,0.00782223848480199,0.0,0.0,0.0,0.0,0.0,0.0
2561,-0.06636730864743329,-0.1187574170654295,0.5410646382831117,-0.0075646331972201155,0.0,0.0,0.0,0.0,0.0,0.0
2562,-0.04192818639171514,-0.07830315815818098,-0.304300083255708,0.20320642656730606,0.0,0.0,0.0,0.0,0.0,0.0
2563,-0.11390786605020083,0.19031541555980538,-0.05391568883951542,-0.011342935344021182,0.0,0.0,0.0,0.0,0.0,0.0
2564,-0.10521224250997581,0.1776225044800777,-0.2347608867550963,-0.02964771171366713,0.0,0.0,0.0,0.0,0.0,0.0
2565,-0.12678492369374636,0.22770545969679554,-0.03192739206629745,-0.004892221710775935,0.0,0.0,0.0,0.0,0.0,0.0
2566,0.03257217927188513,-0.3297633042369502,0.8329489810138591,-0.01755438224583357,0.0,0.0,0.0,0.0,0.0,0.0
2567,0.04272864092459042,-0.26682752869677123,1.2119078438334432,0.09996401474916657,0.0,0.0,0.0,0.0,0.0,0.0
2568,0.020189649649698615,-0.03812438725770804,0.30308438635679347,-0.0156730764874415,0.0,0.0,0.0,0.0,0.0,0.0
2569,-0.06441979107353127,0.034583147733902274,0.2453932715203617,0.0027176018470045737,0.0,0.0,0.0,0.0,0.0,0.0
2570,-0.022876908224128942,0.054684562410099495,0.4283831910701399,-0.12901872816193338,0.0,0.0,0.0,0.0,0.0,0.0
2571,-0.12878667993457543,0.2405754815529275,-0.09683587725643195,-0.0006318806126271435,0.0,0.0,0.0,0.0,0.0,0.0
2572,-0.056313855983782,0.102942017126853,0.09259163777952487,0.044900544478006094,0.0,0.0,0.0,0.0,0.0,0.0
2573,-0.12171422577551232,0.12419397756712437,-0.07367395947348387,0.037113903254145236,0.0,0.0,0.0,0.0,0.0,0.0
2574,-0.08549199546541784,0.22184444972201184,0.007493646826745703,-0.014558450853769387,0.0,0.0,0.0,0.0,0.0,0.0
2575,-0.1140366787928171,0.15343997733494993,-0.10610312009771052,-0.03298671696882279,0.0,0.0,0.0,0.0,0.0,0.0
2576,0.043786459666169515,-0.24667016615229734,0.6467832812994088,0.02759346164149216,0.0,0.0,0.0,0.0,0.0,0.0
2577,-0.09493016771315113,0.0020038262933655187,0.11500518851854222,0.04426162930721456,0.0,0.0,0.0,0.0,0.0,0.0
2578,-0.059352676942593184,0.2098990325069036,0.5207036504189321,-0.04328061236976562,0.0,0.0,0.0,0.0,0.0,0.0
2579,-0.08048596087355422,0.12654691461411807,-0.003682434917734022,0.027806621140417643,0.0,0.0,0.0,0.0,0.0,0.0
2580,-0.08144335830806243,0.07768328425705354,0.0071450131171797,-0.009285145762299519,0.0,0.0,0.0,0.0,0.0,0.0
2581,0.0073208079991680325,-0.19163283119514302,0.36487580373744727,-0.02222428858900626,0.0,0.0,0.0,0.0,0.0,0.0
2582,-0.05518656863702813,0.14136581492659034,0.3176485644133702,-0.006660505859307244,0.0,0.0,0.0,0.0,0.0,0.0
2583,-0.07643416829701793,-0.0684243255489769,0.06576687748353129,-0.0068891779474918435,0.0,0.0,0.0,0.0,0.0,0.0
2584,-0.052238283458030325,0.19920088640125316,0.1079958854794052,-0.053190383232847624,0.0,0.0,0.0,0.0,0.0,0.0
2585,-0.08276240961526012,0.2325716327493995,0.05390353297187628,0.0042855394863471384,0.0,0.0,0.0,0.0,0.0,0.0
2586,-0.08911083847244886,0.1408843015117768,-0.035318881610928596,0.04141477786300559,0.0,0.0,0.0,0.0,0.0,0.0
2587,-0.10485482927955796,0.04326461367290198,-0.08370887957541914,0.03935008060693378,0.0,0.0,0.0,0.0,0.0,0.0
2588,-0.041123675726181246,0.08886002034550278,0.3985476263487954,-0.009914904574948187,0.0,0.0,0.0,0.0,0.0,0.0
2589,-0.037038743454763164,0.02250439160820419,0.3881357784004261,0.12688574731520183,0.0,0.0,0.0,0.0,0.0,0.0
2590,-0.07749452929399064,0.08543888885201703,-0.04967301315765138,0.020315556830995254,0.0,0.0,0.0,0.0,0.0,0.0
2591,-0.023532308701762563,0.05492837215146886,0.23913068659468617,-0.04111454537790736,0.0,0.0,0.0,0.0,0.0,0.0
2592,-0.09212159950660165,0.04103849972928612,0.198602025881298,0.02313089732732735,0.0,0.0,0.0,0.0,0.0,0.0
2593,-0.05940962997380767,0.04116822216371307,-0.00039889289883748456,-0.07993201816008152,0.0,0.0,0.0,0.0,0.0,0.0
2594,-0.04248476180748936,-0.10730341131957362,-0.0805639427973551,0.00901957784569932,0.0,0.0,0.0,0.0,0.0,0.0
2595,0.02044428434433567,-0.2093534016609257,0.42271436193655465,0.07890978966554939,0.0,0.0,0.0,0.0,0.0,0.0
2596,-0.11180370171842496,0.20772140041524242,0.10891378216222926,-0.014096494754390227,0.0,0.0,0.0,0.0,0.0,0.0
2597,-0.05880498397932069,0.03922164323264695,-0.10886414619243923,0.06978704786387643,0.0,0.0,0.0,0.0,0.0,0.0
2598,-0.06609041422307811,0.09630365987471894,0.5288897863702596,0.04441848120108544,0.0,0.0,0.0,0.0,0.0,0.0
2599,-0.02621551033377026,-0.05661312293822292,0.4342986945142289,0.038776381285311474,0.0,0.0,0.0,0.0,0.0,0.0
2600,-0.045747416932584835,0.08976090438559406,0.06937414448881718,0.015695101143495368,0.0,0.0,0.0,0.0,0.0,0.0
2601,-0.03211266209518998,-0.11786777795021278,0.3766869704466582,0.05146394668030541,0.0,0.0,0.0,0.0,0.0,0.0
2602,-0.04784041239291929,-0.017166405797286344,0.338398762175996,0.02112506144686825,0.0,0.0,0.0,0.0,0.0,0.0
2603,0.12865545320713914,-0.4388424310893838,1.9500987697860945,0.053013615393589196,0.0,0.0,0.0,0.0,0.0,0.0
2604,-0.06136560680953185,0.05480500771039883,0.11925205357931835,0.02955870751338537,0.0,0.0,0.0,0.0,0.0,0.0
2605,-0.09048279523513797,0.09657658079180394,-0.06942999494611134,0.025041136270234014,0.0,0.0,0.0,0.0,0.0,0.0
2606,-0.0900605429255879,0.10046619254647564,0.03304153526641435,-0.04551987062276347,0.0,0.0,0.0,0.0,0.0,0.0
2607,-0.04978886285940706,-0.1045214849453893,0.1645138555791708,-0.016401294723929195,0.0,0.0,0.0,0.0,0.0,0.0
2608,-0.10772602677087732,0.14800726011949952,-0.063482236557347,0.031125093241892665,0.0,0.0,0.0,0.0,0.0,0.0
2609,-0.0960878835717053,0.12437644976491444,-0.0011466613305755784,0.00029793059092307454,0.0,0.0,0.0,0.0,0.0,0.0
2610,-0.11436961236228203,0.16929933635993402,-0.05193555912327076,0.017574955012055717,0.0,0.0,0.0,0.0,0.0,0.0
2611,-0.10424095142498106,0.12725084310697235,0.12166479852504535,0.0062758524329650095,0.0,0.0,0.0,0.0,0.0,0.0
2612,-0.06059977355792844,0.10142287750395511,0.3515784443062145,-0.003317608132160159,0.0,0.0,0.0,0.0,0.0,0.0
2613,-0.10664922594067863,0.10773243076303615,-0.029875286798269795,-0.04045767759829961,0.0,0.0,0.0,0.0,0.0,0.0
2614,-0.11932400387220485,0.21882787753521185,-0.08430344821628319,-0.019151022471995228,0.0,0.0,0.0,0.0,0.0,0.0
2615,-0.049089076803623,0.08892058959535751,0.19937304574233972,0.10072123472772997,0.0,0.0,0.0,0.0,0.0,0.0
2616,-0.08476514661542421,0.010147500337199744,0.1610647815734199,0.017500166369467947,0.0,0.0,0.0,0.0,0.0,0.0
2617,-0.13137217574960064,0.2723483300429654,-0.08623037460735322,-0.0005567178172569773,0.0,0.0,0.0,0.0,0.0,0.0
2618,-0.13548081972434892,0.2592262675788632,-0.18976639027148798,0.007029493080600289,0.0,0.0,0.0,0.0,0.0,0.0
2619,-0.10799550488241001,0.10712340892762522,0.039744836017457444,-0.013619086042650856,0.0,0.0,0.0,0.0,0.0,0.0
2620,-0.038156958219511844,0.11222640608487731,1.0596821997489405,0.055875532389106454,0.0,0.0,0.0,0.0,0.0,0.0
2621,-0.13132226701439453,0.2610017984062935,-0.08633074559938257,-0.020364793479344542,0.0,0.0,0.0,0.0,0.0,0.0
2622,-0.056211845428741754,0.07820352746659727,0.4845971463979743,0.05931407661324894,0.0,0.0,0.0,0.0,0.0,0.0
2623,-0.11960663074145117,0.14399850401535405,-0.06401894365581069,0.04224592286180539,0.0,0.0,0.0,0.0,0.0,0.0
2624,0.33764639184077266,-2.0617673987962912,-1.5352784455468838,-0.033108246374547325,0.0,0.0,0.0,0.0,0.0,0.0
2625,-0.10755368689715994,0.008554615264305378,-0.6833346532981225,0.17265450377298047,0.0,0.0,0.0,0.0,0.0,0.0
2626,-0.05136830355843757,-0.17981542609047418,-0.4421459802224414,0.028632023651968323,0.0,0.0,0.0,0.0,0.0,0.0
2627,-0.10236265022985865,0.07580335849763312,-0.356231095313125,0.04930442355980638,0.0,0.0,0.0,0.0,0.0,0.0
2628,0.7861508895708154,-2.406011107959524,-1.607497868685637,-0.5714827794828508,0.0,0.0,0.0,0.0,0.0,0.0
2629,-0.07461473775009442,0.19099949137260105,-0.27717196434196384,0.03416351235897899,0.0,0.0,0.0,0.0,0.0,0.0
2630,-0.00879714010568494,-0.07565173504636247,-0.11970572853950005,0.09316941502486396,0.0,0.0,0.0,0.0,0.0,0.0
2631,0.36234124668475076,-1.893457561785632,-1.3348449972237382,0.05524330552658204,0.0,0.0,0.0,0.0,0.0,0.0
2632,0.15114389338894554,-0.4763312333234912,0.5201273201026769,-0.18244889233026942,0.0,0.0,0.0,0.0,0.0,0.0
2633,-0.10965624108067501,0.1382007570930943,-0.0849888328378507,0.027495334432629984,0.0,0.0,0.0,0.0,0.0,0.0
2634,0.14583897704871482,-0.6191089306061739,-0.6736288720553527,0.04574774397470779,0.0,0.0,0.0,0.0,0.0,0.0
2635,-0.1027248942983555,0.10509023203105884,-0.5661101114488508,0.1447563484085495,0.0,0.0,0.0,0.0,0.0,0.0
2636,-0.09822095015527761,0.18313668386010182,-0.3164831062403724,0.042763949846385166,0.0,0.0,0.0,0.0,0.0,0.0
2637,-0.0481206687207905,0.1231785847833926,-0.004759903422907156,0.01902444928733498,0.0,0.0,0.0,0.0,0.0,0.0
2638,-0.0828055575531264,0.012323089721642026,-0.7696566215485879,0.29039610642172076,0.0,0.0,0.0,0.0,0.0,0.0
2639,0.012727348563227544,-0.43477816252724893,-0.39557879275399654,0.3885378791635935,0.0,0.0,0.0,0.0,0.0,0.0
2640,-0.035448755609230664,-0.09797655745336478,-0.08387698101853437,0.11492366538369064,0.0,0.0,0.0,0.0,0.0,0.0
2641,-0.06758615099855418,0.08618419492510014,-0.28037033828747754,0.14348253126667604,0.0,0.0,0.0,0.0,0.0,0.0
2642,-0.138886948493677,0.26613732274494173,-0.24843456885766416,0.0410389032724965,0.0,0.0,0.0,0.0,0.0,0.0
2643,-0.10808378802133761,0.1805714780761741,-0.2781567741054066,0.07290871409685445,0.0,0.0,0.0,0.0,0.0,0.0
2644,-0.029958929926949488,-0.08107220791262831,-0.431953996634586,0.2140007266562296,0.0,0.0,0.0,0.0,0.0,0.0
2645,-0.00855438258782847,-0.30380481290587874,-0.2846609605529654,0.3740362955780784,0.0,0.0,0.0,0.0,0.0,0.0
2646,-0.09640436429606214,0.0866700234349558,-0.23198774127770497,0.11712972562964588,0.0,0.0,0.0,0.0,0.0,0.0
2647,-0.09903629568284993,0.006286229760000657,-0.13450084943729115,0.08377885727943397,0.0,0.0,0.0,0.0,0.0,0.0
2648,-0.11141238903410636,0.15606757095898813,-0.35016952240306626,0.13496937936455616,0.0,0.0,0.0,0.0,0.0,0.0
2649,-0.10370959589871052,0.08603756647800034,-0.3785377070519758,0.13545791652250713,0.0,0.0,0.0,0.0,0.0,0.0
2650,-0.06149580371584661,0.012484987250585333,-0.7008596510445299,0.2521171305603305,0.0,0.0,0.0,0.0,0.0,0.0
2651,-0.05301893415648461,0.039478037229971716,0.20598853891247673,-0.003942555065148159,0.0,0.0,0.0,0.0,0.0,0.0
2652,-0.10861140194883717,0.10561050542190721,-0.38958926123875764,0.1150128506123638,0.0,0.0,0.0,0.0,0.0,0.0
2653,-0.049300801472584865,-0.021255396879077303,0.3616483890437623,0.14998327850004653,0.0,0.0,0.0,0.0,0.0,0.0
2654,-0.12418797309798982,0.18278436627325573,-0.22140426692691464,0.025704532877890526,0.0,0.0,0.0,0.0,0.0,0.0
2655,-0.07397386529919235,-0.05505893370584341,-0.1037415342261971,0.04664700521735659,0.0,0.0,0.0,0.0,0.0,0.0
2656,-0.12635472859477717,0.1778997386207308,-0.3245535587875496,0.08610110908640983,0.0,0.0,0.0,0.0,0.0,0.0
2657,-0.08080072735454395,0.11947904440765543,0.11556023410275845,0.042364593757250095,0.0,0.0,0.0,0.0,0.0,0.0
2658,0.024645987056938753,-0.1408947418188765,0.5801940249626529,0.15557271609168205,0.0,0.0,0.0,0.0,0.0,0.0
2659,-0.08151653024955915,-0.026921017916112545,-0.2679136032306658,0.06748033432351636,0.0,0.0,0.0,0.0,0.0,0.0
2660,-0.09980441898888878,0.074491318093577,-0.4555095266726719,0.08403247277387549,0.0,0.0,0.0,0.0,0.0,0.0
2661,-0.06813158410381925,0.026622604035235597,-0.20062057454513588,0.12538618931675002,0.0,0.0,0.0,0.0,0.0,0.0
2662,-0.10137969516534388,0.2018280890179125,-0.23621113809855485,-0.04063785156339823,0.0,0.0,0.0,0.0,0.0,0.0
2663,-0.1147427102413121,0.06990079818278516,-0.37809099900984894,0.051082330213566424,0.0,0.0,0.0,0.0,0.0,0.0
2664,-0.09685098419062742,0.0345658668856742,-0.58892878649473,0.18212133126900917,0.0,0.0,0.0,0.0,0.0,0.0
2665,-0.0721498156943872,0.04940748674129556,-0.32534394756497775,0.04870161026080617,0.0,0.0,0.0,0.0,0.0,0.0
2666,-0.07328384173534602,0.10566615521280409,0.14154916468750758,0.03496033655002159,0.0,0.0,0.0,0.0,0.0,0.0
2667,-0.08987399753122778,0.0581105951258642,-0.574824250458306,0.149081494453995,0.0,0.0,0.0,0.0,0.0,0.0
2668,-0.0774805464642014,-0.025931399216339388,-0.32656851456281444,0.020371909416413217,0.0,0.0,0.0,0.0,0.0,0.0
2669,-0.09004389712535876,0.19704581674561428,0.10759231652453119,-0.019624559942618754,0.0,0.0,0.0,0.0,0.0,0.0
2670,-0.04441707137176238,-0.010285467538248343,-0.4780941188411086,0.1697515126564207,0.0,0.0,0.0,0.0,0.0,0.0
2671,-0.10055401506806985,0.1078152957327279,-0.2623340155065433,0.13164720260176954,0.0,0.0,0.0,0.0,0.0,0.0
2672,-0.09845439588369624,0.20724428812979093,-0.20449832845270652,0.06900737090843363,0.0,0.0,0.0,0.0,0.0,0.0
2673,-0.13221655618246278,0.22284359549010022,-0.31854281626002556,0.08708931660036241,0.0,0.0,0.0,0.0,0.0,0.0
2674,-0.07706665247549861,0.1535545582359387,0.15100045962206748,0.0008216303304481487,0.0,0.0,0.0,0.0,0.0,0.0
2675,-0.009351925636016138,-0.32003748573241836,-0.12132288422334125,0.07340633470439643,0.0,0.0,0.0,0.0,0.0,0.0
2676,-0.03138016633396961,-0.271007758223249,-0.3593036777898635,0.13231260450553506,0.0,0.0,0.0,0.0,0.0,0.0
2677,-0.06927589150202532,-0.06388641279151379,-0.399326489858632,0.059680895772176355,0.0,0.0,0.0,0.0,0.0,0.0
2678,-0.10021499876748476,0.25310447634068245,-0.3310020360937022,0.08010342407535564,0.0,0.0,0.0,0.0,0.0,0.0
2679,-0.04270992313688345,-0.21565002260380275,-0.37921261944677925,0.09593620871258489,0.0,0.0,0.0,0.0,0.0,0.0
2680,-0.07947194274869253,0.024430974358659856,-0.5061611986053126,0.20024774144739604,0.0,0.0,0.0,0.0,0.0,0.0
2681,-0.11124722820539995,0.14685794105014102,-0.11254463368753972,-0.03416516042832075,0.0,0.0,0.0,0.0,0.0,0.0
2682,-0.07135418575976758,0.023212891084559595,-0.45278234848267473,0.18249245512855453,0.0,0.0,0.0,0.0,0.0,0.0
2683,-0.10035693638306217,0.1499643977151936,-0.5508455211005886,0.10266009557090452,0.0,0.0,0.0,0.0,0.0,0.0
2684,-0.11074680696280548,0.1062455398949278,-0.2977601941007783,0.09789171270698113,0.0,0.0,0.0,0.0,0.0,0.0
2685,-0.13277218521737733,0.24257743022969142,-0.2831838375393158,0.051477760381354355,0.0,0.0,0.0,0.0,0.0,0.0
2686,-0.08616273877450609,-0.022506085272563058,-0.4479110015335743,0.2405494853947139,0.0,0.0,0.0,0.0,0.0,0.0
2687,-0.13006768119967987,0.17653802138813962,-0.3125806936014265,0.08718751171515267,0.0,0.0,0.0,0.0,0.0,0.0
2688,0.017965655523664636,-0.2431542793158995,0.3974697305790507,0.01992424449012934,0.0,0.0,0.0,0.0,0.0,0.0
2689,-0.1200097462435202,0.1500561747189635,-0.25183675541893763,0.06958553616746331,0.0,0.0,0.0,0.0,0.0,0.0
2690,-0.0948542801577878,0.05796902161935464,-0.5005070430179359,0.14236538477640998,0.0,0.0,0.0,0.0,0.0,0.0
2691,-0.12588156949142354,0.1792579739697846,-0.29320610416808757,0.04681745298414643,0.0,0.0,0.0,0.0,0.0,0.0
2692,-0.09888760311903871,0.08610093795673547,-0.3658538254207085,0.11649988362034326,0.0,0.0,0.0,0.0,0.0,0.0
2693,-0.1138606088909722,0.1006230804590428,-0.13969540101581807,-0.025257560239682918,0.0,0.0,0.0,0.0,0.0,0.0
2694,-0.0968751711228125,0.029503608369778174,-0.06052926883675256,0.05132038250860292,0.0,0.0,0.0,0.0,0.0,0.0
2695,-0.10144006721791236,0.08610945282724215,-0.2937805830223829,0.12527902636569274,0.0,0.0,0.0,0.0,0.0,0.0
2696,-0.12891953818647175,0.08875355580425814,-0.5706679373145965,0.12609831597744436,0.0,0.0,0.0,0.0,0.0,0.0
2697,-0.09681067553176498,0.20314440849159,-0.1873032319197116,0.029984073241997308,0.0,0.0,0.0,0.0,0.0,0.0
2698,-0.09484862366466199,0.0770066150812075,-0.3728039490872726,0.1737667375903307,0.0,0.0,0.0,0.0,0.0,0.0
2699,-0.04783142283608834,0.008480983487480954,-0.08714726046479193,0.11002624348184914,0.0,0.0,0.0,0.0,0.0,0.0
2700,-0.08567647976559895,-0.007052605390937012,-0.4212703128232318,0.20244624227496905,0.0,0.0,0.0,0.0,0.0,0.0
2701,-0.06863409114883379,-0.044402810413886655,-0.2300803792232214,0.1854841481427354,0.0,0.0,0.0,0.0,0.0,0.0
2702,-0.10388489100707977,0.14873000644509626,-0.216169139240934,0.048145500484454526,0.0,0.0,0.0,0.0,0.0,0.0
2703,-0.09528358733597642,0.17058410631122756,-0.10236610720474446,0.004272446016627066,0.0,0.0,0.0,0.0,0.0,0.0
2704,-0.09924836034511737,0.06907753798133609,-0.602347766540095,0.17467674961706037,0.0,0.0,0.0,0.0,0.0,0.0
2705,-0.1118507294517838,0.09384570469888934,-0.5883728904097925,0.20119251857569867,0.0,0.0,0.0,0.0,0.0,0.0
2706,-0.13430309332739,0.2129012663629687,-0.27894663159048005,0.00870957812609144,0.0,0.0,0.0,0.0,0.0,0.0
2707,-0.07184858147955693,-0.09391418232599615,-0.3765353564929483,0.15172286597437062,0.0,0.0,0.0,0.0,0.0,0.0
2708,0.011787196082839185,-0.17549109357766418,-0.31736991529378145,0.1757816428292813,0.0,0.0,0.0,0.0,0.0,0.0
2709,-0.049355158894021894,0.00028362127653300923,-0.024478902534386792,0.09498600613391245,0.0,0.0,0.0,0.0,0.0,0.0
2710,-0.1007142780558436,0.03951334241109751,-0.455689031778632,0.09617689241118615,0.0,0.0,0.0,0.0,0.0,0.0
2711,-0.0632967826718944,-0.01009961464514924,-0.36063088696162515,0.22104147384844375,0.0,0.0,0.0,0.0,0.0,0.0
2712,-0.1349212102522856,0.18522890731516456,-0.4141625904972713,0.12466321990731868,0.0,0.0,0.0,0.0,0.0,0.0
2713,-0.09299866771378867,0.0625168069714187,-0.3412855842639728,0.1456828305665023,0.0,0.0,0.0,0.0,0.0,0.0
2714,-0.13231698520221202,0.2558331481524966,-0.27290459259162814,0.0010776276344639654,0.0,0.0,0.0,0.0,0.0,0.0
2715,-0.11197623028729209,0.039292139302795154,-0.3881008917999392,0.10851983706370974,0.0,0.0,0.0,0.0,0.0,0.0
2716,-0.1079952867479889,0.1874699963587148,-0.4100256573937618,0.13411475759286,0.0,0.0,0.0,0.0,0.0,0.0
2717,-0.12193781686458567,0.1887467029758033,-0.392517100924905,0.06829526247384887,0.0,0.0,0.0,0.0,0.0,0.0
2718,-0.09372704627278707,0.10581170084625141,-0.27580117767418044,0.06890774041311491,0.0,0.0,0.0,0.0,0.0,0.0
2719,-0.09746197348171957,0.13995361720602661,0.1930822930189339,-0.004517407648731853,0.0,0.0,0.0,0.0,0.0,0.0
2720,-0.0955276439212822,-0.01670465899682265,-0.6635250223299556,0.16202212265329063,0.0,0.0,0.0,0.0,0.0,0.0
2721,-0.11518826411395756,0.018869966538870617,-0.7842534947682614,0.2665452193713572,0.0,0.0,0.0,0.0,0.0,0.0
2722,7.5768033914050745,3.960932461306283,10.641238777608727,-0.9887956115683301,0.0,0.0,0.0,0.0,0.0,0.0
2723,0.36920156785516417,2.5124962589853923,1.3874098067605143,-0.709261695386146,0.0,0.0,0.0,0.0,0.0,0.0
2724,0.08002607096430857,0.35145845445758717,0.50036410169858,-0.18572591004351033,0.0,0.0,0.0,0.0,0.0,0.0
2725,0.43818801370861415,3.226103697649329,2.338385659780048,-0.17221872267847177,0.0,0.0,0.0,0.0,0.0,0.0
2726,0.7414956100002539,-1.7820417094233958,-0.16062367953082016,-0.07277667435061307,0.0,0.0,0.0,0.0,0.0,0.0
2727,-0.011890598545799446,-0.0876244421231426,-0.06145373178483137,-0.022345595018167467,0.0,0.0,0.0,0.0,0.0,0.0
2728,-0.054986428240510726,0.023401627815519896,-0.178322166578942,0.022285763274586794,0.0,0.0,0.0,0.0,0.0,0.0
2729,0.018362927713082695,-0.19756506733734197,0.08790446336759129,-0.05089324850166423,0.0,0.0,0.0,0.0,0.0,0.0
2730,0.13530213847406597,-0.2253904339942532,0.30726264280471893,-0.0791811522515635,0.0,0.0,0.0,0.0,0.0,0.0
2731,-0.11955752227135748,0.1807880974887032,-0.11566803202383871,0.0019333155691886577,0.0,0.0,0.0,0.0,0.0,0.0
2732,-0.10900602468851167,0.19649521631315492,-0.020301048586097933,-0.04520981940721667,0.0,0.0,0.0,0.0,0.0,0.0
2733,-0.13851490838919117,0.25626515054943,-0.06344251041233971,0.02138924483397163,0.0,0.0,0.0,0.0,0.0,0.0
2734,-0.12718527602833543,0.2628300100260837,-0.02454293416303955,-0.028002275516120407,0.0,0.0,0.0,0.0,0.0,0.0
2735,-0.08773742798994319,0.16751905223097524,0.05804616243783801,0.013173398697620879,0.0,0.0,0.0,0.0,0.0,0.0
2736,-0.09389285402665604,0.11397306001602717,-0.05923101620211797,0.035640357759328584,0.0,0.0,0.0,0.0,0.0,0.0
2737,-0.05818493428898198,0.08505323572673304,0.4254268635421753,0.009253390641519366,0.0,0.0,0.0,0.0,0.0,0.0
2738,-0.07245936147830404,0.12496429140786956,-0.002200036190937431,-0.005125472053751534,0.0,0.0,0.0,0.0,0.0,0.0
2739,-0.1228105247190123,0.33451480146113804,-0.09932486862241531,-0.00048029013362736674,0.0,0.0,0.0,0.0,0.0,0.0
2740,-0.15130445132604736,0.308786853343642,-0.3118230843346284,0.028678258349426552,0.0,0.0,0.0,0.0,0.0,0.0
2741,-0.08795049149930013,0.13453639154784783,-0.11401810513831435,0.03802130271131027,0.0,0.0,0.0,0.0,0.0,0.0
2742,-0.13024115388968732,0.31402430593771546,-0.13131015684754266,0.024278535936587225,0.0,0.0,0.0,0.0,0.0,0.0
2743,-0.07920916039648566,0.16178573671887622,0.10789916579779717,0.007808579136453022,0.0,0.0,0.0,0.0,0.0,0.0
2744,-0.10578814129820795,0.19382612286037518,0.0771248522402857,-0.08385309611254772,0.0,0.0,0.0,0.0,0.0,0.0
2745,-0.12029364561966518,0.2554916441100667,-0.31917567464210067,-0.014524895833689459,0.0,0.0,0.0,0.0,0.0,0.0
2746,-0.09365115474452436,0.18412091981032133,0.10018924302284365,0.020972229847675744,0.0,0.0,0.0,0.0,0.0,0.0
2747,-0.05472508825840639,-0.04361697698658647,0.27300063551168363,0.0007292255821452292,0.0,0.0,0.0,0.0,0.0,0.0
2748,-0.06048403279946025,0.06580661807369358,0.151086148237689,-0.024962783051791063,0.0,0.0,0.0,0.0,0.0,0.0
2749,-0.08045963710022552,0.23337912808566683,-0.15004199631382412,0.027690658192099316,0.0,0.0,0.0,0.0,0.0,0.0
2750,-0.07811918108385385,0.18311325770985992,0.020431250921096693,0.07463764272583705,0.0,0.0,0.0,0.0,0.0,0.0
2751,-0.13065417965869863,0.23573031762737237,-0.03095155471084173,0.03947854260734429,0.0,0.0,0.0,0.0,0.0,0.0
2752,-0.10380213187632392,0.22859083830474486,0.09156762090425087,0.002247175039280473,0.0,0.0,0.0,0.0,0.0,0.0
2753,-0.09275838928942078,0.21418102318538984,-0.1176975564306107,0.00029415709968216673,0.0,0.0,0.0,0.0,0.0,0.0
2754,-0.05705765229027948,0.0955868718492816,0.06156536770207444,0.04687809915791619,0.0,0.0,0.0,0.0,0.0,0.0
2755,-0.10274793296867295,0.15976997883948302,-0.03757849309968332,-0.039073265445001816,0.0,0.0,0.0,0.0,0.0,0.0
2756,0.003414674384726637,0.02427707929899896,0.24274088450987624,0.014930951682099795,0.0,0.0,0.0,0.0,0.0,0.0
2757,-0.10978741308039142,0.16812012098244394,-0.11858238185699974,0.06500620183504205,0.0,0.0,0.0,0.0,0.0,0.0
2758,-0.12795814668556243,0.291021904185675,-0.09805282863244812,-0.022264767760442384,0.0,0.0,0.0,0.0,0.0,0.0
2759,-0.08961676311899697,0.25176009544362127,0.06046284949374802,-0.029872219310179245,0.0,0.0,0.0,0.0,0.0,0.0
2760,-0.04539224574208035,-0.01270852194800442,0.04265197208441434,-0.03912087387099592,0.0,0.0,0.0,0.0,0.0,0.0
2761,-0.11348236470032529,0.15312989202370236,-0.06949852591485957,0.009983646616449212,0.0,0.0,0.0,0.0,0.0,0.0
2762,-0.007560454227162461,0.31160920952842375,0.15327430467575684,-0.08243649944194055,0.0,0.0,0.0,0.0,0.0,0.0
2763,-0.14330556373858014,0.28449262896974303,-0.17262627132340005,0.017323642011273257,0.0,0.0,0.0,0.0,0.0,0.0
2764,-0.11699472815344727,0.18427623086410053,-0.04202867086388717,-0.03642285739630909,0.0,0.0,0.0,0.0,0.0,0.0
2765,-0.10510122387578659,0.22110965755668205,-0.1127772670416672,-0.0011820462468504248,0.0,0.0,0.0,0.0,0.0,0.0
2766,-0.07815745057477337,0.29329339994108217,0.1620986507475548,-0.057514826354095834,0.0,0.0,0.0,0.0,0.0,0.0
2767,-0.06758056241755181,0.0141669943242992,0.37791681019450823,0.03908636133319224,0.0,0.0,0.0,0.0,0.0,0.0
2768,-0.09894586764802397,0.22873976303213173,-0.12497324137379591,0.0018933361758081376,0.0,0.0,0.0,0.0,0.0,0.0
2769,-0.08854489187713974,0.17573765074332587,-0.004563189122840519,-0.03151275305158643,0.0,0.0,0.0,0.0,0.0,0.0
2770,-0.10662187490112433,0.15716011409155958,-0.05195106600287228,0.029605819393345483,0.0,0.0,0.0,0.0,0.0,0.0
2771,-0.11561847828647451,0.1887421558253965,-0.14631047557595142,0.008626958098027514,0.0,0.0,0.0,0.0,0.0,0.0
2772,-0.12522716626664812,0.2732890382971473,-0.06801181920302589,-0.02200632469298641,0.0,0.0,0.0,0.0,0.0,0.0
2773,-0.09961556200716949,0.27274023097215894,0.07622213526924672,-0.058138974120983025,0.0,0.0,0.0,0.0,0.0,0.0
2774,0.22894023526174356,2.2233578625462074,1.0799906689509562,-0.28726412286871794,0.0,0.0,0.0,0.0,0.0,0.0
2775,-0.08671210912542845,0.09606411827307094,-0.19478016773509724,-0.013110666257789163,0.0,0.0,0.0,0.0,0.0,0.0
2776,-0.11716604533294028,0.18107074598720913,0.11599767915438051,-0.017403989253343483,0.0,0.0,0.0,0.0,0.0,0.0
2777,-0.11473972037965337,0.24620469943973874,-0.10831609013312993,0.04458314126244831,0.0,0.0,0.0,0.0,0.0,0.0
2778,-0.06701601390483701,0.08700588677445169,-0.03258914414942997,0.0055885929350669985,0.0,0.0,0.0,0.0,0.0,0.0
2779,-0.05705619075350855,0.05858530477103472,0.12374725810539235,-0.006071578424474057,0.0,0.0,0.0,0.0,0.0,0.0
2780,-0.07362850176319224,0.06948890448328836,-0.15078493965846515,0.08597083925665303,0.0,0.0,0.0,0.0,0.0,0.0
2781,-0.10679289335636728,0.14145968543403994,0.25285745952730065,0.0206387058965027,0.0,0.0,0.0,0.0,0.0,0.0
2782,-0.09221857675769901,0.26495826027491265,0.09727315761857645,-0.03295118875900079,0.0,0.0,0.0,0.0,0.0,0.0
2783,-0.08507057905120248,0.15281846434561025,-0.008167771450393371,0.01603253152557769,0.0,0.0,0.0,0.0,0.0,0.0
2784,0.04527036241884151,-0.2118256111526198,0.49426107777205774,0.026126951666830475,0.0,0.0,0.0,0.0,0.0,0.0
2785,-0.10055199032751876,0.30476209485750333,-0.1250348053984715,-0.06379411643363364,0.0,0.0,0.0,0.0,0.0,0.0
2786,-0.08120042669708169,0.18250000952043235,-0.02469562727599329,0.0053181647303530664,0.0,0.0,0.0,0.0,0.0,0.0
2787,-0.07951632989120057,0.1791020012923598,0.12469256904222087,-0.048622738187578916,0.0,0.0,0.0,0.0,0.0,0.0
2788,0.04505038045427545,0.3695496495724017,0.5870082268384169,-0.19904315596325856,0.0,0.0,0.0,0.0,0.0,0.0
2789,-0.15159380222326851,0.31410102688848607,-0.17461844662728201,-0.029431809414618034,0.0,0.0,0.0,0.0,0.0,0.0
2790,0.012759334436217556,0.39235102621263673,0.37962911877296396,-0.08948690630135216,0.0,0.0,0.0,0.0,0.0,0.0
2791,0.044959982339723016,0.5947540359035197,0.5360761715612866,-0.1351791950820878,0.0,0.0,0.0,0.0,0.0,0.0
2792,-0.10615094930173868,0.2308409847450952,0.01663141126489275,-0.010719771697954197,0.0,0.0,0.0,0.0,0.0,0.0
2793,-0.030347154551569833,0.5622630301049074,0.14674903094222075,-0.07837428554816235,0.0,0.0,0.0,0.0,0.0,0.0
2794,-0.09459542675230885,0.2815331321763193,0.3294489808772544,-0.004725308157628907,0.0,0.0,0.0,0.0,0.0,0.0
2795,-0.08804597250360678,0.15344648944424555,0.08988387810509366,0.008317597915947323,0.0,0.0,0.0,0.0,0.0,0.0
2796,-0.10616939913678387,0.1201622973242117,-0.26090376784523095,0.031378423563803555,0.0,0.0,0.0,0.0,0.0,0.0
2797,-0.11224623384330852,0.2505403538556391,-0.21486798911083607,-0.0012053370665655611,0.0,0.0,0.0,0.0,0.0,0.0
2798,-0.10821122665903202,0.20901615779530056,-0.07570341910427462,0.026486613051134117,0.0,0.0,0.0,0.0,0.0,0.0
2799,-0.09870058073387757,0.12161261231724524,0.10752055561038992,0.04496746023223012,0.0,0.0,0.0,0.0,0.0,0.0
2800,-0.11610715482909578,0.27279227232472786,-0.09105122822066282,0.020956425288084893,0.0,0.0,0.0,0.0,0.0,0.0
2801,-0.026439194859402493,0.09799761349412768,0.05130877955066962,-0.09963949245720052,0.0,0.0,0.0,0.0,0.0,0.0
2802,-0.08667727366590099,0.15876190820516486,0.11120079888819434,0.059726484364329924,0.0,0.0,0.0,0.0,0.0,0.0
2803,-0.11470792252427142,0.23254958496395586,0.035415983296622565,-0.018038909814438165,0.0,0.0,0.0,0.0,0.0,0.0
2804,-0.09762024947972003,0.20169561524019164,0.06915274216686487,-0.01238747201937004,0.0,0.0,0.0,0.0,0.0,0.0
2805,-0.13544246209891378,0.2835804528980886,-0.12766252320092583,-0.013531748653284626,0.0,0.0,0.0,0.0,0.0,0.0
2806,-0.09881686743033362,0.40409147254634187,-0.03151647664902385,-0.0664693390257983,0.0,0.0,0.0,0.0,0.0,0.0
2807,-0.12631207795392518,0.2395059012955293,-0.12829333398612203,-0.001189817516531215,0.0,0.0,0.0,0.0,0.0,0.0
2808,-0.13595527151858386,0.24235232374034965,-0.09601975756641752,-0.02743763203105893,0.0,0.0,0.0,0.0,0.0,0.0
2809,-0.12057807095130603,0.17529273042692176,-0.08946180026392023,-0.022473334154928238,0.0,0.0,0.0,0.0,0.0,0.0
2810,-0.10910318304306585,0.2583955084421805,0.0027627836436415216,0.0035121649838417094,0.0,0.0,0.0,0.0,0.0,0.0
2811,-0.09873648494814562,0.26513498482884423,0.050675900108967394,-0.014422875599449674,0.0,0.0,0.0,0.0,0.0,0.0
2812,-0.11261021596791657,0.24528517466414612,-0.14143811532497855,-0.01288181606498225,0.0,0.0,0.0,0.0,0.0,0.0
2813,-0.11074202674987031,0.22669773812552793,0.08804436509248564,0.0020196199308324062,0.0,0.0,0.0,0.0,0.0,0.0
2814,-0.08520869283322541,0.14782893741356343,0.22703323959646218,-0.0237281159919368,0.0,0.0,0.0,0.0,0.0,0.0
2815,-0.103587708027086,0.16788430359455578,-0.015410560059517608,0.00094993510157914,0.0,0.0,0.0,0.0,0.0,0.0
2816,-0.13050107721633158,0.22217851395241525,-0.11356830302556456,0.0029989497344519553,0.0,0.0,0.0,0.0,0.0,0.0
2817,-0.14204991771856273,0.3443178291971263,-0.14374986341189577,-0.00788255762254061,0.0,0.0,0.0,0.0,0.0,0.0
2818,-0.12607160599853404,0.28379772211191506,-0.036487122804820846,-0.0034243505892733125,0.0,0.0,0.0,0.0,0.0,0.0
2819,-0.0765950557354232,0.49404470627183095,0.1412506882343427,-0.031669956203452476,0.0,0.0,0.0,0.0,0.0,0.0
2820,-0.13571910110142651,0.2904644673111337,-0.15147543146687684,-0.016999393222753317,0.0,0.0,0.0,0.0,0.0,0.0
2821,1.647752263912988,-4.701520655313656,-1.0873580770063602,-0.7511827876755192,0.0,0.0,0.0,0.0,0.0,0.0
2822,0.015641323396967874,-0.09928582458092715,-0.03721290972811083,-0.1319000164066514,0.0,0.0,0.0,0.0,0.0,0.0
2823,-0.07122393449765449,0.08611105391894121,-0.1617834355445332,-0.07098804255084508,0.0,0.0,0.0,0.0,0.0,0.0
2824,0.00519491247267608,-0.3092325826864579,-0.5689431064890625,-0.06191177905919938,0.0,0.0,0.0,0.0,0.0,0.0
2825,-0.09229672291719529,0.09898393454997563,-0.44965116617775586,-0.0421006484889879,0.0,0.0,0.0,0.0,0.0,0.0
2826,-0.08373399992518327,0.14794680381529654,-0.1719097221734683,-0.01547392880635202,0.0,0.0,0.0,0.0,0.0,0.0
2827,-0.12764909524609303,0.3142135478097807,-0.16209645498029146,-0.06084504434512504,0.0,0.0,0.0,0.0,0.0,0.0
2828,-0.1554059428831591,0.29561930624011845,-0.27851239524204774,-0.04636147523619654,0.0,0.0,0.0,0.0,0.0,0.0
2829,-0.12448292902672492,0.10652371506670182,-0.5334388430140481,0.12403959859379447,0.0,0.0,0.0,0.0,0.0,0.0
2830,-0.11240335169005743,0.1857917030483769,-0.05562467700842899,-0.045106935619061234,0.0,0.0,0.0,0.0,0.0,0.0
2831,-0.145304530683245,0.2509780590459763,-0.22344967357848486,-0.02130459239839269,0.0,0.0,0.0,0.0,0.0,0.0
2832,-0.126801663287228,0.1736997441954799,-0.19610849446840697,-0.027798919917491942,0.0,0.0,0.0,0.0,0.0,0.0
2833,-0.10403840532157015,0.10302202256336764,-0.4441793588980133,0.007883628836529662,0.0,0.0,0.0,0.0,0.0,0.0
2834,-0.1369318586046323,0.24558393412379328,-0.27920158104862874,-0.047358802691703276,0.0,0.0,0.0,0.0,0.0,0.0
2835,-0.12309495167917087,0.1421598959571223,0.015754316016560802,-0.0063774123591737375,0.0,0.0,0.0,0.0,0.0,0.0
2836,-0.13215971572792928,0.3067722284168213,-0.17019828922514538,-0.055453968358143445,0.0,0.0,0.0,0.0,0.0,0.0
2837,-0.12906301326161365,0.226149160730158,-0.30491948029901345,0.026424109270667785,0.0,0.0,0.0,0.0,0.0,0.0
2838,-0.14338402079362125,0.293851206005803,-0.20748853061718694,-0.0037931979990596097,0.0,0.0,0.0,0.0,0.0,0.0
2839,-0.09578183129862108,0.013165380089966743,-0.3091171868630222,0.014520170062742154,0.0,0.0,0.0,0.0,0.0,0.0
2840,-0.09020487091817324,0.09182510529067678,-0.06960501212103778,-9.130179371643859e-05,0.0,0.0,0.0,0.0,0.0,0.0
2841,-0.1412448256335715,0.28028461428246215,-0.24215453766726677,0.005370780879475131,0.0,0.0,0.0,0.0,0.0,0.0
2842,-0.12475110674381414,0.23050062186829734,-0.30843389752012595,0.03803621054719165,0.0,0.0,0.0,0.0,0.0,0.0
2843,-0.12355254238352965,0.21328305529874667,-0.22545157704749447,0.042606265237706435,0.0,0.0,0.0,0.0,0.0,0.0
2844,-0.11453514326197034,0.11565019834274923,-0.3586715886878251,0.12225935547821931,0.0,0.0,0.0,0.0,0.0,0.0
2845,-0.07489144491958236,-0.089546124189987,0.00788151520574136,-0.02454781267134523,0.0,0.0,0.0,0.0,0.0,0.0
2846,-0.0582207065888169,-0.035472669654299814,-0.32667319502880265,0.009132880044145256,0.0,0.0,0.0,0.0,0.0,0.0
2847,-0.09368710627746109,0.04922711822766029,-0.20122333952584368,0.05303232085124364,0.0,0.0,0.0,0.0,0.0,0.0
2848,-0.10905173655369026,0.09394567568933251,-0.35279926015572527,-0.0016526310882435055,0.0,0.0,0.0,0.0,0.0,0.0
2849,-0.1429423716479533,0.2775904882807626,-0.24174576630959896,-0.019850155765898936,0.0,0.0,0.0,0.0,0.0,0.0
2850,-0.11996365087773404,0.15894111244990874,-0.07279134746319572,0.015583404178864954,0.0,0.0,0.0,0.0,0.0,0.0
2851,-0.10603147694512847,0.1400879723803825,-0.15570561018609608,-0.024955715379073398,0.0,0.0,0.0,0.0,0.0,0.0
2852,-0.09045700186002337,0.13953533462292056,0.053445156472067865,0.02690877462025193,0.0,0.0,0.0,0.0,0.0,0.0
2853,-0.1133044404062991,0.2742179251601817,0.01325439303405274,-0.04806059887205202,0.0,0.0,0.0,0.0,0.0,0.0
2854,-0.08984182781593787,0.21337136501060086,-0.06598351707663631,0.02882238566668821,0.0,0.0,0.0,0.0,0.0,0.0
2855,-0.10282329256695706,0.25808147855229474,-0.25007538655686173,-0.005525161895963739,0.0,0.0,0.0,0.0,0.0,0.0
2856,-0.1347311596960854,0.21697626453701915,-0.23504513253677428,-0.014281787723358601,0.0,0.0,0.0,0.0,0.0,0.0
2857,-0.15249642922271225,0.3091601325616846,-0.1364631734413712,-0.02588026668422237,0.0,0.0,0.0,0.0,0.0,0.0
2858,-0.13003548593129904,0.20901343353485782,-0.29657943908320666,0.04863768018701845,0.0,0.0,0.0,0.0,0.0,0.0
2859,-0.05770307890945122,0.04154765228588255,-0.17536119726749247,0.031154521667331892,0.0,0.0,0.0,0.0,0.0,0.0
2860,-0.14924444714612012,0.25808155718300463,-0.18643313584438592,-0.021022795704537668,0.0,0.0,0.0,0.0,0.0,0.0
2861,-0.13345225744470385,0.20287125520932334,-0.3564688892666322,0.025090258338991492,0.0,0.0,0.0,0.0,0.0,0.0
2862,-0.14918605259649176,0.2971456940666911,-0.2513454425666368,-0.0010527279053429337,0.0,0.0,0.0,0.0,0.0,0.0
2863,-0.06772447449538263,0.06660664468954175,0.08893492616474205,-0.10670100524874056,0.0,0.0,0.0,0.0,0.0,0.0
2864,-0.09922820707362927,0.1609580162759648,-0.0028774603389340805,-0.00031757494795095167,0.0,0.0,0.0,0.0,0.0,0.0
2865,-0.07897144691218112,0.09251793208951918,-0.017574088151642374,-0.05022865023736209,0.0,0.0,0.0,0.0,0.0,0.0
2866,-0.12100586191245702,0.1917664953002457,-0.32142400228954665,0.0016477481869429083,0.0,0.0,0.0,0.0,0.0,0.0
2867,-0.10247437397326051,0.12198182947868991,-0.4862904997046067,0.07380952444329172,0.0,0.0,0.0,0.0,0.0,0.0
2868,-0.13574702410765602,0.22632622273924877,-0.15361361139096386,-0.00463924129405134,0.0,0.0,0.0,0.0,0.0,0.0
2869,-0.12085089143001518,0.09041654649123816,-0.13925318003522014,0.03808933504898345,0.0,0.0,0.0,0.0,0.0,0.0
2870,-0.13290585364819427,0.23482471841790145,-0.23312856055885414,0.01936849969250316,0.0,0.0,0.0,0.0,0.0,0.0
2871,-0.1370422583751996,0.2988374081640138,-0.18530877417609518,-0.015121493997761441,0.0,0.0,0.0,0.0,0.0,0.0
2872,1.130772008142848,-4.420402426913436,-1.6106767764156518,-0.14682880553990837,0.0,0.0,0.0,0.0,0.0,0.0
2873,0.3818538798369436,-1.4240559223914007,0.1694789601955498,-0.26578680536255844,0.0,0.0,0.0,0.0,0.0,0.0
2874,0.05115567697275788,-0.5147407548986151,0.8940325157323252,-0.08876474246909916,0.0,0.0,0.0,0.0,0.0,0.0
2875,1.4060475374222665,-4.70055601920299,1.2554392480166152,-0.4877652752841277,0.0,0.0,0.0,0.0,0.0,0.0
2876,-0.10802254527106663,0.029147229048507858,-0.054876759972295235,0.003544170186431473,0.0,0.0,0.0,0.0,0.0,0.0
2877,-0.12982233978649918,0.23362790737752714,-0.1627388373961033,-0.01504950427874367,0.0,0.0,0.0,0.0,0.0,0.0
2878,-0.12215298945072842,0.1894423328308544,-0.13767006081833405,0.006007136358544376,0.0,0.0,0.0,0.0,0.0,0.0
2879,-0.02860088689854954,-0.12766833732813263,0.26174518181415707,0.030297514024440475,0.0,0.0,0.0,0.0,0.0,0.0
2880,-0.09849807916984485,0.08471172623619913,0.11043519026835744,-0.008440911227567533,0.0,0.0,0.0,0.0,0.0,0.0
2881,-0.08730184552312212,-0.011549562514540056,0.053804107074632894,-0.01952869051019249,0.0,0.0,0.0,0.0,0.0,0.0
2882,-0.12459571617782253,0.14694186404269782,-0.14270262459530622,0.00026585700006763534,0.0,0.0,0.0,0.0,0.0,0.0
2883,-0.08678281731267325,0.053845621063801655,-0.47011629624944035,0.09748221490744553,0.0,0.0,0.0,0.0,0.0,0.0
2884,-0.13750790308179023,0.22534976642509977,-0.27649344729560493,0.001118032944684775,0.0,0.0,0.0,0.0,0.0,0.0
2885,-0.1335049238769305,0.17941229631075126,-0.032713036213880206,-0.03368053845907817,0.0,0.0,0.0,0.0,0.0,0.0
2886,-0.07675331917558083,0.08444232415516939,0.11123586572672206,0.006339084529140322,0.0,0.0,0.0,0.0,0.0,0.0
2887,-0.1348624003573385,0.20212754827746904,-0.10885108665347583,-0.016559664824446714,0.0,0.0,0.0,0.0,0.0,0.0
2888,-0.10848236031897038,0.11177190553919648,0.009986032592231108,0.04870705004121383,0.0,0.0,0.0,0.0,0.0,0.0
2889,-0.11565714860411583,0.16549959927853802,-0.25450451654816125,0.0005128980345642283,0.0,0.0,0.0,0.0,0.0,0.0
2890,-0.09330404944643401,0.11665123019647393,-0.17792595791513996,0.06237997119286661,0.0,0.0,0.0,0.0,0.0,0.0
2891,-0.1332583108052314,0.26205768454183337,-0.18464483823678038,0.020503722966762682,0.0,0.0,0.0,0.0,0.0,0.0
2892,-0.1076370751356282,0.031667938339198766,-0.12277986300040647,0.03070804446184243,0.0,0.0,0.0,0.0,0.0,0.0
2893,-0.12658432023341482,0.15914593413480338,-0.3196355129419425,0.01169187621686122,0.0,0.0,0.0,0.0,0.0,0.0
2894,-0.13240939671527988,0.18945349463472103,-0.17858450950981136,0.004813580445370071,0.0,0.0,0.0,0.0,0.0,0.0
2895,-0.11548046072888211,0.11773611973624475,-0.11576350892695156,0.025319483227057998,0.0,0.0,0.0,0.0,0.0,0.0
2896,-0.11629851214820354,0.12021403659034294,0.02733416989899193,-0.027875475789537266,0.0,0.0,0.0,0.0,0.0,0.0
2897,-0.07617265013698021,-0.01743111952366569,0.2702112749090596,-0.07091802109959261,0.0,0.0,0.0,0.0,0.0,0.0
2898,-0.06275542786403511,0.05564369502059887,-0.035358842257065246,-0.04942596818689541,0.0,0.0,0.0,0.0,0.0,0.0
2899,-0.09714058145636138,0.10514916788404392,-0.06518974575553814,-0.019589157445458888,0.0,0.0,0.0,0.0,0.0,0.0
2900,-0.1010331975578635,0.11218240724336971,-0.034008353576031346,0.008513156478382492,0.0,0.0,0.0,0.0,0.0,0.0
2901,-0.11056549494500377,0.09977711672174842,-0.18892048464507724,0.029903750761021322,0.0,0.0,0.0,0.0,0.0,0.0
2902,-0.08300530059564304,0.03808610576747309,-0.3482412292254409,0.0316470195064007,0.0,0.0,0.0,0.0,0.0,0.0
2903,-0.12006625120470985,0.12542896706823153,0.014380718684547735,-0.0004124922297388702,0.0,0.0,0.0,0.0,0.0,0.0
2904,-0.1068661492120933,0.14984557805974622,-0.23039644681227323,0.008072492263761766,0.0,0.0,0.0,0.0,0.0,0.0
2905,-0.0995683390620991,0.18735651427104122,-0.05131212490966491,-0.06130996644175051,0.0,0.0,0.0,0.0,0.0,0.0
2906,-0.09783666670603691,0.04751922451367958,-0.13513376682875408,0.019370085737249056,0.0,0.0,0.0,0.0,0.0,0.0
2907,-0.0873427096799142,0.015043097104598955,-0.15080918158380305,0.0550893282221438,0.0,0.0,0.0,0.0,0.0,0.0
2908,-0.11075375229922656,0.15062959743308416,-0.08607649960572872,0.006123750769978602,0.0,0.0,0.0,0.0,0.0,0.0
2909,-0.06039212493779148,0.07414341582215335,0.2436655104778658,-0.0109613997887408,0.0,0.0,0.0,0.0,0.0,0.0
2910,-0.1077219811506446,0.05866284303811083,-0.08854697586180882,-0.009452110283752441,0.0,0.0,0.0,0.0,0.0,0.0
2911,-0.11222029019902019,0.07186983322320852,0.0056262146436128905,0.06575082320629366,0.0,0.0,0.0,0.0,0.0,0.0
2912,-0.10408949372986497,0.06354035714526576,0.15932950340285573,-0.014474875132119985,0.0,0.0,0.0,0.0,0.0,0.0
2913,-0.07269900420487928,0.022046447140565688,-0.05978045333856221,-0.0037382259327989756,0.0,0.0,0.0,0.0,0.0,0.0
2914,-0.08952609382237318,0.10188686533753301,-0.11456698685091472,-0.020255663789990223,0.0,0.0,0.0,0.0,0.0,0.0
2915,-0.12038564624660625,0.13129575980285713,-0.2545111132638467,0.027684385198382178,0.0,0.0,0.0,0.0,0.0,0.0
2916,-0.11231431240953921,0.16369420619954955,-0.24208934416079073,0.03587503656061237,0.0,0.0,0.0,0.0,0.0,0.0
2917,-0.07423830625197823,0.011958980621635704,-0.15335704908889938,-0.02829803849083123,0.0,0.0,0.0,0.0,0.0,0.0
2918,-0.049118648585038185,-0.09679357826512572,0.004916347810831424,0.02161787991137537,0.0,0.0,0.0,0.0,0.0,0.0
2919,-0.11666343150406297,0.1318980348391055,-0.24257081424566068,-4.177546611348638e-06,0.0,0.0,0.0,0.0,0.0,0.0
2920,-0.11196316212035307,0.11510647708712113,-0.008941406040981014,0.009244192491689666,0.0,0.0,0.0,0.0,0.0,0.0
2921,-0.09405978836661608,0.07833292842113714,-0.08400876976562768,0.009330936861264813,0.0,0.0,0.0,0.0,0.0,0.0
2922,-0.09062407446190261,0.054941491031299826,0.09413802607120099,-0.009614641785178396,0.0,0.0,0.0,0.0,0.0,0.0
2923,-0.09986570266341867,0.15406463559565914,-0.02456549016202809,-0.008683218997243773,0.0,0.0,0.0,0.0,0.0,0.0
2924,-0.08849671231299058,0.101934060756938,0.14259015507089706,-0.009637228386104774,0.0,0.0,0.0,0.0,0.0,0.0
2925,-0.06447003513269173,0.11664042828410719,-0.06855036458083011,-0.018523902083379267,0.0,0.0,0.0,0.0,0.0,0.0
2926,-0.09185224326123889,0.07310755254002771,0.04551114526004146,-0.0051853857592257385,0.0,0.0,0.0,0.0,0.0,0.0
2927,-0.09221534139158473,0.1815400527931631,0.0372779499966102,0.025580458396543992,0.0,0.0,0.0,0.0,0.0,0.0
2928,-0.09695449870345642,0.04844348813623103,-0.11038453564289363,0.05075670144719385,0.0,0.0,0.0,0.0,0.0,0.0
2929,-0.08790461328147617,0.02552822617411177,0.003922669446126672,0.01965900790485895,0.0,0.0,0.0,0.0,0.0,0.0
2930,-0.05024732233486722,0.0019433168461293886,0.19969496852905122,0.028682969442863526,0.0,0.0,0.0,0.0,0.0,0.0
2931,-0.06333120670729027,-0.042753365442610866,0.0018954503500852981,-0.01104793011672414,0.0,0.0,0.0,0.0,0.0,0.0
2932,-0.10654239353497412,0.09384890026617333,-0.15547610038216236,0.0596466249184302,0.0,0.0,0.0,0.0,0.0,0.0
2933,-0.12987282217243332,0.12101369447483232,-0.20351593924308997,0.026371956938315,0.0,0.0,0.0,0.0,0.0,0.0
2934,-0.09351823187722821,0.010739920392576856,0.10660352792778201,-0.0212651325240539,0.0,0.0,0.0,0.0,0.0,0.0
2935,-0.13424691748357134,0.22137453976771637,-0.24268349096718336,0.022463437262255987,0.0,0.0,0.0,0.0,0.0,0.0
2936,-0.08556918264664382,-0.00923737439400531,0.25466177629000036,0.0038101317047105634,0.0,0.0,0.0,0.0,0.0,0.0
2937,-0.07054224776787127,-0.0044763818140177835,0.09139888806751315,0.024991435347497395,0.0,0.0,0.0,0.0,0.0,0.0
2938,-0.0934309573515108,0.13449289083414673,0.022689033919058715,-0.01748940615612404,0.0,0.0,0.0,0.0,0.0,0.0
2939,-0.10271844250412082,0.08024626864253022,-0.4973626953479283,0.16941635672138408,0.0,0.0,0.0,0.0,0.0,0.0
2940,-0.12428350190446824,0.11876480238074381,-0.28413465629587525,0.057259865149372445,0.0,0.0,0.0,0.0,0.0,0.0
2941,-0.08795059284414312,0.14112979394754982,-0.11326627828074888,0.004202237936876061,0.0,0.0,0.0,0.0,0.0,0.0
2942,-0.0812758196131678,0.18953626196861934,0.25139634028249125,-0.017967746065073266,0.0,0.0,0.0,0.0,0.0,0.0
2943,-0.11721766723269861,0.1418178497414347,-0.0842228056386322,0.03273795424795422,0.0,0.0,0.0,0.0,0.0,0.0
2944,-0.11385993058487058,0.12189335621018811,-0.3844724129378861,0.09863416585699251,0.0,0.0,0.0,0.0,0.0,0.0
2945,-0.06287878752573635,-0.1667758383877679,-0.19364421386555739,0.018804358723464865,0.0,0.0,0.0,0.0,0.0,0.0
2946,0.005754672683661038,-0.23694242240431276,0.30079083897042025,-0.029091844227808007,0.0,0.0,0.0,0.0,0.0,0.0
2947,-0.12734714542188708,0.18118004497822032,-0.10250315495107896,-0.010440196788704535,0.0,0.0,0.0,0.0,0.0,0.0
2948,-0.13517945448831714,0.24386888355093864,-0.2202262373029792,-0.018126543913547927,0.0,0.0,0.0,0.0,0.0,0.0
2949,-0.13022906961050099,0.20170199302047762,-0.010185507920295874,-0.010157746576514979,0.0,0.0,0.0,0.0,0.0,0.0
2950,-0.1212139315703237,0.12219619445227148,-0.2847218061943973,-0.0016634142083696013,0.0,0.0,0.0,0.0,0.0,0.0
2951,-0.13465726950908857,0.27230521377897077,-0.1558301010084165,-0.014488625494475658,0.0,0.0,0.0,0.0,0.0,0.0
2952,-0.1308020516011966,0.19506037996845516,-0.20852018183779275,-0.01529210011635073,0.0,0.0,0.0,0.0,0.0,0.0
2953,-0.10772930117830544,0.08573402679090845,-0.14152894187476814,0.07202304637060632,0.0,0.0,0.0,0.0,0.0,0.0
2954,-0.13578981066516155,0.2347713215303944,-0.2718581939243869,-0.0003963801870624188,0.0,0.0,0.0,0.0,0.0,0.0
2955,-0.0974290963901114,0.040806549821101996,-0.17935286326824176,0.05179578942629603,0.0,0.0,0.0,0.0,0.0,0.0
2956,-0.11173259247813519,0.14164465248714955,-0.020599765546253954,0.01977712027683341,0.0,0.0,0.0,0.0,0.0,0.0
2957,-0.09167431772580273,0.045132670752531766,0.004085218393220201,0.011251820443441665,0.0,0.0,0.0,0.0,0.0,0.0
2958,2.3044853845915796,-5.379352387219897,-0.7895469585689123,-1.5441403981452082,0.0,0.0,0.0,0.0,0.0,0.0
2959,-0.09078327585855563,0.09106071233217135,-0.5182025219647626,0.0752290764884145,0.0,0.0,0.0,0.0,0.0,0.0
2960,-0.03512306087676487,-0.013883990325430326,-0.1542170393327902,-0.012822037458098446,0.0,0.0,0.0,0.0,0.0,0.0
2961,-0.017708389311417463,-0.05585677778444357,0.13306854936763035,0.03186338224864978,0.0,0.0,0.0,0.0,0.0,0.0
2962,0.01148130457155494,-0.2064171023111085,-0.41957951780613373,0.019781514953579497,0.0,0.0,0.0,0.0,0.0,0.0
2963,0.2411191487431575,-1.1103634171607157,0.6240587866129649,-0.24804632576126637,0.0,0.0,0.0,0.0,0.0,0.0
2964,0.014899480226519737,-0.1489175313127852,-0.008262249352633647,0.047280874024741446,0.0,0.0,0.0,0.0,0.0,0.0
2965,-0.07388108166728492,0.11945963988741073,-0.2337950828196713,-0.044806341778924896,0.0,0.0,0.0,0.0,0.0,0.0
2966,-0.06542902649525979,-0.014615745923953673,0.0878512711746792,-0.07241751274489476,0.0,0.0,0.0,0.0,0.0,0.0
2967,-0.1199751529707709,0.15094196820482403,-0.36622665803183596,0.07233213430804727,0.0,0.0,0.0,0.0,0.0,0.0
2968,0.06222835253299626,-0.17571079123876504,0.14836306783519626,-0.19336589405250101,0.0,0.0,0.0,0.0,0.0,0.0
2969,-0.06119737687306627,-0.07463218420770908,-0.13143060056487849,-0.02253744144932495,0.0,0.0,0.0,0.0,0.0,0.0
2970,-0.0894949246023818,0.018978315945476897,-0.2958604189463224,0.08109206833431709,0.0,0.0,0.0,0.0,0.0,0.0
2971,-0.0555490358310058,-0.012516748037354808,0.028964347677308665,-0.190870929140159,0.0,0.0,0.0,0.0,0.0,0.0
2972,-0.09371040455636076,0.16886144733930575,-0.21601994302665387,0.03579353768085805,0.0,0.0,0.0,0.0,0.0,0.0
2973,-0.14594098771841382,0.2591541945378234,-0.20113916033883858,-0.016285718079181243,0.0,0.0,0.0,0.0,0.0,0.0
2974,-0.007294594458342564,0.010737367946963007,-0.19543589871183992,-0.03962417957741347,0.0,0.0,0.0,0.0,0.0,0.0
2975,-0.04996184650244414,0.2321300748806736,0.058401366505260545,-0.1133158199743227,0.0,0.0,0.0,0.0,0.0,0.0
2976,-0.1022570657887888,0.10695268406187403,-0.3123499231904315,0.020708087768204472,0.0,0.0,0.0,0.0,0.0,0.0
2977,-0.08548372274370179,0.02790877315557851,-0.1707654598908902,0.03323913515155266,0.0,0.0,0.0,0.0,0.0,0.0
2978,-0.10252393383226055,0.1987949882211372,0.06272846116033351,0.060668393774929504,0.0,0.0,0.0,0.0,0.0,0.0
2979,-0.10317324663224978,0.08254755512101783,-0.14326039341903613,0.002928532799214799,0.0,0.0,0.0,0.0,0.0,0.0
2980,-0.0688446357051464,-0.014869788341550564,-0.14982315800146623,0.03142772457404427,0.0,0.0,0.0,0.0,0.0,0.0
2981,-0.11761101544988076,0.07395493202946912,-0.2764250609230889,0.011565340110706786,0.0,0.0,0.0,0.0,0.0,0.0
2982,-0.06181266285824484,0.08255857528305054,0.1772325517036069,-0.031629899817558954,0.0,0.0,0.0,0.0,0.0,0.0
2983,-0.0920216878492125,0.06925157076386197,-0.07197117224597091,0.03790589115481404,0.0,0.0,0.0,0.0,0.0,0.0
2984,-0.10517593085939571,0.15647871256381307,-0.40126547341946867,0.06802814626988135,0.0,0.0,0.0,0.0,0.0,0.0
2985,-0.12367907217735324,0.1978550482369999,-0.19645328227995706,0.037443308478285066,0.0,0.0,0.0,0.0,0.0,0.0
2986,-0.058436027028901424,-0.07874875600261519,-0.5748042370928358,0.18135722693747516,0.0,0.0,0.0,0.0,0.0,0.0
2987,-0.0355643561165481,-0.12200350667614729,0.009743938939575134,-0.04702669037060747,0.0,0.0,0.0,0.0,0.0,0.0
2988,-0.04842279208669519,-0.11747113344718302,-0.195296259995432,0.06532416161554608,0.0,0.0,0.0,0.0,0.0,0.0
2989,-0.12089899727487934,0.16106150996361746,-0.2601352036856515,0.034961798798928495,0.0,0.0,0.0,0.0,0.0,0.0
2990,-0.11606681378813608,0.06942277088674705,-0.597364504000774,0.1178131647143374,0.0,0.0,0.0,0.0,0.0,0.0
2991,-0.0894656925568892,0.12700403040134595,-0.29605278064849405,-0.028720065712526232,0.0,0.0,0.0,0.0,0.0,0.0
2992,-0.10642766918359746,0.12925615143358773,-0.13482824982695701,0.006712909073780684,0.0,0.0,0.0,0.0,0.0,0.0
2993,-0.11598051365117354,0.153512886250088,-0.40138140900886077,0.06294998606474746,0.0,0.0,0.0,0.0,0.0,0.0
2994,-0.09712865642091806,0.03051518382611364,-0.2957970904326936,0.015420608280175321,0.0,0.0,0.0,0.0,0.0,0.0
2995,-0.092337675848041,0.20912235338940316,-0.019494106851801023,0.05683541058731833,0.0,0.0,0.0,0.0,0.0,0.0
2996,-0.09435132877059896,0.015070132709541164,-0.315971077206459,0.10942538387762572,0.0,0.0,0.0,0.0,0.0,0.0
2997,-0.11546600911914683,0.20831134537906357,-0.2408474297767938,0.04146061834385526,0.0,0.0,0.0,0.0,0.0,0.0
2998,-0.11665002824306285,0.11981435870201582,-0.2659221484175323,0.006041310659422438,0.0,0.0,0.0,0.0,0.0,0.0
2999,-0.10012922301037587,0.06012940895321312,-0.4389316712598329,0.019283024409335343,0.0,0.0,0.0,0.0,0.0,0.0
3000,-0.10850474783440081,0.16254892187177056,-0.16484430097831304,-0.025329309208794594,0.0,0.0,0.0,0.0,0.0,0.0
3001,-0.07915526375826246,0.11222059152870019,-0.099299423297354,-0.022954128536045174,0.0,0.0,0.0,0.0,0.0,0.0
3002,-0.0929372261478624,0.08662133905000742,-0.18825519776895416,0.0601180882861016,0.0,0.0,0.0,0.0,0.0,0.0
3003,-0.11726426459341942,0.10820866322326331,-0.3446019534197531,0.12112880250192085,0.0,0.0,0.0,0.0,0.0,0.0
3004,-0.12878025381611222,0.1825521361178049,-0.25357991910062005,0.026322993437669882,0.0,0.0,0.0,0.0,0.0,0.0
3005,-0.0030019448284065403,-0.18167215100666664,0.01713482953497677,-0.035298156378537164,0.0,0.0,0.0,0.0,0.0,0.0
3006,-0.11789584455594179,0.12737588918127069,-0.19144039639819582,0.016841368064310618,0.0,0.0,0.0,0.0,0.0,0.0
3007,-0.12361826929856773,0.20564957907222042,-0.17791787186017596,0.002341346144480327,0.0,0.0,0.0,0.0,0.0,0.0
3008,-0.06268358293137777,-0.10382378680374008,-0.18518786613475094,0.004956664717271545,0.0,0.0,0.0,0.0,0.0,0.0
3009,-0.07042741242125128,-0.038355188320655015,-0.22195596774231913,-0.005162500468945964,0.0,0.0,0.0,0.0,0.0,0.0
3010,-0.09956702657901778,-0.0035746881241016616,-0.35679373336516595,0.08286893169467222,0.0,0.0,0.0,0.0,0.0,0.0
3011,-0.09798568164096273,0.1259129743272843,-0.36187554420754164,0.07081813387203531,0.0,0.0,0.0,0.0,0.0,0.0
3012,-0.10349877850256414,0.12702722470836053,-0.35761886588417663,0.006987959830182785,0.0,0.0,0.0,0.0,0.0,0.0
3013,-0.0582365623819202,0.0059191859473932944,-0.042702734562850654,-0.024365711763080396,0.0,0.0,0.0,0.0,0.0,0.0
3014,-0.111344165257842,0.1534948893073492,-0.15601776642401582,0.011574982318746336,0.0,0.0,0.0,0.0,0.0,0.0
3015,-0.12714411128258882,0.15879507021352096,-0.32405362881318267,0.055102256313609,0.0,0.0,0.0,0.0,0.0,0.0
3016,-0.09825653018463765,0.03843032940927046,-0.2654948709931602,0.028908694313600082,0.0,0.0,0.0,0.0,0.0,0.0
3017,-0.059822786154406775,-0.022498221545737548,-0.18611465298878954,0.03373731475351522,0.0,0.0,0.0,0.0,0.0,0.0
3018,-0.0750597805064528,-0.11082556953575266,-0.4405330736279463,0.11709362193550746,0.0,0.0,0.0,0.0,0.0,0.0
3019,-0.11096859677499973,0.21319127150506897,0.05911510871921016,0.02019648263312339,0.0,0.0,0.0,0.0,0.0,0.0
3020,-0.10143321891508707,0.09534262845555598,-0.12090492951228125,0.04994623697168719,0.0,0.0,0.0,0.0,0.0,0.0
3021,-0.10362037238978607,0.14721053376437276,0.010174732607698198,0.03255649993100545,0.0,0.0,0.0,0.0,0.0,0.0
3022,-0.14215322697551797,0.28327209588078234,-0.26807713698587915,0.02739501696742698,0.0,0.0,0.0,0.0,0.0,0.0
3023,-0.10796829284571088,0.11412200799605515,-0.049469777509404025,0.008509806001040789,0.0,0.0,0.0,0.0,0.0,0.0
3024,-0.10247078321024788,0.13061567520100154,-0.4753821275963582,0.14569862055436622,0.0,0.0,0.0,0.0,0.0,0.0
3025,-0.10706727764057365,0.17273616116195475,-0.061704373398740534,-0.026412781312610895,0.0,0.0,0.0,0.0,0.0,0.0
3026,-0.08694034228291028,0.034810955951959974,-0.06344731072475195,-0.021257630293957743,0.0,0.0,0.0,0.0,0.0,0.0
3027,-0.1292420324117325,0.19637861710415022,-0.3328915368775843,0.039242073391798415,0.0,0.0,0.0,0.0,0.0,0.0
3028,-0.061008235236906634,-0.08821168600855957,-0.33868039874476313,0.1465258934331037,0.0,0.0,0.0,0.0,0.0,0.0
3029,-0.06155425910548303,0.027580221217429545,-0.35892225415961065,0.038471968306431216,0.0,0.0,0.0,0.0,0.0,0.0
3030,-0.09216052327205917,0.019146053168464794,-0.31934958758079446,0.026019657300516485,0.0,0.0,0.0,0.0,0.0,0.0
3031,-0.08799739018376972,0.06783942145802858,-0.24279678442130811,-0.017450360806106145,0.0,0.0,0.0,0.0,0.0,0.0
3032,-0.10708932154148962,0.13048722688095088,-0.2561917890280704,0.0006398740705221721,0.0,0.0,0.0,0.0,0.0,0.0
3033,-0.06034762554731767,-0.053510459994643926,-0.23902778988136528,0.034629150406989356,0.0,0.0,0.0,0.0,0.0,0.0
3034,-0.08572160401678745,0.07426440499277788,-0.5366202030396059,0.11054546996093786,0.0,0.0,0.0,0.0,0.0,0.0
3035,-0.1013115678956341,0.12614968303024984,-0.30780285689100234,0.09203656099809604,0.0,0.0,0.0,0.0,0.0,0.0
3036,-0.0729555998469416,-0.11238670772659518,-0.25585572784715277,0.05179569035443571,0.0,0.0,0.0,0.0,0.0,0.0
3037,-0.03621993388480549,-0.005278421679971458,-0.07022976991112366,0.0983995202452088,0.0,0.0,0.0,0.0,0.0,0.0
3038,-0.10543265344106494,0.1453971802781362,-0.2795660081463344,0.028284685636119012,0.0,0.0,0.0,0.0,0.0,0.0
3039,-0.07147338435215005,0.09530328219381638,-0.10151668512291624,-0.09222124151933886,0.0,0.0,0.0,0.0,0.0,0.0
3040,-0.11242187758043415,0.20982727383973587,-0.20936370467719476,-0.0034229649916038686,0.0,0.0,0.0,0.0,0.0,0.0
3041,-0.1252322027267508,0.26046499678900353,-0.25733232827699243,-0.04417996333690384,0.0,0.0,0.0,0.0,0.0,0.0
3042,-0.11718639650924745,0.1780068311423992,-0.23244628358263458,0.0026788849206221365,0.0,0.0,0.0,0.0,0.0,0.0
3043,-0.15245911336711554,0.2746067115205721,-0.31192883349638356,0.02557930448533564,0.0,0.0,0.0,0.0,0.0,0.0
3044,-0.11848953093063189,0.2627200835950994,0.02459754801949682,-0.028574612578855862,0.0,0.0,0.0,0.0,0.0,0.0
3045,-0.11401276945544815,0.16159538517311064,-0.10966780492111285,0.02188295005424616,0.0,0.0,0.0,0.0,0.0,0.0
3046,-0.12746301236625573,0.20205246089691617,-0.25597933586308935,0.0354958149136757,0.0,0.0,0.0,0.0,0.0,0.0
3047,2.09656247944943,-5.313424193442471,-2.009445232086221,-0.21782172350285076,0.0,0.0,0.0,0.0,0.0,0.0
3048,-0.06568090994190462,0.09916311437671353,-0.19058063665848093,-0.007008195647364669,0.0,0.0,0.0,0.0,0.0,0.0
3049,-0.03959121579936841,-0.027926955985099866,0.014795108664425662,-0.08196800411764905,0.0,0.0,0.0,0.0,0.0,0.0
3050,0.21358797156252932,-0.8406967855727935,-0.29641423065151434,-0.1198557478614935,0.0,0.0,0.0,0.0,0.0,0.0
3051,0.08325973593708777,-0.4435245077285931,0.42443976327558647,-0.03163180562005772,0.0,0.0,0.0,0.0,0.0,0.0
3052,0.09065031405126865,-0.1559905926448517,0.19425997363708744,0.018582924918254355,0.0,0.0,0.0,0.0,0.0,0.0
3053,0.05072617038878974,-0.23948099700844724,-0.2850393518744559,0.01093873970487709,0.0,0.0,0.0,0.0,0.0,0.0
3054,-0.11136976489601358,0.15752249297972026,-0.15672610409418394,0.10574201523781485,0.0,0.0,0.0,0.0,0.0,0.0
3055,-0.10564390954928315,0.06231519193975305,-0.17836679416608214,0.14204800858503616,0.0,0.0,0.0,0.0,0.0,0.0
3056,-0.11404979111437606,0.10899810153212244,-0.44059094493889406,0.15767422881936835,0.0,0.0,0.0,0.0,0.0,0.0
3057,-0.13912725873556211,0.23729868718771807,-0.22950686879540813,-0.05510451262309113,0.0,0.0,0.0,0.0,0.0,0.0
3058,-0.012028612273666799,-0.027991924229007738,-0.21791959973586053,0.1370300633003971,0.0,0.0,0.0,0.0,0.0,0.0
3059,-0.11786471451150284,0.166940219926704,-0.30596946258083657,0.028106235015505528,0.0,0.0,0.0,0.0,0.0,0.0
3060,-0.11314110451027382,0.20078354913103127,-0.05986457297508392,0.0016110032962087758,0.0,0.0,0.0,0.0,0.0,0.0
3061,-0.08867298699425531,0.203787435232709,0.13081375274327642,0.01796581458532782,0.0,0.0,0.0,0.0,0.0,0.0
3062,-0.08903840575929788,0.10294107278295614,-0.44109408773792064,0.17628193480922968,0.0,0.0,0.0,0.0,0.0,0.0
3063,-0.1072120741999944,0.15778413384172388,-0.4167727621914959,0.09954540028216796,0.0,0.0,0.0,0.0,0.0,0.0
3064,-0.09193811935198123,0.08916042742905753,-0.12250278166682525,0.008756195973870918,0.0,0.0,0.0,0.0,0.0,0.0
3065,-0.11559451755697066,0.1905907380583032,-0.11911600978358798,0.033793844010444614,0.0,0.0,0.0,0.0,0.0,0.0
3066,-0.05933169137835852,-0.010181344339050541,-0.0382855323192565,-0.02959880292417112,0.0,0.0,0.0,0.0,0.0,0.0
3067,-0.07471671457439076,0.07698320624282773,-0.2574264089525219,0.013401924298047303,0.0,0.0,0.0,0.0,0.0,0.0
3068,0.00791674842507938,-0.21082851124253793,0.026412921835913115,0.0876897648974666,0.0,0.0,0.0,0.0,0.0,0.0
3069,-0.11542851730748466,0.07735257699864698,-0.20526207283669767,0.03499533481920482,0.0,0.0,0.0,0.0,0.0,0.0
3070,-0.04735463490058165,-0.024746277156220114,0.04659649754339641,0.04276727603831417,0.0,0.0,0.0,0.0,0.0,0.0
3071,-0.00986991795397797,-0.25025254795335966,-0.16146020985856538,0.07283043397301184,0.0,0.0,0.0,0.0,0.0,0.0
3072,-0.105210509089894,0.13703562786002949,-0.10104722410385683,0.005399608241518355,0.0,0.0,0.0,0.0,0.0,0.0
3073,-0.046572215500820136,0.05199951502284453,-0.020002933063547966,-0.0546342316502617,0.0,0.0,0.0,0.0,0.0,0.0
3074,-0.06011617284191577,0.07166279851803187,-0.2060422916606409,0.01910412985657968,0.0,0.0,0.0,0.0,0.0,0.0
3075,-0.12593671446047178,0.15383930903740345,-0.22258760879722034,0.011556491543353328,0.0,0.0,0.0,0.0,0.0,0.0
3076,-0.036719245999527396,-0.18802733064947388,-0.889384403293763,0.3432294950337252,0.0,0.0,0.0,0.0,0.0,0.0
3077,-0.08645275118276856,0.21573290238531176,-0.10164736697893147,-0.00748479170684525,0.0,0.0,0.0,0.0,0.0,0.0
3078,-0.06031198990190361,-0.015379101372091843,-0.2813688533790187,0.12587732212519578,0.0,0.0,0.0,0.0,0.0,0.0
3079,-0.09631501653027202,0.04686094836208523,-0.2704196387240966,0.03482898511446579,0.0,0.0,0.0,0.0,0.0,0.0
3080,-0.1287730504656876,0.1536739149492444,-0.4055059728668632,0.017434079533834503,0.0,0.0,0.0,0.0,0.0,0.0
3081,-0.10558190783987491,0.1264463935677986,-0.05717523281262024,0.05099704873548815,0.0,0.0,0.0,0.0,0.0,0.0
3082,-0.05062099719769405,0.21129808850230156,-0.03426018845896325,0.010274147576977156,0.0,0.0,0.0,0.0,0.0,0.0
3083,-0.1144204145966306,0.15203699595455206,-0.40136492943623614,0.06080690050815396,0.0,0.0,0.0,0.0,0.0,0.0
3084,-0.10408525662098397,0.17490717868082375,-0.16127431474563958,0.06595193710351051,0.0,0.0,0.0,0.0,0.0,0.0
3085,-0.04245930441152183,-0.13529658408043227,-0.19512162484055182,0.0531644017598221,0.0,0.0,0.0,0.0,0.0,0.0
3086,-0.09775431722322572,0.2460300657078233,-0.08624700590046817,0.027637597879901478,0.0,0.0,0.0,0.0,0.0,0.0
3087,-0.07873227808097912,0.025530621311741004,-0.10961248334947907,-0.04122525602662452,0.0,0.0,0.0,0.0,0.0,0.0
3088,-0.0992601010338408,0.0455179485354549,-0.2693719126049096,0.10978437043428704,0.0,0.0,0.0,0.0,0.0,0.0
3089,-0.1053941940495988,0.19856511883474015,-0.13133208144991762,0.03336266354805704,0.0,0.0,0.0,0.0,0.0,0.0
3090,-0.07682779630954022,-0.008637862007949956,-0.2435201227614702,0.07157511272894473,0.0,0.0,0.0,0.0,0.0,0.0
3091,-0.0762973119877588,0.05584592332045965,-0.1875094474932337,0.033789405455105524,0.0,0.0,0.0,0.0,0.0,0.0
3092,0.013230128147549026,0.14429888346041236,1.193406306728439,-0.04379520255540425,0.0,0.0,0.0,0.0,0.0,0.0
3093,-0.11692431646536079,0.21904673345655706,-0.24513106590388833,-0.0006839650515193862,0.0,0.0,0.0,0.0,0.0,0.0
3094,-0.09648044666266015,0.06584219482328042,-0.47780495257969224,0.14316982270937867,0.0,0.0,0.0,0.0,0.0,0.0
3095,-0.07694681130833773,0.057738906093796706,-0.2898636580583464,-0.0016100426620944146,0.0,0.0,0.0,0.0,0.0,0.0
3096,-0.04556996860806095,-0.015546653669108434,-0.24422959702937586,0.03974401421634006,0.0,0.0,0.0,0.0,0.0,0.0
3097,-0.10484410468818366,0.16290811359701632,-0.2523438990353842,0.06528629540799066,0.0,0.0,0.0,0.0,0.0,0.0
3098,-0.0598436467258706,-0.1150971033123201,-0.44163637940064704,0.2153008235309675,0.0,0.0,0.0,0.0,0.0,0.0
3099,-0.06416207191030773,0.095252380796661,-0.16746162003648365,0.121743460781983,0.0,0.0,0.0,0.0,0.0,0.0
3100,-0.06890881642018688,0.0830419731110056,-0.2812495787292799,-0.00794803594237534,0.0,0.0,0.0,0.0,0.0,0.0
3101,-0.0700810748532459,0.0231260099988183,-0.17606914142405258,-0.04538775363126228,0.0,0.0,0.0,0.0,0.0,0.0
3102,-0.09981878894235653,0.16889289771710247,-0.25940441581739204,-0.0024684892794173355,0.0,0.0,0.0,0.0,0.0,0.0
3103,-0.11404916926727038,0.15621635177148213,-0.26875097343578686,0.11310081843343135,0.0,0.0,0.0,0.0,0.0,0.0
3104,0.0009548351992427433,-0.20250844196421514,-0.16868715081447277,0.06873810185036863,0.0,0.0,0.0,0.0,0.0,0.0
3105,-0.12054984602704892,0.14933596493867313,-0.166836110939449,0.030124657954385486,0.0,0.0,0.0,0.0,0.0,0.0
3106,-0.05957442430046753,0.005179155290790788,-0.7171693065118657,0.29102793150783834,0.0,0.0,0.0,0.0,0.0,0.0
3107,0.0051996689704527045,-0.21493673618102754,-0.22697312932763888,-0.08540032202551917,0.0,0.0,0.0,0.0,0.0,0.0
3108,-0.07117752514260133,0.10425073066107915,0.009780849492857633,0.03611645042546194,0.0,0.0,0.0,0.0,0.0,0.0
3109,-0.09602359405340216,0.08210928707334937,-0.41050216121069877,0.13532469196180347,0.0,0.0,0.0,0.0,0.0,0.0
3110,-0.02336342732940152,-0.20754110157771985,-0.5490847635604053,0.26772589518233464,0.0,0.0,0.0,0.0,0.0,0.0
3111,-0.12177075593882042,0.1362580838886787,-0.4666922302776676,0.1587916770965167,0.0,0.0,0.0,0.0,0.0,0.0
3112,-0.11074327360017747,0.21878804276342864,0.012315363861964858,-0.0010838829915440873,0.0,0.0,0.0,0.0,0.0,0.0
3113,-0.11059963039500567,0.19813366112904698,-0.22008226153709926,-0.04668349395103594,0.0,0.0,0.0,0.0,0.0,0.0
3114,-0.10982803318671915,0.08751083811620518,-0.5373309161546052,0.12859384483744765,0.0,0.0,0.0,0.0,0.0,0.0
3115,-0.09624549499591352,0.18906348888469152,-0.27663152843854955,0.022339477282989736,0.0,0.0,0.0,0.0,0.0,0.0
3116,-0.08635149954005124,0.0923934175174307,-0.30131231322259705,0.1306371801165381,0.0,0.0,0.0,0.0,0.0,0.0
3117,-0.13012860239683877,0.24567592416319303,-0.24412948306989193,0.043372252061814026,0.0,0.0,0.0,0.0,0.0,0.0
3118,-0.10335569216180844,0.0822357319150489,-0.4009954622817505,0.1224861717511605,0.0,0.0,0.0,0.0,0.0,0.0
3119,-0.11695234889234372,0.22248050709277278,-0.21337630747853972,0.0523820935050388,0.0,0.0,0.0,0.0,0.0,0.0
3120,49.80095609601294,18.049340314405594,-11.18328194202212,-0.4758870728333503,0.0,0.0,0.0,0.0,0.0,0.0
3121,0.49492796689154356,2.579814154110119,1.4529014939786729,-0.9220646557599379,0.0,0.0,0.0,0.0,0.0,0.0
3122,0.5373436645141964,3.7996337602523105,1.984004169684448,-0.26477026744253757,0.0,0.0,0.0,0.0,0.0,0.0
3123,0.18339365006344277,0.0790363468486905,0.40268038184183236,-0.45272233247022386,0.0,0.0,0.0,0.0,0.0,0.0
3124,0.12708124242785937,0.5832411492081782,0.17229904724725081,-0.2430476665061398,0.0,0.0,0.0,0.0,0.0,0.0
3125,0.010314534572975749,0.09391800840045592,0.20216530671573515,-0.1399213284209573,0.0,0.0,0.0,0.0,0.0,0.0
3126,0.06992148731387414,0.08713104055820571,0.4186332713582318,-0.25281082556094947,0.0,0.0,0.0,0.0,0.0,0.0
3127,0.18484238599818015,0.5379151004879182,0.08438758170203876,-0.3102919009182418,0.0,0.0,0.0,0.0,0.0,0.0
3128,0.08255469665003992,0.3130380863926049,0.49074084748679697,-0.2930888176502855,0.0,0.0,0.0,0.0,0.0,0.0
3129,0.40004814319656606,1.0597897942668388,0.8150036364887728,-0.8713323703671637,0.0,0.0,0.0,0.0,0.0,0.0
3130,0.4056050740882197,0.09409236360377182,0.8865449561165089,-0.6427497838495013,0.0,0.0,0.0,0.0,0.0,0.0
3131,0.8829554483387981,5.413490003293382,3.3965615736950494,-0.4248828858327306,0.0,0.0,0.0,0.0,0.0,0.0
3132,0.949374381806562,-0.6887596934548602,1.0466774540686212,-1.114727300578688,0.0,0.0,0.0,0.0,0.0,0.0
3133,-0.09220966096237128,0.2981115094865378,-0.19901187379884824,-0.04413030674616688,0.0,0.0,0.0,0.0,0.0,0.0
3134,-0.13474745175456088,0.2552939654582592,-0.20112314533623782,-0.006181601655305622,0.0,0.0,0.0,0.0,0.0,0.0
3135,-0.1122230673184785,0.18531629636562846,-0.14328558451295526,0.029676286315568838,0.0,0.0,0.0,0.0,0.0,0.0
3136,-0.09512548417383318,0.06786429201451859,0.059377784035105456,0.004730873083403717,0.0,0.0,0.0,0.0,0.0,0.0
3137,-0.13426075270008608,0.2353345036542198,-0.10640704180426751,0.011889693471349121,0.0,0.0,0.0,0.0,0.0,0.0
3138,-0.07956664587837825,0.06544408951648696,-0.28412961543751,0.02452973004338043,0.0,0.0,0.0,0.0,0.0,0.0
3139,-0.10778361517229554,0.07784066680360383,-0.11937900964279592,0.06182003489158312,0.0,0.0,0.0,0.0,0.0,0.0
3140,-0.12857069835085758,0.25076143529293604,-0.13554500225462623,-0.014644052464676162,0.0,0.0,0.0,0.0,0.0,0.0
3141,-0.10303428386240913,0.14485047028882872,0.20053031179806705,-0.025277306598043225,0.0,0.0,0.0,0.0,0.0,0.0
3142,-0.13773466735887957,0.179491133854152,-0.35578980192635934,0.09659294983623794,0.0,0.0,0.0,0.0,0.0,0.0
3143,-0.12018669958529897,0.15833130133444268,-0.1252558287767636,-0.033867873893788425,0.0,0.0,0.0,0.0,0.0,0.0
3144,-0.10927733678186409,0.20606088169363487,-0.03245433152241598,-0.03711653043621864,0.0,0.0,0.0,0.0,0.0,0.0
3145,-0.11778328129040166,0.15185160486881247,-0.11366323885788207,0.042713748937626465,0.0,0.0,0.0,0.0,0.0,0.0
3146,-0.08933207041677138,0.14228565562143228,-0.27971873601933955,0.0365647124060215,0.0,0.0,0.0,0.0,0.0,0.0
3147,-0.1184739787136658,0.3040822454748782,0.012290288412315026,-0.007291703650065799,0.0,0.0,0.0,0.0,0.0,0.0
3148,-0.11173161178331231,0.25528194429307566,-0.008242230295750637,-0.013704446677969549,0.0,0.0,0.0,0.0,0.0,0.0
3149,-0.11455911291062289,0.13072757201738086,0.034088764514445785,0.03738878302410501,0.0,0.0,0.0,0.0,0.0,0.0
3150,-0.1067910088411145,0.30687487745311454,-0.07334394630120585,-0.03451881904708767,0.0,0.0,0.0,0.0,0.0,0.0
3151,-0.10132759365814227,0.3068866835314744,0.1738178032973077,-0.04055732459961563,0.0,0.0,0.0,0.0,0.0,0.0
3152,-0.12331417527726365,0.22793741831403105,-0.14773951676297345,0.040852517949617695,0.0,0.0,0.0,0.0,0.0,0.0
3153,-0.13161596628379152,0.24682788564044222,-0.12855901400240294,-0.007958129908048577,0.0,0.0,0.0,0.0,0.0,0.0
3154,-0.12456546933142418,0.23551867804066137,-0.1720256730243735,-0.034134583560637095,0.0,0.0,0.0,0.0,0.0,0.0
3155,-0.11539656882212802,0.09090834782338816,-0.014136109666574739,0.07471527031541568,0.0,0.0,0.0,0.0,0.0,0.0
3156,-0.10320417555169917,0.1953752245917993,0.03522482951894146,-0.007008517309029211,0.0,0.0,0.0,0.0,0.0,0.0
3157,-0.09842961985489732,0.1291539578794499,-0.07809492030964703,0.007213938088943113,0.0,0.0,0.0,0.0,0.0,0.0
3158,-0.1287257750970398,0.23125019877656447,-0.16638070381647008,0.017802213669293573,0.0,0.0,0.0,0.0,0.0,0.0
3159,-0.12784115017534897,0.21654420376339972,-0.07891237026039623,0.007782019997989811,0.0,0.0,0.0,0.0,0.0,0.0
3160,-0.11878903427253612,0.14809643375912745,0.13608542180313815,-0.03717658518951274,0.0,0.0,0.0,0.0,0.0,0.0
3161,-0.13794480986514518,0.248745012929443,-0.129794627570242,-0.011172987108865598,0.0,0.0,0.0,0.0,0.0,0.0
3162,-0.06900390924710144,0.06074843354220033,0.12977083390505126,-0.04672791533143344,0.0,0.0,0.0,0.0,0.0,0.0
3163,-0.09210336272567599,0.1279335953771363,0.00029781889896250544,-0.0033993027700492066,0.0,0.0,0.0,0.0,0.0,0.0
3164,-0.12652523466353208,0.24460820943227785,-0.4254263667270259,0.013686393334519044,0.0,0.0,0.0,0.0,0.0,0.0
3165,-0.06953084312175664,0.1775919234170872,-0.027309334898136337,0.03790517869134013,0.0,0.0,0.0,0.0,0.0,0.0
3166,-0.10247018653961243,0.15349959677091335,-0.22192880625525174,0.08166362894258426,0.0,0.0,0.0,0.0,0.0,0.0
3167,-0.13055958015275188,0.27161270966690537,-0.10336340201858427,0.020599292126912618,0.0,0.0,0.0,0.0,0.0,0.0
3168,-0.13075314545075725,0.3186648882166011,-0.05155736087408528,0.04397259934570878,0.0,0.0,0.0,0.0,0.0,0.0
3169,-0.07888510915725566,0.22880729669033423,0.4604290421713552,-0.032960197156893356,0.0,0.0,0.0,0.0,0.0,0.0
3170,-0.13223827564766927,0.16696502600313948,-0.37963783245919114,0.08809961957476886,0.0,0.0,0.0,0.0,0.0,0.0
3171,-0.13901913155772846,0.26539595315295506,-0.30559511468318684,0.01640959663009452,0.0,0.0,0.0,0.0,0.0,0.0
3172,-0.13475121785298158,0.22969258976537726,-0.25147515346596727,0.02312535563181937,0.0,0.0,0.0,0.0,0.0,0.0
3173,-0.11216738467866623,0.12486008628816525,-0.15462143764310113,-0.023677970559501847,0.0,0.0,0.0,0.0,0.0,0.0
3174,-0.1307182450780721,0.16302730029988444,-0.2353043519020498,0.04248253506438704,0.0,0.0,0.0,0.0,0.0,0.0
3175,-0.09957130120529746,0.2211216770098485,0.08716669891291193,-0.07383790750927796,0.0,0.0,0.0,0.0,0.0,0.0
3176,-0.09115387270779167,0.20183813922536706,0.08613100057768981,0.04964843923151687,0.0,0.0,0.0,0.0,0.0,0.0
3177,-0.11888945919669397,0.18152151867567798,-0.12240078634596145,-0.006278377681762835,0.0,0.0,0.0,0.0,0.0,0.0
3178,-0.11386092964271105,0.21062359391128865,-0.23767834773336563,0.005774778189471205,0.0,0.0,0.0,0.0,0.0,0.0
3179,-0.12006487674049827,0.24052972803682343,0.11007894405393578,-0.12010453250973056,0.0,0.0,0.0,0.0,0.0,0.0
3180,-0.09520004368734,0.08217675024358084,-0.35639387516714144,0.05335814253196747,0.0,0.0,0.0,0.0,0.0,0.0
