,u1,u2,u3,u4
0,0.010367135573310765,0.16825635247534135,-1.313399441166232e-15,-5.643866911077282e-18
1,-0.09731391312445309,-5.2860520198958886e-05,0.044379398542332894,-0.0006446460239019631
2,-0.035670788478642405,-5.2892372501224745e-05,-3.7430270392266966e-05,8.194233745797614e-08
3,0.4712403610297072,-5.3154304180428946e-05,-3.599322396462518e-05,7.661285865099662e-08
4,0.3415217856880848,-5.308727585753638e-05,-3.636096417998905e-05,7.797667240581125e-08
5,0.015885279406946024,-5.291901260858593e-05,-3.728411368758466e-05,8.140029577782199e-08
6,0.48220455316038524,-5.315996960972511e-05,-3.59621414896198e-05,7.649758513677855e-08
7,0.18673175767431194,-5.3007292586195034e-05,-3.679977965487115e-05,7.960407826306463e-08
8,0.6231309693467008,-5.3232789260418904e-05,-3.556262807757903e-05,7.50159362341459e-08
9,0.02429116004046588,-5.2923356104347454e-05,-3.726028379008229e-05,8.131191941692868e-08
10,-0.11819460791554603,-5.2849730703700185e-05,-3.766421782078968e-05,8.280996277492828e-08
11,-0.13863673502141025,-5.283916782562693e-05,-3.7722169368628506e-05,8.302488383809552e-08
12,-0.1280380159617548,-5.2844644407215595e-05,-3.7692122976125794e-05,8.291345277434961e-08
13,-0.1319851251287989,-5.284260485270996e-05,-3.7703312667127176e-05,8.295495123948017e-08
14,-0.07068310868260588,-5.287428089417365e-05,0.0742521837315112,0.0003854267769528358
15,-0.11987578404225,-5.28488620045459e-05,-3.766898380029069e-05,8.282763804711166e-08
16,-0.052092711803258,-5.288388694718344e-05,-3.747682503260504e-05,8.211499156592778e-08
17,-0.1468964264265211,-5.283489986893717e-05,-3.774558483313077e-05,8.311172321880196e-08
18,-0.1327160712708441,-5.2842227157419034e-05,-3.770538483212741e-05,8.296263614042543e-08
19,-0.14604365592746832,-5.283534051338598e-05,-3.774316730729884e-05,8.310275750103017e-08
20,-0.13032831387349642,-5.2843460961956027e-05,-3.7698615759795336e-05,8.293753213066527e-08
21,-0.1637325525649623,-5.2826200287557636e-05,-3.779331370030201e-05,8.328873210395615e-08
22,-0.09263585781536536,-5.286293744879562e-05,-3.7591761117949285e-05,8.254124740513961e-08
23,-0.14080520857614437,-5.28380473296081e-05,-3.772831679146336e-05,8.304768237756987e-08
24,-0.1241883662803167,-5.284663360236095e-05,-3.768120957379253e-05,8.287297896270544e-08
25,-0.11853571611516713,-5.2849554445901315e-05,-3.7665184831124004e-05,8.281354906204335e-08
26,-0.11765858074471287,-5.285000768024487e-05,-3.766269823312329e-05,8.28043271809043e-08
27,-0.09324497960040304,-5.286262270271768e-05,-3.7593487922116566e-05,8.254765148925881e-08
28,-0.14565381798504423,-5.2835541950905375e-05,-3.774206215263038e-05,8.309865888719536e-08
29,-0.13045013823050397,-5.284339801277039e-05,-3.7698961120627906e-05,8.293881294748164e-08
30,-0.06259397137730745,-5.287846072494097e-05,-3.7506595136441386e-05,8.222539797620195e-08
31,-0.11836516201535656,-5.28496425747936e-05,-3.76647013259573e-05,8.28117559184869e-08
32,-0.12867150261819396,-5.284431707129758e-05,-3.769391885246021e-05,8.292011302184887e-08
33,-0.14082957344754587,-5.283803473974111e-05,-3.7728385863630404e-05,8.304793854093713e-08
34,-0.11877936482918221,-5.284942854748923e-05,-3.7665875552789476e-05,8.28161106956853e-08
35,-0.0026807526010021706,-5.290941914837375e-05,-3.733674667859024e-05,8.159549226188581e-08
36,-0.15471755014640476,-5.283085852936451e-05,-3.7767756998634105e-05,8.319395165894301e-08
37,-0.040641222244549795,-5.288980417328906e-05,-3.744436111426837e-05,8.199459478441573e-08
38,-0.13902657296383436,-5.283896638813529e-05,-3.7723274523295234e-05,8.302898245193034e-08
39,-0.10381933378865701,-5.2857158710955625e-05,-3.762346524245252e-05,8.265882638963266e-08
40,-0.10786390244130711,-5.28550687970224e-05,-3.763493122212093e-05,8.270134950820826e-08
41,-0.09266022268676687,-5.286292485894168e-05,-3.759183019011643e-05,8.254150356850444e-08
42,-0.10096864383468071,-5.2858631722544854e-05,-3.761538379895201e-05,8.262885527593956e-08
43,-0.09010191118960865,-5.2864246792426055e-05,-3.758457761261596e-05,8.25146064151883e-08
44,-0.11829206740115207,-5.284968034435461e-05,-3.766449410945597e-05,8.281098742839e-08
45,-0.150210048937126,-5.283318765028183e-05,-3.7754978647798425e-05,8.314656143642459e-08
46,-0.12572335317861164,-5.284584044230093e-05,-3.768556112029133e-05,8.288911725469163e-08
47,-0.15561905038826052,-5.2830392705153126e-05,-3.7770312668801094e-05,8.320342970343334e-08
48,-0.15354803631913244,-5.283146284181334e-05,-3.7764441534634605e-05,8.318165581742992e-08
49,-0.0820127738843084,-5.2868426620278204e-05,-3.7561645653278754e-05,8.242956017803587e-08
50,-0.142949317259477,-5.283693942345626e-05,-3.773439514212987e-05,8.307022475368713e-08
51,-0.15596015858788162,-5.2830216447368554e-05,-3.77712796791345e-05,8.320701599054284e-08
52,-0.1440457364725448,-5.2836372880526817e-05,-3.773750338963065e-05,8.308175210511348e-08
53,-0.13766214016535,-5.2839671419303016e-05,-3.7719406481962275e-05,8.30146373034938e-08
54,-0.1443868446721659,-5.2836196622741404e-05,-3.7738470399963715e-05,8.308533839222394e-08
55,-0.15678856421553286,-5.282978839278673e-05,-3.777362813279808e-05,8.321572554494737e-08
56,-0.10004277872142345,-5.2859110136582014e-05,-3.761275905661793e-05,8.261912106807135e-08
57,-0.13098616540133712,-5.284312103623916e-05,-3.7700480708293905e-05,8.294444854150442e-08
58,-0.13225313871421546,-5.284246636437621e-05,-3.7704072460963076e-05,8.295776903649523e-08
59,-0.11263941723600246,-5.285260118783947e-05,-3.764846936678918e-05,8.27515575277313e-08
60,-0.01359621498887722,-5.290377889879238e-05,-3.7367691009260605e-05,8.171025344936619e-08
61,-0.12901261081781507,-5.2844140813485246e-05,-3.7694885862793624e-05,8.292369930894822e-08
62,-0.10413607711687659,-5.285699504299641e-05,-3.762436318061932e-05,8.266215651337828e-08
63,-0.09643677775400043,-5.28609734333157e-05,-3.760253637595096e-05,8.258120889006866e-08
64,-0.1262106506066418,-5.284558864543597e-05,-3.768694256362522e-05,8.289424052198815e-08
65,-0.10959380831081413,-5.285417491820269e-05,-3.763983534595439e-05,8.271953710712033e-08
66,-0.10995928138183672,-5.285398607055029e-05,-3.764087142845494e-05,8.272337955758788e-08
67,-0.061984849592269776,-5.2878775471012184e-05,-3.750486833227452e-05,8.221899389207827e-08
68,-0.10686494271384535,-5.285558498060628e-05,-3.7632099263286875e-05,8.2690846810247e-08
69,-0.09901945412256016,-5.285963890999167e-05,-3.760985802561722e-05,8.260836220675083e-08
70,0.013205143552780272,-5.2917627725880575e-05,-3.729171162591876e-05,8.142847374796194e-08
71,-0.046440061638108425,-5.2886807790716866e-05,-3.7460800289936293e-05,8.205556166526314e-08
72,-0.13649262633807763,-5.284027573177877e-05,-3.771609101796156e-05,8.300234146197826e-08
73,-0.0935373580572211,-5.2862471624598116e-05,-3.7594316788117134e-05,8.255072544964518e-08
74,-0.1295973677314512,-5.284383865727388e-05,-3.769654359479433e-05,8.292984722972096e-08
75,-0.03659665359189966,-5.289189408720146e-05,-3.743289513460039e-05,8.195207166584266e-08
76,-0.13907530270663737,-5.2838941208428224e-05,-3.772341266762985e-05,8.302949477865563e-08
77,-0.11137244392312412,-5.285325585968938e-05,-3.7644877614121214e-05,8.273823703275648e-08
78,4.1950942114218055,-5.507849798270221e-05,-2.5436441226731267e-05,3.746161844791755e-08
79,-0.07955192187275621,-5.286969819438926e-05,-3.7554669364445016e-05,8.240368767818653e-08
80,-0.08535076126631483,-5.286670181179625e-05,-3.757110854011403e-05,8.246465455903225e-08
81,-0.10296656328960427,-5.285759935544565e-05,-3.7621047716619336e-05,8.264986067186302e-08
82,0.1463104360192121,-5.2986406037033454e-05,-3.6914370379381e-05,8.002905328545873e-08
83,0.03557209549936354,-5.2929185201557e-05,-3.7228303376912245e-05,8.119331577897174e-08
84,0.04236989462038397,-5.293269776767185e-05,-3.720903224241153e-05,8.112184620016429e-08
85,0.06344550838268738,-5.294358798168983e-05,-3.714928481823905e-05,8.09002648895159e-08
86,0.10766774997642227,-5.296643854635826e-05,-3.70239188357261e-05,8.043532838220218e-08
87,0.02497337643970808,-5.292370861993805e-05,-3.725834976941572e-05,8.130474684271192e-08
88,0.027994620493494948,-5.292526976042304e-05,-3.724978482074937e-05,8.127298258546493e-08
89,-0.012962728332438044,-5.290410623470856e-05,-3.736589513292696e-05,8.17035932018789e-08
90,-0.10603653708619412,-5.285601303524278e-05,-3.7629750809620356e-05,8.268213725584341e-08
91,-0.08639845073657962,-5.286616044854653e-05,-3.757407864328057e-05,8.247566958372097e-08
92,-0.13235059819982148,-5.28424160050298e-05,-3.77043487496286e-05,8.295879368995789e-08
93,-0.1441919257009538,-5.283629734143255e-05,-3.773791782263156e-05,8.30832890853005e-08
94,-0.09629058852559139,-5.286104897236834e-05,-3.760212194295092e-05,8.257967190987655e-08
95,-0.12396908243770315,-5.2846746910960715e-05,-3.7680587924292026e-05,8.287067349241812e-08
96,-0.12530915036478601,-5.28460544696053e-05,-3.768438689345872e-05,8.288476247748645e-08
97,-0.10803445654111767,-5.2854980668129695e-05,-3.763541472728812e-05,8.270314265176687e-08
98,-0.08725122123563236,-5.286571980406996e-05,-3.757649616911424e-05,8.248463530149447e-08
99,-0.14012299217690216,-5.283839984520584e-05,-3.7726382770796014e-05,8.304050980335669e-08
100,-0.0869832076502158,-5.2865858292335576e-05,-3.757573637528037e-05,8.248181750448138e-08
101,-0.14173107368940163,-5.283756891558523e-05,-3.7730941533796084e-05,8.305741658543423e-08
102,-0.10323457687502083,-5.2857460867180036e-05,-3.762180751045277e-05,8.265267846887442e-08
103,-0.13790578887936505,-5.283954552090481e-05,-3.772009720362905e-05,8.301719893714931e-08
104,-0.11444241771971396,-5.2851669539499966e-05,-3.7653580707122274e-05,8.277051361673905e-08
105,-0.10369750943164947,-5.2857221660168606e-05,-3.762311988161957e-05,8.265754557281167e-08
106,-0.09940929206498426,-5.2859437472499615e-05,-3.761096318028443e-05,8.26124608205861e-08
107,-0.14061028960493227,-5.283814804832617e-05,-3.772776421413043e-05,8.304563307065755e-08
108,-0.1336906661269044,-5.2841723563689105e-05,-3.7708147718794755e-05,8.297288267501848e-08
109,-0.13539620712500985,-5.284084227468129e-05,-3.771298277046243e-05,8.29908141105679e-08
110,-0.09341553370021358,-5.28625345738111e-05,-3.759397142728331e-05,8.254944463281913e-08
111,-0.07048818971139566,-5.2874381615889736e-05,-3.75289745184431e-05,8.230839490643237e-08
112,-0.10798572679831467,-5.2855005847837176e-05,-3.763527658295388e-05,8.270263032503602e-08
113,-0.07497132604927292,-5.287206508481207e-05,-3.754168379711104e-05,8.235552896558137e-08
114,-0.10260109021858164,-5.2857788203084173e-05,-3.762001163411922e-05,8.26460182213887e-08
115,-0.14012299217690216,-5.283839984520584e-05,-3.7726382770796014e-05,8.304050980335669e-08
116,-0.13907530270663737,-5.2838941208428224e-05,-3.772341266762985e-05,8.302949477865563e-08
117,-0.1524272522346631,-5.28320419745551e-05,-3.776126421496756e-05,8.316987230264213e-08
118,-0.10769334834149659,-5.285515692595632e-05,-3.763444771695379e-05,8.269955636465181e-08
119,0.004604343948048393,-5.291318351134597e-05,-3.7316094100755975e-05,8.151889941577963e-08
120,-0.0777245565176432,-5.2870642432595755e-05,-3.754948895194444e-05,8.23844754258166e-08
121,-0.14757864282576325,-5.2834547353312505e-05,-3.774751885379846e-05,8.311889579302436e-08
122,-0.12111839248372686,-5.284821992257728e-05,-3.767250648079069e-05,8.284070237872043e-08
123,-0.06425078263260992,-5.287760461562697e-05,-3.7511292043775014e-05,8.224281708501265e-08
124,0.17413511915973284,-5.30007836375223e-05,-3.683548996503932e-05,7.973651472272072e-08
125,-0.1259670018926267,-5.284571454386151e-05,-3.7686251841958926e-05,8.289167888833481e-08
126,-0.1363220722382671,-5.284036386063067e-05,-3.7715607512797325e-05,8.300054831843565e-08
127,-0.11680581024566014,-5.285044832474836e-05,-3.766028070728929e-05,8.279536146313683e-08
128,-0.1417067088180001,-5.283758150539755e-05,-3.7730872461630684e-05,8.305716042206941e-08
129,-0.09872707566574207,-5.2859789988097355e-05,-3.760902915961795e-05,8.260528824636785e-08
130,-0.01854228388338311,-5.290122316071364e-05,-3.7381712659095026e-05,8.17622546124434e-08
131,-0.09721645363884865,-5.2860570558358926e-05,-3.760474668528369e-05,8.258940611774816e-08
132,-0.06678472925836662,-5.2876295271996334e-05,-3.75184755491088e-05,8.226945807497013e-08
133,-0.0763357588477573,-5.287136005360313e-05,-3.7545551838445254e-05,8.236987411401234e-08
134,0.21097480471881125,-5.3019819479760846e-05,-3.6731052849031654e-05,7.934919571499178e-08
135,-0.1145155123339185,-5.2851631769967124e-05,-3.7653787923622256e-05,8.277128210683039e-08
136,-0.06866082435628265,-5.287532585409623e-05,-3.7523794105942305e-05,8.228918265406753e-08
137,-0.09468250701309193,-5.286187990197548e-05,-3.75975631799508e-05,8.256276512779006e-08
138,-0.09916564335096921,-5.285956337095291e-05,-3.76102724586164e-05,8.260989918693784e-08
139,-0.06578576953090486,-5.287681145553941e-05,-3.751564359027509e-05,8.225895537700623e-08
140,-0.14867506203883105,-5.283398081038306e-05,-3.77506271012988e-05,8.313042314443717e-08
141,-0.061984849592269776,-5.2878775471012184e-05,-3.750486833227452e-05,8.221899389207827e-08
142,0.05131180242473697,-5.293731823997995e-05,-3.718368275724237e-05,8.10278342452432e-08
143,-0.16222193053806883,-5.282698085776328e-05,-3.7789031225969964e-05,8.327284997534032e-08
144,-0.12942681363164066,-5.2843926786207384e-05,-3.769606008962507e-05,8.29280540861599e-08
145,-0.01885902721160269,-5.2901059492751167e-05,-3.738261059726218e-05,8.176558473618794e-08
146,-0.12893951620361055,-5.2844178583045423e-05,-3.7694678646292823e-05,8.292293081886244e-08
147,-0.002705117472403655,-5.290940655850923e-05,-3.733681575075806e-05,8.159574842525291e-08
148,-0.10467210428770973,-5.285671806645172e-05,-3.7625882768286136e-05,8.266779210740567e-08
149,-0.0577453619684076,-5.288096610367083e-05,-3.749284977527248e-05,8.217442146658309e-08
150,-0.1031127525180133,-5.285752381639302e-05,-3.762146214961852e-05,8.265139765205004e-08
151,-0.13483581508277517,-5.2841131841079515e-05,-3.7711394110629384e-05,8.298492235318126e-08
152,-0.05060645464776609,-5.2884654927605153e-05,-3.747261163043746e-05,8.209936560066505e-08
153,-0.13079124643012505,-5.284322175499886e-05,-3.769992813096054e-05,8.294239923460226e-08
154,-0.10262545508998318,-5.28577756132584e-05,-3.762008070628545e-05,8.264627438475474e-08
155,-0.10084681947767317,-5.285869467177129e-05,-3.761503843811823e-05,8.262757445911737e-08
156,4.137788033885462,-5.5048886671960266e-05,-2.559889896277712e-05,3.806411468215064e-08
157,0.08639721724290679,-5.295544761360813e-05,-3.7084218837232175e-05,8.065895899976989e-08
158,0.017956293476074102,-5.2920082745226905e-05,-3.727824255341716e-05,8.137852189180499e-08
159,0.6720312662495249,-5.325805707488306e-05,-3.542400023906737e-05,7.450181636077254e-08
160,-0.0420787496572387,-5.2889061372567674e-05,-3.7448436372101734e-05,8.200970842294445e-08
161,0.2012775859010114,-5.301480872243949e-05,-3.675854357136387e-05,7.945114873421811e-08
162,0.7304094981275352,-5.3288222338359396e-05,-3.525850332771152e-05,7.388804893842725e-08
163,-0.06576140465950334,-5.287682404536519e-05,-3.75155745181093e-05,8.225869921364188e-08
164,0.6447426102798373,-5.324395645098345e-05,-3.550136106574278e-05,7.478871932946462e-08
165,0.0892966369396861,-5.295694580490442e-05,-3.7075999249397046e-05,8.062847555934304e-08
166,0.059985696643673383,-5.29418002240296e-05,-3.715909306590576e-05,8.093664008733158e-08
167,-0.022416298436222698,-5.289922137571434e-05,-3.7392695133595864e-05,8.18029845874651e-08
168,-0.13164401692917777,-5.2842781110467614e-05,-3.7702345656795415e-05,8.295136495236633e-08
169,-0.07426474477862922,-5.287243019026335e-05,-3.753968070427704e-05,8.234810022799536e-08
170,-0.08837200532010167,-5.28651406712731e-05,-3.757967348878211e-05,8.249641881628178e-08
171,-0.10995928138183672,-5.285398607055029e-05,-3.764087142845494e-05,8.272337955758788e-08
172,-0.09936056232218124,-5.285946265217934e-05,-3.76108250359515e-05,8.261194849385186e-08
173,-0.021124960251942833,-5.289988863737615e-05,-3.738903430876243e-05,8.178940792912467e-08
174,-0.07075620329681222,-5.2874243127610244e-05,-3.752973431227653e-05,8.231121270344884e-08
175,-0.12423709602311972,-5.2846608422681636e-05,-3.7681347718124985e-05,8.287349128942734e-08
176,-0.08449799076726208,-5.286714245628628e-05,-3.756869101427997e-05,8.245568884125753e-08
177,-0.05720933479757444,-5.2881243080201845e-05,-3.749133018760607e-05,8.216878587255802e-08
178,-0.06037676807977033,-5.287960640063994e-05,-3.750030956927377e-05,8.220208710999457e-08
179,-0.11081205188088945,-5.2853545426059844e-05,-3.764328895428817e-05,8.273234527536984e-08
180,-0.14236456034584077,-5.28372415796668e-05,-3.7732737410131415e-05,8.306407683292889e-08
181,-0.12574771805001314,-5.28458278524474e-05,-3.7685630192458855e-05,8.288937341805768e-08
182,-0.06941613536972935,-5.287493556895177e-05,-3.7525935343110064e-05,8.229712371837713e-08
183,-0.09487742598430399,-5.2861779183256586e-05,-3.7598115757283385e-05,8.25648144347152e-08
184,-0.03221097673962844,-5.2894160258905795e-05,-3.742046214459896e-05,8.190596226015792e-08
185,-0.11232267390778287,-5.2852764855798686e-05,-3.764757142862195e-05,8.274822740398905e-08
186,0.10189327545426512,-5.296345475363309e-05,-3.7040288939226235e-05,8.04960390996797e-08
187,-0.07928390828733961,-5.286983668262712e-05,-3.7553909570612884e-05,8.240086988117344e-08
188,-0.11551447206138028,-5.2851115586424464e-05,-3.7656619882455486e-05,8.278178480478365e-08
189,-0.096704791339417,-5.286083494505009e-05,-3.760329616978353e-05,8.258402668708003e-08
190,-0.11873063508637917,-5.284945372715508e-05,-3.7665737408457416e-05,8.281559836896122e-08
191,-0.11276124159301,-5.285253823865424e-05,-3.76488147276217e-05,8.275283834455566e-08
192,-0.1420478170176212,-5.283740524761214e-05,-3.773183947196375e-05,8.306074670918326e-08
193,-0.1134921877350552,-5.285216054336332e-05,-3.7650886892622365e-05,8.276052324550092e-08
194,-0.026728880674289402,-5.289699297353285e-05,-3.740492090709749e-05,8.184832550305336e-08
195,-0.07022017612597908,-5.287452010414147e-05,-3.7528214724610316e-05,8.230557710942268e-08
196,-0.04127470890098897,-5.2889476837377975e-05,-3.744615699060213e-05,8.200125503190567e-08
197,-0.1234574201382715,-5.284701129765229e-05,-3.767913740879182e-05,8.286529406175801e-08
198,-0.11877936482918221,-5.284942854748923e-05,-3.7665875552789476e-05,8.28161106956853e-08
199,-0.09421957445646333,-5.2862119109014674e-05,-3.75962508087827e-05,8.255789802385281e-08
200,-0.14745681846875575,-5.283461030251203e-05,-3.7747173492965894e-05,8.311761497618766e-08
201,-0.08345030129699729,-5.2867683819536004e-05,-3.7565720911112555e-05,8.244467381656542e-08
202,-0.12655175880626288,-5.284541238762322e-05,-3.768790957395954e-05,8.289782680909644e-08
203,-0.093098790371994,-5.2862698241770314e-05,-3.759307348911608e-05,8.25461145090701e-08
204,-0.10596344247198958,-5.285605080477603e-05,-3.762954359312076e-05,8.26813687657499e-08
205,-0.12236100092520368,-5.284757784058132e-05,-3.7676029161291955e-05,8.28537667103372e-08
206,-0.09680225082502303,-5.286078458567676e-05,-3.760357245845026e-05,8.258505134054006e-08
207,-0.11429622849130494,-5.285174507855302e-05,-3.7653166274122184e-05,8.276897663654647e-08
208,-0.1141987690056989,-5.285179543792593e-05,-3.76528899854555e-05,8.276795198308692e-08
209,-0.11641597230323603,-5.285064976222696e-05,-3.76591755526229e-05,8.279126284929091e-08
210,-0.030944003426750088,-5.2894814930734784e-05,-3.741687039193177e-05,8.189264176518366e-08
211,-0.056941321212157864,-5.288138156846746e-05,-3.749057039377307e-05,8.216596807554155e-08
212,-0.1041604419882781,-5.285698245317063e-05,-3.7624432252785544e-05,8.266241267674432e-08
213,-0.05582053712768855,-5.2881960701243713e-05,-3.7487393074105825e-05,8.215418456075823e-08
214,-0.05686822659795334,-5.288141933800051e-05,-3.749036317727264e-05,8.216519958544743e-08
215,-0.05733115915458197,-5.2881180130982136e-05,-3.7491675548439654e-05,8.21700666893813e-08
216,-0.02073512230951872,-5.2900090074861474e-05,-3.7387929154095636e-05,8.178530931528619e-08
217,-0.13098616540133712,-5.284312103623916e-05,-3.7700480708293905e-05,8.294444854150442e-08
218,-0.11229830903638136,-5.2852777445652216e-05,-3.7647502356455724e-05,8.274797124062301e-08
219,-0.12474875832255136,-5.2846344036003945e-05,-3.768279823362519e-05,8.287887072009425e-08
220,-0.030895273683947063,-5.28948401104143e-05,-3.741673224759886e-05,8.189212943845303e-08
221,-0.11780476997312193,-5.2849932141206116e-05,-3.766311266612247e-05,8.28058641610947e-08
222,-0.08023413827199839,-5.2869345678764176e-05,-3.755660338511275e-05,8.241086025240093e-08
223,-0.12011943275626508,-5.284873610613424e-05,-3.766967452195699e-05,8.283019968075824e-08
224,-0.13476272046857068,-5.2841169610599726e-05,-3.771118689412753e-05,8.298415386306986e-08
225,-0.10091991409187769,-5.2858656902251915e-05,-3.7615245654618255e-05,8.262834294921088e-08
226,-0.031845503668605835,-5.289434910654779e-05,-3.7419426062098846e-05,8.190211980968444e-08
227,-0.14565381798504423,-5.2835541950905375e-05,-3.774206215263038e-05,8.309865888719536e-08
228,-0.08688574816460976,-5.286590865169503e-05,-3.7575460086614076e-05,8.248079285101627e-08
229,-0.011257187334332565,-5.290498752370244e-05,-3.736106008125984e-05,8.168566176633547e-08
230,-0.1209234735125148,-5.2848320641323517e-05,-3.767195390345772e-05,8.283865307180595e-08
231,-0.08393759872502744,-5.286743202267104e-05,-3.756710235444688e-05,8.244979708386533e-08
232,-0.09534035854093262,-5.286153997621781e-05,-3.759942812845101e-05,8.25696815386469e-08
233,-0.10252799560437714,-5.285782597261743e-05,-3.7619804417618766e-05,8.264524973129519e-08
234,-0.10898468652577643,-5.285448966426676e-05,-3.763810854178798e-05,8.271313302299604e-08
235,-0.022635582278836247,-5.289910806711804e-05,-3.739331678309669e-05,8.180529005774902e-08
236,-0.11573375590399385,-5.28510022778247e-05,-3.765724153195556e-05,8.278409027507434e-08
237,-0.13037704361629943,-5.2843435782330566e-05,-3.7698753904127105e-05,8.293804445740263e-08
238,-0.04634260215250239,-5.288685815008284e-05,-3.7460524001270045e-05,8.205453701180868e-08
239,-0.05370079331575745,-5.288305601755569e-05,-3.748138379560557e-05,8.213189834801149e-08
240,-0.04758521059397924,-5.288621606810055e-05,-3.7464046681770245e-05,8.206760134341721e-08
241,-0.05840321349624828,-5.288062617790622e-05,-3.7494714723772906e-05,8.218133787743823e-08
242,-0.09529162879812962,-5.2861565155924874e-05,-3.759928998411639e-05,8.256916921191313e-08
243,-0.09526726392672812,-5.2861577745778404e-05,-3.7599220911949294e-05,8.256891304854709e-08
244,-0.11237140365058591,-5.28527396761463e-05,-3.764770957295449e-05,8.274873973071869e-08
245,-0.11027602471005632,-5.285382240261883e-05,-3.76417693666213e-05,8.272670968133352e-08
246,-0.1369311940233048,-5.2840049114607816e-05,-3.7717334316962045e-05,8.300695240255531e-08
247,-0.08483909896688319,-5.286696619847395e-05,-3.756965802461425e-05,8.245927512836873e-08
248,-0.04502689909682102,-5.288753800158472e-05,-3.74567941042698e-05,8.204070419010132e-08
249,-0.12223917656819616,-5.284764078980818e-05,-3.76756838004577e-05,8.285248589350606e-08
250,-0.10177268459093042,-5.285821625774801e-05,-3.761766318045231e-05,8.263730866698727e-08
251,-0.09641241288259894,-5.2860986023169234e-05,-3.760246730378344e-05,8.258095272670261e-08
252,-0.10252799560437714,-5.285782597261743e-05,-3.7619804417618766e-05,8.264524973129519e-08
253,-0.0819884090129069,-5.2868439210090934e-05,-3.756157658111287e-05,8.242930401467057e-08
254,-0.09146634398809304,-5.286354176124445e-05,-3.758844565394892e-05,8.252895156361974e-08
255,-0.14251074957424983,-5.283716604060029e-05,-3.77331518431306e-05,8.306561381312607e-08
256,-0.10148030613411237,-5.2858367335867576e-05,-3.76168343144513e-05,8.26342347066009e-08
257,-0.09685098056782607,-5.2860759405997455e-05,-3.760371060278358e-05,8.258556366726537e-08
258,4.63870542502904,-5.5307721251256376e-05,-2.417884428805549e-05,3.279765206276698e-08
259,-0.03569515335004392,-5.289235991138488e-05,-3.743033946443322e-05,8.194259362133902e-08
260,-0.0018036172305479102,-5.290987238269961e-05,-3.733426008059079e-05,8.158627038075031e-08
261,-0.0456116560104572,-5.2887235845373975e-05,-3.7458451836269354e-05,8.20468521108581e-08
262,0.07031640211791229,-5.294713831737222e-05,-3.7129806467235965e-05,8.082802682060865e-08
263,1.1125481411887683,-5.3485681432562857e-05,-3.4175175465603416e-05,6.987038272311315e-08
264,-0.04120161428678446,-5.288951460691817e-05,-3.744594977410146e-05,8.200048654181132e-08
265,-0.04190819555742817,-5.2889149501487715e-05,-3.744795286693438e-05,8.20079152793914e-08
266,0.33772086574944976,-5.308531184197361e-05,-3.6371739437995454e-05,7.801663389072794e-08
267,0.41620011653370315,-5.312586372566923e-05,-3.6149257989137224e-05,7.719153169234186e-08
268,0.4321834721730917,-5.3134122662407334e-05,-3.61039466478038e-05,7.702348852495419e-08
269,-0.04405230424076075,-5.288804159530812e-05,-3.7454031217602624e-05,8.20304576555044e-08
270,0.1500138964722411,-5.298831969315434e-05,-3.690387141004644e-05,7.999011645399263e-08
271,-0.018054986455352973,-5.290147495757198e-05,-3.738033121576148e-05,8.175713134514567e-08
272,-0.10925270011119301,-5.285435117600115e-05,-3.7638868335620545e-05,8.271595082000744e-08
273,0.004311965491230282,-5.2913032433260626e-05,-3.731692296675463e-05,8.152197337615528e-08
274,0.02801898536489643,-5.2925282350294016e-05,-3.724971574858129e-05,8.12727264220975e-08
275,-0.1152708233473652,-5.285124148483613e-05,-3.765592916078919e-05,8.277922317114386e-08
276,-0.030139962670500356,-5.289523039554509e-05,-3.741459101043152e-05,8.188418837414234e-08
277,-0.03896004611784582,-5.289067287244292e-05,-3.743959513476805e-05,8.19769195122396e-08
278,-0.0521170766746595,-5.288387435733664e-05,-3.7476894104771935e-05,8.211524772929152e-08
279,0.01637257683497616,-5.291926440544248e-05,-3.7282732244251175e-05,8.13951725105241e-08
280,-0.10006714359282494,-5.285909754674194e-05,-3.761282812878421e-05,8.261937723143616e-08
281,-0.08447362589586058,-5.286715504612635e-05,-3.756862194211413e-05,8.245543267789272e-08
282,-0.04410103398356378,-5.288801641562861e-05,-3.7454169361935315e-05,8.203096998223334e-08
283,-0.07326578505116745,-5.2872946373806006e-05,-3.7536848745443374e-05,8.233759753003195e-08
284,-0.03793672151898254,-5.289120164583932e-05,-3.7436694103767706e-05,8.196616065091244e-08
285,0.005116006247480015,-5.291344789806583e-05,-3.731464358525472e-05,8.151351998511406e-08
286,-0.11383329593467631,-5.285198428557833e-05,-3.7651853902955386e-05,8.27641095326126e-08
287,-0.03396524748053692,-5.2893253790211736e-05,-3.742543534060006e-05,8.192440602243265e-08
288,-0.08167166568468728,-5.286860287803586e-05,-3.756067864294699e-05,8.242597389093049e-08
289,-0.1227264739962263,-5.284738899295667e-05,-3.76770652437912e-05,8.285760916080476e-08
290,0.19004538018491685,-5.300900480482346e-05,-3.679038584020341e-05,7.956924004544444e-08
291,-0.10099300870608223,-5.285861913273254e-05,-3.7615452871117416e-05,8.262911143930438e-08
292,0.10547491155028665,-5.296530546049936e-05,-3.7030135330727225e-05,8.045838308504473e-08
293,-0.03450127465137008,-5.2892976813687446e-05,-3.7426954928266165e-05,8.19300416164605e-08
294,-0.11449114746251698,-5.285164435980678e-05,-3.765371885145516e-05,8.277102594346434e-08
295,-0.055942361484696085,-5.2881897752024004e-05,-3.748773843493897e-05,8.215546537758151e-08
296,-0.0994823866791888,-5.285939970298024e-05,-3.7611170396784454e-05,8.26132293106813e-08
297,-0.050362805933751024,-5.2884780826030905e-05,-3.7471920908770927e-05,8.20968039670174e-08
298,0.002947532692745921,-5.291232740204345e-05,-3.7320791008089455e-05,8.153631852459245e-08
299,-0.08761669430665496,-5.28655309564041e-05,-3.757753225161474e-05,8.248847775196662e-08
300,-0.005117239741152853,-5.290816016409411e-05,-3.734365389525763e-05,8.162110859837683e-08
301,-0.03389215286633242,-5.289329155975193e-05,-3.7425228124099385e-05,8.192363753233576e-08
302,-0.11064149778107892,-5.285363355496643e-05,-3.7642805449120984e-05,8.273055213181122e-08
303,-0.12886642158940603,-5.28442163525648e-05,-3.76944714297941e-05,8.292216232877569e-08
304,-0.09248966858695634,-5.286301298786172e-05,-3.759134668494885e-05,8.253971042494799e-08
305,-0.033672869023718854,-5.2893404868344555e-05,-3.742460647459934e-05,8.192133206205376e-08
306,-0.03937424893167145,-5.2890458845124876e-05,-3.744076936160107e-05,8.198127428944032e-08
307,-0.06369039059037525,-5.2877894182004586e-05,-3.750970338394195e-05,8.223692532762492e-08
308,-0.03545150463602885,-5.289248580981757e-05,-3.7429648742766576e-05,8.194003198769052e-08
309,-0.08564313972313292,-5.2866550733677526e-05,-3.757193740611364e-05,8.246772851940582e-08
310,-0.09884890002274961,-5.2859727038884374e-05,-3.7609374520450905e-05,8.260656906319221e-08
311,0.0756279440834408,-5.2949882903072495e-05,-3.711474873490324e-05,8.077218320706283e-08
312,0.061691237641778855,-5.294268151303047e-05,-3.7154258014238085e-05,8.091870865178216e-08
313,-0.12928062440323163,-5.2844002325233096e-05,-3.7695645656626665e-05,8.292651710596855e-08
314,-0.0734607040223795,-5.287284565507365e-05,-3.7537401322776785e-05,8.23396468369549e-08
315,-0.08544822075192085,-5.2866651452409465e-05,-3.757138482878071e-05,8.24656792124901e-08
316,-0.08717812662142783,-5.2865757573575875e-05,-3.75762889526146e-05,8.24838668113971e-08
317,-0.07470331246385634,-5.287220357309115e-05,-3.7540924003277656e-05,8.235271116856537e-08
318,-0.062009214463671296,-5.287876288117253e-05,-3.750493740444053e-05,8.221925005544262e-08
319,-0.05126430617560676,-5.288431500183361e-05,-3.74744765789381e-05,8.210628201152019e-08
320,-0.010501876320885858,-5.2905377808833225e-05,-3.7358918844092654e-05,8.167772070202266e-08
321,-0.0869832076502158,-5.2865858292335576e-05,-3.757573637528037e-05,8.248181750448138e-08
322,-0.04505126396822253,-5.2887525411751586e-05,-3.745686317643629e-05,8.204096035346783e-08
323,0.028603742278532615,-5.292558450649425e-05,-3.7248058016582396e-05,8.126657850134127e-08
324,-0.08281681464055811,-5.286801115542627e-05,-3.756392503478031e-05,8.24380135690831e-08
325,0.03415893295807615,-5.2928454990682214e-05,-3.723230956257939e-05,8.12081732541378e-08
326,-0.05038717080515252,-5.2884768236170436e-05,-3.7471989980937804e-05,8.209706013038175e-08
327,-0.11195720083676028,-5.285295370346455e-05,-3.764653534612188e-05,8.274438495351689e-08
328,0.07479953845578954,-5.2949454848436e-05,-3.7117097188568456e-05,8.078089276146981e-08
329,-0.05608855071310513,-5.288182221297116e-05,-3.748815286793904e-05,8.21570023577713e-08
330,-0.03788799177617953,-5.289122682553965e-05,-3.7436555959433715e-05,8.196564832418182e-08
331,-0.09477996649869798,-5.2861829542643786e-05,-3.7597839468615795e-05,8.25637897812467e-08
332,-0.11376020132047178,-5.285202205507037e-05,-3.7651646686456185e-05,8.276334104251692e-08
333,-0.08033159775760441,-5.2869295319404725e-05,-3.755687967377904e-05,8.241188490585756e-08
334,-0.05438300971499965,-5.288270350196509e-05,-3.7483317816272025e-05,8.213907092223036e-08
335,-0.10730351039907249,-5.28553583634345e-05,-3.763334256228702e-05,8.269545775081823e-08
336,-0.09443885829907687,-5.286200580044224e-05,-3.7596872458282815e-05,8.256020349414397e-08
337,-0.10944761908240506,-5.2854250457255324e-05,-3.763942091295434e-05,8.271800012692993e-08
338,-0.030749084455538027,-5.289491564947051e-05,-3.741631781459891e-05,8.189059245826548e-08
339,-0.0927576821723729,-5.286287449958264e-05,-3.7592106478782675e-05,8.25425282219606e-08
340,-0.07453275836404578,-5.287229170195651e-05,-3.754044049811216e-05,8.235091802501136e-08
341,-0.07823621881707485,-5.2870378045890715e-05,-3.755093946744503e-05,8.238985485647964e-08
342,-0.06427514750401142,-5.2877592025793835e-05,-3.7511361115941505e-05,8.224307324838085e-08
343,-0.1188037297005837,-5.28494159576357e-05,-3.766594462495657e-05,8.281636685905135e-08
344,-0.04994860311992541,-5.288499485335609e-05,-3.7470746681937226e-05,8.209244918981391e-08
345,-0.11578248564679684,-5.2850977098131094e-05,-3.765737967629022e-05,8.278460260180519e-08
346,-0.09100341143146441,-5.2863780968256304e-05,-3.758713328278251e-05,8.252408445969048e-08
347,-0.06758877001461634,-5.287587980717215e-05,-3.7520754930609054e-05,8.227791146601229e-08
348,-0.11008110573884425,-5.285392312135119e-05,-3.764121678928789e-05,8.272466037441902e-08
349,-0.11310234979263109,-5.285236198082804e-05,-3.7649781737955976e-05,8.275642463166517e-08
350,-0.1334713822842908,-5.2841836872274995e-05,-3.770752606929469e-05,8.297057720473457e-08
351,5.259717267310648,-5.562861116344122e-05,-2.2418332903950633e-05,2.6268560218436976e-08
352,0.09348739482074526,-5.2959111257890276e-05,-3.7064118836728594e-05,8.058441546057702e-08
353,-0.030481070870121457,-5.289505413774979e-05,-3.741555802076507e-05,8.188777466125178e-08
354,0.10515816822206706,-5.2965141792540564e-05,-3.703103326889398e-05,8.046171320878821e-08
355,-0.07933263803014265,-5.286981150296127e-05,-3.755404771494538e-05,8.240138220789413e-08
356,0.1096413045599443,-5.2967458323645566e-05,-3.701832399022456e-05,8.041457914964137e-08
357,0.011134129483652193,-5.2916557589244646e-05,-3.729758276008595e-05,8.145024763398017e-08
358,0.27471330830515317,-5.305275450849145e-05,-3.655036006101435e-05,7.867907235238432e-08
359,-0.1180727835585385,-5.2849793652912746e-05,-3.766387245995677e-05,8.280868195810608e-08
360,0.3027085455454845,-5.306722023785829e-05,-3.647099614150774e-05,7.838474064610897e-08
361,-0.11081205188088945,-5.2853545426059844e-05,-3.764328895428817e-05,8.273234527536984e-08
362,-0.09421957445646333,-5.2862119109014674e-05,-3.75962508087827e-05,8.255789802385281e-08
363,-0.09358608780002414,-5.286244644491881e-05,-3.759445493244959e-05,8.255123777637049e-08
364,-0.09733827799585619,-5.286050760914595e-05,-3.760509204611665e-05,8.259068693456914e-08
365,-0.08557004510892838,-5.2866588503196484e-05,-3.757173018961409e-05,8.246696002931786e-08
366,-0.08859128916271523,-5.286502736270109e-05,-3.758029513828131e-05,8.249872428656569e-08
367,-0.03247899032504501,-5.289402177062998e-05,-3.74212219384327e-05,8.190878005717162e-08
368,-0.06183866036386073,-5.2878851010071756e-05,-3.750445389927425e-05,8.221745691189125e-08
369,-0.13754031580834244,-5.2839734368529454e-05,-3.77190611211285e-05,8.3013356486675e-08
370,-0.07246174429491771,-5.2873361838630185e-05,-3.753456936394377e-05,8.232914413899317e-08
371,-0.0684659053850706,-5.287542657284247e-05,-3.752324152860911e-05,8.228713334714456e-08
372,-0.048657264935645546,-5.28856621150179e-05,-3.7467085857103686e-05,8.207887253147306e-08
373,-0.08067270595722552,-5.28691190615924e-05,-3.755784668411289e-05,8.241547119296706e-08
374,-0.1041604419882781,-5.285698245317063e-05,-3.7624432252785544e-05,8.266241267674432e-08
375,-0.11955904071403041,-5.2849025672504705e-05,-3.766808586212351e-05,8.28243079233648e-08
376,-0.11787786458732644,-5.2849894371645105e-05,-3.7663319882623796e-05,8.28066326511916e-08
377,-0.06140009267863362,-5.287907762725048e-05,-3.750321060027368e-05,8.221284597132004e-08
378,-0.12484621780815738,-5.2846293676603274e-05,-3.768307452229274e-05,8.28798953735538e-08
379,-0.13388558509811643,-5.2841622844970204e-05,-3.770870029612778e-05,8.297493198194191e-08
380,-0.1252847854933845,-5.2846067059445374e-05,-3.768431782129201e-05,8.288450631412162e-08
381,-0.11237140365058591,-5.28527396761463e-05,-3.764770957295449e-05,8.274873973071869e-08
382,-0.08362085539680784,-5.286759569062984e-05,-3.756620441627969e-05,8.244646696012018e-08
383,-0.11717128331668274,-5.2850259477096375e-05,-3.766131678978979e-05,8.279920391360221e-08
384,-0.10935015959679904,-5.2854300816641696e-05,-3.763914462428771e-05,8.271697547347255e-08
385,-0.09268458755816837,-5.286291226908814e-05,-3.7591899262283514e-05,8.254175973187385e-08
386,-0.11453987720532001,-5.285161918011359e-05,-3.765385699578935e-05,8.277153827019304e-08
387,-0.058037740425225665,-5.2880815025538014e-05,-3.7493678641273414e-05,8.217749542696452e-08
388,-0.11127498443751808,-5.285330621904841e-05,-3.7644601325454966e-05,8.273721237929693e-08
389,-0.09862961618013605,-5.285984034747026e-05,-3.760875287095127e-05,8.260426359290491e-08
390,-0.1173174725450918,-5.285018393805762e-05,-3.766173122278897e-05,8.2800740893796e-08
391,-0.13736976170853188,-5.2839822497435205e-05,-3.771857761596228e-05,8.301156334312409e-08
392,-0.11025165983865481,-5.28538349924589e-05,-3.764170029445417e-05,8.272645351797208e-08
393,-0.07246174429491771,-5.2873361838630185e-05,-3.753456936394377e-05,8.232914413899317e-08
394,-0.1052081314585429,-5.285644108992049e-05,-3.7627402355953e-05,8.267342770143521e-08
395,0.002192221679299195,-5.291193711693173e-05,-3.732293224525552e-05,8.154425958890347e-08
396,-0.037059586148528306,-5.2891654880196755e-05,-3.743420750576678e-05,8.195693876977508e-08
397,-0.09850779182312851,-5.2859903296669366e-05,-3.7608407510117884e-05,8.260298277608053e-08
398,-0.10647510477142126,-5.285578641811221e-05,-3.763099410861923e-05,8.268674819641003e-08
399,-0.08113563851385415,-5.2868879854594424e-05,-3.755915905527887e-05,8.242033829690141e-08
400,-0.07587282629112865,-5.287159926062844e-05,-3.754423946727846e-05,8.236500701008016e-08
401,-0.0941952095850618,-5.286213169884045e-05,-3.759618173661691e-05,8.255764186049693e-08
402,-0.09185618193051716,-5.2863340323779735e-05,-3.75895508086153e-05,8.253305017746566e-08
403,-0.11319980927823713,-5.2852311621482465e-05,-3.765005802662184e-05,8.275744928512011e-08
404,-0.053384049987537874,-5.2883219685521634e-05,-3.7480485857438144e-05,8.212856822426355e-08
405,-0.13149782770076876,-5.2842856649548e-05,-3.7701931223794064e-05,8.294982797218269e-08
406,-0.09180745218771413,-5.286336550343212e-05,-3.758941266428276e-05,8.253253785073094e-08
407,-0.08098944928544509,-5.286895539363318e-05,-3.7558744622279684e-05,8.241880131671609e-08
408,-0.1031371173894148,-5.2857511226552945e-05,-3.7621531221785654e-05,8.265165381541825e-08
409,-0.10177268459093042,-5.285821625774801e-05,-3.761766318045231e-05,8.263730866698727e-08
410,-0.10364877968884645,-5.285724683984791e-05,-3.762298173728582e-05,8.26570332460762e-08
411,-0.038886951503641305,-5.2890710641983115e-05,-3.743938791826738e-05,8.197615102214271e-08
412,-0.10262545508998318,-5.28577756132584e-05,-3.762008070628545e-05,8.264627438475474e-08
413,-0.004045185399486548,-5.290871411717303e-05,-3.734061471992421e-05,8.160983741032119e-08
414,-0.09241657397275181,-5.286305075738151e-05,-3.759113946844921e-05,8.2538941934854e-08
415,-0.1344459771403511,-5.284133327857199e-05,-3.771028895596213e-05,8.298082373933195e-08
416,-0.10177268459093042,-5.285821625774801e-05,-3.761766318045231e-05,8.263730866698727e-08
417,0.024705362854291524,-5.292357013164825e-05,-3.725910956325023e-05,8.130756463972658e-08
418,-0.12126458171213589,-5.284814438352465e-05,-3.767292091379031e-05,8.284223935891084e-08
419,-0.09984785975021138,-5.285921085532784e-05,-3.7612206479285437e-05,8.261707176115394e-08
420,-0.09568146674055371,-5.286136371844628e-05,-3.7600395138783644e-05,8.257326782575736e-08
421,-0.11003237599604125,-5.2853948301044376e-05,-3.764107864495414e-05,8.272414804768695e-08
422,-0.12613755599243726,-5.284562641495535e-05,-3.768673534712563e-05,8.289347203189465e-08
423,0.13907406921296459,-5.298266685369909e-05,-3.6934884812884584e-05,8.010513380483138e-08
424,-0.0941952095850618,-5.286213169884045e-05,-3.759618173661691e-05,8.255764186049693e-08
425,-0.06040113295117183,-5.287959381079314e-05,-3.750037864144067e-05,8.220234327336339e-08
426,-0.13671191018069126,-5.2840162423193705e-05,-3.771671266746154e-05,8.300464693226463e-08
427,-0.10920397036839001,-5.285437635569475e-05,-3.763873019128762e-05,8.271543849327997e-08
428,-0.14158488446099257,-5.283764445462315e-05,-3.773052710079744e-05,8.305587960525155e-08
429,-0.05896360553848295,-5.288033661153534e-05,-3.7496303383606e-05,8.218722963482874e-08
430,-0.07056128432560017,-5.287434384635648e-05,-3.752918173494312e-05,8.230916339652758e-08
431,-0.14243765496004532,-5.28372038101205e-05,-3.773294462663048e-05,8.306484532301806e-08
432,-0.10837556474073877,-5.28548044103447e-05,-3.763638173762114e-05,8.270672893887516e-08
433,-0.09141761424529003,-5.286356694092418e-05,-3.758830750961555e-05,8.252843923689566e-08
434,-0.10303965790380877,-5.2857561585912395e-05,-3.762125493311936e-05,8.265062916195653e-08
435,-0.11980268942804549,-5.284889977407958e-05,-3.766877658379062e-05,8.28268695570126e-08
436,-0.05903670015268745,-5.2880298841988206e-05,-3.749651060010689e-05,8.218799812492563e-08
437,0.002289681164905244,-5.291198747628136e-05,-3.732265595658994e-05,8.154323493544603e-08
438,0.03362290578724301,-5.292817801412364e-05,-3.723382915024686e-05,8.121380884816773e-08
439,-0.1034538607176344,-5.285734755859415e-05,-3.762242915995241e-05,8.265498393916172e-08
440,-0.09088158707445687,-5.2863843917469284e-05,-3.758678792194955e-05,8.252280364286611e-08
441,-0.11990014891365151,-5.284884941470625e-05,-3.7669052872456916e-05,8.282789421047431e-08
442,-0.07141405482465292,-5.2873903201866034e-05,-3.7531599260776354e-05,8.231812911430445e-08
443,0.0993105990857054,-5.2962120230295594e-05,-3.7047610588894617e-05,8.052319241636478e-08
444,-0.13761341042254696,-5.2839696599010076e-05,-3.7719268337628955e-05,8.301412497676173e-08
445,-0.11897428380039425,-5.284932782872954e-05,-3.7666428130123274e-05,8.28181600026078e-08
446,-0.11970522994243943,-5.2848950133438194e-05,-3.7668500295123985e-05,8.282584490355521e-08
447,-0.10206506304774851,-5.2858065179628867e-05,-3.76184920464524e-05,8.264038262736132e-08
448,-0.11478352591933508,-5.285149328170151e-05,-3.765454771745569e-05,8.277409990383839e-08
449,-0.09633931826839438,-5.2861023792674734e-05,-3.760226008728428e-05,8.258018423660572e-08
450,-0.12484621780815738,-5.2846293676603274e-05,-3.768307452229274e-05,8.28798953735538e-08
451,-0.11892555405759123,-5.284935300842272e-05,-3.766628998579083e-05,8.28176476758791e-08
452,2.1060501374566107,-5.399904486195917e-05,-3.135868879732996e-05,5.942506535552992e-08
453,0.13054636422243715,-5.297826040875717e-05,-3.69590600712186e-05,8.019479098254459e-08
454,0.11763298237963853,-5.2971587792083586e-05,-3.699566831955573e-05,8.03305575659531e-08
455,0.1146361031972532,-5.297003924141397e-05,-3.700416419605672e-05,8.036206565983998e-08
456,-0.06149755216423964,-5.287902726786369e-05,-3.750348688894101e-05,8.221387062478297e-08
457,-0.09300133088638797,-5.286274860115669e-05,-3.7592797200449014e-05,8.254508985561271e-08
458,-0.0906379383604418,-5.2863969815894826e-05,-3.758609720028239e-05,8.252024200921616e-08
459,-0.12221481169679466,-5.2847653379647835e-05,-3.7675614728291045e-05,8.285222973015357e-08
460,-0.06483553954624607,-5.287730245940235e-05,-3.751294977577522e-05,8.224896500577536e-08
461,-0.09945802180778728,-5.285941229279255e-05,-3.761110132461862e-05,8.26129731473165e-08
462,-0.13171711154338236,-5.284274334097599e-05,-3.77025528732924e-05,8.295213344245645e-08
463,-0.09836160259471947,-5.285997883573588e-05,-3.76079930771174e-05,8.260144579589182e-08
464,-0.11583121538959987,-5.285095191845179e-05,-3.765751782062267e-05,8.27851149285305e-08
465,-0.12043617608448466,-5.284857243816156e-05,-3.7670572460125036e-05,8.283352980450509e-08
466,-0.03713268076273281,-5.289161711065656e-05,-3.7434414722267454e-05,8.195770725987113e-08
467,0.024047511326450808,-5.292323020592517e-05,-3.726097451174871e-05,8.131448105057633e-08
468,-0.1084973890977463,-5.2854741461118265e-05,-3.763672709845448e-05,8.270800975569735e-08
469,-0.10859484858335233,-5.285469110177269e-05,-3.763700338712077e-05,8.270903440915569e-08
470,-0.08474163948127714,-5.286701655784686e-05,-3.7569381735947566e-05,8.24582504749058e-08
471,-0.03920369483186089,-5.289054697401737e-05,-3.7440285856434566e-05,8.197948114588702e-08
472,-0.017616418770125843,-5.290170157473682e-05,-3.7379087916761615e-05,8.175252040457783e-08
473,-0.09819104849490894,-5.2860066964628584e-05,-3.760750957195108e-05,8.259965265234168e-08
474,-0.04570911549606323,-5.288718548600086e-05,-3.745872812493606e-05,8.204787676431789e-08
475,-0.08868874864832127,-5.286497700334164e-05,-3.758057142694717e-05,8.249974894002572e-08
476,0.02760478255107082,-5.292506832295853e-05,-3.7250889975414976e-05,8.127708119930044e-08
477,-0.10613399657180014,-5.2855962675883746e-05,-3.763002709828704e-05,8.268316190929957e-08
478,-0.11695199947406919,-5.285037278569573e-05,-3.7660695140289334e-05,8.279689844332385e-08
479,-0.10727914552767095,-5.2855370953274155e-05,-3.763327349012036e-05,8.269520158745557e-08
480,-0.14236456034584077,-5.28372415796668e-05,-3.7732737410131415e-05,8.306407683292889e-08
481,-0.13870982963561476,-5.28391300560798e-05,-3.7722376585129395e-05,8.30256523281992e-08
482,-0.13537184225360835,-5.284085486454912e-05,-3.7712913698294854e-05,8.29905579471963e-08
483,-0.03791235664758104,-5.289121423569979e-05,-3.7436625031600395e-05,8.196590448754809e-08
484,-0.10038388692104454,-5.2858933878783144e-05,-3.761372606695182e-05,8.262270735518132e-08
485,-0.10679184809964083,-5.285562275012566e-05,-3.7631892046786854e-05,8.269007832015688e-08
486,-0.07684742114718894,-5.2871095666911976e-05,-3.7547002353944986e-05,8.237525354467368e-08
487,-0.012719079618422977,-5.2904232133137725e-05,-3.736520441126016e-05,8.170103156822982e-08
488,-0.10252799560437714,-5.285782597261743e-05,-3.7619804417618766e-05,8.264524973129519e-08
489,-0.04894964339246362,-5.288551103689875e-05,-3.746791472310421e-05,8.208194649185388e-08
490,-0.012865268846832013,-5.290415659407642e-05,-3.736561884426031e-05,8.17025685484198e-08
491,-0.12618628573524027,-5.2845601235261745e-05,-3.7686873491459425e-05,8.289398435862889e-08
492,-0.10101737357748372,-5.285860654287901e-05,-3.76155219432845e-05,8.262936760266704e-08
493,-0.14526398004262014,-5.2835743388370926e-05,-3.7740956997964335e-05,8.309456027335189e-08
494,-0.13539620712500985,-5.284084227468129e-05,-3.771298277046243e-05,8.29908141105679e-08
495,-0.07801693497446127,-5.2870491354463146e-05,-3.755031781794535e-05,8.238754938619356e-08
496,-0.08449799076726208,-5.286714245628628e-05,-3.756869101427997e-05,8.245568884125753e-08
497,-0.09704589953903811,-5.2860658687237755e-05,-3.7604263180117376e-05,8.258761297418785e-08
498,-0.05945090296651307,-5.288008481467016e-05,-3.749768482693991e-05,8.219235290212804e-08
499,-0.11232267390778287,-5.2852764855798686e-05,-3.764757142862195e-05,8.274822740398905e-08
500,-0.10540305042975495,-5.285634037116079e-05,-3.762795493328637e-05,8.267547700835431e-08
501,-0.08047778698601346,-5.286921978035209e-05,-3.7557294106779525e-05,8.241342188604966e-08
502,-0.026655786060084872,-5.289703074305223e-05,-3.7404713690598003e-05,8.184755701295986e-08
503,-0.02088131153792776,-5.29000145358019e-05,-3.73883435870959e-05,8.178684629547574e-08
504,-0.008114118923538183,-5.290661161342283e-05,-3.735214977175895e-05,8.165261669226182e-08
505,-0.08532639639491332,-5.2866714401622445e-05,-3.757103946794732e-05,8.246439839566404e-08
506,-0.07947882725855167,-5.286973596389476e-05,-3.755446214794586e-05,8.240291918808963e-08
507,-0.1223853657966052,-5.2847565250741664e-05,-3.767609823345818e-05,8.285402287369647e-08
508,-0.0820615036271114,-5.2868401440557265e-05,-3.7561783797613376e-05,8.243007250477133e-08
509,2.813069975785536,-5.436437691996875e-05,-2.9354352664789943e-05,5.199171683231898e-08
510,-0.03881385688943678,-5.289074841149576e-05,-3.7439180701768204e-05,8.197538253204981e-08
511,-0.05138613053261431,-5.2884252052627566e-05,-3.747482193977127e-05,8.210756282834456e-08
512,-0.08135492235646771,-5.2868766546008535e-05,-3.7559780704779365e-05,8.242264376718364e-08
513,0.1416811104529258,-5.29840139668897e-05,-3.6927494091050464e-05,8.007772432479596e-08
514,0.5936251100794759,-5.321754296076565e-05,-3.5646274471424346e-05,7.532615006905796e-08
515,0.02743422845126028,-5.292498019404879e-05,-3.7251373480582344e-05,8.127887434285659e-08
516,-0.00021990058944996633,-5.29106907224809e-05,-3.732977038975702e-05,8.156961976203082e-08
517,-0.07543425860590156,-5.287182587780064e-05,-3.7542996168277405e-05,8.236039606950846e-08
518,-0.04646442650950994,-5.2886795200870065e-05,-3.7460869362102974e-05,8.205581782863197e-08
519,-0.11843825662956109,-5.28496048052881e-05,-3.766490854245602e-05,8.28125244085804e-08
520,-0.08479036922408018,-5.286699137816714e-05,-3.75695198802805e-05,8.245876280164005e-08
521,-0.03798545126178555,-5.2891176466159596e-05,-3.7436832248101074e-05,8.196667297764075e-08
522,-0.08176912517029332,-5.286855251867641e-05,-3.756095493161285e-05,8.242699854438882e-08
523,-0.12392035269490015,-5.284677209065432e-05,-3.76804497799578e-05,8.287016116568388e-08
524,-0.06320309316234511,-5.287814597886303e-05,-3.750832194060844e-05,8.223180206032454e-08
525,-0.12489494755096041,-5.2846268496951304e-05,-3.76832126666248e-05,8.288040770028465e-08
526,-0.11653779666024355,-5.2850586813013977e-05,-3.765952091345629e-05,8.279254366611866e-08
527,-0.005263428969561889,-5.290808462503364e-05,-3.734406832825792e-05,8.162264557856694e-08
528,-0.049826778762917884,-5.288505780258274e-05,-3.747040132110343e-05,8.209116837298809e-08
529,-0.04943694082049376,-5.288525924004725e-05,-3.74692961664375e-05,8.208706975915173e-08
530,-0.0738261770934021,-5.2872656807435125e-05,-3.75384374052769e-05,8.234348928742923e-08
531,-0.09127142501688099,-5.286364247999069e-05,-3.758789307661507e-05,8.252690225670526e-08
532,-0.0959494803259703,-5.286122523016721e-05,-3.7601154932617464e-05,8.257608562276827e-08
533,-0.10559796940096701,-5.285623965242843e-05,-3.7628507510619345e-05,8.26775263152722e-08
534,-0.10442845557369468,-5.285684396490502e-05,-3.7625192046618544e-05,8.26652304737591e-08
535,-0.07119477098203934,-5.2874016510438466e-05,-3.75309776112771e-05,8.231582364401837e-08
536,0.12099533463304651,-5.297332519036397e-05,-3.698613636055592e-05,8.029520702159867e-08
537,-0.02146606845156393,-5.289971237958085e-05,-3.7390001319095765e-05,8.179299421623326e-08
538,-0.09066230323184331,-5.2863957226054753e-05,-3.758616627244909e-05,8.252049817258436e-08
539,-0.0838888689822244,-5.286745720233689e-05,-3.756696421011395e-05,8.244928475713448e-08
540,-0.056478388655529226,-5.28816207754789e-05,-3.748925802260627e-05,8.216110097161276e-08
541,-0.11646470204603905,-5.285062458256153e-05,-3.7659313696955354e-05,8.27917751760196e-08
542,-0.08223205772692196,-5.286831331166497e-05,-3.756226730277921e-05,8.24318656483193e-08
543,-0.08047778698601346,-5.286921978035209e-05,-3.7557294106779525e-05,8.241342188604966e-08
544,-0.016934202370883663,-5.290205409034476e-05,-3.737715389609429e-05,8.174534783036066e-08
545,-0.07311959582275841,-5.287302191288598e-05,-3.753643431244272e-05,8.23360605498454e-08
546,-0.10771771321289808,-5.285514433608891e-05,-3.763451678912045e-05,8.269981252801785e-08
547,-0.06339801213355718,-5.287804526013067e-05,-3.750887451794142e-05,8.22338513672458e-08
548,-0.0869832076502158,-5.2865858292335576e-05,-3.757573637528037e-05,8.248181750448138e-08
549,0.022025227000125776,-5.292218524894111e-05,-3.7266707501584335e-05,8.133574260986806e-08
550,-0.10518376658714138,-5.285645367974668e-05,-3.7627333283786735e-05,8.26731715380704e-08
551,-0.11393075542028233,-5.285193392619154e-05,-3.7652130191621635e-05,8.276513418606876e-08
552,-0.10223561714755906,-5.2857977050736574e-05,-3.761897555161824e-05,8.264217577091438e-08
553,-0.12357924449527904,-5.284694834843931e-05,-3.767948276962521e-05,8.28665748785722e-08
554,-0.10457464480210371,-5.285676842582463e-05,-3.7625606479619454e-05,8.266676745394612e-08
555,-0.09548654776934165,-5.286146443717864e-05,-3.7599842561450667e-05,8.2571218518831e-08
556,-0.10433099608808864,-5.285689432423671e-05,-3.7624915757953115e-05,8.266420582029738e-08
557,-0.08620353176536756,-5.286626116729235e-05,-3.757352606594721e-05,8.247362027680018e-08
558,-0.0809650844140436,-5.286896798348671e-05,-3.755867555011259e-05,8.241854515335004e-08
559,-0.10299092816100577,-5.285758676560558e-05,-3.7621116788786044e-05,8.265011683522784e-08
560,-0.11946158122842439,-5.2849076031878034e-05,-3.766780957345721e-05,8.28232832699031e-08
561,-0.08664209945059469,-5.286603455012057e-05,-3.757476936494691e-05,8.247823121736971e-08
562,-0.11848698637236411,-5.284957962558104e-05,-3.766504668679021e-05,8.281303673530571e-08
563,-0.1013097520343018,-5.285845546475986e-05,-3.7616350809285464e-05,8.263244156304785e-08
564,-0.05477284765742376,-5.2882502064479766e-05,-3.748442297093882e-05,8.214316953606504e-08
565,-0.09365918241422864,-5.286240867539901e-05,-3.759466214894966e-05,8.255200626646954e-08
566,-0.0673938510434043,-5.287598052594573e-05,-3.752020235327482e-05,8.227586215909319e-08
567,-0.02655832657447886,-5.289708110244259e-05,-3.740443740193034e-05,8.184653235949976e-08
568,-0.10172395484812742,-5.2858241437427737e-05,-3.7617525036118513e-05,8.263679634025303e-08
569,-0.08142801697067223,-5.286872877647528e-05,-3.7559987921279394e-05,8.242341225728054e-08
570,-0.03442818003716556,-5.2893014583207034e-05,-3.742674771176645e-05,8.192927312636506e-08
571,-0.043808655526745684,-5.288816749373388e-05,-3.7453340495935655e-05,8.202789602185421e-08
572,-0.006286753568425169,-5.2907555851629536e-05,-3.734696935925857e-05,8.163340443989356e-08
573,-0.0999209543644159,-5.285917308578112e-05,-3.7612413695784984e-05,8.261784025124697e-08
574,-0.11997324352785602,-5.284881164518646e-05,-3.766926008895742e-05,8.282866270057338e-08
575,-0.12114275735512836,-5.284820733273763e-05,-3.767257555295735e-05,8.284095854208986e-08
576,-0.08610607227976153,-5.286631152663792e-05,-3.757324977728221e-05,8.247259562335033e-08
577,-0.04855980545003952,-5.288571247439081e-05,-3.746680956843722e-05,8.207784787801605e-08
578,-0.09711899415324263,-5.286062091771796e-05,-3.7604470396617445e-05,8.258838146428522e-08
579,-0.06183866036386073,-5.2878851010071756e-05,-3.750445389927425e-05,8.221745691189125e-08
580,0.0236333085126252,-5.2923016178586216e-05,-3.726214873858272e-05,8.131883582778055e-08
581,-0.11948594609982588,-5.2849063442024497e-05,-3.766787864562431e-05,8.282353943326913e-08
582,-0.13517692328239628,-5.28409555832941e-05,-3.7712361120961145e-05,8.298850864028832e-08
583,-0.1188037297005837,-5.28494159576357e-05,-3.766594462495657e-05,8.281636685905135e-08
584,-0.09334243908600906,-5.286257234334435e-05,-3.759376421078329e-05,8.254867614272222e-08
585,-0.11885245944338671,-5.284939077794252e-05,-3.7666082769290325e-05,8.281687918578003e-08
586,-0.134202328426336,-5.2841459177024865e-05,-3.770959823429414e-05,8.297826210568754e-08
587,6.919086834110269,-5.648604240710238e-05,-1.7714172992609943e-05,8.822554251056698e-09
588,-0.024341123276941722,-5.2898226778117275e-05,-3.7398151834763915e-05,8.182322149329323e-08
589,0.46568517035016366,-5.315143369623457e-05,-3.6008972418626936e-05,7.667126389822532e-08
590,0.8043568828311084,-5.33264325111336e-05,-3.504886930185801e-05,7.311059312594528e-08
591,-0.0438573852695487,-5.2888142314054156e-05,-3.74534786402688e-05,8.202840834858677e-08
592,0.26162937236254385,-5.30459937629407e-05,-3.6587451814515015e-05,7.881663207932921e-08
593,-0.019687432839253925,-5.290063143809753e-05,-3.738495905092896e-05,8.177429429059511e-08
594,0.7085785733517852,-5.327694183901967e-05,-3.532039198905857e-05,7.411757131341387e-08
595,0.04546423328837533,-5.2934296677714376e-05,-3.720026007724385e-05,8.108931345282125e-08
596,0.4788909306497804,-5.315825739101259e-05,-3.597153530429284e-05,7.653242335443356e-08
597,-0.08349903103980032,-5.286765863984282e-05,-3.756585905544674e-05,8.24451861432992e-08
598,-0.12835475928997436,-5.284448073925638e-05,-3.769302091429346e-05,8.29167828981088e-08
599,-0.05506522611424184,-5.28823509863745e-05,-3.74852518369387e-05,8.214624349644415e-08
600,-0.04061685737314829,-5.288981676313565e-05,-3.7444292042101706e-05,8.199433862105477e-08
601,-0.05757480786859704,-5.2881054232549655e-05,-3.74923662701066e-05,8.217262832303125e-08
602,-0.10452591505930071,-5.285679360551823e-05,-3.762546833528609e-05,8.266625512721526e-08
603,-0.10260109021858164,-5.2857788203084173e-05,-3.762001163411922e-05,8.26460182213887e-08
604,-0.12133767632634042,-5.284810661399181e-05,-3.767312813029028e-05,8.284300784900219e-08
605,-0.09512107469831906,-5.286165328481716e-05,-3.759880647895055e-05,8.256737606836346e-08
606,-0.047804494436592807,-5.288610275951487e-05,-3.746466833127029e-05,8.206990681370175e-08
607,-0.04329699322731404,-5.2888431880431976e-05,-3.745188998043592e-05,8.202251659119288e-08
608,0.010646832055622056,-5.2916305792384625e-05,-3.729896420341949e-05,8.145537090127784e-08
609,-0.15086790046496668,-5.283284772452333e-05,-3.775684359629959e-05,8.315347784728407e-08
610,-0.05289675255950774,-5.2883471482386805e-05,-3.747910441410444e-05,8.212344495696594e-08
611,-0.01885902721160269,-5.2901059492751167e-05,-3.738261059726218e-05,8.176558473618794e-08
612,-0.11495408001914562,-5.285140515278147e-05,-3.765503122262326e-05,8.277589304739484e-08
613,-0.04268787144227637,-5.288874662651013e-05,-3.745016317626841e-05,8.20161125070692e-08
614,-0.10688930758524685,-5.285557239075275e-05,-3.763216833545397e-05,8.269110297361304e-08
615,-0.10335640123202836,-5.2857397917967056e-05,-3.7622152871285726e-05,8.265395928570217e-08
616,-0.1259182721498237,-5.284573972354124e-05,-3.768611369762556e-05,8.289116656160735e-08
617,-0.09175872244491112,-5.2863390683139186e-05,-3.758927451994858e-05,8.253202552400225e-08
618,-0.09782557542388631,-5.2860255812267106e-05,-3.76064734894514e-05,8.259581020186397e-08
619,-0.056161645327309655,-5.288178444345178e-05,-3.748836008443863e-05,8.215777084786652e-08
620,-0.11853571611516713,-5.2849554445901315e-05,-3.7665184831124004e-05,8.281354906204335e-08
621,-0.11595303974660738,-5.285088896922493e-05,-3.765786318145736e-05,8.278639574536164e-08
622,-0.08790907276347303,-5.286537987828454e-05,-3.757836111761531e-05,8.249155171234791e-08
623,0.06439573836734613,-5.294407898557359e-05,-3.7146591003737885e-05,8.089027451828504e-08
624,-0.08471727460987565,-5.2867029147700394e-05,-3.756931266378048e-05,8.245799431154654e-08
625,-0.09085722220305535,-5.286385650729506e-05,-3.758671884978333e-05,8.252254747950346e-08
626,-0.09875144053714358,-5.285977739825728e-05,-3.7609098231784223e-05,8.260554440973266e-08
627,-0.08067270595722552,-5.28691190615924e-05,-3.755784668411289e-05,8.241547119296706e-08
628,-0.029628300371068717,-5.289549478224676e-05,-3.741314049493134e-05,8.187880894347708e-08
629,-0.11753675638770533,-5.285007062945785e-05,-3.766235287228991e-05,8.280304636407653e-08
630,0.056525884904659415,-5.294001246634854e-05,-3.716890131357355e-05,8.097301528514895e-08
631,-0.061375727807232106,-5.287909021706973e-05,-3.750314152810762e-05,8.22125898079586e-08
632,-0.1437777228871282,-5.283651136879201e-05,-3.773674359579683e-05,8.307893430809749e-08
633,-0.11249322800759343,-5.285267672690598e-05,-3.76480549337887e-05,8.275002054754428e-08
634,-0.11434495823410795,-5.2851719898859417e-05,-3.765330441845642e-05,8.276948896327733e-08
635,-0.08357212565400483,-5.286762087029611e-05,-3.756606627194715e-05,8.244595463339223e-08
636,-0.11587994513240289,-5.2850926738772064e-05,-3.7657655964956034e-05,8.278562725527152e-08
637,-0.09319624985760003,-5.2862647882410864e-05,-3.759334977778281e-05,8.254713916253012e-08
638,-0.047999413407804864,-5.288600204077557e-05,-3.746522090860327e-05,8.207195612062131e-08
639,-0.13110798975834467,-5.2843058087040476e-05,-3.7700826069125947e-05,8.294572935833339e-08
640,-0.10201633330494549,-5.285809035929513e-05,-3.761835390211986e-05,8.263987030063507e-08
641,-0.13278916588504863,-5.2842189387872735e-05,-3.770559204862734e-05,8.29634046305146e-08
642,-0.13520128815379778,-5.2840942993427114e-05,-3.771243019312863e-05,8.29887648036488e-08
643,-0.143144236230689,-5.283683870468269e-05,-3.77349477194641e-05,8.307227406060283e-08
644,-0.12070418966990122,-5.284843394988207e-05,-3.7671332253958035e-05,8.283634760151647e-08
645,4.963659714910937,-5.5475631983789716e-05,-2.3257628801167705e-05,2.9381201265284937e-08
646,-0.028848624486220487,-5.2895897657203426e-05,-3.741093018559852e-05,8.187061171580404e-08
647,-0.07068310868260771,-5.28742808971435e-05,-3.752952709577651e-05,8.231044421335533e-08
648,-0.13298408485626065,-5.284208866912608e-05,-3.7706144625961666e-05,8.296545393743465e-08
649,-0.09217292525873673,-5.286317665579318e-05,-3.759044874678292e-05,8.253638030120744e-08
650,-0.09402465548525124,-5.286221982771927e-05,-3.7595698231451025e-05,8.255584871694001e-08
651,-0.10430663121668714,-5.285690691410412e-05,-3.762484668578602e-05,8.266394965693135e-08
652,-0.1059147127291866,-5.2856075984469635e-05,-3.76294054487861e-05,8.268085643901566e-08
653,-0.09475560162729645,-5.286184213246957e-05,-3.759777039645e-05,8.256353361788744e-08
654,-0.07899152983052155,-5.286998776074626e-05,-3.7553080704612356e-05,8.239779592079263e-08
655,-0.13546930173921437,-5.284080450521659e-05,-3.771318998696037e-05,8.299158260065897e-08
656,-0.09283077678657742,-5.2862836730049386e-05,-3.75923136952827e-05,8.254329671205919e-08
657,-0.12521169087918,-5.2846104828992094e-05,-3.7684110604792036e-05,8.288373782403706e-08
658,-0.11570939103259233,-5.285101486766435e-05,-3.765717245978933e-05,8.27838341117083e-08
659,-0.08678828867900375,-5.286595901108181e-05,-3.757518379794696e-05,8.247976819755842e-08
660,0.10018773445615964,-5.296257346463915e-05,-3.704512399089347e-05,8.051397053522743e-08
661,0.003775938320397139,-5.291275545671271e-05,-3.7318442554421736e-05,8.152760897018421e-08
662,-0.09136888450248702,-5.286359212061778e-05,-3.758816936528262e-05,8.252792691016311e-08
663,-0.09950675155059029,-5.285938711312671e-05,-3.7611239468951114e-05,8.261348547404396e-08
664,-0.08513147742370124,-5.2866815120340926e-05,-3.757048689061521e-05,8.246234908874955e-08
665,-0.08912731633354838,-5.2864750386142526e-05,-3.7581814725948996e-05,8.250435988059478e-08
666,-0.06715020232938923,-5.287610642434393e-05,-3.7519511631609134e-05,8.227330052544106e-08
667,-0.14277876315966642,-5.283702755236201e-05,-3.7733911636963204e-05,8.306843161013284e-08
668,-0.12050927069868918,-5.2848534668641764e-05,-3.7670779676623804e-05,8.283429829460077e-08
669,-0.12516296113637698,-5.2846130008658355e-05,-3.768397246045863e-05,8.288322549729387e-08
670,-0.10357568507464193,-5.285728460936771e-05,-3.762277452078575e-05,8.265626475598392e-08
671,-0.10659692912842877,-5.285572346888577e-05,-3.7631339469452575e-05,8.268802901323223e-08
672,-0.13695555889470626,-5.2840036524739995e-05,-3.771740338912961e-05,8.300720856592353e-08
673,-0.12428582576592274,-5.284658324302925e-05,-3.768148586245796e-05,8.287400361615698e-08
674,-0.08564313972313292,-5.2866550733677526e-05,-3.757193740611364e-05,8.246772851940582e-08
675,-0.11010547061024575,-5.2853910531497656e-05,-3.764128586145455e-05,8.27249165377749e-08
676,-0.055942361484696085,-5.2881897752024004e-05,-3.748773843493897e-05,8.215546537758151e-08
677,-0.07974684084396826,-5.286959747561568e-05,-3.755522194177925e-05,8.240573698509716e-08
678,-0.08744614020684442,-5.286561908531026e-05,-3.75770487464476e-05,8.248668460841525e-08
679,-0.11680581024566014,-5.285044832474836e-05,-3.766028070728929e-05,8.279536146313683e-08
680,-0.042882790413488435,-5.28886459077641e-05,-3.745071575360201e-05,8.201816181398854e-08
681,-0.07740781318942362,-5.287080610054109e-05,-3.754859101377764e-05,8.238114530206927e-08
682,-0.10925270011119301,-5.285435117600115e-05,-3.7638868335620545e-05,8.271595082000744e-08
683,-0.06944050024113087,-5.287492297911212e-05,-3.752600441527651e-05,8.229737988174148e-08
684,-0.07947882725855167,-5.286973596389476e-05,-3.755446214794586e-05,8.240291918808963e-08
685,-0.10961817318221562,-5.2854162328362624e-05,-3.7639904418121093e-05,8.271979327048177e-08
686,-0.011549565791150641,-5.290483644558324e-05,-3.736188894726026e-05,8.168873572671486e-08
687,-0.09156380347369907,-5.2863491401871124e-05,-3.758872194261565e-05,8.252997621708654e-08
688,-0.08649591022218565,-5.286611008918708e-05,-3.757435493194687e-05,8.247669423718269e-08
689,3.1353928595560694,-5.453092795068599e-05,-2.844059697185862e-05,4.860293167814308e-08
690,0.8253837668506089,-5.3337297545321086e-05,-3.4989260022021946e-05,7.288952414197142e-08
691,-0.11108006546630603,-5.285340693780811e-05,-3.76440487481216e-05,8.273516307238123e-08
692,-0.10937452446820055,-5.2854288226802044e-05,-3.7639213696453934e-05,8.271723163683181e-08
693,-0.13001157054527684,-5.2843624629942166e-05,-3.7697717821626895e-05,8.293420200691042e-08
694,-0.062009214463671296,-5.287876288117253e-05,-3.750493740444053e-05,8.221925005544262e-08
695,0.04334448947644425,-5.2933201361374646e-05,-3.720626935574498e-05,8.111159966557053e-08
696,-0.10252799560437714,-5.285782597261743e-05,-3.7619804417618766e-05,8.264524973129519e-08
697,-0.14475231774318847,-5.2836007775089004e-05,-3.773950648246383e-05,8.308918084269148e-08
698,-0.11471043130513055,-5.2851531051220894e-05,-3.76543405009561e-05,8.277333141375165e-08
699,-0.14355843904451462,-5.2836624677350144e-05,-3.773612194629762e-05,8.307662883781696e-08
700,-0.10959380831081413,-5.285417491820269e-05,-3.763983534595439e-05,8.271953710712033e-08
701,-0.10976436241062468,-5.285408678932386e-05,-3.7640318851120276e-05,8.272133025067217e-08
702,-0.1038436986600585,-5.2857146121102094e-05,-3.762353431461918e-05,8.265908255299869e-08
703,-0.09536472341233412,-5.286152738640508e-05,-3.759949720061689e-05,8.25699377020122e-08
704,-0.054602293557613216,-5.288259019338614e-05,-3.748393946577209e-05,8.214137639251259e-08
705,-0.08064834108582403,-5.286913165144593e-05,-3.755777761194536e-05,8.241521502960102e-08
706,-0.15025877867992898,-5.283316247060169e-05,-3.77551167921327e-05,8.3147073763161e-08
707,-0.10908214601138248,-5.285443930492119e-05,-3.7638384830454275e-05,8.271415767646115e-08
708,-0.07925954341593812,-5.286984927246718e-05,-3.755384049844574e-05,8.240061371780186e-08
709,-0.1561794424304952,-5.283010313880958e-05,-3.7771901328633794e-05,8.320932146084126e-08
710,-0.085984247922754,-5.2866374475878236e-05,-3.7572904416447575e-05,8.247131480652304e-08
711,-0.12421273115171823,-5.2846621012535173e-05,-3.7681278645958324e-05,8.28732351260647e-08
712,-0.05365206357295444,-5.2883081197242345e-05,-3.74812456512722e-05,8.213138602128062e-08
713,-0.03589007232125597,-5.2892259192638856e-05,-3.743089204176704e-05,8.194464292825921e-08
714,-0.1444843041577719,-5.283614626332728e-05,-3.773874668863122e-05,8.308636304567793e-08
715,-0.04926638672068322,-5.288534736895362e-05,-3.746881266127034e-05,8.20852766155942e-08
716,-0.1210209329981208,-5.284827028193673e-05,-3.76722301921244e-05,8.283967772526888e-08
717,-0.06605378311632143,-5.2876672967294195e-05,-3.751640338410792e-05,8.226177317402149e-08
718,-0.08693447790741275,-5.2865883472001424e-05,-3.7575598230948305e-05,8.248130517775222e-08
719,-0.11441805284831247,-5.285168212934004e-05,-3.7653511634955573e-05,8.277025745337084e-08
720,-0.06673599951556361,-5.287632045167606e-05,-3.7518337404775217e-05,8.226894574823757e-08
721,-0.07865042163090043,-5.2870164018531254e-05,-3.7552113694279335e-05,8.239420963368096e-08
722,-0.03800981613318707,-5.289116387631994e-05,-3.743690132026708e-05,8.19669291410051e-08
723,-0.08539949100911784,-5.286667663210307e-05,-3.757124668444734e-05,8.246516688575925e-08
724,-0.13186330077179137,-5.28426678018956e-05,-3.770296730629418e-05,8.295367042265025e-08
725,-0.07367998786499305,-5.287273234647388e-05,-3.753802297227815e-05,8.234195230724222e-08
726,-0.10043261666384755,-5.285890869910342e-05,-3.7613864211284756e-05,8.262321968191218e-08
727,-0.11753675638770533,-5.285007062945785e-05,-3.766235287228991e-05,8.280304636407653e-08
728,0.04519621970295874,-5.29341581894557e-05,-3.7201019871076415e-05,8.109213124983602e-08
729,-0.15423025271837462,-5.28311103262156e-05,-3.776637555529979e-05,8.318882839163971e-08
730,-0.004971050512743797,-5.290823570313635e-05,-3.734323946225839e-05,8.161957161818871e-08
731,-0.11841389175815958,-5.2849617395127754e-05,-3.766483947029023e-05,8.281226824521775e-08
732,-0.10969126779642013,-5.2854124558843246e-05,-3.764011163462069e-05,8.272056176057866e-08
733,-0.10691367245664836,-5.285555980091309e-05,-3.763223740762063e-05,8.269135913697909e-08
734,-0.1481390348679979,-5.283425778688653e-05,-3.7749107513632804e-05,8.312478755040763e-08
735,-0.1266248534204674,-5.2845374618089967e-05,-3.768811679045913e-05,8.289859529918995e-08
736,0.10318461363854499,-5.296412201529489e-05,-3.703662811439378e-05,8.048246244134562e-08
737,-0.14918672433826272,-5.283371642369106e-05,-3.775207761679732e-05,8.313580257509946e-08
738,-0.069927797669161,-5.287467118226062e-05,-3.752738585860979e-05,8.230250314904187e-08
739,-0.1602483759545468,-5.2828000635064046e-05,-3.778343638046761e-05,8.32521007427749e-08
740,-0.11110443033770756,-5.2853394347968455e-05,-3.764411782028783e-05,8.273541923574726e-08
741,0.018857793717929887,-5.292054856937921e-05,-3.727568688325192e-05,8.136904384730674e-08
742,-0.08968770837578303,-5.286446081977164e-05,-3.7583403385781655e-05,8.251025163798528e-08
743,-0.032503355196446516,-5.289400918078665e-05,-3.742129101059949e-05,8.190903622053704e-08
744,-0.09188054680191865,-5.286332773391233e-05,-3.758961988078283e-05,8.25333063408317e-08
745,0.014033549180431527,-5.291805578051339e-05,-3.728936317225302e-05,8.141976419355731e-08
746,-0.02027218975289009,-5.2900329281873014e-05,-3.738661678292904e-05,8.17804422113539e-08
747,-0.075263704506091,-5.2871914006692925e-05,-3.7542512663111135e-05,8.235860292596218e-08
748,-0.13795451862216807,-5.283952034116999e-05,-3.7720235347964104e-05,8.30177112638814e-08
749,-0.05070391413337212,-5.2884604568225306e-05,-3.7472887919104144e-05,8.21003902541263e-08
750,-0.14333915520190108,-5.283673798590912e-05,-3.7735500296797897e-05,8.307432336752532e-08
751,-0.07657940756177237,-5.287123415519147e-05,-3.754624256011112e-05,8.237243574765721e-08
752,-0.05362769870155294,-5.288309378709588e-05,-3.74811765791049e-05,8.21311298579146e-08
753,-0.08722685636423086,-5.286573239388269e-05,-3.757642709694835e-05,8.248437913812747e-08
754,-0.08647154535078413,-5.286612267902673e-05,-3.7574285859781074e-05,8.247643807381834e-08
755,-0.13678500479489575,-5.2840124653673494e-05,-3.7716919883961656e-05,8.300541542236925e-08
756,-0.10121229254869576,-5.285850582411931e-05,-3.761607452061917e-05,8.263141690958953e-08
757,-0.11341909312085069,-5.2852198312896576e-05,-3.7650679676121476e-05,8.275975475540402e-08
758,-0.09122269527407796,-5.2863667659669994e-05,-3.758775493228305e-05,8.252638992997317e-08
759,-0.008309037894750244,-5.290651089468626e-05,-3.735270234909202e-05,8.16546659991805e-08
760,-0.09378100677123619,-5.286234572618603e-05,-3.759500750978304e-05,8.255328708329392e-08
761,-0.05789155119681664,-5.2880890564604525e-05,-3.7493264208273154e-05,8.217595844677412e-08
762,-0.06364166084757224,-5.287791936170492e-05,-3.7509565239608174e-05,8.223641300089514e-08
763,-0.05947526783791459,-5.288007222482357e-05,-3.749775389910657e-05,8.219260906549408e-08
764,-0.093098790371994,-5.2862698241770314e-05,-3.759307348911608e-05,8.25461145090701e-08
765,0.06668603627908774,-5.294526243081275e-05,-3.714009822006938e-05,8.086619516197738e-08
766,-0.03157749008318926,-5.289448759482371e-05,-3.741866626826521e-05,8.189930201267022e-08
767,-0.15181813044962544,-5.283235672066039e-05,-3.7759537410799024e-05,8.316346821851324e-08
768,0.051750370109964104,-5.29375448571448e-05,-3.718243945824267e-05,8.102322330467706e-08
769,-0.09728954825305317,-5.286053278881179e-05,-3.760495390178415e-05,8.259017460783658e-08
770,-0.08379140949661837,-5.28675075617098e-05,-3.7566687921447704e-05,8.244826010367832e-08
771,-0.1335932066412983,-5.2841773923047716e-05,-3.7707871430128554e-05,8.29718580215611e-08
772,-0.04631823728110089,-5.2886870739929644e-05,-3.7460454929102924e-05,8.205428084843987e-08
773,-0.06213103882067883,-5.287869993196649e-05,-3.750528276527391e-05,8.222053087226699e-08
774,-0.1138820256774793,-5.285195910585739e-05,-3.7651992047289574e-05,8.276462185934468e-08
775,-0.13707738325171384,-5.283997357556823e-05,-3.771774874996088e-05,8.300848938274328e-08
776,1.9890500249865748,-5.393858843727359e-05,-3.169037334168944e-05,6.065516183387357e-08
777,0.05764666898912874,-5.294059159910398e-05,-3.716572399390717e-05,8.096123177036393e-08
778,-0.04410103398356378,-5.288801641562861e-05,-3.7454169361935315e-05,8.203096998223334e-08
779,0.2968366115377213,-5.3064186085801e-05,-3.648764253367205e-05,7.844647601705376e-08
780,-0.1523541576204586,-5.283207974412916e-05,-3.776105699846589e-05,8.316910381254956e-08
781,0.5737921047586493,-5.320729482883848e-05,-3.570249921509083e-05,7.553466704810064e-08
782,0.16039333168928302,-5.2993682966156704e-05,-3.687444666704471e-05,7.988099086054297e-08
783,0.15554472228038319,-5.299117758745398e-05,-3.688819202821216e-05,7.993196737015491e-08
784,0.13931771792697958,-5.2982792752179726e-05,-3.693419409121617e-05,8.010257217119036e-08
785,-0.11071459239528342,-5.285359578543317e-05,-3.764301266562144e-05,8.273132062190134e-08
786,-0.1274045293053156,-5.284497174311931e-05,-3.769032709979273e-05,8.290679252686606e-08
787,-0.10730351039907249,-5.28553583634345e-05,-3.763334256228702e-05,8.269545775081823e-08
788,-0.13934331629205396,-5.2838802720162196e-05,-3.7724172461462896e-05,8.303231257567597e-08
789,-0.10245490099017263,-5.285786374216456e-05,-3.7619597201117877e-05,8.264448124119829e-08
790,-0.07399673119321265,-5.287256867852896e-05,-3.753892091044404e-05,8.23452824309789e-08
791,-0.13610278839565357,-5.2840477169271234e-05,-3.771498586329431e-05,8.299824284814929e-08
792,-0.09633931826839438,-5.2861023792674734e-05,-3.760226008728428e-05,8.258018423660572e-08
793,-0.14185289804640916,-5.283750596635796e-05,-3.773128689463082e-05,8.305869740227093e-08
794,-0.16273359283750052,-5.282671647107296e-05,-3.779048174146917e-05,8.327822940598377e-08
795,-0.12043617608448466,-5.284857243816156e-05,-3.7670572460125036e-05,8.283352980450509e-08
796,-0.10194323869074096,-5.285812812882797e-05,-3.761814668561988e-05,8.263910181053694e-08
797,-0.09748446722426524,-5.2860432070079434e-05,-3.760550647911756e-05,8.259222391475616e-08
798,-0.14604365592746832,-5.283534051338598e-05,-3.774316730729884e-05,8.310275750103017e-08
799,-0.10204069817634699,-5.285807776946852e-05,-3.761842297428531e-05,8.264012646399866e-08
800,-0.1308887059157311,-5.284317139561249e-05,-3.7700204419627176e-05,8.294342388805625e-08
801,-0.1441675608295523,-5.2836309931272616e-05,-3.7737848750465724e-05,8.308303292192891e-08
802,-0.1534262119621249,-5.283152579103978e-05,-3.7764096173800396e-05,8.318037500059756e-08
803,-0.1423158306030378,-5.283726675934694e-05,-3.773259926579714e-05,8.306356450619925e-08
804,-0.126941596748687,-5.284521095013116e-05,-3.7689014728626316e-05,8.290192542293341e-08
805,-0.09772811593828029,-5.2860306171640015e-05,-3.7606197200784286e-05,8.25947855484095e-08
806,-0.1291588000462241,-5.2844065274459534e-05,-3.769530029579333e-05,8.292523628914974e-08
807,-0.1227264739962263,-5.284738899295667e-05,-3.76770652437912e-05,8.285760916080476e-08
808,-0.11758548613050836,-5.285004544976425e-05,-3.766249101662327e-05,8.280355869081077e-08
809,-0.1381007078505771,-5.283944480215816e-05,-3.7720649780962073e-05,8.301924824406936e-08
810,-0.13822253220758463,-5.2839381852931714e-05,-3.772099514179628e-05,8.302052906089494e-08
811,-0.12762381314792917,-5.284485843453342e-05,-3.769094874929366e-05,8.290909799715338e-08
812,-0.12652739393486137,-5.284542497747675e-05,-3.768784050179201e-05,8.289757064573379e-08
813,-0.13473835559716915,-5.2841182200466714e-05,-3.7711117821961353e-05,8.298389769970599e-08
814,-0.12435892038012725,-5.284654547345478e-05,-3.7681693078959235e-05,8.28747721062585e-08
815,-0.15072171123655764,-5.283292326358984e-05,-3.7756429163299545e-05,8.315194086709704e-08
816,-0.11985141917084849,-5.284887459439944e-05,-3.766891472812446e-05,8.282738188374902e-08
817,-0.1177560402303189,-5.284995732087155e-05,-3.766297452179002e-05,8.280535183436939e-08
818,-0.14580000721345326,-5.283546641181194e-05,-3.774247658563207e-05,8.310019586738143e-08
819,-0.12869586748959547,-5.284430448145792e-05,-3.769398792462687e-05,8.292036918521153e-08
820,-0.11051967342407136,-5.285369650417899e-05,-3.764246008828851e-05,8.272927131498903e-08
821,-0.10508630710153535,-5.2856504039133466e-05,-3.762705699511962e-05,8.267214688460407e-08
822,-0.14331479033049957,-5.283675057580386e-05,-3.7735431224630416e-05,8.307406720415806e-08
823,-0.09831287285191646,-5.286000401542948e-05,-3.760785493278404e-05,8.260093346916266e-08
824,-0.06914812178431279,-5.287507405724473e-05,-3.752517554927603e-05,8.229430592136453e-08
825,-0.15303637401970077,-5.2831727228504497e-05,-3.776299101913445e-05,8.31762763867652e-08
826,-0.14360716878731764,-5.283659949767084e-05,-3.7736260090630944e-05,8.30771411645321e-08
827,-0.0863253561223751,-5.2866198218093244e-05,-3.7573871426780597e-05,8.247490109362794e-08
828,-0.1102272949672533,-5.2853847582284675e-05,-3.764163122228794e-05,8.272619735460604e-08
829,-0.12180060888296904,-5.284786740696608e-05,-3.7674440501457995e-05,8.284787495293823e-08
830,-0.1002864274354385,-5.285898423815605e-05,-3.761344977828514e-05,8.262168270172178e-08
831,-0.10949634882520808,-5.2854225277575185e-05,-3.7639559057288185e-05,8.271851245366295e-08
832,-0.13098616540133712,-5.284312103623916e-05,-3.7700480708293905e-05,8.294444854150442e-08
833,-0.11829206740115207,-5.284968034435461e-05,-3.766449410945597e-05,8.281098742839e-08
834,-0.13091307078713257,-5.284315880575854e-05,-3.770027349179518e-05,8.294368005142446e-08
835,-0.12260464963921876,-5.284745194216965e-05,-3.767671988295825e-05,8.285632834398377e-08
836,-0.13091307078713257,-5.284315880575854e-05,-3.770027349179518e-05,8.294368005142446e-08
837,-0.1334957471556923,-5.2841824282407166e-05,-3.7707595141461825e-05,8.297083336809938e-08
838,-0.11799968894433398,-5.284983142245988e-05,-3.7663665243455884e-05,8.280791346801257e-08
839,-0.09643677775400043,-5.28609734333157e-05,-3.760253637595096e-05,8.258120889006866e-08
840,-0.11707382383107671,-5.285030983648317e-05,-3.766104050112311e-05,8.279817926014944e-08
841,-0.1416336142037956,-5.28376192749716e-05,-3.7730665245129016e-05,8.305639193197685e-08
842,-0.07099985201082729,-5.2874117229170824e-05,-3.75304250339437e-05,8.231377433709201e-08
843,-0.1212402168407344,-5.28481569733786e-05,-3.767285184162317e-05,8.284198319554603e-08
844,-0.12930498927463316,-5.28439897354069e-05,-3.7695714728792505e-05,8.292677326932998e-08
845,-0.10635328041441372,-5.2855849367311315e-05,-3.763064874778585e-05,8.268546737958565e-08
846,-0.08518020716650428,-5.286678994070242e-05,-3.757062503494645e-05,8.24628614154758e-08
847,-0.1512577384073908,-5.283264628703169e-05,-3.775794875096632e-05,8.315757646111887e-08
848,-0.13537184225360835,-5.284085486454912e-05,-3.7712913698294854e-05,8.29905579471963e-08
849,-0.13261861178523804,-5.284227751676461e-05,-3.770510854346155e-05,8.296161148696711e-08
850,-0.14151178984678806,-5.283768222417029e-05,-3.7730319884296975e-05,8.305511111516143e-08
851,-0.06905066229870677,-5.287512441660418e-05,-3.7524899260609515e-05,8.229328126790619e-08
852,-0.14884561613864158,-5.283389268144872e-05,-3.775111060646642e-05,8.31322162879924e-08
853,7.673447617572322,-5.687583652950854e-05,-1.5575629640251852e-05,8.914803098138468e-10
854,0.7798945519439955,-5.331379230898191e-05,-3.5118217757199315e-05,7.336778114430204e-08
855,-0.0970702644104396,-5.286064609739769e-05,-3.760433225228452e-05,8.258786913755267e-08
856,-0.14195035753201518,-5.2837455606971586e-05,-3.773156318329659e-05,8.305972205572492e-08
857,-0.08189094952730086,-5.286848956947731e-05,-3.7561300292445364e-05,8.242827936121149e-08
858,1.2271117665186535,-5.354487887327139e-05,-3.3850398137911124e-05,6.866590258136637e-08
859,-0.028799894743417483,-5.289592283689693e-05,-3.741079204126462e-05,8.187009938907034e-08
860,-0.12106966274092382,-5.284824510224355e-05,-3.767236833645815e-05,8.284019005198741e-08
861,0.5199701038327208,-5.317948386606896e-05,-3.585507963127429e-05,7.610053192115233e-08
862,0.39636711121287677,-5.311561559346784e-05,-3.620548273281548e-05,7.740004867138753e-08
863,0.0646881168241642,-5.294423006369273e-05,-3.714576213773736e-05,8.088720055790591e-08
864,-0.004581212570319692,-5.29084371406251e-05,-3.734213430759141e-05,8.161547300434966e-08
865,-0.1445817636433779,-5.283609590394091e-05,-3.773902297729872e-05,8.308738769912515e-08
866,-0.1404884652479248,-5.283821099755344e-05,-3.772741885329656e-05,8.304435225383102e-08
867,0.12060549669062236,-5.2973123752899674e-05,-3.698724151522096e-05,8.029930563543564e-08
868,-0.13096180052993558,-5.2843133626065354e-05,-3.77004116361272e-05,8.29441923781396e-08
869,0.09348739482074526,-5.2959111257890276e-05,-3.7064118836728594e-05,8.058441546057702e-08
870,-0.11982705429944698,-5.284888718425297e-05,-3.766884565595694e-05,8.282712572038297e-08
871,-0.13766214016535,-5.2839671419303016e-05,-3.7719406481962275e-05,8.30146373034938e-08
872,-0.1335444768984953,-5.284179910272786e-05,-3.770773328579471e-05,8.297134569482469e-08
873,-0.05109375207579623,-5.288440313073998e-05,-3.747399307377116e-05,8.210448886796604e-08
874,-0.13634643710966862,-5.284035127084611e-05,-3.7715676584961424e-05,8.300080448179368e-08
875,-0.13880728912122078,-5.2839079696693425e-05,-3.7722652873796464e-05,8.302667698165657e-08
876,-0.11185974135115426,-5.2853004062824e-05,-3.764625905745515e-05,8.274336030005517e-08
877,-0.1105440382954729,-5.2853683914353214e-05,-3.76425291604543e-05,8.272952747834828e-08
878,-0.11010547061024575,-5.2853910531497656e-05,-3.764128586145455e-05,8.27249165377749e-08
879,-0.10228434689036207,-5.2857951871056855e-05,-3.76191136959516e-05,8.264268809764184e-08
880,-0.09421957445646333,-5.2862119109014674e-05,-3.75962508087827e-05,8.255789802385281e-08
881,-0.05340841485893937,-5.288320709567483e-05,-3.748055492960526e-05,8.212882438763236e-08
882,-0.12438328525152878,-5.2846532883656345e-05,-3.768176215112421e-05,8.287502826961992e-08
883,-0.07431347452143225,-5.287240501058362e-05,-3.75398188486104e-05,8.234861255472284e-08
884,-0.09331807421460757,-5.286258493319788e-05,-3.7593695138616195e-05,8.254841997935788e-08
885,-0.10835119986933726,-5.2854817000184776e-05,-3.7636312665453997e-05,8.270647277550695e-08
886,-0.13176584128618535,-5.2842718161268924e-05,-3.770269101762745e-05,8.295264576919869e-08
887,-0.1343972473975481,-5.284135845827905e-05,-3.771015081162707e-05,8.298031141260665e-08
888,-0.11351655260645672,-5.285214795352367e-05,-3.765095596478816e-05,8.276077940886696e-08
889,-0.06792987821423743,-5.287570354937328e-05,-3.752172194094294e-05,8.228149775312227e-08
890,-0.1363220722382671,-5.284036386063067e-05,-3.7715607512797325e-05,8.300054831843565e-08
891,-0.1347870853399722,-5.284115702075965e-05,-3.77112559662951e-05,8.298441002643807e-08
892,-0.07823621881707485,-5.2870378045890715e-05,-3.755093946744503e-05,8.238985485647964e-08
893,-0.10476956377331578,-5.285666770710615e-05,-3.762615905695243e-05,8.266881676086739e-08
894,0.5161935487654873,-5.317753244034875e-05,-3.586578581711459e-05,7.614023724275221e-08
895,-0.07046382483999417,-5.2874394205743266e-05,-3.752890544627622e-05,8.230813874306972e-08
896,-0.13213131435720793,-5.28425293136304e-05,-3.770372710012713e-05,8.295648821965947e-08
897,0.04207751616356586,-5.29325466895874e-05,-3.7209861108410315e-05,8.112492016054002e-08
898,-0.11351655260645672,-5.285214795352367e-05,-3.765095596478816e-05,8.276077940886696e-08
899,-0.07099985201082729,-5.2874117229170824e-05,-3.75304250339437e-05,8.231377433709201e-08
900,-0.06371475546177677,-5.28778815921786e-05,-3.750977245610776e-05,8.223718149098526e-08
901,-0.13210694948580642,-5.284254190348352e-05,-3.770365802796052e-05,8.295623205629221e-08
902,-0.06476244493204156,-5.287734022894213e-05,-3.7512742559274814e-05,8.224819651568232e-08
903,-0.05579617225628705,-5.2881973291090515e-05,-3.748732400193871e-05,8.21539283973928e-08
904,-0.11210339006516931,-5.285287816441192e-05,-3.7646949779121926e-05,8.274592193371069e-08
905,-0.13468962585436614,-5.2841207380146026e-05,-3.771097967762803e-05,8.298338537298407e-08
906,-0.1313516384723597,-5.284293218860064e-05,-3.7701516790794454e-05,8.294829099199229e-08
907,-0.13171711154338236,-5.284274334097599e-05,-3.77025528732924e-05,8.295213344245645e-08
908,-0.0766525021759769,-5.287119638567167e-05,-3.754644977661119e-05,8.237320423776136e-08
909,-0.08871311351972276,-5.286496441348811e-05,-3.7580640499114266e-05,8.250000510338837e-08
910,-0.0913445196310855,-5.2863604710443556e-05,-3.7588100293116395e-05,8.252767074680046e-08
911,-0.14260820905985588,-5.2837115681241674e-05,-3.7733428131796365e-05,8.306663846657328e-08
912,-0.1277700023763382,-5.284478289548079e-05,-3.769136318229284e-05,8.291063497734378e-08
913,-0.13244805768542753,-5.284236564569894e-05,-3.7704625038293065e-05,8.295981834340171e-08
914,-0.15318256324810986,-5.283165168946574e-05,-3.776340545213189e-05,8.317781336694543e-08
915,-0.04690299419473706,-5.2886568583705226e-05,-3.746211266110333e-05,8.20604287691998e-08
916,-0.13637080198107016,-5.284033868100604e-05,-3.77157456571277e-05,8.300106064516529e-08
917,-0.1335932066412983,-5.2841773923047716e-05,-3.7707871430128554e-05,8.29718580215611e-08
918,-0.1335932066412983,-5.2841773923047716e-05,-3.7707871430128554e-05,8.29718580215611e-08
919,-0.06824662154245704,-5.287553988142836e-05,-3.752261987910861e-05,8.228482787685896e-08
920,-0.11139680879452563,-5.285324326986319e-05,-3.764494668628749e-05,8.273849319611792e-08
921,-0.1316927466719808,-5.2842755930815224e-05,-3.770248380112752e-05,8.295187727910275e-08
922,-0.13627334249546408,-5.284038904030998e-05,-3.7715469368464004e-05,8.300003599170356e-08
923,-0.11461297181952451,-5.28515814105938e-05,-3.765406421228985e-05,8.27723067602955e-08
924,-0.12935371901743614,-5.284396455569984e-05,-3.769585287312756e-05,8.292728559607223e-08
925,-0.05550379379946896,-5.288212436919578e-05,-3.748649513593905e-05,8.215085443701538e-08
926,-0.11553883693278179,-5.285110299658439e-05,-3.765668895462262e-05,8.278204096815862e-08
927,-0.1256258936930056,-5.284589080166038e-05,-3.768528483162503e-05,8.28880926012333e-08
928,-0.10330767148922537,-5.285742309766066e-05,-3.762201472695149e-05,8.265344695896792e-08
929,-0.1206310950556967,-5.2848471719428784e-05,-3.7671125037457194e-05,8.283557911142513e-08
930,-0.14716444001193765,-5.283476138058954e-05,-3.77463446269658e-05,8.311454101581024e-08
931,-0.023829460977510087,-5.289849116482578e-05,-3.739670131926343e-05,8.181784206262935e-08
932,-0.13668754530928973,-5.284017501303378e-05,-3.771664359529527e-05,8.300439076889302e-08
933,-0.1116891872513437,-5.28530921917167e-05,-3.7645775552288836e-05,8.274156715649996e-08
934,7.577401294507582,-5.6826207369691434e-05,-1.5847912121269864e-05,1.9012762947998053e-09
935,0.09767815270180447,-5.296127671080716e-05,-3.7052238424062696e-05,8.054035536181561e-08
936,0.8591047488702943,-5.335472188792516e-05,-3.4893664143344506e-05,7.253499404494208e-08
937,0.8458502588278746,-5.334787301341148e-05,-3.493123940201895e-05,7.26743469155177e-08
938,0.026776376923419606,-5.292464026828754e-05,-3.7253238429082884e-05,8.128579075370973e-08
939,0.023389659798610133,-5.2922890280160566e-05,-3.726283946024935e-05,8.132139746142978e-08
940,-0.02982321934228076,-5.289539406349369e-05,-3.74136930722655e-05,8.18808582503978e-08
941,-0.010185132992666263,-5.290554147678351e-05,-3.735802090592629e-05,8.167439057827922e-08
942,0.2105849667763871,-5.3019618042323884e-05,-3.673215800369674e-05,7.935329432882755e-08
943,0.0033617355065715298,-5.291254142937851e-05,-3.731961678125557e-05,8.153196374738829e-08
944,0.3027085455454845,-5.306722023785829e-05,-3.647099614150774e-05,7.838474064610897e-08
945,0.10364754619517365,-5.296436122229245e-05,-3.703531574322785e-05,8.047759533741175e-08
946,0.9533724363227242,-5.3403431989751015e-05,-3.4626423930479374e-05,7.154389798611887e-08
947,-0.11181101160835123,-5.285302924250372e-05,-3.764612091312266e-05,8.27428479733277e-08
948,-0.07843113778828688,-5.287027732713102e-05,-3.7551492044779263e-05,8.239190416339535e-08
949,-0.0996285759075978,-5.2859324163886384e-05,-3.761158482978619e-05,8.261476629087125e-08
950,-0.027800935015955708,-5.2896439020453464e-05,-3.740796008243096e-05,8.18595966911103e-08
951,-0.03788799177617953,-5.289122682553965e-05,-3.7436555959433715e-05,8.196564832418182e-08
952,-0.13500636918258577,-5.284104371220152e-05,-3.771187761579387e-05,8.298671549671521e-08
953,-0.0870806671358218,-5.2865807932935326e-05,-3.757601266394874e-05,8.248284215793876e-08
954,-0.08398632846783044,-5.286740684299132e-05,-3.756724049878024e-05,8.245030941059959e-08
955,-0.09336680395741058,-5.28625597535047e-05,-3.759383328294995e-05,8.254893230608656e-08
956,0.06144758892776379,-5.2942555614604715e-05,-3.715494873590484e-05,8.09212702854332e-08
957,-0.03359977440951432,-5.289344263786393e-05,-3.742439925809964e-05,8.192056357195856e-08
958,-0.12080164915550726,-5.284838359052262e-05,-3.76716085426239e-05,8.28373722549748e-08
959,-0.016690553656868595,-5.2902179988767145e-05,-3.7376463174427634e-05,8.174278619671035e-08
960,-0.09068666810324483,-5.28639446362151e-05,-3.7586235344614885e-05,8.252075433594532e-08
961,0.17644978194287603,-5.3001979672579886e-05,-3.682892810920529e-05,7.971217920305596e-08
962,-0.10932579472539755,-5.285431340648177e-05,-3.763907555212057e-05,8.271671931010772e-08
963,-0.08459545025286812,-5.286709209691337e-05,-3.756896730294752e-05,8.245671349472047e-08
964,-0.12759944827652767,-5.284487102438696e-05,-3.769087967712614e-05,8.290884183379072e-08
965,-0.10352695533183891,-5.285730978906089e-05,-3.762263637645286e-05,8.265575242925522e-08
966,-0.09548654776934165,-5.286146443717864e-05,-3.7599842561450667e-05,8.2571218518831e-08
967,-0.11902301354319726,-5.284930264906327e-05,-3.766656627445668e-05,8.281867232934082e-08
968,-0.10693803732804988,-5.285554721107344e-05,-3.7632306479786856e-05,8.269161530034513e-08
969,-0.09117396553127496,-5.28636928393636e-05,-3.758761678794839e-05,8.252587760324232e-08
970,-0.10978872728202618,-5.285407419947033e-05,-3.7640387923287804e-05,8.272158641403821e-08
971,0.08101258066317378,-5.2952665258361125e-05,-3.70994837860664e-05,8.071557110341552e-08
972,-0.07923517854453661,-5.286986186233459e-05,-3.7553771426278655e-05,8.24003575544392e-08
973,-0.039106235346254875,-5.289059733340416e-05,-3.7440009567767233e-05,8.197845649242916e-08
974,0.11383206244100345,-5.2969623776617545e-05,-3.7006443577556106e-05,8.037051905087535e-08
975,-0.029019178586031046,-5.289580952831451e-05,-3.74114136907648e-05,8.187240485935594e-08
976,-0.035938802064058986,-5.289223401296607e-05,-3.743103018609964e-05,8.194515525498921e-08
977,-0.10428226634528565,-5.285691950395765e-05,-3.7624777613618934e-05,8.26636934935687e-08
978,-0.04731719700856267,-5.28863545563731e-05,-3.746328688793681e-05,8.206478354640499e-08
979,-0.12513859626497548,-5.284614259849801e-05,-3.76839033882924e-05,8.288296933393461e-08
980,-0.08671519406479919,-5.286599678057385e-05,-3.757497658144819e-05,8.247899970746783e-08
981,-0.08315792284017921,-5.286783489764169e-05,-3.7564892045112854e-05,8.244159985618583e-08
982,-0.03289319313887063,-5.2893807743315204e-05,-3.7422396165265525e-05,8.191313483437765e-08
983,-0.07492259630646991,-5.287209026451955e-05,-3.754154565277681e-05,8.235501663884712e-08
984,-0.13746722119413793,-5.283977213804883e-05,-3.771885390462978e-05,8.301258799658826e-08
985,-0.11137244392312412,-5.285325585968938e-05,-3.7644877614121214e-05,8.273823703275648e-08
986,-0.11563629641838782,-5.285105263721148e-05,-3.7656965243288875e-05,8.278306562161818e-08
987,-0.13298408485626065,-5.284208866912608e-05,-3.7706144625961666e-05,8.296545393743465e-08
988,-0.12906134056061805,-5.284411563380511e-05,-3.769502400712747e-05,8.292421163568463e-08
989,-0.12574771805001314,-5.28458278524474e-05,-3.7685630192458855e-05,8.288937341805768e-08
990,-0.019370689511034343,-5.290079510606347e-05,-3.738406111276175e-05,8.177096416685014e-08
991,0.188705312257834,-5.300831236346804e-05,-3.679418480937053e-05,7.958332903051277e-08
992,0.08854132592623941,-5.295655551975996e-05,-3.707814048656567e-05,8.063641662366112e-08
993,-0.1563012667875027,-5.283004018958314e-05,-3.7772246689467136e-05,8.32106022776533e-08
994,-0.15174503583542093,-5.283239449020752e-05,-3.775933019429987e-05,8.316269972841973e-08
995,-0.12309194706724891,-5.284720014530427e-05,-3.767810132629132e-05,8.286145161127907e-08
996,-0.10048134640665056,-5.2858883519409815e-05,-3.761400235561812e-05,8.262373200864643e-08
997,-0.14141433036118203,-5.2837732583502815e-05,-3.7730043595631025e-05,8.305408646169538e-08
998,-0.09273331730097141,-5.286288708943617e-05,-3.759203740661558e-05,8.254227205860133e-08
999,-0.11765858074471287,-5.285000768024487e-05,-3.766269823312329e-05,8.28043271809043e-08
1000,-0.06369039059037525,-5.2877894182004586e-05,-3.750970338394195e-05,8.223692532762492e-08
1001,-0.11436932310550946,-5.2851707309019764e-05,-3.7653373490622205e-05,8.276974512663998e-08
1002,-0.14182853317500765,-5.283751855619803e-05,-3.773121782246368e-05,8.30584412389061e-08
1003,-0.1302308543878904,-5.284351132135628e-05,-3.76983394711274e-05,8.29365074772045e-08
1004,1.4165973714081719,-5.364279008056566e-05,-3.331322389768471e-05,6.667372009242449e-08
1005,0.05820706103136341,-5.294088116548853e-05,-3.716413533407388e-05,8.095534001297451e-08
1006,0.1063764117921424,-5.2965771284696455e-05,-3.702757966055899e-05,8.044890504054303e-08
1007,-0.14536143952822614,-5.283569302898372e-05,-3.774123328663193e-05,8.309558492681021e-08
1008,0.05825579077416642,-5.294090634516825e-05,-3.716399718974052e-05,8.095482768624365e-08
1009,-0.07197444686688757,-5.287361363546781e-05,-3.7533187920611135e-05,8.232402087169787e-08
1010,-0.051069387204394724,-5.288441572059351e-05,-3.74739240016045e-05,8.210423270460171e-08
1011,0.3241496323788104,-5.307829929954318e-05,-3.6410212634832266e-05,7.815931688497031e-08
1012,-0.12928062440323163,-5.2844002325233096e-05,-3.7695645656626665e-05,8.292651710596855e-08
1013,-0.05596672635609759,-5.288188516218414e-05,-3.7487807507105876e-05,8.215572154094525e-08
1014,-0.09614439929718234,-5.2861124511448306e-05,-3.760170750995005e-05,8.257813492969e-08
1015,-0.10713295629926194,-5.285544649234067e-05,-3.7632859057119875e-05,8.269366460725839e-08
1016,-0.08971207324718454,-5.286444822991811e-05,-3.758347245794918e-05,8.251050780135132e-08
1017,-0.13352011202709385,-5.284181169259568e-05,-3.770766421362757e-05,8.297108953146325e-08
1018,-0.04553856139625266,-5.2887273614886414e-05,-3.745824461976998e-05,8.204608362076628e-08
1019,-0.07979557058677128,-5.2869572295963296e-05,-3.755536008611179e-05,8.240624931183527e-08
1020,-0.08737304559263989,-5.286565685484352e-05,-3.757684152994801e-05,8.248591611832005e-08
1021,-0.071706433281471,-5.287375212376077e-05,-3.7532428126776665e-05,8.232120307468187e-08
1022,-0.13140036821516274,-5.2842907008934376e-05,-3.7701654935126996e-05,8.294880331871854e-08
1023,-0.11651343178884206,-5.285059940285405e-05,-3.765945184128958e-05,8.279228750275045e-08
1024,-0.043954844755154716,-5.288809195466736e-05,-3.745375492893635e-05,8.202943300204717e-08
1025,-0.10486702325892178,-5.285661734769202e-05,-3.762643534562037e-05,8.266984141432138e-08
1026,-0.11329726876384316,-5.2852261262123015e-05,-3.7650334315288134e-05,8.275847393858861e-08
1027,-0.1209234735125148,-5.2848320641323517e-05,-3.767195390345772e-05,8.283865307180595e-08
1028,-0.12297012271024137,-5.284726309451725e-05,-3.767775596545793e-05,8.28601707944581e-08
1029,-0.14402137160114326,-5.2836385470339134e-05,-3.7737434317464806e-05,8.30814959417419e-08
1030,-0.14034227601951574,-5.283828653661995e-05,-3.772700442029652e-05,8.304281527364739e-08
1031,-0.08262189566934607,-5.286811187417292e-05,-3.756337245744729e-05,8.243596426216136e-08
1032,-0.05657584814113527,-5.288157041611986e-05,-3.74895343112723e-05,8.216212562507062e-08
1033,-0.12679540752027793,-5.2845286489183796e-05,-3.7688600295626706e-05,8.290038844274301e-08
1034,-0.11397948516308533,-5.285190874649794e-05,-3.7652268335956304e-05,8.276564651280639e-08
1035,-0.055991091227499096,-5.288187257233734e-05,-3.748787657927299e-05,8.215597770431407e-08
1036,-0.07504442066347744,-5.287202731529269e-05,-3.754189101361063e-05,8.23562974556698e-08
1037,-0.11078768700948795,-5.2853558015913374e-05,-3.7643219882121075e-05,8.27320891120038e-08
1038,-0.047195372651555136,-5.288641750559281e-05,-3.7462941527103225e-05,8.206350272957916e-08
1039,-0.12491931242236191,-5.284625590711124e-05,-3.768328173879194e-05,8.288066386364948e-08
1040,-0.03971535713129255,-5.2890282587332945e-05,-3.74417363719341e-05,8.198486057655028e-08
1041,-0.0513374007898113,-5.288427723231423e-05,-3.747468379543791e-05,8.21070505016137e-08
1042,-0.14187726291781064,-5.2837493376517886e-05,-3.773135596679709e-05,8.305895356563574e-08
1043,-0.13788142400796352,-5.283955811068937e-05,-3.772002813146408e-05,8.301694277378111e-08
1044,-0.13101053027273857,-5.284310844638521e-05,-3.7700549780461474e-05,8.294470470488278e-08
1045,-0.1256258936930056,-5.284589080166038e-05,-3.768528483162503e-05,8.28880926012333e-08
1046,-0.12487058267955892,-5.284628108679138e-05,-3.76831435944581e-05,8.288015153691984e-08
1047,-0.14643349386989243,-5.283513907592126e-05,-3.77442724619648e-05,8.310685611487609e-08
1048,-0.14185289804640916,-5.283750596635796e-05,-3.773128689463082e-05,8.305869740227093e-08
1049,2.1111911253223283,-5.400170131916074e-05,-3.134411457014104e-05,5.937101488527738e-08
1050,-0.018664108240390644,-5.2901160211500764e-05,-3.73820580199284e-05,8.176353542926891e-08
1051,-0.053310955373333344,-5.288325745504101e-05,-3.748027864093877e-05,8.212779973417173e-08
1052,0.04378305716167134,-5.293342797857439e-05,-3.7205026056743515e-05,8.110698872499568e-08
1053,0.0057007631611162,-5.291375005427035e-05,-3.73129858532557e-05,8.150737206435831e-08
1054,-0.06252087676310293,-5.2878498494481165e-05,-3.7506387919940924e-05,8.222462948611013e-08
1055,0.016445671449180688,-5.291930217496533e-05,-3.728252502775142e-05,8.13944040204306e-08
1056,-0.11904737841459877,-5.284929005922362e-05,-3.766663534662291e-05,8.281892849270685e-08
1057,0.20390899201237422,-5.301616842535998e-05,-3.675108377736728e-05,7.942348309081354e-08
1058,-0.11590431000380438,-5.285091414893199e-05,-3.765772503712231e-05,8.278588341863973e-08
1059,-0.03299065262447664,-5.289375738391801e-05,-3.74226724539334e-05,8.191415948783466e-08
1060,0.33007029612937655,-5.308135863138996e-05,-3.639342809832779e-05,7.809706918730455e-08
1061,-0.07355816350798551,-5.287279529568686e-05,-3.7537677611444335e-05,8.234067149041276e-08
1062,0.2052490599394571,-5.3016860866742314e-05,-3.6747284808198515e-05,7.940939410574278e-08
1063,-0.06449443134662498,-5.287747871720774e-05,-3.75119827654416e-05,8.224537871866755e-08
1064,0.0824501080758627,-5.295340805906169e-05,-3.70954085282339e-05,8.070045746488256e-08
1065,-0.06800297282844198,-5.287566577985432e-05,-3.7521929157442056e-05,8.228226624321022e-08
1066,0.04400234100428492,-5.29335412871462e-05,-3.720440440724434e-05,8.110468325471539e-08
1067,-0.116269783074827,-5.285072530128001e-05,-3.765876111962281e-05,8.278972586910511e-08
1068,-0.05889051092427841,-5.288037438104798e-05,-3.74960961671066e-05,8.218646114473414e-08
1069,-0.12499240703656643,-5.284621813756452e-05,-3.7683488955291916e-05,8.288143235374082e-08
1070,-0.05962145706632361,-5.287999668575685e-05,-3.7498168332107075e-05,8.219414604568557e-08
1071,-0.0010726710885027052,-5.291025007798346e-05,-3.733218791559059e-05,8.157858547980276e-08
1072,-0.1016995899767259,-5.28582540272678e-05,-3.761745596395267e-05,8.263654017688483e-08
1073,-0.09543781802653864,-5.286148961685836e-05,-3.75997044171173e-05,8.257070619210862e-08
1074,0.03596193344178767,-5.292938663902151e-05,-3.7227198222246534e-05,8.118921716513369e-08
1075,-0.043662466298336644,-5.2888243032793454e-05,-3.745292606293561e-05,8.20263590416655e-08
1076,-0.064591890832231,-5.287742835784177e-05,-3.751225905410828e-05,8.22464033721271e-08
1077,0.026557093080806022,-5.292452695972247e-05,-3.725386007858187e-05,8.128809622399196e-08
1078,-0.1352500178966008,-5.28409178137478e-05,-3.7712568337461946e-05,8.298927713038088e-08
1079,-0.01732404031330777,-5.290185265285607e-05,-3.7378259050761237e-05,8.17494464441986e-08
1080,-0.08362085539680784,-5.286759569062984e-05,-3.756620441627969e-05,8.244646696012018e-08
1081,-0.08605734253695851,-5.286633670633152e-05,-3.757311163294755e-05,8.2472083296611e-08
1082,-0.05089883310458417,-5.288450384947928e-05,-3.747344049643818e-05,8.210243956104479e-08
1083,-0.08150111158487676,-5.28686910069559e-05,-3.7560195137779416e-05,8.242418074737574e-08
1084,-0.006676591510849275,-5.290735441414163e-05,-3.734807451392555e-05,8.163750305373276e-08
1085,0.044051070747087924,-5.2933566466839794e-05,-3.720426626291075e-05,8.110417092798537e-08
1086,-0.0689044730702977,-5.2875199955656814e-05,-3.752448482761012e-05,8.229174428771579e-08
1087,-0.0638609446901858,-5.287780605311903e-05,-3.751018688910802e-05,8.223871847117907e-08
1088,0.008161615172668366,-5.291502162841326e-05,-3.730600956442052e-05,8.148149956449981e-08
1089,-0.038545843304020215,-5.2890886899775047e-05,-3.743842090793414e-05,8.197256473503527e-08
1090,-0.09110087091707043,-5.2863730608882975e-05,-3.75874095714488e-05,8.25251091131505e-08
1091,-0.0040695502708880515,-5.2908701527327165e-05,-3.734068379209106e-05,8.16100935736866e-08
1092,-0.09663169672521249,-5.2860872714583345e-05,-3.760308895328394e-05,8.258325819698822e-08
1093,-0.044490871925987885,-5.2887814978143284e-05,-3.745527451660233e-05,8.203506859607478e-08
1094,-0.035670788478642405,-5.2892372501224745e-05,-3.7430270392266966e-05,8.194233745797614e-08
1095,-0.1138820256774793,-5.285195910585739e-05,-3.7651992047289574e-05,8.276462185934468e-08
1096,-0.04283406067068541,-5.2888671087450556e-05,-3.745057760926867e-05,8.201764948725876e-08
1097,-0.042103114528640205,-5.28890487827276e-05,-3.744850544426866e-05,8.200996458631435e-08
1098,-0.06417768801840538,-5.2877642385160015e-05,-3.751108482727458e-05,8.224204859492023e-08
1099,-0.04429595295477582,-5.288791569687564e-05,-3.745472193926935e-05,8.203301928915098e-08
1100,-0.10082245460627166,-5.2858707261611366e-05,-3.7614969365951966e-05,8.262731829574577e-08
1101,-0.0655908505596928,-5.287691217429217e-05,-3.751509101294151e-05,8.225690607008543e-08
1102,-0.061253903450224564,-5.2879153166289235e-05,-3.7502796167274504e-05,8.221130899113301e-08
1103,-0.04553856139625266,-5.2887273614886414e-05,-3.745824461976998e-05,8.204608362076628e-08
1104,-0.09212419551593373,-5.2863201835500656e-05,-3.7590310602449127e-05,8.253586797447657e-08
1105,-0.0820615036271114,-5.2868401440557265e-05,-3.7561783797613376e-05,8.243007250477133e-08
1106,0.04909459912719984,-5.293617256429507e-05,-3.7189968324408876e-05,8.105114511144611e-08
1107,-0.08637408586517813,-5.286617303840006e-05,-3.757400957111391e-05,8.247541342035832e-08
1108,-0.12477312319395287,-5.2846331446164285e-05,-3.768286730579142e-05,8.28791268834569e-08
1109,-0.011037903491719,-5.290510083228486e-05,-3.736043843175988e-05,8.168335629605155e-08
1110,-0.06191175497806527,-5.287881324055238e-05,-3.750466111577384e-05,8.221822540198646e-08
1111,-0.07465458272105333,-5.287222875275741e-05,-3.754078585894468e-05,8.235219884183404e-08
1112,-0.09290387140078195,-5.286279896053001e-05,-3.7592520911782285e-05,8.2544065202151e-08
1113,-0.04332135809871555,-5.2888419290585385e-05,-3.745195905260237e-05,8.202277275455636e-08
1114,-0.06934304075552485,-5.287497333851237e-05,-3.7525728126609005e-05,8.229635522828578e-08
1115,-0.05370079331575745,-5.288305601755569e-05,-3.748138379560557e-05,8.213189834801149e-08
1116,-0.11629414794622851,-5.2850712711453816e-05,-3.765883019178951e-05,8.278998203247331e-08
1117,-0.04295588502769294,-5.288860813822391e-05,-3.745092297010247e-05,8.201893030408544e-08
1118,-0.1063045506716107,-5.2855874546977576e-05,-3.763051060345374e-05,8.268495505285602e-08
1119,-0.0723642848093117,-5.28734121980031e-05,-3.753429307527644e-05,8.232811948553532e-08
1120,-0.12396908243770315,-5.2846746910960715e-05,-3.7680587924292026e-05,8.287067349241812e-08
1121,-0.12392035269490015,-5.284677209065432e-05,-3.76804497799578e-05,8.287016116568388e-08
1122,-0.023220339192472416,-5.289880591089352e-05,-3.7394974515096564e-05,8.18114379785078e-08
1123,-0.0959738451973718,-5.2861212640313676e-05,-3.7601224004784124e-05,8.257634178612922e-08
1124,7.284340621290258,-5.667477673978099e-05,-1.6678712142014428e-05,4.982409247286822e-09
1125,-0.06863645948488115,-5.2875338443936306e-05,-3.752372503377647e-05,8.22889264907044e-08
1126,-0.07219373070950114,-5.287350032688192e-05,-3.7533809570110556e-05,8.23263263419784e-08
1127,-0.006554767153841741,-5.290741736335535e-05,-3.734772915309215e-05,8.163622223690801e-08
1128,-0.05618601019871116,-5.288177185360519e-05,-3.748842915660551e-05,8.215802701122916e-08
1129,0.31769294145741117,-5.3074962991164336e-05,-3.6428516759003695e-05,7.82272001766835e-08
1130,0.2817791210115901,-5.305640556292007e-05,-3.6530329132677856e-05,7.860478497655579e-08
1131,0.27926953925723486,-5.305510880914442e-05,-3.653744356584352e-05,7.863116980314981e-08
1132,0.025606863096147268,-5.292403595583861e-05,-3.725655389308294e-05,8.129808659522506e-08
1133,-0.10437972583089164,-5.285686914455699e-05,-3.762505390228648e-05,8.266471814702486e-08
1134,-0.12360360936668054,-5.284693575859924e-05,-3.767955184179191e-05,8.286683104194381e-08
1135,-0.03379469338072638,-5.289334191911791e-05,-3.742495183543314e-05,8.19226128788779e-08
1136,-0.12971919208845875,-5.284377570804743e-05,-3.7696888955627676e-05,8.293112804653977e-08
1137,-0.11948594609982588,-5.2849063442024497e-05,-3.766787864562431e-05,8.282353943326913e-08
1138,-0.05835448375344526,-5.2880651357592885e-05,-3.7494576579439755e-05,8.218082555070738e-08
1139,-0.06393403930439032,-5.28777682835925e-05,-3.751039410560764e-05,8.223948696127197e-08
1140,-0.06483553954624607,-5.287730245940235e-05,-3.751294977577522e-05,8.224896500577536e-08
1141,-0.07048818971139566,-5.2874381615889736e-05,-3.75289745184431e-05,8.230839490643237e-08
1142,-0.1526709009486782,-5.28319160761569e-05,-3.7761954936633464e-05,8.317243393628409e-08
1143,-0.13795451862216807,-5.283952034116999e-05,-3.7720235347964104e-05,8.30177112638814e-08
1144,-0.06040113295117183,-5.287959381079314e-05,-3.750037864144067e-05,8.220234327336339e-08
1145,-0.07865042163090043,-5.2870164018531254e-05,-3.7552113694279335e-05,8.239420963368096e-08
1146,-0.09234347935854728,-5.2863088526914354e-05,-3.7590932251948805e-05,8.253817344476096e-08
1147,-0.068100432314048,-5.287561542048099e-05,-3.7522205446108995e-05,8.228329089667363e-08
1148,-0.1355423963534189,-5.2840766735642535e-05,-3.771339720346117e-05,8.299235109074475e-08
1149,-0.07509315040628045,-5.287200213561297e-05,-3.754202915794443e-05,8.235680978240573e-08
1150,-0.10864357832615536,-5.285466592206563e-05,-3.763714153145409e-05,8.270954673588777e-08
1151,-0.11373583644907027,-5.28520346449239e-05,-3.765157761428909e-05,8.276308487915087e-08
1152,-0.09146634398809304,-5.286354176124445e-05,-3.758844565394892e-05,8.252895156361974e-08
1153,-0.026241583246259262,-5.289724477038772e-05,-3.740353946376411e-05,8.184320223575606e-08
1154,-0.061863025235262235,-5.2878838420218226e-05,-3.750452297144113e-05,8.22177130752573e-08
1155,-0.06797860795704047,-5.287567836969397e-05,-3.752186008527561e-05,8.228201007984418e-08
1156,-0.12647866419205836,-5.284545015715648e-05,-3.768770235745865e-05,8.289705831900632e-08
1157,-0.03691339692011926,-5.28917304192496e-05,-3.743379307276682e-05,8.195540178958359e-08
1158,-0.13298408485626065,-5.284208866912608e-05,-3.7706144625961666e-05,8.296545393743465e-08
1159,-0.04244422272826131,-5.288887252493588e-05,-3.7449472454601876e-05,8.201355087341901e-08
1160,-0.09036992477502521,-5.286410830414656e-05,-3.7585337406449826e-05,8.251742421220307e-08
1161,-0.11332163363524467,-5.2852248672269484e-05,-3.7650403387454794e-05,8.275873010195464e-08
1162,-0.026144123760653233,-5.28972951297539e-05,-3.7403263175097614e-05,8.184217758229712e-08
1163,0.12679417402660512,-5.29763215729431e-05,-3.696969718488735e-05,8.023424014074278e-08
1164,-0.05011915721973595,-5.288490672444972e-05,-3.747123018710439e-05,8.209424233336805e-08
1165,-0.09689971031062906,-5.2860734226304266e-05,-3.760384874711733e-05,8.258607599400083e-08
1166,-0.11166482237994217,-5.285310478155635e-05,-3.7645706480122175e-05,8.274131099313053e-08
1167,-0.11782913484452344,-5.2849919551352586e-05,-3.766318173828957e-05,8.280612032446074e-08
1168,-0.11069022752388193,-5.28536083752867e-05,-3.7642943593454786e-05,8.273106445853531e-08
1169,-0.11904737841459877,-5.284929005922362e-05,-3.766663534662291e-05,8.281892849270685e-08
1170,-0.07007398689757005,-5.2874595643207984e-05,-3.752780029160984e-05,8.230404012923058e-08
1171,-0.12947554337444367,-5.284390160650032e-05,-3.769619823395969e-05,8.292856641289537e-08
1172,-0.09979913000740837,-5.285923603502102e-05,-3.761206833495125e-05,8.261655943442355e-08
1173,-0.12028998685607563,-5.284864797724153e-05,-3.7670158027123305e-05,8.283199282431007e-08
1174,-0.09709462928184112,-5.286063350758537e-05,-3.760440132444992e-05,8.258812530091748e-08
1175,-0.10596344247198958,-5.285605080477603e-05,-3.762954359312076e-05,8.26813687657499e-08
1176,-0.1551804827030334,-5.283061932235266e-05,-3.776906936980008e-05,8.319881876286889e-08
1177,-0.10647510477142126,-5.285578641811221e-05,-3.763099410861923e-05,8.268674819641003e-08
1178,-0.09616876416858386,-5.2861111921594775e-05,-3.7601776582117576e-05,8.257839109305605e-08
1179,-0.1302064895164889,-5.2843523911209394e-05,-3.769827039896079e-05,8.293625131383724e-08
1180,-0.1316196520577763,-5.284279370032156e-05,-3.7702276584627406e-05,8.295110878900151e-08
1181,-0.05606418584170362,-5.2881834802811226e-05,-3.748808379577256e-05,8.21567461944048e-08
1182,-0.09068666810324483,-5.28639446362151e-05,-3.7586235344614885e-05,8.252075433594532e-08
1183,-0.13900220809243288,-5.2838978978002286e-05,-3.772320545112819e-05,8.302872628856645e-08
1184,-0.13936768116345546,-5.283879013034988e-05,-3.772424153362874e-05,8.303256873904756e-08
1185,-0.05411499612958308,-5.288284199023764e-05,-3.7482558022438375e-05,8.21362531252122e-08
1186,-0.06264270112011047,-5.2878435545261455e-05,-3.750673328077429e-05,8.222591030293341e-08
1187,-0.07304650120855388,-5.2873059682391895e-05,-3.7536227095943736e-05,8.233529205974803e-08
1188,-0.1296704623456557,-5.28438008877137e-05,-3.769675081129557e-05,8.293061571981352e-08
1189,-0.056746402240945806,-5.2881482287213486e-05,-3.749001781643947e-05,8.216391876862475e-08
1190,0.004190141134222748,-5.2912969484047754e-05,-3.731726832758798e-05,8.152325419297985e-08
1191,-0.11234703877918441,-5.285275226598637e-05,-3.764764050078779e-05,8.274848356735386e-08
1192,-0.11166482237994217,-5.285310478155635e-05,-3.7645706480122175e-05,8.274131099313053e-08
1193,-0.10557360452956548,-5.285625224225421e-05,-3.762843843845355e-05,8.267727015190615e-08
1194,-0.04746338623697171,-5.288627901731353e-05,-3.7463701320936855e-05,8.2066320526592e-08
1195,-0.12906134056061805,-5.284411563380511e-05,-3.769502400712747e-05,8.292421163568463e-08
1196,-0.08145238184207372,-5.286871618662175e-05,-3.756005699344648e-05,8.242366842064488e-08
1197,-0.10296656328960427,-5.285759935544565e-05,-3.7621047716619336e-05,8.264986067186302e-08
1198,-0.05733115915458197,-5.2881180130982136e-05,-3.7491675548439654e-05,8.21700666893813e-08
1199,0.09010067769593583,-5.29573612697286e-05,-3.7073719867896794e-05,8.062002216830595e-08
1200,-0.1191935676430078,-5.2849214520157106e-05,-3.766704977962296e-05,8.282046547289049e-08
1201,-0.13724793735152438,-5.283988544663472e-05,-3.771823225512927e-05,8.301028252630095e-08
1202,-0.0831335579687777,-5.2867847487467465e-05,-3.756482297294706e-05,8.244134369282487e-08
1203,-0.11410130952009288,-5.2851845797298836e-05,-3.765261369678925e-05,8.276692732963415e-08
1204,0.04280846230561107,-5.2932924384864444e-05,-3.72077889434103e-05,8.111723525959306e-08
1205,-0.1173174725450918,-5.285018393805762e-05,-3.766173122278897e-05,8.2800740893796e-08
1206,-0.11890118918618973,-5.284936559827625e-05,-3.766622091362373e-05,8.281739151251983e-08
1207,-0.12477312319395287,-5.2846331446164285e-05,-3.768286730579142e-05,8.28791268834569e-08
1208,-0.1462385748986804,-5.283523979464016e-05,-3.774371988463134e-05,8.31048068079425e-08
1209,-0.14424065544375683,-5.2836272161780993e-05,-3.773805596696358e-05,8.308380141201903e-08
1210,-0.13417796355493453,-5.284147176681026e-05,-3.7709529162128647e-05,8.2978005942315e-08
1211,-0.1274776239195201,-5.2844933973599934e-05,-3.769053431629318e-05,8.290756101696975e-08
1212,-0.09546218289794016,-5.286147702701871e-05,-3.759977348928396e-05,8.257096235547297e-08
1213,-0.13208258461440495,-5.284255449333747e-05,-3.770358895579295e-05,8.295597589293416e-08
1214,-0.11366274183486577,-5.285207241448449e-05,-3.7651370397787815e-05,8.276231638905954e-08
1215,-0.0996285759075978,-5.2859324163886384e-05,-3.761158482978619e-05,8.261476629087125e-08
1216,-0.0777245565176432,-5.2870642432595755e-05,-3.754948895194444e-05,8.23844754258166e-08
1217,-0.09570583161195521,-5.286135112859275e-05,-3.760046421095073e-05,8.25735239891217e-08
1218,-0.03737632947674788,-5.289149121222408e-05,-3.7435105443934396e-05,8.196026889352024e-08
1219,-0.12470002857974834,-5.2846369215669785e-05,-3.768266008929226e-05,8.28783583933634e-08
1220,-0.1387341945070163,-5.283911746624056e-05,-3.772244565729601e-05,8.302590849155968e-08
1221,-0.1284278539041789,-5.2844442969737e-05,-3.769322813079262e-05,8.291755138819553e-08
1222,-0.10825374038373126,-5.285486735957156e-05,-3.763603637678645e-05,8.27054481220474e-08
1223,-0.12148386555474945,-5.28480310749253e-05,-3.76735425632912e-05,8.284454482918582e-08
1224,-0.1137845661918733,-5.2852009465258053e-05,-3.7651715758622025e-05,8.276359720588513e-08
1225,-0.13629770736686558,-5.284037645049766e-05,-3.771553844063028e-05,8.300029215507517e-08
1226,-0.12194679811137808,-5.284779186792733e-05,-3.767485493445718e-05,8.284941193312524e-08
1227,-0.12984101644546628,-5.2843712758861794e-05,-3.769723431646067e-05,8.293240886337646e-08
1228,-0.1367362750520927,-5.2840149833325884e-05,-3.7716781739629114e-05,8.300490309562945e-08
1229,-0.11156736289433616,-5.2853155140942726e-05,-3.764543019145511e-05,8.274028633967992e-08
1230,-0.12579644779281615,-5.284580267274034e-05,-3.768576833679261e-05,8.288988574478297e-08
1231,-0.13364193638410132,-5.284174874336841e-05,-3.7708009574461875e-05,8.297237034828979e-08
1232,-0.13727230222292583,-5.2839872856794655e-05,-3.771830132729685e-05,8.301053868967594e-08
1233,-0.11051967342407136,-5.285369650417899e-05,-3.764246008828851e-05,8.272927131498903e-08
1234,-0.13931895142065245,-5.283881531000227e-05,-3.772410338929663e-05,8.303205641231114e-08
1235,7.251789153097844,-5.665795671114896e-05,-1.6770992556629416e-05,5.324643502999972e-09
1236,-0.059694551680528146,-5.287995891623747e-05,-3.7498375548606663e-05,8.219491453577738e-08
1237,-0.03282009852466611,-5.289384551283458e-05,-3.742218894876572e-05,8.19123663442799e-08
1238,0.9382905809251916,-5.339563887681047e-05,-3.466917960166028e-05,7.170246310902693e-08
1239,-0.008991254293992425,-5.2906158379077456e-05,-3.735463636975948e-05,8.166183857339896e-08
1240,0.019734929088384107,-5.292100180374368e-05,-3.727320028525044e-05,8.135982196616713e-08
1241,-0.08705630226442031,-5.2865820522788856e-05,-3.757594359178165e-05,8.248258599457611e-08
1242,-0.0762870291049543,-5.287138523332407e-05,-3.754541369411064e-05,8.236936178728365e-08
1243,0.01018389949899344,-5.2916066585359106e-05,-3.730027657458696e-05,8.146023800521343e-08
1244,-0.012548525518612436,-5.2904320262044105e-05,-3.736472090609305e-05,8.169923842467483e-08
1245,-0.11970522994243943,-5.2848950133438194e-05,-3.7668500295123985e-05,8.282584490355521e-08
1246,-0.1127368767216085,-5.2852550828494316e-05,-3.764874565545499e-05,8.275258218119085e-08
1247,-0.11051967342407136,-5.285369650417899e-05,-3.764246008828851e-05,8.272927131498903e-08
1248,-0.11763421587331138,-5.28500202700984e-05,-3.76626291609562e-05,8.280407101753825e-08
1249,-0.06369039059037525,-5.2877894182004586e-05,-3.750970338394195e-05,8.223692532762492e-08
1250,0.06907379367643544,-5.294649623537667e-05,-3.713332914773675e-05,8.084109115221816e-08
1251,-0.10783953756990562,-5.285508138688981e-05,-3.7634862149953404e-05,8.270109334483883e-08
1252,-0.09573019648335673,-5.286133853873922e-05,-3.760053328311739e-05,8.257378015248096e-08
1253,-0.11146990340873014,-5.2853205500316054e-05,-3.764515390278838e-05,8.27392616862182e-08
1254,0.018760334232323837,-5.2920498210030375e-05,-3.727596317191733e-05,8.137006850076355e-08
1255,-0.11536828283297124,-5.285119112549056e-05,-3.765620544945548e-05,8.278024782460557e-08
1256,-0.005555807426379965,-5.2907933546912734e-05,-3.734489719425837e-05,8.162571953894641e-08
1257,-0.1027960091897937,-5.285768748432448e-05,-3.7620564211452585e-05,8.264806752830441e-08
1258,-0.11471043130513055,-5.2851531051220894e-05,-3.76543405009561e-05,8.277333141375165e-08
1259,0.01576345504993849,-5.291894965937137e-05,-3.7284459048418084e-05,8.140157659464682e-08
1260,-0.027435461944933102,-5.2896627868098926e-05,-3.7406923999930735e-05,8.185575424063682e-08
1261,-0.042785330927882406,-5.288869626713028e-05,-3.745043946493531e-05,8.20171371605279e-08
1262,-0.08905422171934387,-5.286478815568966e-05,-3.758160750944811e-05,8.250359139049449e-08
1263,-0.03418453132315048,-5.2893140481632576e-05,-3.742605699009993e-05,8.19267114927185e-08
1264,-0.07475204220665937,-5.287217839341184e-05,-3.754106214761097e-05,8.235322349529575e-08
1265,-0.0026563877296006486,-5.2909431738201834e-05,-3.733667760642438e-05,8.15952360985221e-08
1266,-0.0870075725216173,-5.2865845702482046e-05,-3.757580544744746e-05,8.248207366784404e-08
1267,-0.07623829936215126,-5.287141041297646e-05,-3.7545275549778525e-05,8.23688494605557e-08
1268,-0.05365206357295444,-5.2883081197242345e-05,-3.74812456512722e-05,8.213138602128062e-08
1269,0.0786248232658261,-5.295143145376987e-05,-3.710625285840007e-05,8.074067511317426e-08
1270,-0.12501677190796792,-5.284620554771099e-05,-3.768355802745901e-05,8.288168851710347e-08
1271,0.09750759860199389,-5.296118858194263e-05,-3.7052721929227665e-05,8.054214850536698e-08
1272,0.13558989260254908,-5.298086650619184e-05,-3.694476213271778e-05,8.014176516601356e-08
1273,-0.047146642908752125,-5.2886442685279474e-05,-3.7462803382769864e-05,8.206299040285e-08
1274,-0.08754359969245044,-5.286556872593735e-05,-3.757732503511472e-05,8.24877092618765e-08
1275,-0.11707382383107671,-5.285030983648317e-05,-3.766104050112311e-05,8.279817926014944e-08
1276,-0.06958668946953991,-5.287484744007295e-05,-3.752641884827595e-05,8.229891686193404e-08
1277,-0.1354449368678129,-5.2840817095001986e-05,-3.771312091479531e-05,8.299132643729321e-08
1278,0.10737537151960415,-5.296628746825341e-05,-3.7024747701724845e-05,8.043840234257406e-08
1279,-0.04994860311992541,-5.288499485335609e-05,-3.7470746681937226e-05,8.209244918981391e-08
1280,-0.11512463411895617,-5.285131702390264e-05,-3.765551472778871e-05,8.277768619095005e-08
1281,-0.11609922897501646,-5.2850813430186175e-05,-3.765827761445567e-05,8.278793272554867e-08
1282,-0.10839992961214029,-5.285479182050505e-05,-3.763645080978693e-05,8.270698510223443e-08
1283,-0.07645758320476484,-5.287129710441791e-05,-3.7545897199277776e-05,8.23711549308384e-08
1284,-0.06288634983412553,-5.2878309646835703e-05,-3.750742400244104e-05,8.222847193658106e-08
1285,-0.034818017979589666,-5.289281314572171e-05,-3.742785286643335e-05,8.193337174020481e-08
1286,-0.13408050406932848,-5.284152212622439e-05,-3.7709252873461145e-05,8.297698128885762e-08
1287,-0.1262106506066418,-5.284558864543597e-05,-3.768694256362522e-05,8.289424052198815e-08
1288,-0.040641222244549795,-5.288980417328906e-05,-3.744436111426837e-05,8.199459478441573e-08
1289,0.018443590904104242,-5.2920334542081776e-05,-3.727686111008389e-05,8.137339862450684e-08
1290,-0.1081319160267237,-5.2854930308770665e-05,-3.7635691015954365e-05,8.270416730522304e-08
1291,0.007917966458653301,-5.291489572998661e-05,-3.730670028608725e-05,8.148406119814992e-08
1292,-0.08013667878639236,-5.2869396038137084e-05,-3.7556327096446504e-05,8.240983559894138e-08
1293,-0.11975395968524245,-5.284892495375888e-05,-3.766863843945687e-05,8.282635723028391e-08
1294,-0.1134921877350552,-5.285216054336332e-05,-3.7650886892622365e-05,8.276052324550092e-08
1295,-0.1316927466719808,-5.2842755930815224e-05,-3.770248380112752e-05,8.295187727910275e-08
1296,-0.10759588885589057,-5.285520728532923e-05,-3.763417142828624e-05,8.269853171119226e-08
1297,-0.12691723187728546,-5.28452235399847e-05,-3.768894565645922e-05,8.290166925957076e-08
1298,-0.1016264953625214,-5.285829179681452e-05,-3.76172487474514e-05,8.263577168679009e-08
1299,-0.1351281935395933,-5.284098076297508e-05,-3.771222297662808e-05,8.298799631354758e-08
1300,2.190644970962642,-5.404275679639534e-05,-3.111887023462768e-05,5.853566615243676e-08
1301,0.010719926669826583,-5.291634356190747e-05,-3.7298756986919736e-05,8.145460241118433e-08
1302,-0.048267426993221445,-5.2885863552510166e-05,-3.746598070243667e-05,8.207477391763416e-08
1303,-0.11858444585797014,-5.284952926622159e-05,-3.76653229754565e-05,8.281406138877081e-08
1304,0.3890576497924247,-5.3111838640695693e-05,-3.622620438281451e-05,7.747689768086236e-08
1305,-0.029798854470879255,-5.289540665333355e-05,-3.7413624000098706e-05,8.188060208703407e-08
1306,0.0421993405205734,-5.293260963879323e-05,-3.720951574757717e-05,8.112363934371674e-08
1307,-0.0524094551314776,-5.288372327922464e-05,-3.7477722970771575e-05,8.211832168966956e-08
1308,-0.09928746770797674,-5.2859500421712596e-05,-3.761061781945104e-05,8.261118000375835e-08
1309,-0.12567462343580862,-5.284586562195332e-05,-3.768542297595965e-05,8.288860492795522e-08
1310,-0.07480077194946237,-5.2872153213704776e-05,-3.754120029194429e-05,8.235373582202275e-08
1311,-0.13975751910587958,-5.283858869285824e-05,-3.77253466882959e-05,8.303666735288237e-08
1312,-0.06544466133128375,-5.28769877133448e-05,-3.751467657994146e-05,8.225536908989503e-08
1313,-0.11892555405759123,-5.284935300842272e-05,-3.766628998579083e-05,8.28176476758791e-08
1314,-0.12962173260285273,-5.284382606742076e-05,-3.7696612666960946e-05,8.293010339307806e-08
1315,-0.09102777630286592,-5.286376837840277e-05,-3.75872023549496e-05,8.252434062305821e-08
1316,-0.11943721635702288,-5.2849088621731564e-05,-3.766774050129012e-05,8.282302710654722e-08
1317,0.017712644762059034,-5.2919956846797785e-05,-3.727893327508401e-05,8.138108352545422e-08
1318,-0.08929787043335893,-5.286466225725023e-05,-3.758229823111484e-05,8.250615302414445e-08
1319,-0.08859128916271523,-5.286502736270109e-05,-3.758029513828131e-05,8.249872428656569e-08
1320,-0.11366274183486577,-5.285207241448449e-05,-3.7651370397787815e-05,8.276231638905954e-08
1321,0.07579849818325134,-5.2949971031992536e-05,-3.7114265229735226e-05,8.077039006350639e-08
1322,-0.11809714842994,-5.2849781063073094e-05,-3.766394153212387e-05,8.280893812146873e-08
1323,-0.08868874864832127,-5.286497700334164e-05,-3.758057142694717e-05,8.249974894002572e-08
1324,-0.11899864867179574,-5.2849315238876e-05,-3.76664972022908e-05,8.281841616597044e-08
1325,-0.10445282044509618,-5.285683137505149e-05,-3.762526111878607e-05,8.266548663712175e-08
1326,-0.13266734152804108,-5.284225233707142e-05,-3.7705246687794865e-05,8.296212381368901e-08
1327,-0.11595303974660738,-5.285088896922493e-05,-3.765786318145736e-05,8.278639574536164e-08
1328,-0.050679549261970616,-5.288461715807884e-05,-3.7472818846937484e-05,8.210013409076025e-08
1329,-0.09107650604566893,-5.286374319875038e-05,-3.758734049928171e-05,8.252485294978446e-08
1330,-0.11990014891365151,-5.284884941470625e-05,-3.7669052872456916e-05,8.282789421047431e-08
1331,-0.08062397621442248,-5.286914424128558e-05,-3.755770853978e-05,8.241495886623838e-08
1332,-0.10744969962748152,-5.285528282438187e-05,-3.763375699528663e-05,8.269699473100524e-08
1333,-0.09054047887483578,-5.2864020175267734e-05,-3.758582091161571e-05,8.251921735576e-08
1334,-0.12219044682539316,-5.28476659694879e-05,-3.767554565612434e-05,8.28519735667752e-08
1335,-0.12228790631099916,-5.2847615610101115e-05,-3.7675821944791886e-05,8.285299822023814e-08
1336,-0.12974355695986028,-5.2843763118249e-05,-3.769695802779221e-05,8.293138420990798e-08
1337,-0.11322417414963865,-5.285229903164281e-05,-3.76501270987885e-05,8.275770544848615e-08
1338,-0.11785349971592493,-5.284990696151251e-05,-3.7663250810457135e-05,8.280637648782555e-08
1339,-0.12784309699054275,-5.284474512597529e-05,-3.769157039879243e-05,8.29114034674339e-08
1340,-0.11600176948941042,-5.285086378957296e-05,-3.765800132578899e-05,8.278690807208912e-08
1341,-0.10554923965816397,-5.285626483212162e-05,-3.7628369366286464e-05,8.267701398854689e-08
1342,-0.04005646533091362,-5.289010632951347e-05,-3.74427033822684e-05,8.198844686365918e-08
1343,-0.12189806836857504,-5.2847817047592754e-05,-3.767471679012516e-05,8.284889960640671e-08
1344,-0.08181785491309633,-5.286852733898322e-05,-3.756109307594703e-05,8.242751087112259e-08
1345,-0.04989987337712239,-5.2885020033042546e-05,-3.74706085376041e-05,8.209193686308414e-08
1346,-0.07750527267502963,-5.287075574116818e-05,-3.754886730244519e-05,8.238216995553052e-08
1347,-0.007188253810280932,-5.290709002745734e-05,-3.7349525029424854e-05,8.16428824843945e-08
1348,-0.10316148226081631,-5.2857498636699414e-05,-3.7621600293952314e-05,8.265190997878091e-08
1349,-0.09692407518203057,-5.28607216364642e-05,-3.7603917819284033e-05,8.258633215736565e-08
1350,-0.09336680395741058,-5.28625597535047e-05,-3.759383328294995e-05,8.254893230608656e-08
1351,-0.04612331830988883,-5.2886971458668935e-05,-3.7459902351769736e-05,8.205223154152198e-08
1352,-0.12684413726308094,-5.284526130950408e-05,-3.76887384399592e-05,8.290090076947725e-08
1353,-0.13456780149735864,-5.2841270329372464e-05,-3.771063431679426e-05,8.29821045561551e-08
1354,-0.11510026924755465,-5.285132961372842e-05,-3.765544565562335e-05,8.27774300275908e-08
1355,-0.0577940917112106,-5.2880940923970495e-05,-3.749298791960647e-05,8.217493379331457e-08
1356,-0.1277700023763382,-5.284478289548079e-05,-3.769136318229284e-05,8.291063497734378e-08
1357,-0.08895676223373786,-5.286483851506257e-05,-3.758133122078056e-05,8.250256673703325e-08
1358,-0.11563629641838782,-5.285105263721148e-05,-3.7656965243288875e-05,8.278306562161818e-08
1359,-0.11122625469471509,-5.2853331398755894e-05,-3.764446318112117e-05,8.273670005256608e-08
1360,-0.11358964722066123,-5.2852110183976534e-05,-3.765116318128905e-05,8.276154789896386e-08
1361,-0.1027960091897937,-5.285768748432448e-05,-3.7620564211452585e-05,8.264806752830441e-08
1362,0.0038246680632001455,-5.2912780636405735e-05,-3.7318304410088077e-05,8.152709664345347e-08
1363,-0.0667116346441621,-5.287633304151571e-05,-3.751826833260899e-05,8.226868958487493e-08
1364,0.027775336650881364,-5.2925156451861434e-05,-3.7250406470248353e-05,8.127528805574631e-08
1365,-0.032308436225234466,-5.289410989952942e-05,-3.742073843326575e-05,8.190698691361663e-08
1366,-0.09297696601498646,-5.286276119099675e-05,-3.759272812828274e-05,8.254483369224451e-08
1367,-0.10742533475608002,-5.285529541422152e-05,-3.763368792311997e-05,8.269673856764259e-08
1368,-0.10216252253335453,-5.2858014820269836e-05,-3.761876833511865e-05,8.264140728082087e-08
1369,0.16287854857223677,-5.2994967130093113e-05,-3.686740130604566e-05,7.985486219732298e-08
1370,0.7702460628689989,-5.330880673131044e-05,-3.514557033520273e-05,7.346922183683883e-08
1371,-0.12070418966990122,-5.284843394988207e-05,-3.7671332253958035e-05,8.283634760151647e-08
1372,-0.08873747839112427,-5.286495182363458e-05,-3.758070957128223e-05,8.25002612667578e-08
1373,0.8564977076303331,-5.3353374774622695e-05,-3.4901054865181324e-05,7.256240352502248e-08
1374,-0.12316504168145342,-5.2847162375784894e-05,-3.767830854279134e-05,8.286222010137258e-08
1375,-0.12896388107501203,-5.284416599316456e-05,-3.769474771846074e-05,8.292318698221953e-08
1376,0.023243470570201118,-5.292281474108007e-05,-3.726325389325071e-05,8.132293444162199e-08
1377,-0.10245490099017263,-5.285786374216456e-05,-3.7619597201117877e-05,8.264448124119829e-08
1378,0.0931706514925257,-5.2958947589903717e-05,-3.706501677489664e-05,8.058774558432387e-08
1379,0.31805841452843375,-5.307515183881674e-05,-3.642748067650098e-05,7.822335772621257e-08
1380,0.220866942507823,-5.3024930955965955e-05,-3.670300954936097e-05,7.924519338883716e-08
1381,0.01637257683497616,-5.291926440544248e-05,-3.7282732244251175e-05,8.13951725105241e-08
1382,-0.09507234495551606,-5.286167846452464e-05,-3.759866833461675e-05,8.25668637416309e-08
1383,-0.10213815766195304,-5.28580274101099e-05,-3.761869926295194e-05,8.264115111745266e-08
1384,-0.10474519890191425,-5.285668029691846e-05,-3.762608998478703e-05,8.266856059750256e-08
1385,-0.11821897278694753,-5.2849718113846655e-05,-3.766428689295721e-05,8.281021893829432e-08
1386,-0.04748775110837321,-5.288626642746e-05,-3.746377039310395e-05,8.206657668995805e-08
1387,-0.06178993062105773,-5.2878876189765156e-05,-3.7504315754940476e-05,8.221694458516318e-08
1388,-0.10228434689036207,-5.2857951871056855e-05,-3.76191136959516e-05,8.264268809764184e-08
1389,-0.13388558509811643,-5.2841622844970204e-05,-3.770870029612778e-05,8.297493198194191e-08
1390,-0.011281552205734069,-5.290497493385743e-05,-3.7361129153426625e-05,8.168591792970041e-08
1391,-0.11597740461800893,-5.2850876379413034e-05,-3.765793225362185e-05,8.278665190872429e-08
1392,-0.06995216254056251,-5.2874658592420544e-05,-3.752745493077671e-05,8.230275931241346e-08
1393,-0.026168488632054735,-5.289728253991057e-05,-3.7403332247264403e-05,8.184243374566086e-08
1394,-0.14394827698693877,-5.283642323988627e-05,-3.773722710096435e-05,8.308072745164839e-08
1395,-0.07779765113184772,-5.2870604663049035e-05,-3.754969616844528e-05,8.238524391590455e-08
1396,-0.1088628621687689,-5.28545526134932e-05,-3.76377631809542e-05,8.271185220617385e-08
1397,-0.027971489115766246,-5.289635089154719e-05,-3.740844358759811e-05,8.186138983466475e-08
1398,-0.08230515234112647,-5.2868275542131717e-05,-3.75624745192801e-05,8.243263413842297e-08
1399,-0.07977120571536976,-5.286958488576215e-05,-3.7555291013946775e-05,8.240599314846658e-08
1400,-0.0317236793115983,-5.2894412055760666e-05,-3.741908070126558e-05,8.190083899286062e-08
1401,-0.08654463996498866,-5.286608490948002e-05,-3.7574493076281055e-05,8.247720656391139e-08
1402,-0.05579617225628705,-5.2881973291090515e-05,-3.748732400193871e-05,8.21539283973928e-08
1403,-0.09865398105153755,-5.285982775761673e-05,-3.760882194311793e-05,8.260451975627265e-08
1404,-0.13676063992349424,-5.284013724351357e-05,-3.7716850811795815e-05,8.300515925900104e-08
1405,-0.10321021200361934,-5.285747345703357e-05,-3.762173843828524e-05,8.265242230551515e-08
1406,-0.08228078746972496,-5.2868288131985254e-05,-3.756240544711301e-05,8.243237797505524e-08
1407,-0.13754031580834244,-5.2839734368529454e-05,-3.77190611211285e-05,8.3013356486675e-08
1408,-0.10038388692104454,-5.2858933878783144e-05,-3.761372606695182e-05,8.262270735518132e-08
1409,-0.00048791417486655574,-5.291055223422453e-05,-3.733053018358963e-05,8.15724375590438e-08
1410,-0.01430279625952092,-5.2903413793358456e-05,-3.7369694102093856e-05,8.171768218694879e-08
1411,-0.13944077577765998,-5.2838752360775823e-05,-3.77244487501304e-05,8.30333372291469e-08
1412,-0.07263229839472828,-5.287327370975136e-05,-3.753505286910944e-05,8.233093728254671e-08
1413,-0.1012853871629003,-5.2858468054599515e-05,-3.761628173711837e-05,8.263218539968519e-08
1414,-0.10016460307843099,-5.285904718738291e-05,-3.761310441745089e-05,8.26204018848991e-08
1415,-0.10618272631460315,-5.285593749619014e-05,-3.7630165242619965e-05,8.268367423603044e-08
1416,-0.014960647787361598,-5.2903073867593796e-05,-3.73715590505945e-05,8.172459859780166e-08
1417,-0.11149426828013166,-5.28531929104764e-05,-3.7645222974954604e-05,8.273951784958086e-08
1418,-0.08137928722786922,-5.286875395618234e-05,-3.7559849776945206e-05,8.242289993055014e-08
1419,-0.12433455550872574,-5.2846558063308315e-05,-3.768162400679214e-05,8.287451594288907e-08
1420,-0.04142089812939802,-5.288940129833228e-05,-3.7446571423601315e-05,8.20027920120927e-08
1421,-0.07394800145040964,-5.2872593858222144e-05,-3.7538782766110284e-05,8.23447701042536e-08
1422,-0.09132015475968398,-5.2863617300297086e-05,-3.758803122094887e-05,8.252741458343611e-08
1423,-0.11600176948941042,-5.285086378957296e-05,-3.765800132578899e-05,8.278690807208912e-08
1424,-0.1412925060041745,-5.283779553272926e-05,-3.772969823479725e-05,8.305280564486301e-08
1425,-0.1291588000462241,-5.2844065274459534e-05,-3.769530029579333e-05,8.292523628914974e-08
1426,-0.12153259529755246,-5.2848005895245575e-05,-3.767368070762456e-05,8.284505715592683e-08
1427,-0.023415258163684477,-5.28987051921578e-05,-3.739552709242953e-05,8.181348728542598e-08
1428,-0.11534391796156973,-5.285120371530329e-05,-3.76561363772896e-05,8.27799916612352e-08
1429,-0.11492971514774411,-5.2851417742648876e-05,-3.76549621504553e-05,8.277563688403218e-08
1430,-0.10498884761592932,-5.285655439847904e-05,-3.762678070645376e-05,8.267112223115252e-08
1431,-0.10184577920513496,-5.285817848822905e-05,-3.7617870396951415e-05,8.263807715707185e-08
1432,-0.11782913484452344,-5.2849919551352586e-05,-3.766318173828957e-05,8.280612032446074e-08
1433,-0.12392035269490015,-5.284677209065432e-05,-3.76804497799578e-05,8.287016116568388e-08
1434,-0.13006030028807986,-5.284359945028978e-05,-3.769785596595944e-05,8.293471433365361e-08
1435,-0.11841389175815958,-5.2849617395127754e-05,-3.766483947029023e-05,8.281226824521775e-08
1436,-0.1166839858886526,-5.285051127396134e-05,-3.76599353464559e-05,8.279408064630907e-08
1437,1.5466570549494152,-5.3709994661602794e-05,-3.2944516671980585e-05,6.530632005051485e-08
1438,-0.1534262119621249,-5.283152579103978e-05,-3.7764096173800396e-05,8.318037500059756e-08
1439,1.6398039583173758,-5.375812563079374e-05,-3.268045377877429e-05,6.432700750641639e-08
1440,-0.11890118918618973,-5.284936559827625e-05,-3.766622091362373e-05,8.281739151251983e-08
1441,-0.10796136192691318,-5.2855018437690707e-05,-3.763520751078679e-05,8.270237416166659e-08
1442,0.8830310525865741,-5.336708511348928e-05,-3.48258352756719e-05,7.22834416206531e-08
1443,0.492389069406215,-5.3165232164036324e-05,-3.5933269323949796e-05,7.639050885024555e-08
1444,0.44229489380471715,-5.313934744714366e-05,-3.6075281698636425e-05,7.691718072851809e-08
1445,0.07002402366109423,-5.294698723922573e-05,-3.713063533323753e-05,8.08311007809873e-08
1446,0.5354174323012761,-5.3187465826386014e-05,-3.58112878776061e-05,7.593812434785953e-08
1447,-0.05418809074378759,-5.2882804220704184e-05,-3.748276523893907e-05,8.213702161530849e-08
1448,-0.14190162778921214,-5.28374807866509e-05,-3.773142503896544e-05,8.305920972899961e-08
1449,0.21830863101066478,-5.302360902248241e-05,-3.6710262126861774e-05,7.927209054214727e-08
1450,-0.07502005579207592,-5.2872039905118474e-05,-3.7541821941444836e-05,8.235604129230884e-08
1451,0.15547162766617867,-5.29911398179346e-05,-3.6888399244712184e-05,7.993273586024842e-08
1452,0.09550967914707033,-5.2960156214829546e-05,-3.705838584689499e-05,8.056315390128536e-08
1453,0.38060303941610174,-5.3107469965287876e-05,-3.62501724246497e-05,7.75657863684913e-08
1454,0.1696519828218556,-5.299846710644422e-05,-3.684819924370752e-05,7.97836487818685e-08
1455,-0.10764461859869356,-5.285518210563563e-05,-3.7634309572620474e-05,8.26990440379299e-08
1456,-0.14911362972405817,-5.2833754193183526e-05,-3.7751870400299814e-05,8.313503408500162e-08
1457,-0.10228434689036207,-5.2857951871056855e-05,-3.76191136959516e-05,8.264268809764184e-08
1458,-0.12506550165077096,-5.2846180368058605e-05,-3.768369617179155e-05,8.288220084383988e-08
1459,-0.08486346383828469,-5.2866953608647754e-05,-3.756972709678009e-05,8.245953129173186e-08
1460,-0.16702181020416573,-5.282450065876845e-05,-3.780263844280314e-05,8.332331415822262e-08
1461,-0.08712939687862482,-5.2865782753269065e-05,-3.757615080828085e-05,8.248335448467348e-08
1462,-0.14346097955890857,-5.2836675036709595e-05,-3.773584565763176e-05,8.307560418435524e-08
1463,-0.12170314939736301,-5.284791776633941e-05,-3.767416421279083e-05,8.28468502994765e-08
1464,-0.13159528718637478,-5.284280629014775e-05,-3.770220751246113e-05,8.295085262562992e-08
1465,-0.10109046819168821,-5.2858568773331873e-05,-3.7615729159786266e-05,8.263013609276393e-08
1466,-0.12394471756630164,-5.2846759500814245e-05,-3.768051885212494e-05,8.287041732905548e-08
1467,-0.13193639538599589,-5.284263003236235e-05,-3.77031745227942e-05,8.295443891274037e-08
1468,-0.16312343077992464,-5.2826515033635164e-05,-3.779158689613521e-05,8.328232801983403e-08
1469,-0.16212447105246283,-5.282703121715049e-05,-3.77887549373041e-05,8.327182532188199e-08
1470,-0.15003949483731546,-5.283327577916066e-05,-3.775449514263341e-05,8.314476829287275e-08
1471,-0.15873775392765338,-5.282878120529828e-05,-3.77791539061346e-05,8.323621861413781e-08
1472,-0.09607130468297782,-5.2861162280954226e-05,-3.760150029345085e-05,8.257736643959094e-08
1473,-0.13405613919792697,-5.28415347160367e-05,-3.770918380129444e-05,8.297672512548602e-08
1474,-0.08822581609169262,-5.286521621033961e-05,-3.7579259055781194e-05,8.249488183608799e-08
1475,-0.03262517955345405,-5.289394623157041e-05,-3.742163637143285e-05,8.191031703736033e-08
1476,-0.1354449368678129,-5.2840817095001986e-05,-3.771312091479531e-05,8.299132643729321e-08
1477,-0.1188768243147882,-5.2849378188102445e-05,-3.766615184145746e-05,8.281713534915502e-08
1478,-0.08047778698601346,-5.286921978035209e-05,-3.7557294106779525e-05,8.241342188604966e-08
1479,-0.13522565302519932,-5.28409304036148e-05,-3.771249926529403e-05,8.298902096701024e-08
1480,-0.16041893005435734,-5.282791250613054e-05,-3.7783919885636e-05,8.32538938863258e-08
1481,-0.14838268358201298,-5.283413188846057e-05,-3.774979823529958e-05,8.312734918406652e-08
1482,-0.12674667777747492,-5.2845311668890863e-05,-3.768846215129295e-05,8.28998761160177e-08
1483,-0.14550762875663514,-5.283561748991721e-05,-3.774164771963284e-05,8.309712190701078e-08
1484,-0.11741493203069779,-5.285013357864308e-05,-3.766200751145782e-05,8.280176554725556e-08
1485,-0.14192599266061368,-5.283746819683858e-05,-3.773149411113041e-05,8.305946589235766e-08
1486,-0.06576140465950334,-5.287682404536519e-05,-3.75155745181093e-05,8.225869921364188e-08
1487,-0.1216787845259615,-5.284793035617906e-05,-3.7674095140625046e-05,8.284659413611724e-08
1488,-0.13758904555114546,-5.2839709188822393e-05,-3.771919926546312e-05,8.301386881340029e-08
1489,-0.13856364040720573,-5.2839205595119387e-05,-3.772196215212969e-05,8.302411534799767e-08
1490,-0.09114960065987346,-5.286370542918979e-05,-3.7587547715782984e-05,8.252562143988258e-08
1491,-0.10335640123202836,-5.2857397917967056e-05,-3.7622152871285726e-05,8.265395928570217e-08
1492,-0.14102449241875792,-5.2837934020994454e-05,-3.772893844096343e-05,8.30499878478504e-08
1493,-0.1137845661918733,-5.2852009465258053e-05,-3.7651715758622025e-05,8.276359720588513e-08
1494,-0.09217292525873673,-5.286317665579318e-05,-3.759044874678292e-05,8.253638030120744e-08
1495,-0.08471727460987565,-5.2867029147700394e-05,-3.756931266378048e-05,8.245799431154654e-08
1496,-0.14460612851477947,-5.283608331412859e-05,-3.7739092049462825e-05,8.308764386249336e-08
1497,-0.15123337353598929,-5.2832658876871755e-05,-3.775787967880048e-05,8.315732029775744e-08
1498,-0.12355487962387754,-5.284696093829284e-05,-3.767941369745768e-05,8.286631871520956e-08
1499,-0.1188768243147882,-5.2849378188102445e-05,-3.766615184145746e-05,8.281713534915502e-08
1500,-0.14762737256856626,-5.283452217360461e-05,-3.774765699813187e-05,8.311940811974722e-08
1501,-0.08164730081328578,-5.286861546788939e-05,-3.756060957077946e-05,8.242571772756275e-08
1502,-0.14051283011932628,-5.2838198407686444e-05,-3.772748792546491e-05,8.304460841719489e-08
1503,-0.10057880589225658,-5.285883316003691e-05,-3.761427864428567e-05,8.262475666210259e-08
1504,-0.1506729814937546,-5.283294844324222e-05,-3.7756291018967004e-05,8.31514285403674e-08
1505,-0.12906134056061805,-5.284411563380511e-05,-3.769502400712747e-05,8.292421163568463e-08
1506,1.7240089538809833,-5.3801636127344704e-05,-3.2441740370753166e-05,6.344170691726875e-08
1507,0.08812712311241376,-5.295634149248293e-05,-3.7079314713396594e-05,8.064077140086168e-08
1508,1.1241945497186885,-5.349169937753919e-05,-3.414215896993468e-05,6.974793663472352e-08
1509,0.6970052594360694,-5.327096166378309e-05,-3.5353201268224856e-05,7.42392489117424e-08
1510,0.2440135703392545,-5.303689130660315e-05,-3.663739099102259e-05,7.90018381921728e-08
1511,-0.1387585593784178,-5.2839104876400485e-05,-3.772251472946228e-05,8.302616465492111e-08
1512,0.02497337643970808,-5.292370861993805e-05,-3.725834976941572e-05,8.130474684271192e-08
1513,-0.11553883693278179,-5.285110299658439e-05,-3.765668895462262e-05,8.278204096815862e-08
1514,-0.1302308543878904,-5.284351132135628e-05,-3.76983394711274e-05,8.29365074772045e-08
1515,0.03189299991773604,-5.2927284135272605e-05,-3.723873327408142e-05,8.12319964470778e-08
1516,-0.04483198012560898,-5.2887638720344624e-05,-3.745624152693576e-05,8.203865488318029e-08
1517,-0.10981309215342767,-5.2854061609630266e-05,-3.764045699545407e-05,8.272184257740641e-08
1518,-0.08267062541214909,-5.286808669450666e-05,-3.75635106017794e-05,8.2436476588891e-08
1519,-0.0696110543409414,-5.2874834850219414e-05,-3.752648792044304e-05,8.229917302530009e-08
1520,-0.09241657397275181,-5.286305075738151e-05,-3.759113946844921e-05,8.2538941934854e-08
1521,-0.10922833523979152,-5.2854363765868555e-05,-3.7638799263453884e-05,8.271569465664478e-08
1522,-0.1181215133013415,-5.28497684732469e-05,-3.76640106042897e-05,8.280919428483694e-08
1523,-0.12496804216516492,-5.284623072740417e-05,-3.7683419883125696e-05,8.288117619038155e-08
1524,-0.07363125812219005,-5.2872757526167484e-05,-3.753788482794392e-05,8.234143998050627e-08
1525,-0.12642993444925535,-5.28454753368362e-05,-3.768756421312659e-05,8.289654599227546e-08
1526,-0.004093915142289554,-5.2908688937480424e-05,-3.734075286425795e-05,8.161034973705168e-08
1527,-0.10126102229149878,-5.285848064443917e-05,-3.761621266495215e-05,8.263192923631916e-08
1528,0.04339321921924725,-5.293322654106825e-05,-3.720613121141118e-05,8.111108733883628e-08
1529,-0.09860525130873454,-5.2859852937310336e-05,-3.7608683798784566e-05,8.260400742954347e-08
1530,-0.03440381516576405,-5.2893027173053626e-05,-3.742667863959968e-05,8.192901696300071e-08
1531,-0.10571979375797452,-5.2856176703201574e-05,-3.7628852871454036e-05,8.267880713210333e-08
1532,-0.11358964722066123,-5.2852110183976534e-05,-3.765116318128905e-05,8.276154789896386e-08
1533,-0.13408050406932848,-5.284152212622439e-05,-3.7709252873461145e-05,8.297698128885762e-08
1534,-0.053310955373333344,-5.288325745504101e-05,-3.748027864093877e-05,8.212779973417173e-08
1535,-0.11860881072937164,-5.284951667638194e-05,-3.766539204762359e-05,8.281431755213685e-08
1536,-0.08603297766555702,-5.286634929618505e-05,-3.7573042560780456e-05,8.247182713324496e-08
1537,-0.08359649052540633,-5.286760828046949e-05,-3.756613534411347e-05,8.244621079676599e-08
1538,-0.06537156671707922,-5.287702548287112e-05,-3.751446936344187e-05,8.225460059980491e-08
1539,-0.10684057784244384,-5.2855597570446354e-05,-3.763203019111974e-05,8.269059064688219e-08
1540,-0.0064816725396372316,-5.2907455132893836e-05,-3.734752193659161e-05,8.163545374681245e-08
1541,-0.09207546577313071,-5.2863227015166504e-05,-3.759017245811619e-05,8.25353556477491e-08
1542,-0.09007754631820715,-5.286425938226571e-05,-3.75845085404493e-05,8.251435025182395e-08
1543,-0.10491575300172482,-5.285659216803964e-05,-3.762657348995248e-05,8.267035374105779e-08
1544,-0.12138640606914342,-5.284808143429821e-05,-3.767326627462495e-05,8.284352017573643e-08
1545,-0.08447362589586058,-5.286715504612635e-05,-3.756862194211413e-05,8.245543267789272e-08
1546,-0.10333203636062686,-5.2857410507820586e-05,-3.762208379911863e-05,8.265370312233612e-08
1547,-0.07889407034491552,-5.287003812013305e-05,-3.755280441594524e-05,8.2396771267328e-08
1548,-0.04086050608716336,-5.28896908647099e-05,-3.744498276376824e-05,8.199690025470157e-08
1549,-0.10113919793449125,-5.2858543593666026e-05,-3.761586730411789e-05,8.26306484194914e-08
1550,-0.012061228090582299,-5.290457205889897e-05,-3.736333946275956e-05,8.169411515737689e-08
1551,-0.11519772873316068,-5.2851279254355926e-05,-3.765572194428956e-05,8.277845468104479e-08
1552,-0.08413251769623949,-5.2867331303924806e-05,-3.756765493178029e-05,8.24518463907866e-08
1553,-0.07543425860590156,-5.287182587780064e-05,-3.7542996168277405e-05,8.236039606950846e-08
1554,-0.12316504168145342,-5.2847162375784894e-05,-3.767830854279134e-05,8.286222010137258e-08
1555,-0.123481785009673,-5.2846998707825676e-05,-3.767920648095814e-05,8.286555022511821e-08
1556,-0.11817024304414453,-5.2849743293553716e-05,-3.766414874862302e-05,8.280970661156902e-08
1557,-0.08985826247559359,-5.286437269087894e-05,-3.758388689094884e-05,8.25120447815422e-08
1558,-0.11249322800759343,-5.285267672690598e-05,-3.76480549337887e-05,8.275002054754428e-08
1559,-0.1367362750520927,-5.2840149833325884e-05,-3.7716781739629114e-05,8.300490309562945e-08
1560,-0.10225998201896055,-5.285796446088304e-05,-3.76190446237862e-05,8.264243193428042e-08
1561,-0.12428582576592274,-5.284658324302925e-05,-3.768148586245796e-05,8.287400361615698e-08
1562,-0.12755071853372466,-5.2844896204080556e-05,-3.76907415327919e-05,8.290832950705648e-08
1563,-0.11863317560077315,-5.284950408652799e-05,-3.76654611197903e-05,8.281457371550505e-08
1564,-0.1169763643454707,-5.2850360195856076e-05,-3.7660764212455994e-05,8.27971546066865e-08
1565,8.682055834109098,-5.7397005662438454e-05,-1.2716318228615209e-05,-9.712658343692975e-09
1566,-0.016593094171262566,-5.290223034813496e-05,-3.737618688576116e-05,8.174176154325068e-08
1567,0.19270115116768108,-5.301037709772113e-05,-3.678285697403423e-05,7.954131823867018e-08
1568,-0.021198054866147363,-5.289985086785677e-05,-3.738924152526202e-05,8.17901764192186e-08
1569,0.16953015846484806,-5.29984041572447e-05,-3.684854460454009e-05,7.978492959869841e-08
1570,0.13283666213417877,-5.29794438539894e-05,-3.695256728755161e-05,8.017071162625387e-08
1571,0.8870268914964211,-5.336914984777262e-05,-3.4814507440333584e-05,7.224143082877718e-08
1572,0.18556224384703957,-5.3006688273773967e-05,-3.6803095118868924e-05,7.961637410457094e-08
1573,-0.028166408086978307,-5.289625017281147e-05,-3.7408996164931074e-05,8.186343914158377e-08
1574,-0.09889762976555261,-5.285970185919077e-05,-3.7609512664785134e-05,8.260708138992645e-08
1575,-0.06235032266329237,-5.287858662336672e-05,-3.750590441477463e-05,8.22228363425543e-08
1576,-0.07711543473260553,-5.287095717866024e-05,-3.754776214777755e-05,8.237807134169185e-08
1577,-0.03296628775307514,-5.289376997377501e-05,-3.742260338176609e-05,8.1913903324472e-08
1578,0.11054280480180005,-5.2967924147829195e-05,-3.701576832005758e-05,8.04051011051375e-08
1579,-0.06434824211821595,-5.287755425627446e-05,-3.751156833244109e-05,8.224384173847776e-08
1580,-0.062179768563481834,-5.2878674752273096e-05,-3.7505420909607686e-05,8.222104319900015e-08
1581,-0.09170999270210808,-5.286341586281849e-05,-3.758913637561656e-05,8.253151319727695e-08
1582,-0.06476244493204156,-5.287734022894213e-05,-3.7512742559274814e-05,8.224819651568232e-08
1583,-0.061960484720868264,-5.2878788060852046e-05,-3.750479926010784e-05,8.221873772871285e-08
1584,-0.06588322901651088,-5.2876761096173024e-05,-3.7515919878942254e-05,8.225998003046795e-08
1585,0.18305266209268437,-5.300539151996973e-05,-3.681020955203728e-05,7.964275893116253e-08
1586,-0.09551091264074317,-5.286145184735245e-05,-3.7599911633616934e-05,8.257147468219752e-08
1587,-0.03272263903906008,-5.289389587220076e-05,-3.742191266009945e-05,8.191134169082181e-08
1588,-0.03584134257845295,-5.289228437233225e-05,-3.743075389743337e-05,8.194413060152859e-08
1589,0.024461714140276456,-5.29234442332225e-05,-3.725980028491687e-05,8.131012627337635e-08
1590,-0.09970167052180236,-5.285928639439435e-05,-3.761179204628496e-05,8.261553478096354e-08
1591,-0.07048818971139566,-5.2874381615889736e-05,-3.75289745184431e-05,8.230839490643237e-08
1592,-0.13795451862216807,-5.283952034116999e-05,-3.7720235347964104e-05,8.30177112638814e-08
1593,-0.049607494920304314,-5.288517111116169e-05,-3.7469779671603575e-05,8.208886290270333e-08
1594,0.08615356852889172,-5.295532171518217e-05,-3.708490955889852e-05,8.066152063341863e-08
1595,-0.11115316008051054,-5.2853369168261394e-05,-3.764425596462158e-05,8.273593156246918e-08
1596,-0.10099300870608223,-5.285861913273254e-05,-3.7615452871117416e-05,8.262911143930438e-08
1597,-0.04607458856708582,-5.2886996638369063e-05,-3.745976420743598e-05,8.205171921479245e-08
1598,-0.02899481371462954,-5.28958221181612e-05,-3.7411344618597586e-05,8.187214869599105e-08
1599,-0.07009835176897154,-5.287458305336791e-05,-3.752786936377654e-05,8.230429629260047e-08
1600,-0.07265666326612977,-5.287326111988395e-05,-3.7535121941276526e-05,8.233119344591275e-08
1601,-0.09553527751214469,-5.286143925751279e-05,-3.759998070578316e-05,8.257173084556356e-08
1602,0.034889879100121354,-5.292883268595274e-05,-3.723023739757933e-05,8.120048835318869e-08
1603,-0.0874217753354429,-5.286563167513604e-05,-3.757697967428181e-05,8.248642844505092e-08
1604,-0.12720961033410355,-5.2845072461879426e-05,-3.768977452245888e-05,8.290474321994819e-08
1605,-0.02731363758792557,-5.2896690817311805e-05,-3.740657863909736e-05,8.185447342381215e-08
1606,-0.10286910380399823,-5.285764971481856e-05,-3.7620771427952654e-05,8.264883601840347e-08
1607,-0.09404902035665277,-5.286220723792084e-05,-3.7595767303615565e-05,8.255610488030145e-08
1608,-0.12543097472179354,-5.284599152039233e-05,-3.76847322542921e-05,8.28860432943142e-08
1609,-0.023707636620502553,-5.289855411403866e-05,-3.7396355958430055e-05,8.18165612458051e-08
1610,0.01710352297702137,-5.29196421007231e-05,-3.7280660079251094e-05,8.138748760957788e-08
1611,-0.01574032367220983,-5.290267099263539e-05,-3.737376935992749e-05,8.173279582547808e-08
1612,-0.12918316491762563,-5.284405268463334e-05,-3.7695369367959596e-05,8.292549245251794e-08
1613,-0.07331451479397046,-5.287292119412628e-05,-3.753698688977717e-05,8.23381098567645e-08
1614,-0.02862934064360694,-5.28960109658033e-05,-3.7410308536097674e-05,8.186830624551704e-08
1615,0.21226614290309104,-5.3020486741491626e-05,-3.672739202419621e-05,7.933561905664633e-08
1616,-0.06052295730817936,-5.287953086157343e-05,-3.7500724002274464e-05,8.220362409018836e-08
1617,-0.04027574917352719,-5.288999302094125e-05,-3.7443325031768055e-05,8.199075233394334e-08
1618,-0.0759946506481362,-5.287153631142934e-05,-3.754458482811141e-05,8.23662878269113e-08
1619,-0.0030218608006232516,-5.2909242890560656e-05,-3.733771368892447e-05,8.159907854899595e-08
1620,-0.03645046436349062,-5.28919696262543e-05,-3.743248070160043e-05,8.195053468565286e-08
1621,-0.09290387140078195,-5.286279896053001e-05,-3.7592520911782285e-05,8.2544065202151e-08
1622,-0.07801693497446127,-5.2870491354463146e-05,-3.755031781794535e-05,8.238754938619356e-08
1623,-0.08384013923942141,-5.286748238205783e-05,-3.7566826065779764e-05,8.244877243041086e-08
1624,0.09887203140047829,-5.296189361310993e-05,-3.704885388789519e-05,8.052780335693262e-08
1625,-0.03420889619455199,-5.2893127891785985e-05,-3.742612606226681e-05,8.19269676560803e-08
1626,0.03191736478913752,-5.292729672513318e-05,-3.723866420191366e-05,8.123174028371206e-08
1627,-0.08539949100911784,-5.286667663210307e-05,-3.757124668444734e-05,8.246516688575925e-08
1628,-0.07835804317408238,-5.2870315096677734e-05,-3.755128482827799e-05,8.239113567330061e-08
1629,0.0553320062059856,-5.293939556403883e-05,-3.717228584974149e-05,8.098556729003194e-08
1630,-0.12477312319395287,-5.2846331446164285e-05,-3.768286730579142e-05,8.28791268834569e-08
1631,-0.012694714747021473,-5.2904244722982744e-05,-3.7365135339093325e-05,8.170077540486467e-08
1632,-0.06970851382654746,-5.2874784490860384e-05,-3.7526764209109723e-05,8.230019767875964e-08
1633,-0.03774180254777048,-5.289130236458535e-05,-3.743614152643432e-05,8.196411134399396e-08
1634,0.016786779648801806,-5.291947843273991e-05,-3.7281558017419155e-05,8.139081773332316e-08
1635,-0.0581108350394302,-5.2880777256025365e-05,-3.749388585777281e-05,8.217826391705742e-08
1636,-0.06325182290514815,-5.287812079919718e-05,-3.750846008494072e-05,8.2232314387052e-08
1637,-0.035768247964248434,-5.2892322141858566e-05,-3.743054668093357e-05,8.194336211143593e-08
1638,-0.06159501164984567,-5.287897690849751e-05,-3.75037631776075e-05,8.221489527824021e-08
1639,-0.08803089712048057,-5.286531692907197e-05,-3.757870647844822e-05,8.249283252917519e-08
1640,-0.03971535713129255,-5.2890282587332945e-05,-3.74417363719341e-05,8.198486057655028e-08
1641,-0.10693803732804988,-5.285554721107344e-05,-3.7632306479786856e-05,8.269161530034513e-08
1642,-0.03257644981065104,-5.289397141126033e-05,-3.7421498227099185e-05,8.190980471063141e-08
1643,-0.04003210045951213,-5.2890118919367e-05,-3.7442634310101526e-05,8.198819070029485e-08
1644,-0.07229119019510717,-5.287344996752289e-05,-3.7534085858776804e-05,8.232735099543626e-08
1645,0.02923722893497177,-5.292591184243298e-05,-3.7246262140247554e-05,8.125991825385185e-08
1646,0.03235593247436465,-5.292752334229823e-05,-3.723742090291405e-05,8.1227129343144e-08
1647,-0.052823657945303214,-5.288350925190618e-05,-3.747889719760507e-05,8.212267646687412e-08
1648,-0.11753675638770533,-5.285007062945785e-05,-3.766235287228991e-05,8.280304636407653e-08
1649,-0.019516878739443383,-5.290071956700727e-05,-3.7384475545761806e-05,8.177250114704108e-08
1650,-0.05952399758071758,-5.288004704512997e-05,-3.749789204344058e-05,8.219312139222495e-08
1651,-0.055357604571059926,-5.2882199908255354e-05,-3.748608070293901e-05,8.214931745682327e-08
1652,-0.062009214463671296,-5.287876288117253e-05,-3.750493740444053e-05,8.221925005544262e-08
1653,0.027263674351449742,-5.2924892065142414e-05,-3.725185698574939e-05,8.128066748641242e-08
1654,-0.08106254389964962,-5.286891762412768e-05,-3.755895183877927e-05,8.24195698068062e-08
1655,-0.12538224497899056,-5.28460167000998e-05,-3.7684594109958306e-05,8.288553096757996e-08
1656,-0.13313027408466974,-5.284201313008732e-05,-3.770655905896041e-05,8.296699091762166e-08
1657,-0.11863317560077315,-5.284950408652799e-05,-3.76654611197903e-05,8.281457371550505e-08
1658,-0.10917960549698849,-5.28543889455344e-05,-3.7638661119120957e-05,8.271518232991732e-08
1659,-0.08620353176536756,-5.286626116729235e-05,-3.757352606594721e-05,8.247362027680018e-08
1660,-0.13200949000020037,-5.2842592262815214e-05,-3.7703381739295097e-05,8.295520740284404e-08
1661,-0.012426701161604901,-5.2904383211256923e-05,-3.7364375545259736e-05,8.169795760785043e-08
1662,-0.1206310950556967,-5.2848471719428784e-05,-3.7671125037457194e-05,8.283557911142513e-08
1663,1.5137401136859794,-5.369298578436634e-05,-3.303783316914083e-05,6.5652396756539e-08
1664,-0.1120302954509648,-5.2852915933931295e-05,-3.764674256262147e-05,8.27451534436104e-08
1665,0.3692733742144011,-5.3101615688394824e-05,-3.628229098215086e-05,7.768490233316674e-08
1666,0.520359941775145,-5.3179685303451235e-05,-3.585397447661085e-05,7.609643330734612e-08
1667,-0.0673938510434043,-5.287598052594573e-05,-3.752020235327482e-05,8.227586215909319e-08
1668,0.25641528988262147,-5.304329953658558e-05,-3.660223325818519e-05,7.887145103942903e-08
1669,-0.15096535995057273,-5.2832797365136956e-05,-3.775711988496709e-05,8.315450250074822e-08
1670,-0.055942361484696085,-5.2881897752024004e-05,-3.748773843493897e-05,8.215546537758151e-08
1671,-0.10971563266782167,-5.285411196898971e-05,-3.7640180706787776e-05,8.272081792394132e-08
1672,-0.020296554624291595,-5.2900316692026314e-05,-3.738668585509571e-05,8.17806983747175e-08
1673,0.02287799749917851,-5.2922625893438076e-05,-3.7264289975750715e-05,8.132677689209505e-08
1674,-0.11154299802293467,-5.285316773078321e-05,-3.764536111928836e-05,8.274003017630954e-08
1675,-0.11319980927823713,-5.2852311621482465e-05,-3.765005802662184e-05,8.275744928512011e-08
1676,-0.11066586265248042,-5.2853620965126355e-05,-3.764287452128769e-05,8.273080829517605e-08
1677,0.03138133761830438,-5.2927019748588286e-05,-3.724018378958094e-05,8.123737587773884e-08
1678,-0.04873035954985007,-5.2885624345498525e-05,-3.746729307360328e-05,8.207964102156572e-08
1679,-0.08150111158487676,-5.28686910069559e-05,-3.7560195137779416e-05,8.242418074737574e-08
1680,-0.11758548613050836,-5.285004544976425e-05,-3.766249101662327e-05,8.280355869081077e-08
1681,-0.028020218858569267,-5.2896325711874406e-05,-3.740858173193082e-05,8.186190216139475e-08
1682,-0.01737277005611078,-5.2901827473162575e-05,-3.7378397195094916e-05,8.174995877092891e-08
1683,0.16421861649931963,-5.299565957144852e-05,-3.686360233687854e-05,7.984077321225467e-08
1684,-0.14073211396193985,-5.283808509912748e-05,-3.77281095749629e-05,8.304691388747298e-08
1685,0.04875349092757875,-5.293599630648926e-05,-3.719093533474298e-05,8.105473139855694e-08
1686,-0.08232951721252796,-5.286826295229165e-05,-3.756254359144724e-05,8.243289030178441e-08
1687,-0.08174476029889183,-5.2868565108516476e-05,-3.756088585944614e-05,8.24267423810223e-08
1688,0.018541050389710288,-5.292038490143407e-05,-3.727658482141816e-05,8.137237397104917e-08
1689,-0.13668754530928973,-5.284017501303378e-05,-3.771664359529527e-05,8.300439076889302e-08
1690,-0.1141987690056989,-5.285179543792593e-05,-3.76528899854555e-05,8.276795198308692e-08
1691,-0.07233991993791017,-5.2873424787828875e-05,-3.753422400311043e-05,8.232786332217267e-08
1692,-0.033867787994930905,-5.289330414959853e-05,-3.742515905193251e-05,8.192338136897225e-08
1693,-0.1255284342073996,-5.284594116103371e-05,-3.768500854295831e-05,8.288706794776143e-08
1694,0.08191408090502952,-5.295313108254434e-05,-3.7096928115899034e-05,8.070609305891041e-08
1695,0.01018389949899344,-5.2916066585359106e-05,-3.730027657458696e-05,8.146023800521343e-08
1696,-0.08898112710513935,-5.286482592520904e-05,-3.758140029294852e-05,8.250282290040268e-08
1697,-0.04198129017163267,-5.288911173194058e-05,-3.74481600834357e-05,8.200868376948998e-08
1698,-0.045173088325230065,-5.2887462462531876e-05,-3.745720853726965e-05,8.204224117029112e-08
1699,-0.028215137829781314,-5.289622499312134e-05,-3.740913430926465e-05,8.186395146831464e-08
1700,-0.08293863899756564,-5.28679482062137e-05,-3.7564270395614084e-05,8.243929438590699e-08
1701,-0.01379113396008928,-5.290367818005666e-05,-3.736824358659362e-05,8.171230275628605e-08
1702,-0.09046738426063126,-5.286405794480099e-05,-3.758561369511569e-05,8.251844886565802e-08
1703,-0.004678672055925722,-5.2908386781258106e-05,-3.734241059625789e-05,8.161649765780907e-08
1704,-0.008162848666341206,-5.290658643374502e-05,-3.7352287916091804e-05,8.165312901899067e-08
1705,-0.028044583729970773,-5.289631312202771e-05,-3.74086508040976e-05,8.18621583247588e-08
1706,-0.058866146052876905,-5.288038697089458e-05,-3.7496027094939724e-05,8.21862049813732e-08
1707,-0.028117678344175286,-5.289627535249099e-05,-3.740885802059806e-05,8.1862926814854e-08
1708,-0.05123994130420527,-5.288432759168041e-05,-3.74744075067712e-05,8.210602584815138e-08
1709,-0.0367672076917102,-5.2891805958288354e-05,-3.7433378639767644e-05,8.195386480939573e-08
1710,-0.10696240219945138,-5.285553462123337e-05,-3.7632375551953124e-05,8.269187146370655e-08
1711,-0.09979913000740837,-5.285923603502102e-05,-3.761206833495125e-05,8.261655943442355e-08
1712,-0.1052081314585429,-5.285644108992049e-05,-3.7627402355953e-05,8.267342770143521e-08
1713,0.025314484639329195,-5.2923884877722834e-05,-3.7257382759083264e-05,8.130116055560429e-08
1714,0.03671724445523435,-5.292977692416638e-05,-3.722505698507873e-05,8.118127610081852e-08
1715,-0.05087446823318266,-5.288451643931893e-05,-3.74733714242713e-05,8.210218339768044e-08
1716,-0.14714007514053612,-5.2834773970456534e-05,-3.774627555479919e-05,8.311428485244975e-08
1717,-0.08898112710513935,-5.286482592520904e-05,-3.758140029294852e-05,8.250282290040268e-08
1718,-0.05686822659795334,-5.288141933800051e-05,-3.749036317727264e-05,8.216519958544743e-08
1719,0.039567934409210685,-5.293124993574153e-05,-3.7216975541579325e-05,8.115130498712906e-08
1720,-0.12825729980436834,-5.2844531098629286e-05,-3.769274462562678e-05,8.291575824464586e-08
1721,-0.04164018197201157,-5.288928798973925e-05,-3.744719307310184e-05,8.200509748237855e-08
1722,-0.048900913649660614,-5.2885536216592144e-05,-3.7467776578770655e-05,8.208143416512156e-08
1723,-0.05141049540401583,-5.288423946279485e-05,-3.747489101193728e-05,8.210781899170552e-08
1724,-0.005165969483955858,-5.29081349844015e-05,-3.7343792039591395e-05,8.162162092510753e-08
1725,-0.035768247964248434,-5.2892322141858566e-05,-3.743054668093357e-05,8.194336211143593e-08
1726,-0.04485634499701048,-5.288762613049088e-05,-3.745631059910266e-05,8.203891104654911e-08
1727,-0.11266378210740396,-5.285258859801328e-05,-3.764853843895545e-05,8.275181369110289e-08
1728,-0.030822179069742554,-5.289487787995449e-05,-3.741652503109819e-05,8.189136094835868e-08
1729,-0.07575100193412113,-5.287166220984142e-05,-3.754389410644464e-05,8.236372619325748e-08
1730,-0.12640556957785382,-5.2845487926689733e-05,-3.768749514095863e-05,8.289628982891281e-08
1731,-0.12338432552406699,-5.2847049067199005e-05,-3.767893019229098e-05,8.28645255716599e-08
1732,-0.11324853902104014,-5.2852286441775404e-05,-3.765019617095559e-05,8.275796161185557e-08
1733,-0.09019937067521468,-5.2864196433052727e-05,-3.758485390128269e-05,8.251563106864832e-08
1734,-0.09365918241422864,-5.286240867539901e-05,-3.759466214894966e-05,8.255200626646954e-08
1735,-0.11376020132047178,-5.285202205507037e-05,-3.7651646686456185e-05,8.276334104251692e-08
1736,-0.002558928243994636,-5.290948209758788e-05,-3.7336401317756875e-05,8.159421144506145e-08
1737,-0.1410001275473564,-5.283794661086228e-05,-3.772886936879629e-05,8.304973168449575e-08
1738,-0.0838645041108229,-5.28674697922043e-05,-3.756689513794686e-05,8.244902859377182e-08
1739,-0.12297012271024137,-5.284726309451725e-05,-3.767775596545793e-05,8.28601707944581e-08
1740,-0.09122269527407796,-5.2863667659669994e-05,-3.758775493228305e-05,8.252638992997317e-08
1741,-0.07862605675949894,-5.287017660839866e-05,-3.755204462211224e-05,8.239395347031492e-08
1742,-0.08466854486707265,-5.286705432739399e-05,-3.756917451944624e-05,8.245748198481059e-08
1743,-0.08569186946593592,-5.286652555399738e-05,-3.757207555044705e-05,8.246824084614223e-08
1744,-0.08461981512426961,-5.286707950705984e-05,-3.756903637511418e-05,8.245696965808143e-08
1745,-0.0869832076502158,-5.2865858292335576e-05,-3.757573637528037e-05,8.248181750448138e-08
1746,-0.11802405381573548,-5.284981883259247e-05,-3.7663734315623405e-05,8.280816963137522e-08
1747,-0.11027602471005632,-5.285382240261883e-05,-3.76417693666213e-05,8.272670968133352e-08
1748,0.015300522493309876,-5.2918710452345795e-05,-3.728577141958561e-05,8.140644369858205e-08
1749,-0.034769288236786655,-5.28928383254151e-05,-3.7427714722099686e-05,8.19328594134725e-08
1750,-0.1026985497041877,-5.285773784373861e-05,-3.762028792278465e-05,8.264704287484703e-08
1751,-0.019321959768231322,-5.290082028573952e-05,-3.738392296842895e-05,8.17704518401229e-08
1752,-0.10771771321289808,-5.285514433608891e-05,-3.763451678912045e-05,8.269981252801785e-08
1753,-0.11139680879452563,-5.285324326986319e-05,-3.764494668628749e-05,8.273849319611792e-08
1754,-0.13035267874489792,-5.284344837212984e-05,-3.769868483196161e-05,8.29377882940301e-08
1755,-0.06464062057503402,-5.287740317815511e-05,-3.7512397198441424e-05,8.224691569885796e-08
1756,-0.1012853871629003,-5.2858468054599515e-05,-3.761628173711837e-05,8.263218539968519e-08
1757,-0.05511395585704486,-5.2882325806681106e-05,-3.7485389981272255e-05,8.214675582317392e-08
1758,-0.08963897863298004,-5.286448599946483e-05,-3.758326524144834e-05,8.250973931125659e-08
1759,0.006577898531570424,-5.2914203288633935e-05,-3.73104992552543e-05,8.149815018321959e-08
1760,-0.08939532991896496,-5.286461189787691e-05,-3.758257451978243e-05,8.250717767760956e-08
1761,-0.08398632846783044,-5.286740684299132e-05,-3.756724049878024e-05,8.245030941059959e-08
1762,-0.0659806885021169,-5.2876710736806634e-05,-3.751619616760854e-05,8.226100468392458e-08
1763,-0.1127368767216085,-5.2852550828494316e-05,-3.764874565545499e-05,8.275258218119085e-08
1764,-0.07070747355400922,-5.287426830728997e-05,-3.752959616794382e-05,8.231070037671798e-08
1765,-0.11339472824944917,-5.285221090272277e-05,-3.765061060395607e-05,8.27594985920426e-08
1766,0.026313444366790954,-5.292440106129672e-05,-3.7254550800248625e-05,8.129065785764215e-08
1767,-0.09784994029528783,-5.286024322245479e-05,-3.760654256161681e-05,8.259606636523048e-08
1768,-0.12837912416137587,-5.284446814940285e-05,-3.7693089986460984e-05,8.291703906147823e-08
1769,-0.10374623917445246,-5.2857196480461125e-05,-3.762325802595337e-05,8.265805789954252e-08
1770,-0.09612003442578085,-5.286113710127492e-05,-3.7601638437783734e-05,8.257787876631964e-08
1771,-0.12070418966990122,-5.284843394988207e-05,-3.7671332253958035e-05,8.283634760151647e-08
1772,0.011816345882894392,-5.291691010483182e-05,-3.7295648739419485e-05,8.144307505976357e-08
1773,-0.10423353660248261,-5.285694468359616e-05,-3.762463946928725e-05,8.266318116683567e-08
1774,-0.054066266386780054,-5.288286716991716e-05,-3.7482419878105684e-05,8.213574079848581e-08
1775,-0.10571979375797452,-5.2856176703201574e-05,-3.7628852871454036e-05,8.267880713210333e-08
1776,-0.12143513581194644,-5.284805625461848e-05,-3.7673404418957446e-05,8.284403250246728e-08
1777,-0.0866908291933977,-5.2866009370427386e-05,-3.75749075092811e-05,8.24787435441001e-08
1778,-0.0049954153841453176,-5.290822311330782e-05,-3.7343308534424285e-05,8.161982778155271e-08
1779,-0.10903341626857946,-5.2854464484600914e-05,-3.763824668612048e-05,8.271364534972691e-08
1780,-0.0452949126822376,-5.2887399513325834e-05,-3.745755389810304e-05,8.204352198711887e-08
1781,-0.035987531806862,-5.289220883327268e-05,-3.7431168330433415e-05,8.19456675817173e-08
1782,-0.046586250866517465,-5.2886732251650355e-05,-3.746121472293699e-05,8.20570986454561e-08
1783,0.011329048454864253,-5.291665830797864e-05,-3.7297030182752875e-05,8.144819832706157e-08
1784,-0.10976436241062468,-5.285408678932386e-05,-3.7640318851120276e-05,8.272133025067217e-08
1785,-0.10009150846422646,-5.285908495688841e-05,-3.761289720095217e-05,8.26196333948022e-08
1786,-0.1263568398350508,-5.2845513106382916e-05,-3.768735699662531e-05,8.289577750218073e-08
1787,-0.06269143086291347,-5.287841036557479e-05,-3.7506871425107654e-05,8.222642262966258e-08
1788,-0.025729920946827627,-5.2897509157092754e-05,-3.7402088948263616e-05,8.183782280509217e-08
1789,-0.10355132020324041,-5.285729719922124e-05,-3.762270544861952e-05,8.265600859261449e-08
1790,0.03469496012890933,-5.292873196718569e-05,-3.723078997491426e-05,8.120253766011333e-08
1791,-0.05603982097030212,-5.288184739266476e-05,-3.7488014723605464e-05,8.215649003104045e-08
1792,3.433497061153506,-5.4684964676456e-05,-2.7595499012607483e-05,4.546877290836954e-08
1793,-0.10177268459093042,-5.285821625774801e-05,-3.761766318045231e-05,8.263730866698727e-08
1794,-0.020052905910276527,-5.2900442590455535e-05,-3.738599513342907e-05,8.177813674106858e-08
1795,0.02616725513838193,-5.292432552221643e-05,-3.725496523324974e-05,8.129219483783286e-08
1796,0.9055929235043693,-5.337874330791844e-05,-3.476187444932909e-05,7.204623434471704e-08
1797,-0.10289346867539972,-5.285763712496503e-05,-3.762084050011975e-05,8.264909218176952e-08
1798,-0.09984785975021138,-5.285921085532784e-05,-3.7612206479285437e-05,8.261707176115394e-08
1799,0.24642569260800362,-5.303813770107569e-05,-3.663055284652009e-05,7.897647801904971e-08
1800,0.5580523978332759,-5.3199161790443906e-05,-3.5747119834762585e-05,7.570014858183523e-08
1801,-0.04195692530023116,-5.2889124321787173e-05,-3.7448091011268615e-05,8.20084276061231e-08
1802,0.15208491054136916,-5.298938982975988e-05,-3.6898000275878995e-05,7.996834256796455e-08
1803,0.27273975372163106,-5.30517347312462e-05,-3.6555954906514977e-05,7.86998215849328e-08
1804,-0.10264981996138467,-5.285776302339099e-05,-3.762014977845254e-05,8.264653054811739e-08
1805,-0.14477668261458998,-5.283599518522201e-05,-3.7739575554630444e-05,8.308943700605197e-08
1806,-0.13773523477955452,-5.283963364981056e-05,-3.7719613698462826e-05,8.301540579359842e-08
1807,-0.12431019063732424,-5.284657065317572e-05,-3.768155493462462e-05,8.287425977952641e-08
1808,-0.11086078162369249,-5.2853520246394416e-05,-3.764342709862062e-05,8.273285760209176e-08
1809,-0.13566422071042641,-5.284070378638834e-05,-3.7713742564297116e-05,8.299363190758051e-08
1810,-0.14436247980076436,-5.283620921255372e-05,-3.773840132779744e-05,8.308508222885234e-08
1811,-0.06383657981878431,-5.287781864297276e-05,-3.751011781694091e-05,8.223846230780855e-08
1812,-0.05494340175723432,-5.288241393558748e-05,-3.748490647610509e-05,8.214496267961979e-08
1813,-0.06015748423715676,-5.287971970921195e-05,-3.749968791977413e-05,8.219978163971235e-08
1814,-0.09563273699775071,-5.286138889813988e-05,-3.760025699444984e-05,8.25727554990231e-08
1815,-0.14255947931705285,-5.2837140860893224e-05,-3.773328998746521e-05,8.306612613984459e-08
1816,-0.10688930758524685,-5.285557239075275e-05,-3.763216833545397e-05,8.269110297361304e-08
1817,-0.09482869624150098,-5.286180436293631e-05,-3.7597977612950024e-05,8.256430210798264e-08
1818,-0.09300133088638797,-5.286274860115669e-05,-3.7592797200449014e-05,8.254508985561271e-08
1819,-0.08055088160021798,-5.286918201080538e-05,-3.75575013232795e-05,8.24141903761427e-08
1820,-0.06800297282844198,-5.287566577985432e-05,-3.7521929157442056e-05,8.228226624321022e-08
1821,-0.10883849729736741,-5.285456520333327e-05,-3.7637694108787935e-05,8.271159604280903e-08
1822,-0.03201605776841637,-5.289426097764152e-05,-3.7419909567266105e-05,8.190391295323974e-08
1823,-0.11156736289433616,-5.2853155140942726e-05,-3.764543019145511e-05,8.274028633967992e-08
1824,-0.08498528819529222,-5.2866890659421315e-05,-3.7570072457613864e-05,8.246081210855407e-08
1825,-0.11222521442217685,-5.2852815215198936e-05,-3.764729513995488e-05,8.274720275053167e-08
1826,-0.09051611400343429,-5.2864032765121265e-05,-3.7585751839448615e-05,8.251896119239396e-08
1827,-0.06447006647522348,-5.287749130704781e-05,-3.751191369327489e-05,8.224512255529934e-08
1828,-0.07448402862124277,-5.287231688166357e-05,-3.7540302353777536e-05,8.235040569828098e-08
1829,-0.09173435757350963,-5.2863403272992716e-05,-3.7589205447781484e-05,8.25317693606396e-08
1830,-0.06288634983412553,-5.2878309646835703e-05,-3.750742400244104e-05,8.222847193658106e-08
1831,-0.07974684084396826,-5.286959747561568e-05,-3.755522194177925e-05,8.240573698509716e-08
1832,-0.11066586265248042,-5.2853620965126355e-05,-3.764287452128769e-05,8.273080829517605e-08
1833,-0.052726198459697185,-5.2883559611265634e-05,-3.7478620908938566e-05,8.212165181341411e-08
1834,0.056477155161856404,-5.2939987286661885e-05,-3.716903945790669e-05,8.09735276118798e-08
1835,-0.14117068164716695,-5.2837858481928777e-05,-3.7729352873964685e-05,8.305152482803986e-08
1836,-0.06800297282844198,-5.287566577985432e-05,-3.7521929157442056e-05,8.228226624321022e-08
1837,-0.10920397036839001,-5.285437635569475e-05,-3.763873019128762e-05,8.271543849327997e-08
1838,0.080013620935712,-5.295214907480417e-05,-3.710231574490011e-05,8.072607380137772e-08
1839,-0.0998722246216129,-5.28591982654743e-05,-3.761227555145166e-05,8.261732792451998e-08
1840,-0.09161253321650209,-5.286346622219182e-05,-3.758886008694896e-05,8.253048854381524e-08
1841,-0.04909583262087268,-5.288543549785979e-05,-3.7468329156103416e-05,8.208348347204029e-08
1842,-0.12019252737046958,-5.2848698336587104e-05,-3.766988173845788e-05,8.283096817085513e-08
1843,-0.057672267354203076,-5.288100387319714e-05,-3.7492642558772676e-05,8.217365297648789e-08
1844,-0.0920511009017292,-5.286323960500616e-05,-3.759010338594953e-05,8.253509948437967e-08
1845,-0.03301501749587817,-5.289374479409896e-05,-3.7422741526098996e-05,8.191441565120093e-08
1846,-0.025535001975615562,-5.289760987582848e-05,-3.7401536370930435e-05,8.1835773498174e-08
1847,-0.1141500392628959,-5.285182061760565e-05,-3.7652751841122574e-05,8.276743965635267e-08
1848,-0.08503401793809526,-5.286686547976893e-05,-3.7570210601946406e-05,8.246132443528879e-08
1849,-0.04473452064000295,-5.288768907971753e-05,-3.745596523826886e-05,8.203763022972328e-08
1850,-0.12984101644546628,-5.2843712758861794e-05,-3.769723431646067e-05,8.293240886337646e-08
1851,-0.09256276320116084,-5.2862975218315e-05,-3.75915539014497e-05,8.25404789150478e-08
1852,0.06403026529632354,-5.294389013791445e-05,-3.7147627086238624e-05,8.089411696875658e-08
1853,-0.08001485442938483,-5.2869458987350065e-05,-3.7555981735613114e-05,8.24085547821204e-08
1854,-0.07216936583809964,-5.2873512916749336e-05,-3.7533740497943245e-05,8.232607017861236e-08
1855,-0.037035221277126794,-5.289166747003662e-05,-3.74341384336001e-05,8.195668260640965e-08
1856,0.024900281825503547,-5.292367085041867e-05,-3.725855698591542e-05,8.130551533280585e-08
1857,0.014155373537439061,-5.291811872972627e-05,-3.728901781141959e-05,8.141848337673263e-08
1858,-0.11936412174281835,-5.284912639125094e-05,-3.7667533284790964e-05,8.282225861645371e-08
1859,-0.13425105816913901,-5.284143399729005e-05,-3.770973637862833e-05,8.297877443241285e-08
1860,-0.043954844755154716,-5.288809195466736e-05,-3.745375492893635e-05,8.202943300204717e-08
1861,2.503563014372194,-5.420444814740607e-05,-3.0231776398019666e-05,5.524576005690283e-08
1862,0.08042782374953764,-5.295236310210896e-05,-3.7101141518067456e-05,8.072171902417207e-08
1863,-0.03364850415231734,-5.289341745817768e-05,-3.742453740243274e-05,8.192107589868641e-08
1864,-0.14475231774318847,-5.2836007775089004e-05,-3.773950648246383e-05,8.308918084269148e-08
1865,0.14526274654894727,-5.298586467378415e-05,-3.6917340482548804e-05,8.004006831014867e-08
1866,0.10788703381903582,-5.2966551854958026e-05,-3.702329718622516e-05,8.043302291191488e-08
1867,-0.026631421188683373,-5.2897043332905866e-05,-3.7404644618430794e-05,8.184730084959497e-08
1868,-0.07696924550419648,-5.2871032717698995e-05,-3.754734771477837e-05,8.237653436150482e-08
1869,-0.14470358800038546,-5.2836032954741394e-05,-3.773936833813172e-05,8.308866851596523e-08
1870,-0.1027472794469907,-5.285771266403154e-05,-3.762042606711927e-05,8.264755520157911e-08
1871,-0.12396908243770315,-5.2846746910960715e-05,-3.7680587924292026e-05,8.287067349241812e-08
1872,-0.14774919692557378,-5.283445922440593e-05,-3.774800235896521e-05,8.31206889365762e-08
1873,-0.13500636918258577,-5.284104371220152e-05,-3.771187761579387e-05,8.298671549671521e-08
1874,-0.07243737942351619,-5.28733744284425e-05,-3.753450029177793e-05,8.232888797562836e-08
1875,-0.10218688740475604,-5.2858002230415886e-05,-3.7618837407285785e-05,8.264166344418568e-08
1876,-0.11877936482918221,-5.284942854748923e-05,-3.7665875552789476e-05,8.28161106956853e-08
1877,-0.09088158707445687,-5.2863843917469284e-05,-3.758678792194955e-05,8.252280364286611e-08
1878,-0.11795095920153097,-5.2849856602139605e-05,-3.7663527099122516e-05,8.280740114127833e-08
1879,-0.15803117265700967,-5.282914631073526e-05,-3.7777150813301945e-05,8.322878987656753e-08
1880,-0.021734082036980504,-5.28995738913084e-05,-3.739076111292919e-05,8.179581201324665e-08
1881,-0.1387341945070163,-5.283911746624056e-05,-3.772244565729601e-05,8.302590849155968e-08
1882,-0.08837200532010167,-5.28651406712731e-05,-3.757967348878211e-05,8.249641881628178e-08
1883,-0.09741137261006069,-5.2860469839585354e-05,-3.7605299262617925e-05,8.259145542466218e-08
1884,-0.10647510477142126,-5.285578641811221e-05,-3.763099410861923e-05,8.268674819641003e-08
1885,-0.13605405865285056,-5.284050234895138e-05,-3.7714847718961764e-05,8.299773052141626e-08
1886,-0.10698676707085289,-5.2855522031379836e-05,-3.763244462412065e-05,8.26921276270726e-08
1887,-0.08150111158487676,-5.28686910069559e-05,-3.7560195137779416e-05,8.242418074737574e-08
1888,-0.15581396935947256,-5.283029198646199e-05,-3.777086524613368e-05,8.320547901035676e-08
1889,-0.06688218874397266,-5.287624491262342e-05,-3.751875183777527e-05,8.227048272842968e-08
1890,-0.13995243807709162,-5.283848797411159e-05,-3.7725899265629784e-05,8.303871665980919e-08
1891,-0.1202168922418711,-5.284868574674703e-05,-3.766995081062458e-05,8.283122433421656e-08
1892,-0.09585202084036427,-5.286127558955399e-05,-3.7600878643949914e-05,8.257506096930872e-08
1893,-0.09965294077899936,-5.2859311574087944e-05,-3.761165390195029e-05,8.261502245423267e-08
1894,-0.13880728912122078,-5.2839079696693425e-05,-3.7722652873796464e-05,8.302667698165657e-08
1895,-0.09926310283657522,-5.2859513011524906e-05,-3.761054874728564e-05,8.261092384039692e-08
1896,-0.14036664089091724,-5.283827394677988e-05,-3.7727073492462787e-05,8.30430714370122e-08
1897,-0.1378326942651605,-5.283958329039643e-05,-3.771988998712946e-05,8.301643044706258e-08
1898,-0.11785349971592493,-5.284990696151251e-05,-3.7663250810457135e-05,8.280637648782555e-08
1899,-0.1023818063759681,-5.285790151167006e-05,-3.761938998461915e-05,8.264371275110478e-08
1900,-0.056746402240945806,-5.2881482287213486e-05,-3.749001781643947e-05,8.216391876862475e-08
1901,-0.13434851765474506,-5.284138363793143e-05,-3.771001266729453e-05,8.297979908587362e-08
1902,-0.10593907760058809,-5.2856063394616105e-05,-3.762947452095406e-05,8.268111260237831e-08
1903,-0.12669794803467194,-5.2845336848584466e-05,-3.768832400695829e-05,8.289936378928346e-08
1904,-0.11546574231857726,-5.2851140766076434e-05,-3.7656481738123425e-05,8.278127247806295e-08
1905,-0.13975751910587958,-5.283858869285824e-05,-3.77253466882959e-05,8.303666735288237e-08
1906,-0.07943009751574867,-5.286976114358836e-05,-3.755432400361206e-05,8.240240686135707e-08
1907,-0.1472375346261422,-5.283472361112484e-05,-3.774655184346418e-05,8.311530950590808e-08
1908,-0.14940600818087627,-5.283360311507825e-05,-3.775269926629904e-05,8.313810804537904e-08
1909,-0.11025165983865481,-5.28538349924589e-05,-3.764170029445417e-05,8.272645351797208e-08
1910,-0.14618984515587738,-5.2835264974347224e-05,-3.774358174029802e-05,8.31042944812138e-08
1911,-0.13468962585436614,-5.2841207380146026e-05,-3.771097967762803e-05,8.298338537298407e-08
1912,-0.12321377142425642,-5.284713719609129e-05,-3.767844668712514e-05,8.286273242810684e-08
1913,-0.08993135708979812,-5.2864334921346096e-05,-3.7584094107447954e-05,8.251281327163015e-08
1914,-0.13627334249546408,-5.284038904030998e-05,-3.7715469368464004e-05,8.300003599170356e-08
1915,-0.10174831971952893,-5.2858228847588084e-05,-3.761759410828517e-05,8.263705250361569e-08
1916,-0.1383930863073952,-5.283929372405289e-05,-3.772147864696173e-05,8.302232220445356e-08
1917,-0.14657968309830152,-5.2835063536882507e-05,-3.7744686894963106e-05,8.310839309505633e-08
1918,-0.10610963170039865,-5.285597526573728e-05,-3.762995802611951e-05,8.268290574593354e-08
1919,-0.1426569388026589,-5.283709050158929e-05,-3.773356627612847e-05,8.306715079330631e-08
1920,-0.08956588401877551,-5.286452376897074e-05,-3.7583058024948706e-05,8.250897082116431e-08
1921,-0.12316504168145342,-5.2847162375784894e-05,-3.767830854279134e-05,8.286222010137258e-08
1922,-0.12506550165077096,-5.2846180368058605e-05,-3.768369617179155e-05,8.288220084383988e-08
1923,-0.13027958413069343,-5.284348614167697e-05,-3.769847761546029e-05,8.293701980392642e-08
1924,-0.12867150261819396,-5.284431707129758e-05,-3.769391885246021e-05,8.292011302184887e-08
1925,-0.12445637986573327,-5.284649511410921e-05,-3.768196936762553e-05,8.287579675971682e-08
1926,-0.12306758219584742,-5.284721273515822e-05,-3.767803225412461e-05,8.286119544791426e-08
1927,3.4917047389317055,-5.4715041810939985e-05,-2.7430485606449017e-05,4.485679862946711e-08
1928,-0.01571595880080832,-5.290268358248036e-05,-3.737370028776066e-05,8.173253966211361e-08
1929,0.035474636013757534,-5.2929134842163274e-05,-3.7228579665580445e-05,8.119434043243637e-08
1930,0.07704110662472816,-5.295061311398892e-05,-3.711074254923392e-05,8.075732573189253e-08
1931,-0.030334881641712417,-5.2895129676805895e-05,-3.7415143587764915e-05,8.188623768106138e-08
1932,0.6645025209864591,-5.32541668135006e-05,-3.544534353856697e-05,7.458097084054106e-08
1933,-0.020637662823912696,-5.2900140434234484e-05,-3.738765286542905e-05,8.178428466182694e-08
1934,0.2589736013797797,-5.3044621470041365e-05,-3.6594980680686115e-05,7.884455388613247e-08
1935,0.761645263264267,-5.330436251664515e-05,-3.516995281004281e-05,7.355964750463066e-08
1936,0.08722562287055802,-5.295587566827196e-05,-3.7081870383564395e-05,8.065024944536508e-08
1937,0.4756747676247814,-5.3156595531826887e-05,-3.598065283028865e-05,7.656623691858864e-08
1938,-0.052726198459697185,-5.2883559611265634e-05,-3.7478620908938566e-05,8.212165181341411e-08
1939,-0.03328303108129474,-5.289360630582988e-05,-3.742350131993232e-05,8.191723344821401e-08
1940,-0.09266022268676687,-5.286292485894168e-05,-3.759183019011643e-05,8.254150356850444e-08
1941,-0.09209983064453224,-5.2863214425354194e-05,-3.759024153028203e-05,8.253561181111054e-08
1942,-0.13157092231497325,-5.284281888000087e-05,-3.770213844029452e-05,8.295059646227283e-08
1943,-0.07889407034491552,-5.287003812013305e-05,-3.755280441594524e-05,8.2396771267328e-08
1944,-0.009892754535848189,-5.2905692554904445e-05,-3.735719203992576e-05,8.167131661789984e-08
1945,-0.06627306695893499,-5.28765596586879e-05,-3.7517025033608806e-05,8.226407864430153e-08
1946,-0.1066700237426333,-5.285568569933864e-05,-3.763154668595347e-05,8.268879750332913e-08
1947,-0.15284145504848873,-5.283182794725032e-05,-3.7762438441800215e-05,8.31742270798427e-08
1948,-0.04461269628299541,-5.2887752028916635e-05,-3.7455619877436124e-05,8.203634941289892e-08
1949,-0.11585558026100139,-5.2850939328625594e-05,-3.765758689278894e-05,8.27853710918987e-08
1950,-0.14899180536705067,-5.283381714243772e-05,-3.7751525039464737e-05,8.31337532681862e-08
1951,-0.12289702809603685,-5.284730086405051e-05,-3.767754874895747e-05,8.28594023043612e-08
1952,-0.1084242944835418,-5.28547792306654e-05,-3.7636519881953585e-05,8.270724126560046e-08
1953,-0.07229119019510717,-5.287344996752289e-05,-3.7534085858776804e-05,8.232735099543626e-08
1954,-0.021441703580162428,-5.289972496943102e-05,-3.7389932246928664e-05,8.179273805286752e-08
1955,-0.10608526682899713,-5.285598785557693e-05,-3.762988895395285e-05,8.26826495825675e-08
1956,-0.13179020615758683,-5.284270557141498e-05,-3.7702760089795025e-05,8.295290193256352e-08
1957,-0.13298408485626065,-5.284208866912608e-05,-3.7706144625961666e-05,8.296545393743465e-08
1958,-0.15691038857254036,-5.2829725443532535e-05,-3.7773973493634024e-05,8.321700636178313e-08
1959,-0.0638853095615873,-5.2877793463279166e-05,-3.751025596127492e-05,8.223897463454618e-08
1960,-0.14789538615398287,-5.2834383685367165e-05,-3.774841679196439e-05,8.312222591675983e-08
1961,-0.1355423963534189,-5.2840766735642535e-05,-3.771339720346117e-05,8.299235109074475e-08
1962,-0.1216787845259615,-5.284793035617906e-05,-3.7674095140625046e-05,8.284659413611724e-08
1963,-0.030968368298151597,-5.289480234089492e-05,-3.741693946409834e-05,8.189289792854824e-08
1964,-0.06405586366139784,-5.287770533436606e-05,-3.7510739466442064e-05,8.224076777809585e-08
1965,-0.07017144638317609,-5.287454528386241e-05,-3.7528076580275484e-05,8.23050647826889e-08
1966,-0.024536042248153787,-5.289812605938502e-05,-3.739870441209677e-05,8.182527080021227e-08
1967,-0.12764817801933068,-5.284484584469377e-05,-3.7691017821459886e-05,8.290935416051942e-08
1968,-0.04887654877825911,-5.288554880643201e-05,-3.746770750660376e-05,8.208117800175614e-08
1969,-0.10628018580020919,-5.285588713683111e-05,-3.763044153128665e-05,8.268469888948999e-08
1970,-0.0812818277422632,-5.286880431552791e-05,-3.7559573488279344e-05,8.242187527709183e-08
1971,-0.09909254873676468,-5.285960114045883e-05,-3.761006524211763e-05,8.260913069683878e-08
1972,-0.08737304559263989,-5.286565685484352e-05,-3.757684152994801e-05,8.248591611832005e-08
1973,-0.07879661085930947,-5.287008847947862e-05,-3.755252812727938e-05,8.239574661387306e-08
1974,-0.030261787027507894,-5.2895167446328844e-05,-3.741493637126499e-05,8.188546919096563e-08
1975,-0.12738016443391412,-5.284498433297326e-05,-3.769025802762602e-05,8.290653636350125e-08
1976,-0.01844482439777708,-5.290127352008665e-05,-3.7381436370428385e-05,8.1761229958985e-08
1977,-0.044247223211972816,-5.288794087657577e-05,-3.7454583794935385e-05,8.203250696242483e-08
1978,-0.14009862730550068,-5.2838412435018156e-05,-3.772631369862974e-05,8.304025363999188e-08
1979,-0.06554212081688979,-5.287693735398535e-05,-3.7514952868607755e-05,8.225639374335675e-08
1980,-0.1177560402303189,-5.284995732087155e-05,-3.766297452179002e-05,8.280535183436939e-08
1981,-0.1181215133013415,-5.28497684732469e-05,-3.76640106042897e-05,8.280919428483694e-08
1982,0.06817229343457967,-5.2946030411206916e-05,-3.7135884817903295e-05,8.085056919672373e-08
1983,-0.09032119503222222,-5.28641334838675e-05,-3.758519926211564e-05,8.251691188547438e-08
1984,-0.10925270011119301,-5.285435117600115e-05,-3.7638868335620545e-05,8.271595082000744e-08
1985,-0.11941285148562138,-5.284910121157122e-05,-3.766767142912346e-05,8.282277094318118e-08
1986,-0.1369311940233048,-5.2840049114607816e-05,-3.7717334316962045e-05,8.300695240255531e-08
1987,-0.05367642844435595,-5.288306860740249e-05,-3.748131472343867e-05,8.213164218464436e-08
1988,-0.021222419737548858,-5.28998382780065e-05,-3.7389310597429135e-05,8.17904325825853e-08
1989,-0.10905778113998098,-5.285445189476126e-05,-3.763831575828714e-05,8.271390151309295e-08
1990,-0.09697280492483358,-5.2860696456784475e-05,-3.7604055963616534e-05,8.258684448409312e-08
1991,-0.13549366661061588,-5.284079191532184e-05,-3.771325905912872e-05,8.299183876402285e-08
1992,-0.1059147127291866,-5.2856075984469635e-05,-3.76294054487861e-05,8.268085643901566e-08
1993,-0.14821212948220244,-5.283422001742183e-05,-3.7749314730131185e-05,8.312555604049869e-08
1994,-0.021027500766336804,-5.289993899674569e-05,-3.7388758020095954e-05,8.178838327566628e-08
1995,-0.12645429932065685,-5.284546274699655e-05,-3.768763328529281e-05,8.289680215563472e-08
1996,-0.09590075058316729,-5.286125040986039e-05,-3.760101678828371e-05,8.257557329604127e-08
1997,-0.12067982479849973,-5.28484465397356e-05,-3.7671263181791375e-05,8.283609143815044e-08
1998,-0.12501677190796792,-5.284620554771099e-05,-3.768355802745901e-05,8.288168851710347e-08
1999,-0.08101381415684661,-5.2868942803807405e-05,-3.755881369444591e-05,8.241905748007705e-08
2000,-0.11661089127444808,-5.285054904348114e-05,-3.76597281299567e-05,8.279331215621678e-08
2001,-0.11444241771971396,-5.2851669539499966e-05,-3.7653580707122274e-05,8.277051361673905e-08
2002,0.005042911633275487,-5.291341012854469e-05,-3.731485080175442e-05,8.151428847520791e-08
2003,-0.03664538333470268,-5.2891868907508064e-05,-3.743303327893384e-05,8.195258399257159e-08
2004,-0.11047094368126836,-5.285372168387259e-05,-3.7642321943954714e-05,8.272875898825477e-08
2005,-0.062472147020299906,-5.287852367414701e-05,-3.7506249775607996e-05,8.222411715937758e-08
2006,-0.10087118434907467,-5.285868208193164e-05,-3.761510751028533e-05,8.262783062248001e-08
2007,-0.09989658949301441,-5.285918567563465e-05,-3.7612344623618324e-05,8.261758408788433e-08
2008,-0.13412923381213152,-5.284149694651732e-05,-3.7709391017794465e-05,8.297749361558632e-08
2009,-0.11356528234925972,-5.2852122773830065e-05,-3.765109410912195e-05,8.27612917356012e-08
2010,-0.11276124159301,-5.285253823865424e-05,-3.76488147276217e-05,8.275283834455566e-08
2011,-0.11975395968524245,-5.284892495375888e-05,-3.766863843945687e-05,8.282635723028391e-08
2012,-0.13054759771611,-5.2843347653424815e-05,-3.769923740929333e-05,8.293983760094675e-08
2013,-0.14597056131326383,-5.283537828293311e-05,-3.774296009079795e-05,8.310198901093666e-08
2014,0.013570616623802875,-5.291781657352257e-05,-3.7290675543418646e-05,8.142463129748888e-08
2015,-0.09538908828373564,-5.28615147965793e-05,-3.7599566272782683e-05,8.257019386537484e-08
2016,-0.12240973066800671,-5.284755266090201e-05,-3.767616730562441e-05,8.28542790370659e-08
2017,-0.1216300547831585,-5.2847955535872666e-05,-3.7673956996291244e-05,8.2846081809383e-08
2018,-0.15074607610795915,-5.283291067374977e-05,-3.775649823546538e-05,8.315219703045847e-08
2019,-0.12404217705190766,-5.284670914142746e-05,-3.7680795140792054e-05,8.287144198251503e-08
2020,-0.06434824211821595,-5.287755425627446e-05,-3.751156833244109e-05,8.224384173847776e-08
2021,-0.12608882624963424,-5.284565159464853e-05,-3.7686597202791876e-05,8.289295970516256e-08
2022,-0.13822253220758463,-5.2839381852931714e-05,-3.772099514179628e-05,8.302052906089494e-08
2023,-0.08876184326252577,-5.286493923378105e-05,-3.7580778643449315e-05,8.250051743012045e-08
2024,-0.12684413726308094,-5.284526130950408e-05,-3.76887384399592e-05,8.290090076947725e-08
2025,-0.0959738451973718,-5.2861212640313676e-05,-3.7601224004784124e-05,8.257634178612922e-08
2026,-0.13383685535531342,-5.2841648024622594e-05,-3.7708562151794805e-05,8.297441965520211e-08
2027,-0.13001157054527684,-5.2843624629942166e-05,-3.7697717821626895e-05,8.293420200691042e-08
2028,-0.13958696500606899,-5.283867682170931e-05,-3.772486318313088e-05,8.303487420932375e-08
2029,2.6409565242052913,-5.427544227122279e-05,-2.9842278450145384e-05,5.380125484214922e-08
2030,0.032891959645197796,-5.292780031884313e-05,-3.7235901315246876e-05,8.122149374911383e-08
2031,-0.004849226155736262,-5.290829865235091e-05,-3.7342894101424994e-05,8.16182908013641e-08
2032,1.5537472325272537,-5.371365830598334e-05,-3.292441667146515e-05,6.523177651132395e-08
2033,0.02329220031300412,-5.292283992077357e-05,-3.7263115748917035e-05,8.13224221148921e-08
2034,0.009282399257137697,-5.291560076116696e-05,-3.730283224475436e-05,8.146971604971523e-08
2035,0.04027451567985437,-5.2931615041206467e-05,-3.721497244874491e-05,8.114387624954668e-08
2036,0.367446008859288,-5.310067145024384e-05,-3.62874713946523e-05,7.77041145855282e-08
2037,-0.06495736390325361,-5.2877239510196305e-05,-3.7513295136608395e-05,8.225024582259634e-08
2038,-0.08401069333923196,-5.2867394253151665e-05,-3.756730957094647e-05,8.245056557396054e-08
2039,-0.06634616157313951,-5.287652188917505e-05,-3.751723225010779e-05,8.22648471343989e-08
2040,-0.0563565642985217,-5.288168372469882e-05,-3.748891266177289e-05,8.215982015478669e-08
2041,-0.07543425860590156,-5.287182587780064e-05,-3.7542996168277405e-05,8.236039606950846e-08
2042,-0.12099656812671931,-5.284828287179026e-05,-3.767216111995731e-05,8.283942156189268e-08
2043,-0.07643321833336332,-5.28713096942441e-05,-3.75458281271115e-05,8.237089876747189e-08
2044,-0.05335968511613638,-5.2883232275375374e-05,-3.748041678527103e-05,8.212831206090151e-08
2045,-0.007626821495508044,-5.290686341027599e-05,-3.735076832842562e-05,8.164749342496395e-08
2046,0.0628363865976497,-5.294327323561189e-05,-3.7151011622405895e-05,8.09066689736368e-08
2047,-0.04375992578394267,-5.2888192673427274e-05,-3.7453202351602314e-05,8.202738369512698e-08
2048,-0.09733827799585619,-5.286050760914595e-05,-3.760509204611665e-05,8.259068693456914e-08
2049,-0.07185262250988003,-5.2873676584694256e-05,-3.753284255977714e-05,8.232274005487229e-08
2050,-0.11005674086744274,-5.285393571119084e-05,-3.764114771712124e-05,8.272440421105298e-08
2051,-0.06605378311632143,-5.2876672967294195e-05,-3.751640338410792e-05,8.226177317402149e-08
2052,-0.0838888689822244,-5.286745720233689e-05,-3.756696421011395e-05,8.244928475713448e-08
2053,-0.062228498306284845,-5.287864957257949e-05,-3.750555905394127e-05,8.2221555525731e-08
2054,-0.09521853418392509,-5.2861602925471594e-05,-3.7599082767616413e-05,8.256840072182178e-08
2055,-0.1259670018926267,-5.284571454386151e-05,-3.7686251841958926e-05,8.289167888833481e-08
2056,0.01639694170637768,-5.2919276995271934e-05,-3.728266317208519e-05,8.139491634716038e-08
2057,-0.1152708233473652,-5.285124148483613e-05,-3.765592916078919e-05,8.277922317114386e-08
2058,-0.10581725324358056,-5.2856126343842544e-05,-3.762912916011985e-05,8.267983178555272e-08
2059,-0.09153943860229756,-5.2863503991725075e-05,-3.758865287044894e-05,8.252972005371833e-08
2060,-0.11644033717463752,-5.285063717237343e-05,-3.7659244624789995e-05,8.279151901265694e-08
2061,-0.005555807426379965,-5.2907933546912734e-05,-3.734489719425837e-05,8.162571953894641e-08
2062,-0.04371119604113965,-5.2888217853093115e-05,-3.74530642072696e-05,8.202687136839867e-08
2063,-0.04958313004890281,-5.288518370100155e-05,-3.746971059943711e-05,8.208860673934044e-08
2064,-0.10903341626857946,-5.2854464484600914e-05,-3.763824668612048e-05,8.271364534972691e-08
2065,-0.03627991026368006,-5.289205775514659e-05,-3.743199719643416e-05,8.194874154209896e-08
2066,-0.0738261770934021,-5.2872656807435125e-05,-3.75384374052769e-05,8.234348928742923e-08
2067,-0.05189779283204596,-5.288398766594334e-05,-3.747627245527078e-05,8.211294225900422e-08
2068,-0.028848624486220487,-5.2895897657203426e-05,-3.741093018559852e-05,8.187061171580404e-08
2069,-0.07543425860590156,-5.287182587780064e-05,-3.7542996168277405e-05,8.236039606950846e-08
2070,-0.11704945895967521,-5.2850322426309356e-05,-3.7660971428956836e-05,8.279792309677445e-08
2071,-0.07911335418752907,-5.2869924811519816e-05,-3.755342606544613e-05,8.239907673761144e-08
2072,-0.07068310868260771,-5.28742808971435e-05,-3.752952709577651e-05,8.231044421335533e-08
2073,-0.02088131153792776,-5.29000145358019e-05,-3.73883435870959e-05,8.178684629547574e-08
2074,0.0402988805512559,-5.293162763103245e-05,-3.7214903376579095e-05,8.114362008618294e-08
2075,0.05060522115409325,-5.293695313455665e-05,-3.718568585007484e-05,8.103526298282049e-08
2076,-0.03589007232125597,-5.2892259192638856e-05,-3.743089204176704e-05,8.194464292825921e-08
2077,-0.02899481371462954,-5.28958221181612e-05,-3.7411344618597586e-05,8.187214869599105e-08
2078,-0.13006030028807986,-5.284359945028978e-05,-3.769785596595944e-05,8.293471433365361e-08
2079,-0.04909583262087268,-5.288543549785979e-05,-3.7468329156103416e-05,8.208348347204029e-08
2080,0.03959229928061218,-5.293126252560915e-05,-3.721690646941178e-05,8.115104882376193e-08
2081,-0.1138820256774793,-5.285195910585739e-05,-3.7651992047289574e-05,8.276462185934468e-08
2082,-0.03752251870515693,-5.2891415673185114e-05,-3.743551987693338e-05,8.196180587370834e-08
2083,-0.06507918826026114,-5.2877176560983324e-05,-3.751364049744178e-05,8.225152663942749e-08
2084,0.08162170244821146,-5.295298000442561e-05,-3.709775698189995e-05,8.070916701928737e-08
2085,-0.03998337071670911,-5.289014409905366e-05,-3.744249616576794e-05,8.198767837356483e-08
2086,0.11999637490558471,-5.297280900682131e-05,-3.698896831938872e-05,8.03057097195587e-08
2087,-0.09100341143146441,-5.2863780968256304e-05,-3.758713328278251e-05,8.252408445969048e-08
2088,-0.11661089127444808,-5.285054904348114e-05,-3.76597281299567e-05,8.279331215621678e-08
2089,-0.09380537164263769,-5.286233313634638e-05,-3.75950765819497e-05,8.255354324665488e-08
2090,-0.0848878287096862,-5.286694101880769e-05,-3.756979616894679e-05,8.245978745509667e-08
2091,-0.10610963170039865,-5.285597526573728e-05,-3.762995802611951e-05,8.268290574593354e-08
2092,-0.10148030613411237,-5.2858367335867576e-05,-3.76168343144513e-05,8.26342347066009e-08
2093,0.07190011875901023,-5.2947956657153166e-05,-3.712531677640277e-05,8.081137620189714e-08
2094,-0.07000089228336553,-5.2874633412754704e-05,-3.752759307510921e-05,8.230327163913584e-08
2095,-0.04663498060932047,-5.288670707196369e-05,-3.746135286727014e-05,8.205761097218611e-08
2096,-0.11651343178884206,-5.285059940285405e-05,-3.765945184128958e-05,8.279228750275045e-08
2097,-0.0695135948553354,-5.287488520960621e-05,-3.7526211631775926e-05,8.229814837183884e-08
2098,-0.06888010819889621,-5.2875212545510344e-05,-3.752441575544281e-05,8.229148812435313e-08
2099,-0.06566394517389731,-5.287687440477931e-05,-3.751529822944136e-05,8.225767456018789e-08
2100,-0.02283050125004831,-5.2899007348382315e-05,-3.739386936042965e-05,8.180733936466847e-08
2101,0.042564813591596,-5.293279848643869e-05,-3.7208479665077054e-05,8.111979689324326e-08
2102,-0.020320919495693097,-5.2900304102179614e-05,-3.738675492726282e-05,8.178095453808324e-08
2103,-0.10769334834149659,-5.285515692595632e-05,-3.763444771695379e-05,8.269955636465181e-08
2104,-0.12331123090986246,-5.284708683671838e-05,-3.767872297579139e-05,8.286375708156298e-08
2105,-0.11980268942804549,-5.284889977407958e-05,-3.766877658379062e-05,8.28268695570126e-08
2106,-0.13254551717103358,-5.2842315286298696e-05,-3.770490132696057e-05,8.296084299686248e-08
2107,-0.1320582197430034,-5.284256708319058e-05,-3.77035198836259e-05,8.295571972957368e-08
2108,-0.13247242255682903,-5.284235305583112e-05,-3.770469411046107e-05,8.29600745067733e-08
2109,-0.10939888933960208,-5.285427563697627e-05,-3.763928276861973e-05,8.271748780019445e-08
2110,-0.12470002857974834,-5.2846369215669785e-05,-3.768266008929226e-05,8.28783583933634e-08
2111,-0.10571979375797452,-5.2856176703201574e-05,-3.7628852871454036e-05,8.267880713210333e-08
2112,1.8911032419525176,-5.388797726908781e-05,-3.1968043451710704e-05,6.168493856066122e-08
2113,-0.11071459239528342,-5.285359578543317e-05,-3.764301266562144e-05,8.273132062190134e-08
2114,0.3461998409971741,-5.308969310727784e-05,-3.634770232399259e-05,7.792748903972309e-08
2115,0.688428824702739,-5.3266530039064724e-05,-3.537751467089782e-05,7.432941841622496e-08
2116,-0.12655175880626288,-5.284541238762322e-05,-3.768790957395954e-05,8.289782680909644e-08
2117,0.2750056867619712,-5.305290558662614e-05,-3.6549531195013206e-05,7.867599839200162e-08
2118,-0.11222521442217685,-5.2852815215198936e-05,-3.764729513995488e-05,8.274720275053167e-08
2119,0.12301761895937158,-5.2974370147316706e-05,-3.6980403370721504e-05,8.027394546230238e-08
2120,-0.11904737841459877,-5.284929005922362e-05,-3.766663534662291e-05,8.281892849270685e-08
2121,-0.14394827698693877,-5.283642323988627e-05,-3.773722710096435e-05,8.308072745164839e-08
2122,-0.13639516685247163,-5.284032609111129e-05,-3.7715814729296046e-05,8.300131680852916e-08
2123,-0.1059147127291866,-5.2856075984469635e-05,-3.76294054487861e-05,8.268085643901566e-08
2124,-0.09573019648335673,-5.286133853873922e-05,-3.760053328311739e-05,8.257378015248096e-08
2125,-0.06074224115079293,-5.287941755299448e-05,-3.75013456517741e-05,8.22059295604689e-08
2126,-0.10486702325892178,-5.285661734769202e-05,-3.762643534562037e-05,8.266984141432138e-08
2127,-0.10581725324358056,-5.2856126343842544e-05,-3.762912916011985e-05,8.267983178555272e-08
2128,-0.12189806836857504,-5.2847817047592754e-05,-3.767471679012516e-05,8.284889960640671e-08
2129,-0.1284765836469819,-5.284441779002952e-05,-3.769336627512728e-05,8.2918063714923e-08
2130,-0.09122269527407796,-5.2863667659669994e-05,-3.758775493228305e-05,8.252638992997317e-08
2131,-0.1127856064644115,-5.2852525648786835e-05,-3.764888379978923e-05,8.275309450792509e-08
2132,-0.12935371901743614,-5.284396455569984e-05,-3.769585287312756e-05,8.292728559607223e-08
2133,-0.11432059336270645,-5.2851732488726825e-05,-3.765323534628889e-05,8.276923279991806e-08
2134,-0.1152708233473652,-5.285124148483613e-05,-3.765592916078919e-05,8.277922317114386e-08
2135,-0.08228078746972496,-5.2868288131985254e-05,-3.756240544711301e-05,8.243237797505524e-08
2136,-0.06500609364605663,-5.2877214330523106e-05,-3.751343328094115e-05,8.225075814933106e-08
2137,-0.12211735221118863,-5.2847703739021156e-05,-3.767533843962475e-05,8.28512050766783e-08
2138,-0.08067270595722552,-5.28691190615924e-05,-3.755784668411289e-05,8.241547119296706e-08
2139,-0.09173435757350963,-5.2863403272992716e-05,-3.7589205447781484e-05,8.25317693606396e-08
2140,-0.139489505520463,-5.283872718112344e-05,-3.772458689446251e-05,8.303384955587315e-08
2141,-0.07845550265968841,-5.2870264737305246e-05,-3.7551561116945056e-05,8.239216032675799e-08
2142,-0.13081561130152655,-5.284320916511799e-05,-3.769999720312802e-05,8.294265539796274e-08
2143,-0.13356884176989683,-5.2841786512915544e-05,-3.770780235796098e-05,8.297160185818611e-08
2144,-0.14896744049564914,-5.283382973225004e-05,-3.775145596730063e-05,8.313349710482476e-08
2145,-0.07684742114718894,-5.2871095666911976e-05,-3.7547002353944986e-05,8.237525354467368e-08
2146,-0.0524094551314776,-5.288372327922464e-05,-3.7477722970771575e-05,8.211832168966956e-08
2147,-0.08252443618374003,-5.286816223354583e-05,-3.756309616877974e-05,8.243493960870351e-08
2148,-0.11407694464869139,-5.285185838713891e-05,-3.765254462462212e-05,8.276667116625577e-08
2149,-0.10018896794983248,-5.285903459752897e-05,-3.7613173489618024e-05,8.262065804826392e-08
2150,-0.10998364625323823,-5.2853973480724095e-05,-3.764094050062121e-05,8.272363572095608e-08
2151,-0.10167522510532441,-5.285826661712134e-05,-3.761738689178558e-05,8.263628401352218e-08
2152,-0.08001485442938483,-5.2869458987350065e-05,-3.7555981735613114e-05,8.24085547821204e-08
2153,-0.0642020528898069,-5.287762979533403e-05,-3.751115389944104e-05,8.224230475828903e-08
2154,-0.1256258936930056,-5.284589080166038e-05,-3.768528483162503e-05,8.28880926012333e-08
2155,-0.056916956340756365,-5.28813941583212e-05,-3.749050132160574e-05,8.216571191217611e-08
2156,-0.0827924497691566,-5.2868023745266335e-05,-3.7563855962613607e-05,8.243775740571828e-08
2157,-0.13573731532463096,-5.284066601689672e-05,-3.7713949780794536e-05,8.299440039767063e-08
2158,-0.0723642848093117,-5.28734121980031e-05,-3.753429307527644e-05,8.232811948553532e-08
2159,-0.13288662537065463,-5.284213902848553e-05,-3.770586833729537e-05,8.29644292839831e-08
2160,-0.134153598683533,-5.2841484356677255e-05,-3.7709460089962034e-05,8.297774977895452e-08
2161,-0.11027602471005632,-5.285382240261883e-05,-3.76417693666213e-05,8.272670968133352e-08
2162,-0.08642281560798112,-5.286614785869299e-05,-3.7574147715447665e-05,8.247592574708701e-08
2163,-0.13927022167784942,-5.2838840489681574e-05,-3.7723965244962875e-05,8.303154408558922e-08
2164,-0.10586598298638358,-5.285610116416282e-05,-3.762926730445278e-05,8.268034411228696e-08
2165,-0.128817691846603,-5.284424153224495e-05,-3.769433328545983e-05,8.29216500020325e-08
2166,-0.14350970930171164,-5.283664985703029e-05,-3.773598380196508e-05,8.307611651108394e-08
2167,-0.14051283011932628,-5.2838198407686444e-05,-3.772748792546491e-05,8.304460841719489e-08
2168,-0.11524645847596371,-5.2851254074689665e-05,-3.76558600886221e-05,8.27789670077812e-08
2169,-0.052726198459697185,-5.2883559611265634e-05,-3.7478620908938566e-05,8.212165181341411e-08
2170,-0.12004633814206055,-5.284877387563974e-05,-3.766946730545739e-05,8.282943119066472e-08
2171,-0.009649105821833119,-5.290581845333188e-05,-3.735650131825912e-05,8.166875498425076e-08
2172,-0.0966804264680155,-5.286084753488974e-05,-3.7603227097616874e-05,8.25837705237174e-08
2173,-0.10050571127805208,-5.285887092958404e-05,-3.7614071427784344e-05,8.262398817200908e-08
2174,-0.12182497375437056,-5.284785481714031e-05,-3.767450957362379e-05,8.284813111629749e-08
2175,-0.02748419168773611,-5.2896602688398594e-05,-3.740706214426462e-05,8.185626656736575e-08
2176,-0.13064505720171601,-5.284329729402457e-05,-3.7699513697960837e-05,8.294086225440751e-08
2177,-0.09105214117426741,-5.28637557885627e-05,-3.75872714271163e-05,8.252459678641964e-08
2178,-0.10174831971952893,-5.2858228847588084e-05,-3.761759410828517e-05,8.263705250361569e-08
2179,-0.1031127525180133,-5.285752381639302e-05,-3.762146214961852e-05,8.265139765205004e-08
2180,-0.0656395803024958,-5.287688699457817e-05,-3.751522915727634e-05,8.225741839682091e-08
2181,-0.09343989857161511,-5.286252198398532e-05,-3.7594040499449104e-05,8.254970079618346e-08
2182,-0.10571979375797452,-5.2856176703201574e-05,-3.7628852871454036e-05,8.267880713210333e-08
2183,0.12408967330103786,-5.2974924100406505e-05,-3.697736419538781e-05,8.026267427425224e-08
2184,-0.12411527166611218,-5.284667137190808e-05,-3.768100235729164e-05,8.287221047260176e-08
2185,-0.14463049338618095,-5.283607072428853e-05,-3.77391611216304e-05,8.308790002586156e-08
2186,-0.1296704623456557,-5.28438008877137e-05,-3.769675081129557e-05,8.293061571981352e-08
2187,-0.10969126779642013,-5.2854124558843246e-05,-3.764011163462069e-05,8.272056176057866e-08
2188,-0.11351655260645672,-5.285214795352367e-05,-3.765095596478816e-05,8.276077940886696e-08
2189,-0.10381933378865701,-5.2857158710955625e-05,-3.762346524245252e-05,8.265882638963266e-08
2190,-0.09629058852559139,-5.286104897236834e-05,-3.760212194295092e-05,8.257967190987655e-08
2191,-0.10428226634528565,-5.285691950395765e-05,-3.7624777613618934e-05,8.26636934935687e-08
2192,-0.10035952204964303,-5.2858946468622796e-05,-3.7613656994784735e-05,8.262245119181529e-08
2193,-0.12686850213448247,-5.284524871969176e-05,-3.768880751212504e-05,8.290115693283869e-08
2194,-0.1488212512672401,-5.2833905271315715e-05,-3.775104153429981e-05,8.31319601246353e-08
2195,-0.10995928138183672,-5.285398607055029e-05,-3.764087142845494e-05,8.272337955758788e-08
2196,-0.06561521543109429,-5.28768995844317e-05,-3.751516008510882e-05,8.225716223345148e-08
2197,-0.1527927253056857,-5.283185312693046e-05,-3.7762300297467674e-05,8.317371475310968e-08
2198,-0.09499925034131151,-5.286171623403014e-05,-3.759846111811716e-05,8.2566095251534e-08
2199,-0.10177268459093042,-5.285821625774801e-05,-3.761766318045231e-05,8.263730866698727e-08
2200,-0.1170007292168722,-5.2850347606002546e-05,-3.766083328462309e-05,8.279741077005253e-08
2201,-0.07979557058677128,-5.2869572295963296e-05,-3.755536008611179e-05,8.240624931183527e-08
2202,-0.13607842352425206,-5.2840489759084385e-05,-3.7714916791128384e-05,8.299798668477675e-08
2203,-0.09044301938922975,-5.286407053465452e-05,-3.7585544622948594e-05,8.251819270229875e-08
2204,-0.10386806353146001,-5.285713353126202e-05,-3.7623603386785884e-05,8.265933871636351e-08
2205,-0.10208942791915002,-5.2858052589789214e-05,-3.761856111861863e-05,8.264063879072397e-08
2206,-0.10016460307843099,-5.285904718738291e-05,-3.761310441745089e-05,8.26204018848991e-08
2207,-0.12041181121308314,-5.2848585028001215e-05,-3.767050338795794e-05,8.283327364113905e-08
2208,-0.1120546603223663,-5.2852903344077765e-05,-3.7646811634789e-05,8.274540960697644e-08
2209,-0.11931539200001533,-5.284915157093067e-05,-3.766739514045716e-05,8.282174628971946e-08
2210,-0.11797532407293246,-5.284984401229953e-05,-3.766359617129009e-05,8.280765730464653e-08
2211,-0.11622105333202397,-5.2850750480973194e-05,-3.7658622975289056e-05,8.278921354236964e-08
2212,-0.11298052543562355,-5.2852424930054476e-05,-3.7649436377122207e-05,8.275514381483959e-08
2213,-0.13057196258751147,-5.284333506354395e-05,-3.769930648146168e-05,8.2940093764314e-08
2214,-0.13242369281402605,-5.2842378235525135e-05,-3.7704555966127225e-05,8.295956218003689e-08
2215,-0.12335996065266547,-5.284706165703866e-05,-3.7678861120125185e-05,8.286426940829046e-08
2216,-0.13398304458372243,-5.284157248555608e-05,-3.7708976584795716e-05,8.29759566353959e-08
2217,-0.13425105816913901,-5.284143399729005e-05,-3.770973637862833e-05,8.297877443241285e-08
2218,-0.1280136510903533,-5.284465699704137e-05,-3.769205390396e-05,8.291319661099712e-08
2219,-0.13193639538599589,-5.284263003236235e-05,-3.77031745227942e-05,8.295443891274037e-08
2220,-0.13208258461440495,-5.284255449333747e-05,-3.770358895579295e-05,8.295597589293416e-08
2221,-0.1237985283378926,-5.284683503986688e-05,-3.768010441912532e-05,8.286888034886168e-08
2222,-0.1277700023763382,-5.284478289548079e-05,-3.769136318229284e-05,8.291063497734378e-08
2223,-0.14012299217690216,-5.283839984520584e-05,-3.7726382770796014e-05,8.304050980335669e-08
2224,5.525586744043889,-5.5765991529027725e-05,-2.1664617421142527e-05,2.347330558018744e-08
2225,0.06627183346526214,-5.294504840348063e-05,-3.714127244690351e-05,8.087054993918426e-08
2226,-0.014595174716338994,-5.290326271523243e-05,-3.7370522968094485e-05,8.172075614732849e-08
2227,0.044708922274928606,-5.293390639259747e-05,-3.7202401314410116e-05,8.109725451713108e-08
2228,0.03206355401754658,-5.292737226417541e-05,-3.7238249768914486e-05,8.123020330352335e-08
2229,0.10350135696676459,-5.2964285683253695e-05,-3.7035730176227025e-05,8.047913231760215e-08
2230,-0.02188027126538954,-5.289949835224536e-05,-3.739117554592956e-05,8.179734899343748e-08
2231,0.07906339095105322,-5.295165807095511e-05,-3.710500955939955e-05,8.073606417261029e-08
2232,-0.05180033334643993,-5.288403802530952e-05,-3.7475996166604293e-05,8.211191760554866e-08
2233,0.2947412325971917,-5.306310335924688e-05,-3.6493582740009396e-05,7.846850606642687e-08
2234,0.11249199451392058,-5.296893133524867e-05,-3.701024254672362e-05,8.03846080359449e-08
2235,0.23850710940251393,-5.303404600214358e-05,-3.665300130068929e-05,7.905973111263554e-08
2236,0.07138845645957859,-5.294769227046201e-05,-3.71267672919025e-05,8.081675563255849e-08
2237,0.745491353525068,-5.329601545086252e-05,-3.52157476565507e-05,7.372948381552518e-08
2238,-0.045757845238866224,-5.288716030631419e-05,-3.745886626926986e-05,8.204838909105045e-08
2239,0.1340792705756557,-5.298008593592985e-05,-3.6949044607052516e-05,8.015764729464388e-08
2240,0.23192859412410707,-5.303064674459381e-05,-3.667165078569059e-05,7.912889522117093e-08
2241,0.05126307268193397,-5.293729306027962e-05,-3.7183820901576146e-05,8.102834657197297e-08
2242,-0.07977120571536976,-5.286958488576215e-05,-3.7555291013946775e-05,8.240599314846658e-08
2243,0.11117629145823925,-5.2968251483719454e-05,-3.7013972443724896e-05,8.039844085765179e-08
2244,-0.02524262351879749,-5.2897760953951095e-05,-3.7400707504930125e-05,8.183269953779487e-08
2245,0.11346658936998086,-5.2969434928979015e-05,-3.700747966005579e-05,8.037436150134968e-08
2246,0.16205014294458547,-5.299453907548437e-05,-3.6869749759710015e-05,7.986357175172657e-08
2247,-0.021831541522586533,-5.289952353194222e-05,-3.7391037401595786e-05,8.179683666670644e-08
2248,-0.11926666225721234,-5.2849176750624263e-05,-3.7667256996122934e-05,8.28212339629886e-08
2249,-0.03401397722333995,-5.289322861053895e-05,-3.742557348493266e-05,8.192491834916096e-08
2250,-0.08720249149282934,-5.2865744983722345e-05,-3.75763580247817e-05,8.248412297476314e-08
2251,-0.11868190534357617,-5.284947890684868e-05,-3.7665599264123614e-05,8.281508604223036e-08
2252,0.02804335023629795,-5.292529494012e-05,-3.7249646676415584e-05,8.127247025873292e-08
2253,-0.14012299217690216,-5.283839984520584e-05,-3.7726382770796014e-05,8.304050980335669e-08
2254,-0.06895320281310073,-5.287517477597709e-05,-3.7524622971942616e-05,8.229225661444834e-08
2255,-0.1116891872513437,-5.28530921917167e-05,-3.7645775552288836e-05,8.274156715649996e-08
2256,-0.07767582677484017,-5.287066761224814e-05,-3.7549350807612766e-05,8.238396309908527e-08
2257,-0.032527720067848036,-5.289399659095047e-05,-3.7421360082765715e-05,8.190929238390308e-08
2258,-0.09244093884415332,-5.286303816752798e-05,-3.759120854061631e-05,8.253919809822005e-08
2259,-0.12677104264887643,-5.284529907903733e-05,-3.768853122345961e-05,8.290013227938035e-08
2260,0.004360695234033325,-5.291305761291767e-05,-3.731678482242275e-05,8.152146104942859e-08
2261,-0.14058592473353082,-5.283816063819399e-05,-3.772769514196286e-05,8.304537690729272e-08
2262,-0.12757508340512616,-5.2844883614227026e-05,-3.7690810604959e-05,8.29085856704259e-08
2263,-0.056795131983748824,-5.288145710752703e-05,-3.749015596077259e-05,8.216443109535114e-08
2264,-0.05681949685515033,-5.288144451768717e-05,-3.749022503293949e-05,8.216468725871996e-08
2265,-0.13122981411535217,-5.284299513780015e-05,-3.770117142996102e-05,8.294701017516237e-08
2266,-0.005507077683576957,-5.2907958726605334e-05,-3.7344759049924627e-05,8.162520721221602e-08
2267,-0.08766542404945797,-5.286550577672437e-05,-3.757767039594767e-05,8.248899007869748e-08
2268,-0.05340841485893937,-5.288320709567483e-05,-3.748055492960526e-05,8.212882438763236e-08
2269,-0.06551775594548827,-5.2876949943818485e-05,-3.7514883796441705e-05,8.225613757999362e-08
2270,-0.14502033132860506,-5.2835869286796054e-05,-3.7740266276297216e-05,8.309199863971425e-08
2271,-0.038034181004588566,-5.289115128648008e-05,-3.743697039243398e-05,8.196718530437138e-08
2272,-0.05116684669000076,-5.2884365361220604e-05,-3.747420029027053e-05,8.210525735805787e-08
2273,-0.06098588986480799,-5.287929165456873e-05,-3.7502036373440854e-05,8.220849119411994e-08
2274,0.08683578492813393,-5.295567423075215e-05,-3.7082975538232906e-05,8.065434805920545e-08
2275,0.0329406893880008,-5.292782549853999e-05,-3.723576317091299e-05,8.122098142238406e-08
2276,-0.12026562198467411,-5.2848660567067726e-05,-3.767008895495703e-05,8.283173666094525e-08
2277,0.022341970328345336,-5.2922348916924405e-05,-3.726580956341615e-05,8.133241248612055e-08
2278,-0.09041865451782825,-5.286408312449459e-05,-3.758547555078145e-05,8.251793653893054e-08
2279,-0.12128894658353738,-5.2848131793671116e-05,-3.7672989985957836e-05,8.284249552227349e-08
2280,-0.04458833141159391,-5.2887764618777104e-05,-3.745555080526881e-05,8.203609324953118e-08
2281,-0.09926310283657522,-5.2859513011524906e-05,-3.761054874728564e-05,8.261092384039692e-08
2282,-0.11475916104793357,-5.2851505871555047e-05,-3.7654478645288595e-05,8.277384374047574e-08
2283,-0.11500280976194864,-5.285137997311562e-05,-3.765516936695532e-05,8.277640537412569e-08
2284,-0.03932551918886842,-5.289048402479745e-05,-3.7440631217268166e-05,8.198076196271308e-08
2285,-0.0070907943246749025,-5.2907140386826066e-05,-3.734924874075837e-05,8.16418578309352e-08
2286,-0.15683729395833587,-5.282976321307967e-05,-3.7773766277133135e-05,8.321623787167946e-08
2287,-0.14058592473353082,-5.283816063819399e-05,-3.772769514196286e-05,8.304537690729272e-08
2288,-0.04178637120042063,-5.288921245069355e-05,-3.7447607506101233e-05,8.200663446256726e-08
2289,-0.05494340175723432,-5.288241393558748e-05,-3.748490647610509e-05,8.214496267961979e-08
2290,-0.012889633718233515,-5.290414400422799e-05,-3.7365687916427366e-05,8.170282471178469e-08
2291,0.09014940743873884,-5.295738644940832e-05,-3.7073581723563426e-05,8.061950984157171e-08
2292,-0.07319269043696291,-5.2872984143325384e-05,-3.753664152894465e-05,8.233682903994183e-08
2293,-0.11865754047217467,-5.284949149670221e-05,-3.766553019195609e-05,8.281482987886432e-08
2294,-0.11195720083676028,-5.285295370346455e-05,-3.764653534612188e-05,8.274438495351689e-08
2295,-0.051507954889621836,-5.288418910340786e-05,-3.747516730060485e-05,8.210884364516953e-08
2296,-0.05214144154606103,-5.288386176751086e-05,-3.747696317693773e-05,8.211550389265248e-08
2297,-0.07290031198014482,-5.287313522144453e-05,-3.7535812662944126e-05,8.233375507956101e-08
2298,-0.1134921877350552,-5.285216054336332e-05,-3.7650886892622365e-05,8.276052324550092e-08
2299,-0.1145155123339185,-5.2851631769967124e-05,-3.7653787923622256e-05,8.277128210683039e-08
2300,-0.12075291941270426,-5.28484087702301e-05,-3.767147039828967e-05,8.283685992824733e-08
2301,0.03527971704254547,-5.292903412342419e-05,-3.7229132242913186e-05,8.119638973935146e-08
2302,-0.038521478432618717,-5.2890899489635516e-05,-3.743835183576683e-05,8.197230857166923e-08
2303,-0.1445817636433779,-5.283609590394091e-05,-3.773902297729872e-05,8.308738769912515e-08
2304,-0.12506550165077096,-5.2846180368058605e-05,-3.768369617179155e-05,8.288220084383988e-08
2305,-0.02982321934228076,-5.289539406349369e-05,-3.74136930722655e-05,8.18808582503978e-08
2306,-0.14017172191970517,-5.283837466549878e-05,-3.7726520915130635e-05,8.3041022130082e-08
2307,-0.03493984233659719,-5.289275019649506e-05,-3.742819822726726e-05,8.193465255702895e-08
2308,-0.077042340118401,-5.287099494817962e-05,-3.754755493127839e-05,8.237730285159664e-08
2309,-0.12440765012293029,-5.2846520293802815e-05,-3.76818312232913e-05,8.287528443298257e-08
2310,-0.05148359001822033,-5.288420169325465e-05,-3.747509822843795e-05,8.210858748180073e-08
2311,-0.09390283112824371,-5.286228277694613e-05,-3.759535287061677e-05,8.255456790011734e-08
2312,-0.08829891070589715,-5.286517844080636e-05,-3.757946627228165e-05,8.249565032618827e-08
2313,-0.11198156570816178,-5.28529411136249e-05,-3.76466044182881e-05,8.274464111687955e-08
2314,-0.1445330339005749,-5.2836121083620215e-05,-3.773888483296627e-05,8.308687537241002e-08
2315,-0.14828522409640693,-5.28341822478747e-05,-3.7749521946632074e-05,8.312632453060236e-08
2316,-0.07989303007237729,-5.286952193654917e-05,-3.7555636374779724e-05,8.240727396528926e-08
2317,-0.03452563952277159,-5.2892964223840855e-05,-3.742702400043304e-05,8.1930297779824e-08
2318,-0.11110443033770756,-5.2853394347968455e-05,-3.764411782028783e-05,8.273541923574726e-08
2319,-0.06256960650590593,-5.287847331478083e-05,-3.75065260642747e-05,8.22251418128382e-08
2320,0.09609443606070653,-5.29604583710262e-05,-3.705672811489654e-05,8.055700598053389e-08
2321,-0.006847145610659833,-5.290726628525266e-05,-3.734855801909165e-05,8.163929619728641e-08
2322,-0.0023396444013810526,-5.2909595406150826e-05,-3.7335779668257955e-05,8.159190597477934e-08
2323,-0.07631139397635579,-5.287137264347054e-05,-3.7545482766277726e-05,8.236961795064968e-08
2324,-0.09724081851025017,-5.2860557968505396e-05,-3.760481575745122e-05,8.258966228110742e-08
2325,-0.12343305526687,-5.284702388750582e-05,-3.7679068336624726e-05,8.286503789838858e-08
2326,-0.12794055647614877,-5.284469476660197e-05,-3.7691846687458726e-05,8.291242812089562e-08
2327,-0.11851135124376562,-5.284956703574097e-05,-3.766511575895691e-05,8.28132928986773e-08
2328,2.8161643144535273,-5.436597582995493e-05,-2.9345580499633637e-05,5.195918408503109e-08
2329,0.42940587683331993,-5.3132687420393414e-05,-3.6111820874802946e-05,7.705269114856855e-08
2330,-0.09146634398809304,-5.286354176124445e-05,-3.758844565394892e-05,8.252895156361974e-08
2331,0.24143089397069473,-5.303555678327953e-05,-3.664471264068837e-05,7.902899150884772e-08
2332,0.062056710712801465,-5.2942870360668996e-05,-3.7153221931738186e-05,8.091486620131122e-08
2333,-0.09643677775400043,-5.28609734333157e-05,-3.760253637595096e-05,8.258120889006866e-08
2334,-0.10472083403051276,-5.2856692886771996e-05,-3.7626020912619505e-05,8.266830443413652e-08
2335,-0.1027960091897937,-5.285768748432448e-05,-3.7620564211452585e-05,8.264806752830441e-08
2336,0.011791981011492906,-5.2916897514967775e-05,-3.7295717811587243e-05,8.144333122312994e-08
2337,-0.07609211013374224,-5.287148595204297e-05,-3.7544861116777614e-05,8.23673124803619e-08
2338,-0.08617916689396606,-5.286627375713242e-05,-3.757345699378094e-05,8.247336411343706e-08
2339,-0.08023413827199839,-5.2869345678764176e-05,-3.755660338511275e-05,8.241086025240093e-08
2340,0.013936089694825479,-5.291800542116293e-05,-3.728963946091857e-05,8.142078884701487e-08
2341,-0.11322417414963865,-5.285229903164281e-05,-3.76501270987885e-05,8.275770544848615e-08
2342,-0.10048134640665056,-5.2858883519409815e-05,-3.761400235561812e-05,8.262373200864643e-08
2343,-0.07645758320476484,-5.287129710441791e-05,-3.7545897199277776e-05,8.23711549308384e-08
2344,-0.044807615254207456,-5.288765131017734e-05,-3.7456172454769535e-05,8.203839871981764e-08
2345,-0.11071459239528342,-5.285359578543317e-05,-3.764301266562144e-05,8.273132062190134e-08
2346,-0.1081075511553222,-5.2854942898624195e-05,-3.763562194378727e-05,8.2703911141857e-08
2347,-0.1299141110596708,-5.2843674989315494e-05,-3.7697441532960606e-05,8.293317735345887e-08
2348,-0.02731363758792557,-5.2896690817311805e-05,-3.740657863909736e-05,8.185447342381215e-08
2349,-0.11512463411895617,-5.285131702390264e-05,-3.765551472778871e-05,8.277768619095005e-08
2350,-0.10496448274452783,-5.285656698833257e-05,-3.762671163428623e-05,8.26708660677831e-08
2351,-0.06856336487067662,-5.287537621346914e-05,-3.752351781727584e-05,8.228815800060798e-08
2352,-0.09716772389604562,-5.2860595738010896e-05,-3.760460854095163e-05,8.258889379101392e-08
2353,-0.0702689058687821,-5.287449492447521e-05,-3.752835286894329e-05,8.230608943615062e-08
2354,-0.1227264739962263,-5.284738899295667e-05,-3.76770652437912e-05,8.285760916080476e-08
2355,-0.07981993545817279,-5.2869559706109766e-05,-3.755542915827888e-05,8.240650547519452e-08
2356,-0.039739722002694045,-5.2890269997486144e-05,-3.7441805444101e-05,8.198511673991657e-08
2357,-0.09629058852559139,-5.286104897236834e-05,-3.760212194295092e-05,8.257967190987655e-08
2358,-0.12550406933599806,-5.2845953750859485e-05,-3.7684939470792515e-05,8.288681178440216e-08
2359,-0.017567689027322836,-5.290172675442349e-05,-3.7378949772428036e-05,8.175200807784698e-08
2360,0.008868196443312087,-5.29153867338332e-05,-3.730400647158815e-05,8.147407082692008e-08
2361,-0.003265509514638319,-5.290911699213234e-05,-3.733840441059122e-05,8.160164018264488e-08
2362,-0.06849027025647211,-5.287541398300282e-05,-3.7523310600775554e-05,8.228738951050891e-08
2363,-0.05998693013734622,-5.2879807838125265e-05,-3.749920441460719e-05,8.21979884961582e-08
2364,-0.025949204789441193,-5.2897395848510334e-05,-3.740271059776347e-05,8.184012827537693e-08
2365,-0.07558044783431059,-5.287175033873413e-05,-3.754341060127832e-05,8.236193304970056e-08
2366,-0.028312597315387343,-5.289617463375179e-05,-3.740941059793135e-05,8.186497612177303e-08
2367,-0.12306758219584742,-5.284721273515822e-05,-3.767803225412461e-05,8.286119544791426e-08
2368,-0.13115671950114768,-5.284303290736033e-05,-3.770096421346022e-05,8.29462416850698e-08
2369,-0.09190491167332016,-5.2863315144072674e-05,-3.7589688952949055e-05,8.253356250419605e-08
2370,-0.12309194706724891,-5.284720014530427e-05,-3.767810132629132e-05,8.286145161127907e-08
2371,-0.07862605675949894,-5.287017660839866e-05,-3.755204462211224e-05,8.239395347031492e-08
2372,-0.10632891554301219,-5.285586195712363e-05,-3.7630579675620876e-05,8.268521121622084e-08
2373,-0.13934331629205396,-5.2838802720162196e-05,-3.7724172461462896e-05,8.303231257567597e-08
2374,-0.13256988204243506,-5.2842302696444746e-05,-3.770497039912814e-05,8.29610991602307e-08
2375,-0.09816668362350742,-5.2860079554482114e-05,-3.760744049978443e-05,8.259939648897395e-08
2376,-0.06766186462882087,-5.287584203765277e-05,-3.752096214710886e-05,8.22786799561058e-08
2377,-0.07243737942351619,-5.28733744284425e-05,-3.753450029177793e-05,8.232888797562836e-08
2378,-0.12372543372368809,-5.284687280938668e-05,-3.767989720262482e-05,8.286811185876262e-08
2379,-0.11090951136649549,-5.2853495066687356e-05,-3.764356524295524e-05,8.273336992882044e-08
2380,-0.09485306111290248,-5.2861791773082774e-05,-3.759804668511755e-05,8.256455827134868e-08
2381,0.03235593247436465,-5.292752334229823e-05,-3.723742090291405e-05,8.1227129343144e-08
2382,-0.06434824211821595,-5.287755425627446e-05,-3.751156833244109e-05,8.224384173847776e-08
2383,-0.13390994996951794,-5.284161025513014e-05,-3.7708769368294915e-05,8.297518814531012e-08
2384,-0.1212402168407344,-5.28481569733786e-05,-3.767285184162317e-05,8.284198319554603e-08
2385,-0.07022017612597908,-5.287452010414147e-05,-3.7528214724610316e-05,8.230557710942268e-08
2386,-0.03791235664758104,-5.289121423569979e-05,-3.7436625031600395e-05,8.196590448754809e-08
2387,-0.07740781318942362,-5.287080610054109e-05,-3.754859101377764e-05,8.238114530206927e-08
2388,1.5320624969799124,-5.370245334611979e-05,-3.298589089980074e-05,6.545976190607014e-08
2389,0.019028347817740425,-5.292063669828547e-05,-3.727520337808478e-05,8.136725070375102e-08
2390,0.12148263206107664,-5.297357698722894e-05,-3.6984754917222034e-05,8.029008375429537e-08
2391,0.25444173529909936,-5.3042279759340325e-05,-3.660782810368494e-05,7.889220027199105e-08
2392,-0.13549366661061588,-5.284079191532184e-05,-3.771325905912872e-05,8.299183876402285e-08
2393,-0.11768294561611439,-5.284999509040522e-05,-3.766276730528995e-05,8.280458334426693e-08
2394,-0.13071815181592053,-5.284325952451824e-05,-3.769972091446051e-05,8.294163074450198e-08
2395,-0.07611647500514374,-5.2871473362189435e-05,-3.754493018894514e-05,8.236756864372795e-08
2396,-0.12070418966990122,-5.284843394988207e-05,-3.7671332253958035e-05,8.283634760151647e-08
2397,-0.1334957471556923,-5.2841824282407166e-05,-3.7707595141461825e-05,8.297083336809938e-08
2398,-0.07258356865192524,-5.287329888938987e-05,-3.753491472477776e-05,8.233042495581707e-08
2399,-0.08530203152351182,-5.2866726991475976e-05,-3.7570970395780225e-05,8.24641422323014e-08
2400,-0.10642637502861824,-5.28558115977646e-05,-3.7630855964287125e-05,8.26862358696804e-08
2401,-0.12852531338978493,-5.284439261036409e-05,-3.76935044194593e-05,8.29185760416517e-08
2402,-0.1441431959581508,-5.283632252113961e-05,-3.773777967829694e-05,8.308277675855826e-08
2403,-0.10659692912842877,-5.285572346888577e-05,-3.7631339469452575e-05,8.268802901323223e-08
2404,-0.11551447206138028,-5.2851115586424464e-05,-3.7656619882455486e-05,8.278178480478365e-08
2405,-0.1412925060041745,-5.283779553272926e-05,-3.772969823479725e-05,8.305280564486301e-08
2406,-0.0062136589542206595,-5.290759362116802e-05,-3.734676214275797e-05,8.1632635949798e-08
2407,-0.10218688740475604,-5.2858002230415886e-05,-3.7618837407285785e-05,8.264166344418568e-08
2408,-0.13944077577765998,-5.2838752360775823e-05,-3.77244487501304e-05,8.30333372291469e-08
2409,-0.09560837212634919,-5.28614014879522e-05,-3.760018792228401e-05,8.257249933565998e-08
2410,-0.12825729980436834,-5.2844531098629286e-05,-3.769274462562678e-05,8.291575824464586e-08
2411,-0.12913443517482262,-5.2844077864313485e-05,-3.7695231223625754e-05,8.292498012578152e-08
2412,-0.1370042886375093,-5.284001134506068e-05,-3.77175415334625e-05,8.300772089264543e-08
2413,-0.13656572095228217,-5.284023796223246e-05,-3.7716298234461496e-05,8.300310995207422e-08
2414,-0.11088514649509398,-5.2853507656540886e-05,-3.764349617078815e-05,8.273311376545779e-08
2415,-0.11729310767369026,-5.28501965278834e-05,-3.7661662150623175e-05,8.280048473042658e-08
2416,-0.11086078162369249,-5.2853520246394416e-05,-3.764342709862062e-05,8.273285760209176e-08
2417,-0.07718852934681003,-5.2870919409113106e-05,-3.7547969364278874e-05,8.237883983178705e-08
2418,-0.10333203636062686,-5.2857410507820586e-05,-3.762208379911863e-05,8.265370312233612e-08
2419,-0.1066212939998303,-5.285571087904612e-05,-3.763140854161967e-05,8.268828517659826e-08
2420,-0.11073895726668495,-5.28535831956074e-05,-3.7643081737787666e-05,8.273157678526738e-08
2421,-0.07782201600324921,-5.2870592073195505e-05,-3.7549765240612375e-05,8.238550007927059e-08
2422,-0.1258695424070207,-5.284576490323442e-05,-3.768597555329181e-05,8.289065423487865e-08
2423,-0.14643349386989243,-5.283513907592126e-05,-3.77442724619648e-05,8.310685611487609e-08
2424,-0.10377060404585399,-5.285718389064881e-05,-3.762332709811877e-05,8.265831406290735e-08
2425,-0.0973870077386592,-5.286048242945276e-05,-3.760523019045083e-05,8.259119926129613e-08
2426,-0.09397592574244824,-5.2862245007440215e-05,-3.7595560087116404e-05,8.255533639020794e-08
2427,-0.1113480790517226,-5.2853268449529035e-05,-3.764480854195499e-05,8.273798086939384e-08
2428,-0.10262545508998318,-5.28577756132584e-05,-3.762008070628545e-05,8.264627438475474e-08
2429,-0.07436220426423525,-5.2872379830876554e-05,-3.753995699294415e-05,8.234912488145322e-08
2430,-0.07565354244851512,-5.287171256922821e-05,-3.7543617817777524e-05,8.236270153979624e-08
2431,-0.10686494271384535,-5.285558498060628e-05,-3.7632099263286875e-05,8.2690846810247e-08
2432,-0.14004989756269765,-5.283843761472522e-05,-3.7726175554296426e-05,8.30397413132564e-08
2433,-0.09365918241422864,-5.286240867539901e-05,-3.759466214894966e-05,8.255200626646954e-08
2434,-0.14358280391591616,-5.283661208753867e-05,-3.773619101846337e-05,8.307688500116389e-08
2435,-0.10321021200361934,-5.285747345703357e-05,-3.762173843828524e-05,8.265242230551515e-08
2436,-0.0888349378767303,-5.286490146427513e-05,-3.758098585994765e-05,8.250128592021612e-08
2437,-0.12896388107501203,-5.284416599316456e-05,-3.769474771846074e-05,8.292318698221953e-08
2438,-0.1023330766331651,-5.2857926691363666e-05,-3.761925184028492e-05,8.264320042437393e-08
2439,-0.07906462444472608,-5.286994999124076e-05,-3.755328792111151e-05,8.239856441088275e-08
2440,-0.12530915036478601,-5.28460544696053e-05,-3.768438689345872e-05,8.288476247748645e-08
2441,-0.007578091752705038,-5.290688858996859e-05,-3.735063018409189e-05,8.164698109823398e-08
2442,-0.09110087091707043,-5.2863730608882975e-05,-3.75874095714488e-05,8.25251091131505e-08
2443,-0.11393075542028233,-5.285193392619154e-05,-3.7652130191621635e-05,8.276513418606876e-08
2444,-0.1478466564111798,-5.28344088649918e-05,-3.7748278647633584e-05,8.312171359003697e-08
2445,-0.14553199362803668,-5.2835604900077136e-05,-3.774171679179868e-05,8.309737807037221e-08
2446,3.9691100291728305,-5.496172719073443e-05,-2.6077085572651607e-05,3.9837533657435365e-08
2447,-0.06783241872863141,-5.2875753908746607e-05,-3.7521445652275996e-05,8.228047309965885e-08
2448,-0.12577208292141465,-5.284581526259387e-05,-3.768569926462508e-05,8.288962958142032e-08
2449,-0.02982321934228076,-5.289539406349369e-05,-3.74136930722655e-05,8.18808582503978e-08
2450,0.055453830562993134,-5.293945851325181e-05,-3.71719404889081e-05,8.098428647320758e-08
2451,1.257957693712961,-5.3560817614227036e-05,-3.376295277489928e-05,6.834159976135266e-08
2452,-0.08798216737767756,-5.2865342108765575e-05,-3.7578568334114855e-05,8.249232020243925e-08
2453,0.12428459227224993,-5.2975024819138864e-05,-3.6976811618054834e-05,8.026062496733097e-08
2454,0.301100464032985,-5.306638930826544e-05,-3.647555490450652e-05,7.840164742818652e-08
2455,-0.02217264972220763,-5.289934727414009e-05,-3.739200441192933e-05,8.18004229538166e-08
2456,0.04161458360693725,-5.293230748256167e-05,-3.721117347957781e-05,8.112978726447605e-08
2457,-0.06444570160382199,-5.287750389690155e-05,-3.751184462110799e-05,8.22448663919356e-08
2458,-0.12491931242236191,-5.284625590711124e-05,-3.768328173879194e-05,8.288066386364948e-08
2459,-0.13778396452235753,-5.28396084701035e-05,-3.771975184279527e-05,8.301591812033051e-08
2460,-0.10074935999206715,-5.285874503115808e-05,-3.7614762149451984e-05,8.262654980565782e-08
2461,-0.12850094851838342,-5.2844405200203744e-05,-3.769343534729264e-05,8.291831987829243e-08
2462,0.21190066983206846,-5.302029789383922e-05,-3.672842810669459e-05,7.933946150711727e-08
2463,-0.06490863416045059,-5.2877264689882556e-05,-3.751315699227529e-05,8.224973349587274e-08
2464,-0.0666872697727606,-5.287634563135578e-05,-3.751819926044229e-05,8.226843342150672e-08
2465,-0.0945606826560844,-5.2861942851215804e-05,-3.759721781911616e-05,8.256148431096618e-08
2466,-0.11546574231857726,-5.2851140766076434e-05,-3.7656481738123425e-05,8.278127247806295e-08
2467,-0.11086078162369249,-5.2853520246394416e-05,-3.764342709862062e-05,8.273285760209176e-08
2468,-0.07177952789567553,-5.287371435421405e-05,-3.7532635343276856e-05,8.232197156477492e-08
2469,-0.13008466515948136,-5.284358686046359e-05,-3.769792503812571e-05,8.293497049702181e-08
2470,-0.14740808872595268,-5.283463548219133e-05,-3.774703534863257e-05,8.311710264946574e-08
2471,-0.123481785009673,-5.2846998707825676e-05,-3.767920648095814e-05,8.286555022511821e-08
2472,-0.14173107368940163,-5.283756891558523e-05,-3.7730941533796084e-05,8.305741658543423e-08
2473,-0.13763777529394847,-5.283968400911533e-05,-3.7719337409797736e-05,8.301438114013237e-08
2474,-0.0831091930973762,-5.286786007730754e-05,-3.7564753900780354e-05,8.244108752946005e-08
2475,-0.07901589470192304,-5.286997517090619e-05,-3.75531497767795e-05,8.239805208415406e-08
2476,-0.11081205188088945,-5.2853545426059844e-05,-3.764328895428817e-05,8.273234527536984e-08
2477,-0.08834764044870017,-5.2865153261113174e-05,-3.757960441661454e-05,8.249616265291358e-08
2478,-0.0727297578803343,-5.287322335036457e-05,-3.7535329157776555e-05,8.233196193600795e-08
2479,-0.06807606744264648,-5.2875628010320645e-05,-3.752213637394255e-05,8.228303473331098e-08
2480,-0.09884890002274961,-5.2859727038884374e-05,-3.7609374520450905e-05,8.260656906319221e-08
2481,-0.15181813044962544,-5.283235672066039e-05,-3.7759537410799024e-05,8.316346821851324e-08
2482,-0.1473593589831497,-5.2834660661898394e-05,-3.774689720429839e-05,8.311659032273367e-08
2483,-0.05270183358829568,-5.2883572201112225e-05,-3.747855183677169e-05,8.212139565004976e-08
2484,-0.13147346282936725,-5.28428692393742e-05,-3.770186215162693e-05,8.294957180880433e-08
2485,-0.11534391796156973,-5.285120371530329e-05,-3.76561363772896e-05,8.27799916612352e-08
2486,-0.14292495238807545,-5.283695201326858e-05,-3.773432606996359e-05,8.30699685903257e-08
2487,-0.07964938135836222,-5.286964783498859e-05,-3.7554945653113e-05,8.2404712331641e-08
2488,-0.08871311351972276,-5.286496441348811e-05,-3.7580640499114266e-05,8.250000510338837e-08
2489,-0.08876184326252577,-5.286493923378105e-05,-3.7580778643449315e-05,8.250051743012045e-08
2490,-0.11897428380039425,-5.284932782872954e-05,-3.7666428130123274e-05,8.28181600026078e-08
2491,-0.11519772873316068,-5.2851279254355926e-05,-3.765572194428956e-05,8.277845468104479e-08
2492,-0.09080849246025235,-5.286388168700212e-05,-3.7586580705448275e-05,8.252203515277138e-08
2493,-0.09792303490949233,-5.286020545289378e-05,-3.76067497781177e-05,8.259683485532399e-08
2494,-0.15510738808882885,-5.283065709187204e-05,-3.7768862153301796e-05,8.319805027277877e-08
2495,-0.02938465165705365,-5.289562068067241e-05,-3.741244977326471e-05,8.187624730982996e-08
2496,-0.10791263218411014,-5.285504361737002e-05,-3.7635069366453473e-05,8.270186183494467e-08
2497,-0.025291353261600494,-5.289773577425423e-05,-3.740084564926401e-05,8.183321186452465e-08
2498,-0.07438656913563675,-5.287236724103649e-05,-3.754002606511129e-05,8.234938104482482e-08
2499,-0.05401753664397705,-5.288289234961056e-05,-3.7482281733771476e-05,8.213522847175435e-08
2500,-0.12484621780815738,-5.2846293676603274e-05,-3.768307452229274e-05,8.28798953735538e-08
2501,-0.05876868656727088,-5.288043733026076e-05,-3.749575080627324e-05,8.218518032791256e-08
2502,-0.09573019648335673,-5.286133853873922e-05,-3.760053328311739e-05,8.257378015248096e-08
2503,0.029066674835161236,-5.292582371351977e-05,-3.724674564541492e-05,8.126171139740715e-08
2504,-0.13322773357027573,-5.2841962770700956e-05,-3.770683534762835e-05,8.296801557109261e-08
2505,-0.11095824110929849,-5.285346988700721e-05,-3.764370338728822e-05,8.273388225555347e-08
2506,-0.11507590437615314,-5.2851342203582365e-05,-3.7655376583456216e-05,8.277717386422259e-08
2507,-0.09970167052180236,-5.285928639439435e-05,-3.761179204628496e-05,8.261553478096354e-08
2508,-0.12170314939736301,-5.284791776633941e-05,-3.767416421279083e-05,8.28468502994765e-08
2509,-0.12903697568921654,-5.284412822365905e-05,-3.769495493495989e-05,8.292395547231982e-08
2510,2.672557762413046,-5.4291771296649676e-05,-2.9752691849999517e-05,5.3469010958064346e-08
2511,0.00645607417456289,-5.291414033941851e-05,-3.7310844616087695e-05,8.149943100004399e-08
2512,-0.044637061154396925,-5.288773943909044e-05,-3.745568894960218e-05,8.203660557626458e-08
2513,0.08556881161525555,-5.295501955897163e-05,-3.7086567290897834e-05,8.066766855417687e-08
2514,0.09699593630256227,-5.296092419523717e-05,-3.7054172444728305e-05,8.054752793603219e-08
2515,0.32115275319642506,-5.307675074891394e-05,-3.64187085113308e-05,7.819082497885692e-08
2516,0.6002279902292843,-5.322095480812607e-05,-3.562755591425652e-05,7.525672979718675e-08
2517,0.246011489794178,-5.3037923673743984e-05,-3.6631727073353525e-05,7.898083279624595e-08
2518,0.6395772575427178,-5.3241287404282374e-05,-3.5516004365074156e-05,7.484302596281935e-08
2519,0.06712460396431488,-5.2945489047970654e-05,-3.713885492107011e-05,8.086158422141462e-08
2520,-0.1059147127291866,-5.2856075984469635e-05,-3.76294054487861e-05,8.268085643901566e-08
2521,0.24874035539114678,-5.303933373613411e-05,-3.662399099068423e-05,7.895214249936367e-08
2522,-0.0638853095615873,-5.2877793463279166e-05,-3.751025596127492e-05,8.223897463454618e-08
2523,0.014082278923234534,-5.291808096020342e-05,-3.728922502791934e-05,8.141925186682699e-08
2524,0.012376737925129057,-5.291719967120954e-05,-3.729406007958635e-05,8.143718330237106e-08
2525,-0.03681593743451323,-5.289178077862251e-05,-3.743351678410003e-05,8.195437713612658e-08
2526,-0.0927820470437744,-5.286286190972911e-05,-3.759217555094976e-05,8.254278438532663e-08
2527,-0.07523933963468948,-5.2871926596546455e-05,-3.754244359094491e-05,8.235834676259614e-08
2528,-0.06866082435628265,-5.287532585409623e-05,-3.7523794105942305e-05,8.228918265406753e-08
2529,-0.05318913101632581,-5.288332040425399e-05,-3.747993328010538e-05,8.212651891734567e-08
2530,0.019929848059596172,-5.292110252247594e-05,-3.727264770791748e-05,8.135777265924896e-08
2531,-0.10610963170039865,-5.285597526573728e-05,-3.762995802611951e-05,8.268290574593354e-08
2532,-0.1308399761729281,-5.284319657531955e-05,-3.770006627529299e-05,8.294291156132417e-08
2533,-0.07292467685154633,-5.2873122631591e-05,-3.753588173511144e-05,8.233401124292705e-08
2534,-0.011403376562741603,-5.290491198464281e-05,-3.7361474514260055e-05,8.168719874652445e-08
2535,-0.10252799560437714,-5.285782597261743e-05,-3.7619804417618766e-05,8.264524973129519e-08
2536,-0.06293507957692855,-5.287828446714231e-05,-3.75075621467746e-05,8.222898426330915e-08
2537,-0.09733827799585619,-5.286050760914595e-05,-3.760509204611665e-05,8.259068693456914e-08
2538,0.06076537252852163,-5.294220309897922e-05,-3.7156882756573055e-05,8.092844285965654e-08
2539,-0.09916564335096921,-5.285956337095291e-05,-3.76102724586164e-05,8.260989918693784e-08
2540,-0.12284829835323383,-5.284732604372982e-05,-3.767741060462459e-05,8.28588899776325e-08
2541,0.010037710270584385,-5.291599104631856e-05,-3.730069100758625e-05,8.146177498540093e-08
2542,-0.1188037297005837,-5.28494159576357e-05,-3.766594462495657e-05,8.281636685905135e-08
2543,-0.026314677860463792,-5.289720700087171e-05,-3.740374668026349e-05,8.184397072585096e-08
2544,0.10934892610312623,-5.296730724551254e-05,-3.701915285622552e-05,8.041765311002558e-08
2545,-0.07650631294756785,-5.2871271924710846e-05,-3.7546035343611524e-05,8.237166725756709e-08
2546,-0.09901945412256016,-5.285963890999167e-05,-3.760985802561722e-05,8.260836220675083e-08
2547,-0.09516980444112208,-5.2861628105137855e-05,-3.759894462328343e-05,8.256788839508876e-08
2548,-0.0520683469318565,-5.288389953703024e-05,-3.747675596043814e-05,8.211473540256066e-08
2549,-0.10671875348543632,-5.285566051965933e-05,-3.763168483028635e-05,8.268930983005443e-08
2550,-0.10596344247198958,-5.285605080477603e-05,-3.762954359312076e-05,8.26813687657499e-08
2551,0.0653216034806034,-5.294455739958299e-05,-3.714396626140533e-05,8.08805403104202e-08
2552,-0.05379825280136348,-5.288300565818951e-05,-3.7481660084272055e-05,8.213292300147042e-08
2553,-0.055430699185264456,-5.2882162138735976e-05,-3.748628791943838e-05,8.215008594691679e-08
2554,-0.008333402766151746,-5.2906498304836966e-05,-3.735277142125899e-05,8.165492216254603e-08
2555,-0.026607056317281868,-5.2897055922749096e-05,-3.740457554626401e-05,8.184704468623007e-08
2556,-0.04032447891633021,-5.288996784125479e-05,-3.7443463176101186e-05,8.199126466067481e-08
2557,-0.08481473409548168,-5.286697878832748e-05,-3.756958895244673e-05,8.245901896500609e-08
2558,-0.0713165953390469,-5.287395356123936e-05,-3.753132297210941e-05,8.231710446084104e-08
2559,-0.1005300761494536,-5.285885833973051e-05,-3.7614140499951005e-05,8.262424433536835e-08
2560,-0.09709462928184112,-5.286063350758537e-05,-3.760440132444992e-05,8.258812530091748e-08
2561,-0.032503355196446516,-5.289400918078665e-05,-3.742129101059949e-05,8.190903622053704e-08
2562,-0.08018540852919537,-5.286937085845736e-05,-3.7556465240779e-05,8.241034792567054e-08
2563,-0.11010547061024575,-5.2853910531497656e-05,-3.764128586145455e-05,8.27249165377749e-08
2564,-0.11753675638770533,-5.285007062945785e-05,-3.766235287228991e-05,8.280304636407653e-08
2565,-0.11553883693278179,-5.285110299658439e-05,-3.765668895462262e-05,8.278204096815862e-08
2566,0.08240137833305966,-5.295338287940972e-05,-3.7095546672565536e-05,8.070096979161343e-08
2567,0.09950551805691747,-5.296222094902753e-05,-3.704705801156168e-05,8.052114310944907e-08
2568,0.021074997015466983,-5.292169424509205e-05,-3.7269401316083445e-05,8.134573298109767e-08
2569,-0.07906462444472608,-5.286994999124076e-05,-3.755328792111151e-05,8.239856441088275e-08
2570,-0.03486674772239268,-5.2892787966041985e-05,-3.742799101076628e-05,8.193388406693399e-08
2571,-0.11943721635702288,-5.2849088621731564e-05,-3.766774050129012e-05,8.282302710654722e-08
2572,-0.041810736071822126,-5.288919986084002e-05,-3.7447676578268544e-05,8.20068906259333e-08
2573,-0.12389598782349864,-5.284678468050785e-05,-3.76803807077907e-05,8.286990500232123e-08
2574,-0.09261149294396387,-5.286295003864915e-05,-3.759169204578219e-05,8.254099124177696e-08
2575,-0.11410130952009288,-5.2851845797298836e-05,-3.765261369678925e-05,8.276692732963415e-08
2576,-0.02334216354947995,-5.289874296168065e-05,-3.739531987592994e-05,8.181271879533162e-08
2577,-0.10184577920513496,-5.285817848822905e-05,-3.7617870396951415e-05,8.263807715707185e-08
2578,-0.038886951503641305,-5.2890710641983115e-05,-3.743938791826738e-05,8.197615102214271e-08
2579,-0.1137845661918733,-5.2852009465258053e-05,-3.7651715758622025e-05,8.276359720588513e-08
2580,-0.09672915621081853,-5.2860822355210436e-05,-3.760336524195019e-05,8.2584282850441e-08
2581,0.003313005763768523,-5.29125162496859e-05,-3.7319754925589326e-05,8.153247607411884e-08
2582,-0.07519060989188649,-5.287195177622618e-05,-3.754230544661111e-05,8.235783443586359e-08
2583,-0.06695528335817716,-5.2876207143076285e-05,-3.751895905427572e-05,8.227125121852658e-08
2584,-0.04407666911216226,-5.288802900546133e-05,-3.7454100289769305e-05,8.203071381887238e-08
2585,-0.10888722704017043,-5.285454002365355e-05,-3.763783225312043e-05,8.271210836953312e-08
2586,-0.05757480786859704,-5.2881054232549655e-05,-3.74923662701066e-05,8.217262832303125e-08
2587,-0.09750883209566674,-5.286041948023978e-05,-3.760557555128379e-05,8.259248007811712e-08
2588,-0.03352667979530981,-5.289348040740413e-05,-3.7424192041599074e-05,8.19197950818642e-08
2589,-0.025900475046638168,-5.289742102818649e-05,-3.740257245343066e-05,8.183961594864662e-08
2590,-0.08822581609169262,-5.286521621033961e-05,-3.7579259055781194e-05,8.249488183608799e-08
2591,-0.02146606845156393,-5.289971237958085e-05,-3.7390001319095765e-05,8.179299421623326e-08
2592,-0.09268458755816837,-5.286291226908814e-05,-3.7591899262283514e-05,8.254175973187385e-08
2593,-0.0666872697727606,-5.287634563135578e-05,-3.751819926044229e-05,8.226843342150672e-08
2594,-0.039154965089057886,-5.28905721537175e-05,-3.744014771210081e-05,8.197896881915748e-08
2595,0.02419370055485987,-5.29233057449674e-05,-3.726056007874953e-05,8.131294407038889e-08
2596,-0.11439368797691098,-5.2851694719180105e-05,-3.7653442562788866e-05,8.277000129000264e-08
2597,-0.058793051438672375,-5.288042474041396e-05,-3.749581987844035e-05,8.218543649127798e-08
2598,-0.061375727807232106,-5.287909021706973e-05,-3.750314152810762e-05,8.22125898079586e-08
2599,-0.019200135411223784,-5.29008832349524e-05,-3.738357760759552e-05,8.176917102329823e-08
2600,-0.06130263319302759,-5.2879127986609923e-05,-3.7502934311607385e-05,8.22118213178651e-08
2601,0.010987940255243172,-5.291648205016599e-05,-3.729799719308703e-05,8.145178461417122e-08
2602,-0.011086633234522027,-5.290507565261218e-05,-3.736057657609258e-05,8.168386862277996e-08
2603,0.2241318352756249,-5.3026617994915065e-05,-3.669375387902654e-05,7.92108674979389e-08
2604,-0.03084654394114406,-5.28948652901078e-05,-3.7416594103264965e-05,8.189161711172272e-08
2605,-0.08235388208392949,-5.286825036245199e-05,-3.7562612663612595e-05,8.243314646514368e-08
2606,-0.0941952095850618,-5.286213169884045e-05,-3.759618173661691e-05,8.255764186049693e-08
2607,-0.020637662823912696,-5.2900140434234484e-05,-3.738765286542905e-05,8.178428466182694e-08
2608,-0.11207902519376782,-5.285289075425198e-05,-3.764688070695436e-05,8.274566577034249e-08
2609,-0.06230159292048937,-5.2878611803060115e-05,-3.750576627044086e-05,8.222232401582453e-08
2610,-0.13471399072576767,-5.284119479027903e-05,-3.771104874979508e-05,8.298364153634116e-08
2611,-0.09027246528941922,-5.286415866356069e-05,-3.7585061117781456e-05,8.2516399558744e-08
2612,-0.04215184427144324,-5.2889023603061964e-05,-3.7448643588600915e-05,8.201047691303989e-08
2613,-0.10642637502861824,-5.28558115977646e-05,-3.7630855964287125e-05,8.26862358696804e-08
2614,-0.1333982876700863,-5.284187464182213e-05,-3.7707318852793794e-05,8.296980871463766e-08
2615,-0.10935015959679904,-5.2854300816641696e-05,-3.763914462428771e-05,8.271697547347255e-08
2616,-0.07333887966537196,-5.287290860428663e-05,-3.753705596194361e-05,8.233836602012885e-08
2617,-0.11251759287899493,-5.285266413707979e-05,-3.764812400595497e-05,8.275027671090909e-08
2618,-0.13242369281402605,-5.2842378235525135e-05,-3.7704555966127225e-05,8.295956218003689e-08
2619,-0.10642637502861824,-5.28558115977646e-05,-3.7630855964287125e-05,8.26862358696804e-08
2620,-0.04994860311992541,-5.288499485335609e-05,-3.7470746681937226e-05,8.209244918981391e-08
2621,-0.11717128331668274,-5.2850259477096375e-05,-3.766131678978979e-05,8.279920391360221e-08
2622,-0.09809358900930289,-5.286011732400149e-05,-3.76072332832844e-05,8.259862799887874e-08
2623,-0.11804841868713699,-5.284980624275282e-05,-3.76638033877905e-05,8.280842579474465e-08
2624,0.5612929257296764,-5.3200836239361156e-05,-3.57379332366024e-05,7.566607885429556e-08
2625,-0.13222877384281395,-5.2842478954257073e-05,-3.770400338879473e-05,8.295751287312458e-08
2626,-0.04095796557276939,-5.288964050534393e-05,-3.744525905243471e-05,8.199792490815943e-08
2627,-0.10632891554301219,-5.285586195712363e-05,-3.7630579675620876e-05,8.268521121622084e-08
2628,1.100268246002409,-5.347933615175302e-05,-3.4209987837617706e-05,6.999948905909381e-08
2629,-0.08286554438336115,-5.2867985975760835e-05,-3.756406317911276e-05,8.243852589581179e-08
2630,-0.05942653809511155,-5.2880097404502875e-05,-3.74976157547739e-05,8.21920967387654e-08
2631,0.6252019834158288,-5.323385939713379e-05,-3.55567569434109e-05,7.499416234810616e-08
2632,0.11665838752357828,-5.2971084198339366e-05,-3.6998431206223554e-05,8.034080410055509e-08
2633,-0.134202328426336,-5.2841459177024865e-05,-3.770959823429414e-05,8.297826210568754e-08
2634,0.20632111428112337,-5.301741481985945e-05,-3.674424563286488e-05,7.939812291769479e-08
2635,-0.12859840800398945,-5.2844354840844293e-05,-3.769371163595937e-05,8.291934453175076e-08
2636,-0.09782557542388631,-5.2860255812267106e-05,-3.76064734894514e-05,8.259581020186397e-08
2637,-0.07638448859056031,-5.2871334873937285e-05,-3.7545689982777755e-05,8.237038644074319e-08
2638,-0.11602613436081191,-5.285085119971901e-05,-3.7658070397956125e-05,8.278716423545732e-08
2639,-0.04570911549606323,-5.288718548600086e-05,-3.745872812493606e-05,8.204787676431789e-08
2640,-0.07621393449074976,-5.287142300281611e-05,-3.7545206477612305e-05,8.236859329719136e-08
2641,-0.1023818063759681,-5.285790151167006e-05,-3.761938998461915e-05,8.264371275110478e-08
2642,-0.14528834491402162,-5.283573079853085e-05,-3.7741026070131036e-05,8.309481643670654e-08
2643,-0.1223853657966052,-5.2847565250741664e-05,-3.767609823345818e-05,8.285402287369647e-08
2644,-0.06283762009132252,-5.287833482651522e-05,-3.7507285858107915e-05,8.222795960985299e-08
2645,-0.09322061472900153,-5.286263529257121e-05,-3.759341884994947e-05,8.254739532589277e-08
2646,-0.12389598782349864,-5.284678468050785e-05,-3.76803807077907e-05,8.286990500232123e-08
2647,-0.11680581024566014,-5.285044832474836e-05,-3.766028070728929e-05,8.279536146313683e-08
2648,-0.09838596746612098,-5.2859966245895805e-05,-3.760806214928411e-05,8.260170195925834e-08
2649,-0.10342949584623289,-5.285736014842034e-05,-3.7622360087786134e-05,8.26547277757935e-08
2650,-0.09161253321650209,-5.286346622219182e-05,-3.758886008694896e-05,8.253048854381524e-08
2651,-0.10688930758524685,-5.285557239075275e-05,-3.763216833545397e-05,8.269110297361304e-08
2652,-0.10157776561971836,-5.285831697648037e-05,-3.76171106031189e-05,8.263525936006263e-08
2653,-0.1344703420117526,-5.284132068870499e-05,-3.771035802812787e-05,8.298107990268566e-08
2654,-0.14043973550512176,-5.2838236177232744e-05,-3.7727280708963676e-05,8.30438399271091e-08
2655,-0.061716836006853196,-5.2878913959284533e-05,-3.750410853844089e-05,8.221617609506459e-08
2656,-0.12677104264887643,-5.284529907903733e-05,-3.768853122345961e-05,8.290013227938035e-08
2657,-0.1180727835585385,-5.2849793652912746e-05,-3.766387245995677e-05,8.280868195810608e-08
2658,-0.06829535128526004,-5.2875514701734756e-05,-3.752275802344284e-05,8.22853402035932e-08
2659,-0.08725122123563236,-5.286571980406996e-05,-3.757649616911424e-05,8.248463530149447e-08
2660,-0.12136204119774192,-5.284809402413828e-05,-3.767319720245781e-05,8.284326401236483e-08
2661,-0.10411171224547508,-5.285700763284994e-05,-3.762429410845266e-05,8.266190035001564e-08
2662,-0.10486702325892178,-5.285661734769202e-05,-3.762643534562037e-05,8.266984141432138e-08
2663,-0.11051967342407136,-5.285369650417899e-05,-3.764246008828851e-05,8.272927131498903e-08
2664,-0.11461297181952451,-5.28515814105938e-05,-3.765406421228985e-05,8.27723067602955e-08
2665,-0.08535076126631483,-5.286670181179625e-05,-3.757110854011403e-05,8.246465455903225e-08
2666,-0.11051967342407136,-5.285369650417899e-05,-3.764246008828851e-05,8.272927131498903e-08
2667,-0.1045502799307022,-5.2856781015664695e-05,-3.762553740745275e-05,8.266651129057792e-08
2668,-0.06719893207219224,-5.287608124466462e-05,-3.7519649775942014e-05,8.227381285217145e-08
2669,-0.10033515717824154,-5.285895905847633e-05,-3.7613587922618074e-05,8.262219502845263e-08
2670,-0.07964938135836222,-5.286964783498859e-05,-3.7554945653113e-05,8.2404712331641e-08
2671,-0.1337881256125104,-5.2841673204329655e-05,-3.770842400746062e-05,8.297390732848359e-08
2672,-0.10532995581555041,-5.285637814069405e-05,-3.7627747716786345e-05,8.267470851825403e-08
2673,-0.14287622264527244,-5.2836977192947884e-05,-3.773418792563071e-05,8.306945626359361e-08
2674,-0.09273331730097141,-5.286288708943617e-05,-3.759203740661558e-05,8.254227205860133e-08
2675,0.012839670481757671,-5.291743887823853e-05,-3.729274770841883e-05,8.143231619843632e-08
2676,0.003629749091988119,-5.291267991763491e-05,-3.731885698742288e-05,8.152914595037574e-08
2677,-0.09380537164263769,-5.286233313634638e-05,-3.75950765819497e-05,8.255354324665488e-08
2678,-0.1023330766331651,-5.2857926691363666e-05,-3.761925184028492e-05,8.264320042437393e-08
2679,-0.02999377344209132,-5.2895305934601296e-05,-3.741417657743167e-05,8.188265139395309e-08
2680,-0.10937452446820055,-5.2854288226802044e-05,-3.7639213696453934e-05,8.271723163683181e-08
2681,-0.09819104849490894,-5.2860066964628584e-05,-3.760750957195108e-05,8.259965265234168e-08
2682,-0.10167522510532441,-5.285826661712134e-05,-3.761738689178558e-05,8.263628401352218e-08
2683,-0.11904737841459877,-5.284929005922362e-05,-3.766663534662291e-05,8.281892849270685e-08
2684,-0.1202412571132726,-5.284867315690738e-05,-3.767001988279037e-05,8.28314804975826e-08
2685,-0.14945473792367928,-5.283357793539811e-05,-3.7752837410633316e-05,8.313862037212562e-08
2686,-0.10496448274452783,-5.285656698833257e-05,-3.762671163428623e-05,8.26708660677831e-08
2687,-0.13992807320569012,-5.2838500563923907e-05,-3.772583019346308e-05,8.303846049644436e-08
2688,-0.07548298834870455,-5.2871800698107036e-05,-3.754313431261164e-05,8.236090839624441e-08
2689,-0.1296704623456557,-5.28438008877137e-05,-3.769675081129557e-05,8.293061571981352e-08
2690,-0.11193283596535877,-5.2852966293290746e-05,-3.764646627395561e-05,8.274412879015207e-08
2691,-0.1416336142037956,-5.28376192749716e-05,-3.7730665245129016e-05,8.305639193197685e-08
2692,-0.09582765596896274,-5.286128817937977e-05,-3.760080957178412e-05,8.257480480594437e-08
2693,-0.11310234979263109,-5.285236198082804e-05,-3.7649781737955976e-05,8.275642463166517e-08
2694,-0.10939888933960208,-5.285427563697627e-05,-3.763928276861973e-05,8.271748780019445e-08
2695,-0.13534747738220684,-5.284086745438835e-05,-3.771284462612824e-05,8.299030178383582e-08
2696,-0.12923189466042861,-5.284402750492628e-05,-3.7695507512293784e-05,8.292600477924324e-08
2697,-0.11086078162369249,-5.2853520246394416e-05,-3.764342709862062e-05,8.273285760209176e-08
2698,-0.1263324749636493,-5.284552569620911e-05,-3.768728792445904e-05,8.289552133881592e-08
2699,-0.11580685051819836,-5.285096450830532e-05,-3.765744874845601e-05,8.278485876516785e-08
2700,-0.09331807421460757,-5.286258493319788e-05,-3.7593695138616195e-05,8.254841997935788e-08
2701,-0.12443201499433178,-5.284650770396274e-05,-3.768190029545844e-05,8.28755405963474e-08
2702,-0.08566750459453443,-5.286653814383745e-05,-3.757200647828034e-05,8.246798468277402e-08
2703,-0.09587638571176578,-5.286126299971392e-05,-3.760094771611618e-05,8.257531713267523e-08
2704,-0.1231163119386504,-5.284718755545074e-05,-3.767817039845841e-05,8.28617077746485e-08
2705,-0.1255527990788011,-5.284592857117976e-05,-3.768507761512544e-05,8.288732411113302e-08
2706,-0.10513503684433838,-5.2856478859440284e-05,-3.7627195139452934e-05,8.267265921133616e-08
2707,-0.09967730565040085,-5.285929898424788e-05,-3.761172297411743e-05,8.261527861760088e-08
2708,-0.047901953922198835,-5.288605240014869e-05,-3.746494461993699e-05,8.207093146716152e-08
2709,-0.09923873796517371,-5.285952560139232e-05,-3.761047967511855e-05,8.261066767703087e-08
2710,-0.12876896210379998,-5.284426671195201e-05,-3.7694195141126506e-05,8.292113767530721e-08
2711,-0.10294219841820278,-5.285761194529918e-05,-3.7620978644451375e-05,8.264960450849359e-08
2712,-0.1356398558390249,-5.284071637625533e-05,-3.7713673492128335e-05,8.299337574420986e-08
2713,-0.11224957929357836,-5.2852802625345406e-05,-3.7647364212121536e-05,8.274745891389431e-08
2714,-0.13027958413069343,-5.284348614167697e-05,-3.769847761546029e-05,8.293701980392642e-08
2715,-0.13773523477955452,-5.283963364981056e-05,-3.7719613698462826e-05,8.301540579359842e-08
2716,-0.13045013823050397,-5.284339801277039e-05,-3.7698961120627906e-05,8.293881294748164e-08
2717,-0.13154655744357177,-5.284283146982706e-05,-3.770206936812825e-05,8.2950340298908e-08
2718,-0.11044657880986684,-5.2853734273712244e-05,-3.7642252871788053e-05,8.272850282489212e-08
2719,-0.13410486894072998,-5.284150953635739e-05,-3.7709321945627324e-05,8.297723745221133e-08
2720,-0.11483225566213809,-5.285146810199445e-05,-3.765468586178988e-05,8.277461223057724e-08
2721,-0.13166838180057927,-5.284276852064142e-05,-3.7702414728960815e-05,8.295162111573115e-08
2722,7.94862447518094,-5.70180262145431e-05,-1.4795528589826516e-05,-2.0016287336476975e-09
2723,0.03425639244368219,-5.292850535002779e-05,-3.723203327391375e-05,8.120714860067863e-08
2724,-0.006944605096265865,-5.2907215925885665e-05,-3.734883430775811e-05,8.16403208507453e-08
2725,0.10162526186884857,-5.2963316265353595e-05,-3.704104873306097e-05,8.049885689669786e-08
2726,0.993111541578582,-5.342396602311974e-05,-3.451376722664434e-05,7.112609553798972e-08
2727,0.0339883788582656,-5.292836686177605e-05,-3.723279306774631e-05,8.12099663976917e-08
2728,0.01620202273516562,-5.291917627653447e-05,-3.728321574941816e-05,8.139696565407898e-08
2729,0.1619039537161764,-5.299446353644562e-05,-3.68701641927092e-05,7.986510873190681e-08
2730,0.18809619047279633,-5.300799761738968e-05,-3.679591161353655e-05,7.958973311463582e-08
2731,-0.13098616540133712,-5.284312103623916e-05,-3.7700480708293905e-05,8.294444854150442e-08
2732,-0.09534035854093262,-5.286153997621781e-05,-3.759942812845101e-05,8.25696815386469e-08
2733,-0.16212447105246283,-5.282703121715049e-05,-3.77887549373041e-05,8.327182532188199e-08
2734,-0.13118108437254913,-5.2843020317479465e-05,-3.77010332856277e-05,8.294649784843368e-08
2735,-0.09285514165797891,-5.2862824140195856e-05,-3.759238276744979e-05,8.254355287542522e-08
2736,-0.1066700237426333,-5.285568569933864e-05,-3.763154668595347e-05,8.268879750332913e-08
2737,-0.1016995899767259,-5.28582540272678e-05,-3.761745596395267e-05,8.263654017688483e-08
2738,-0.0713409602104484,-5.287394097138583e-05,-3.7531392044276936e-05,8.231736062420369e-08
2739,-0.13181457102898836,-5.284269298161654e-05,-3.7702829161959564e-05,8.295315809592494e-08
2740,-0.15864029444204739,-5.282883156468549e-05,-3.777887761746788e-05,8.323519396069303e-08
2741,-0.11341909312085069,-5.2852198312896576e-05,-3.7650679676121476e-05,8.275975475540402e-08
2742,-0.15303637401970077,-5.2831727228504497e-05,-3.776299101913445e-05,8.31762763867652e-08
2743,-0.032137882125423914,-5.289419802842517e-05,-3.742025492809937e-05,8.190519377006357e-08
2744,-0.05155668463242487,-5.2884163923735274e-05,-3.747530544493776e-05,8.210935597189762e-08
2745,-0.09453631778468291,-5.286195544105587e-05,-3.759714874694945e-05,8.256122814759797e-08
2746,-0.1152951882187667,-5.28512288949826e-05,-3.7655998232956715e-05,8.277947933450989e-08
2747,-0.039081870474853356,-5.289060992322994e-05,-3.743994049560144e-05,8.197820032906397e-08
2748,-0.03686466717731624,-5.2891755598928904e-05,-3.7433654928433824e-05,8.195488946285574e-08
2749,-0.07589719116253019,-5.287158667078879e-05,-3.754430853944425e-05,8.23652631734445e-08
2750,-0.13081561130152655,-5.284320916511799e-05,-3.769999720312802e-05,8.294265539796274e-08
2751,-0.13929458654925095,-5.283882789989701e-05,-3.772403431712828e-05,8.303180024895066e-08
2752,-0.08846946480570769,-5.286509031191407e-05,-3.757994977744793e-05,8.249744346973455e-08
2753,-0.09297696601498646,-5.286276119099675e-05,-3.759272812828274e-05,8.254483369224451e-08
2754,-0.06230159292048937,-5.2878611803060115e-05,-3.750576627044086e-05,8.222232401582453e-08
2755,-0.10228434689036207,-5.2857951871056855e-05,-3.76191136959516e-05,8.264268809764184e-08
2756,0.014764495322476732,-5.291843347579575e-05,-3.728729100725278e-05,8.141207929260982e-08
2757,-0.12752635366232312,-5.2844908793920215e-05,-3.7690672460625676e-05,8.290807334369383e-08
2758,-0.12608882624963424,-5.284565159464853e-05,-3.7686597202791876e-05,8.289295970516256e-08
2759,-0.09802049439509837,-5.286015509352087e-05,-3.760702606678438e-05,8.259785950878354e-08
2760,-0.011720119890961202,-5.2904748316697684e-05,-3.736237245242629e-05,8.169052887026837e-08
2761,-0.14126814113277297,-5.283780812259625e-05,-3.77296291626302e-05,8.305254948151269e-08
2762,0.0059687767465327534,-5.291388854256275e-05,-3.731222605942116e-05,8.150455426734216e-08
2763,-0.1344459771403511,-5.284133327857199e-05,-3.771028895596213e-05,8.298082373933195e-08
2764,-0.09161253321650209,-5.286346622219182e-05,-3.758886008694896e-05,8.253048854381524e-08
2765,-0.09490179085570552,-5.286176659343081e-05,-3.759818482944961e-05,8.256507059807954e-08
2766,-0.0824026118267325,-5.286822518277227e-05,-3.75627508079464e-05,8.243365879187792e-08
2767,-0.014497715230732983,-5.290331307461937e-05,-3.737024667942697e-05,8.17197314938677e-08
2768,-0.07070747355400922,-5.287426830728997e-05,-3.752959616794382e-05,8.231070037671798e-08
2769,-0.06693091848677567,-5.28762197329437e-05,-3.7518889982108845e-05,8.227099505515884e-08
2770,-0.11432059336270645,-5.2851732488726825e-05,-3.765323534628889e-05,8.276923279991806e-08
2771,-0.10966690292501863,-5.28541371486829e-05,-3.764004256245446e-05,8.272030559721601e-08
2772,-0.12781873211914124,-5.284475771581494e-05,-3.7691501326625336e-05,8.291114730406786e-08
2773,-0.10398988788846754,-5.285707058206292e-05,-3.762394874761884e-05,8.266061953318787e-08
2774,0.013180778681378787,-5.291761513601306e-05,-3.729178069808657e-05,8.142872991132893e-08
2775,-0.09877580540854508,-5.285976480840375e-05,-3.760916730395175e-05,8.260580057310209e-08
2776,-0.1290857054320196,-5.284410304396587e-05,-3.769509307929278e-05,8.292446779904172e-08
2777,-0.14519088542841557,-5.283578115786255e-05,-3.7740749781465614e-05,8.309379178325838e-08
2778,-0.05808647016802868,-5.288078984585135e-05,-3.749381678560678e-05,8.217800775369368e-08
2779,-0.03562205873583939,-5.28923976809112e-05,-3.743013224793319e-05,8.194182513124382e-08
2780,-0.04692735906613856,-5.2886555993858424e-05,-3.746218173326979e-05,8.206068493256438e-08
2781,-0.14407010134394627,-5.283636029065899e-05,-3.7737572461797355e-05,8.308200826847492e-08
2782,-0.09368354728563016,-5.286239608555936e-05,-3.759473122111631e-05,8.255226242983389e-08
2783,-0.09943365693638577,-5.2859424882646085e-05,-3.7611032252451526e-05,8.261271698395384e-08
2784,0.062056710712801465,-5.2942870360668996e-05,-3.7153221931738186e-05,8.091486620131122e-08
2785,-0.10730351039907249,-5.28553583634345e-05,-3.763334256228702e-05,8.269545775081823e-08
2786,-0.09317188498619851,-5.2862660472250516e-05,-3.7593280705616585e-05,8.254688299917255e-08
2787,-0.04746338623697171,-5.288627901731353e-05,-3.7463701320936855e-05,8.2066320526592e-08
2788,0.04112728617890712,-5.293205568570343e-05,-3.7212554922911505e-05,8.113491053177452e-08
2789,-0.160833132868183,-5.282769847882659e-05,-3.778509411246944e-05,8.325824866352204e-08
2790,-0.003265509514638319,-5.290911699213234e-05,-3.733840441059122e-05,8.160164018264488e-08
2791,0.0038246680632001455,-5.2912780636405735e-05,-3.7318304410088077e-05,8.152709664345347e-08
2792,-0.08269499028355058,-5.286807410465312e-05,-3.756357967394649e-05,8.243673275225703e-08
2793,-0.08759232943525344,-5.286554354624375e-05,-3.757746317944808e-05,8.248822158860567e-08
2794,-0.11821897278694753,-5.2849718113846655e-05,-3.766428689295721e-05,8.281021893829432e-08
2795,-0.05219017128886404,-5.288383658781726e-05,-3.747710132127152e-05,8.211601621938502e-08
2796,-0.11907174328600026,-5.284927746937009e-05,-3.766670441879e-05,8.28191846560695e-08
2797,-0.10818064576952673,-5.285490512909094e-05,-3.763582916028686e-05,8.27046796319505e-08
2798,-0.10099300870608223,-5.285861913273254e-05,-3.7615452871117416e-05,8.262911143930438e-08
2799,-0.1177073104875159,-5.284998250055169e-05,-3.766283637745661e-05,8.280483950763298e-08
2800,-0.09568146674055371,-5.286136371844628e-05,-3.7600395138783644e-05,8.257326782575736e-08
2801,-0.014643904459142019,-5.290323753555974e-05,-3.737066111242718e-05,8.172126847405796e-08
2802,-0.10077372486346864,-5.285873244130455e-05,-3.761483122161821e-05,8.262680596901708e-08
2803,-0.11173791699414673,-5.285306701205044e-05,-3.764591369662138e-05,8.274207948322959e-08
2804,-0.11968086507103794,-5.28489627233056e-05,-3.766843122295689e-05,8.282558874019257e-08
2805,-0.1180727835585385,-5.2849793652912746e-05,-3.766387245995677e-05,8.280868195810608e-08
2806,-0.08949278940457098,-5.286456153851746e-05,-3.758285080844829e-05,8.250820233106787e-08
2807,-0.12957300286004972,-5.284385124710007e-05,-3.7696474522627626e-05,8.292959106634936e-08
2808,-0.12007070301346204,-5.284876128579967e-05,-3.7669536377624534e-05,8.282968735403293e-08
2809,-0.10550050991536097,-5.285629001180176e-05,-3.7628231221953056e-05,8.267650166181386e-08
2810,-0.10437972583089164,-5.285686914455699e-05,-3.762505390228648e-05,8.266471814702486e-08
2811,-0.11329726876384316,-5.2852261262123015e-05,-3.7650334315288134e-05,8.275847393858861e-08
2812,-0.1277700023763382,-5.284478289548079e-05,-3.769136318229284e-05,8.291063497734378e-08
2813,-0.0980692241379014,-5.286012991385502e-05,-3.7607164211117314e-05,8.259837183551271e-08
2814,-0.09463377727028893,-5.2861905081668664e-05,-3.7597425035617046e-05,8.256225280106308e-08
2815,-0.0777489213890447,-5.287062984274222e-05,-3.7549558024111534e-05,8.238473158917925e-08
2816,-0.13605405865285056,-5.284050234895138e-05,-3.7714847718961764e-05,8.299773052141626e-08
2817,-0.12728270494830807,-5.284503469234576e-05,-3.768998173895895e-05,8.290551171004048e-08
2818,-0.11422313387710041,-5.28517828480724e-05,-3.7652959057622596e-05,8.276820814644957e-08
2819,-0.1281111105759593,-5.28446066376958e-05,-3.76923301926263e-05,8.291422126444868e-08
2820,-0.12482185293675588,-5.284630626645681e-05,-3.768300545012521e-05,8.287963921018437e-08
2821,2.016679789155883,-5.3952865319154555e-05,-3.161204550465433e-05,6.036467257793364e-08
2822,0.08963774513930721,-5.295712206268941e-05,-3.7075032239065326e-05,8.062488927223645e-08
2823,-0.04034884378773173,-5.288995525142187e-05,-3.744353224826765e-05,8.199152082403855e-08
2824,0.10045574804157623,-5.2962711952904765e-05,-3.704436419706047e-05,8.051115273821265e-08
2825,-0.06995216254056251,-5.2874658592420544e-05,-3.752745493077671e-05,8.230275931241346e-08
2826,-0.058622497338861844,-5.288051286932033e-05,-3.749533637327297e-05,8.218364334772216e-08
2827,-0.12964609747425423,-5.2843813477594566e-05,-3.7696681739127214e-05,8.293035955644287e-08
2828,-0.14889434588144465,-5.283386750179717e-05,-3.775124875079801e-05,8.313272861472109e-08
2829,-0.09648550749680344,-5.286094825363598e-05,-3.760267452028346e-05,8.258172121679273e-08
2830,-0.09655860211100796,-5.286091048410272e-05,-3.760288173678392e-05,8.258248970688963e-08
2831,-0.15318256324810986,-5.283165168946574e-05,-3.776340545213189e-05,8.317781336694543e-08
2832,-0.10891159191157194,-5.285452743382777e-05,-3.763790132528622e-05,8.271236453289576e-08
2833,-0.07606774526234072,-5.2871498541882624e-05,-3.754479204461139e-05,8.236705631699925e-08
2834,-0.1181215133013415,-5.28497684732469e-05,-3.76640106042897e-05,8.280919428483694e-08
2835,-0.11534391796156973,-5.285120371530329e-05,-3.76561363772896e-05,8.27799916612352e-08
2836,-0.13992807320569012,-5.2838500563923907e-05,-3.772583019346308e-05,8.303846049644436e-08
2837,-0.11970522994243943,-5.2848950133438194e-05,-3.7668500295123985e-05,8.282584490355521e-08
2838,-0.13305717947046522,-5.2842050899634456e-05,-3.770635184245952e-05,8.296622242752477e-08
2839,-0.08113563851385415,-5.2868879854594424e-05,-3.755915905527887e-05,8.242033829690141e-08
2840,-0.0410310601869739,-5.2889602735803726e-05,-3.744546626893538e-05,8.199869339825548e-08
2841,-0.1356398558390249,-5.284071637625533e-05,-3.7713673492128335e-05,8.299337574420986e-08
2842,-0.13717484273731986,-5.2839923216181854e-05,-3.7718025038628384e-05,8.300951403619728e-08
2843,-0.1344703420117526,-5.284132068870499e-05,-3.771035802812787e-05,8.298107990268566e-08
2844,-0.11797532407293246,-5.284984401229953e-05,-3.766359617129009e-05,8.280765730464653e-08
2845,-0.03235716596803748,-5.289408471984622e-05,-3.742087657759923e-05,8.190749924034833e-08
2846,-0.05728242941177897,-5.288120531068247e-05,-3.749153740410566e-05,8.216955436265322e-08
2847,-0.06471371518923856,-5.2877365408642664e-05,-3.751260441494058e-05,8.224768418894808e-08
2848,-0.10301529303240728,-5.2857574175765926e-05,-3.762118586095227e-05,8.265037299859388e-08
2849,-0.14679896694091504,-5.283495022824194e-05,-3.7745308544465685e-05,8.311069856534269e-08
2850,-0.10430663121668714,-5.285690691410412e-05,-3.762484668578602e-05,8.266394965693135e-08
2851,-0.08990699221839661,-5.286434751118575e-05,-3.758402503528173e-05,8.25125571082658e-08
2852,-0.08398632846783044,-5.286740684299132e-05,-3.756724049878024e-05,8.245030941059959e-08
2853,-0.10067626537786262,-5.2858782800664e-05,-3.7614554932951915e-05,8.262578131555875e-08
2854,-0.051824698217841435,-5.288402543545599e-05,-3.747606523877139e-05,8.211217376891132e-08
2855,-0.10469646915911124,-5.2856705476598184e-05,-3.762595184045323e-05,8.266804827076832e-08
2856,-0.11877936482918221,-5.284942854748923e-05,-3.7665875552789476e-05,8.28161106956853e-08
2857,-0.15578960448807108,-5.2830304576247375e-05,-3.777079617396775e-05,8.3205222846991e-08
2858,-0.1263081100922478,-5.2845538286049184e-05,-3.76872188522932e-05,8.28952651754477e-08
2859,-0.0030218608006232516,-5.2909242890560656e-05,-3.733771368892447e-05,8.159907854899595e-08
2860,-0.14962529202348981,-5.283348980649236e-05,-3.7753320915799105e-05,8.314041351566634e-08
2861,-0.11198156570816178,-5.28529411136249e-05,-3.76466044182881e-05,8.274464111687955e-08
2862,-0.14190162778921214,-5.28374807866509e-05,-3.773142503896544e-05,8.305920972899961e-08
2863,-0.05077700874757663,-5.288456679868511e-05,-3.747309513560503e-05,8.21011587442215e-08
2864,-0.13144909795796575,-5.2842881829255064e-05,-3.770179307945901e-05,8.294931564544385e-08
2865,-0.055649983027878,-5.288204883012927e-05,-3.748690956893953e-05,8.21523914172024e-08
2866,-0.08537512613771632,-5.286668922194272e-05,-3.7571177612281114e-05,8.246491072239829e-08
2867,-0.08425434205324701,-5.2867268354711825e-05,-3.7568000292613674e-05,8.245312720761097e-08
2868,-0.14085393831894738,-5.283802214990104e-05,-3.772845493579668e-05,8.304819470430533e-08
2869,-0.11590431000380438,-5.285091414893199e-05,-3.765772503712231e-05,8.278588341863973e-08
2870,-0.12547970446459658,-5.2845966340713015e-05,-3.768487039862542e-05,8.288655562103951e-08
2871,-0.13293535511345764,-5.2842113848833145e-05,-3.7706006481628346e-05,8.296494161071613e-08
2872,1.6068382873111369,-5.374109157344806e-05,-3.277390842028191e-05,6.46735965391057e-08
2873,0.5735240911732328,-5.32071563406002e-05,-3.57032590089217e-05,7.553748484512097e-08
2874,0.0850815141872254,-5.295476776212012e-05,-3.7087948734230906e-05,8.067279182147726e-08
2875,2.2216370873853593,-5.4058771076164375e-05,-3.1031010438617894e-05,5.820982635221949e-08
2876,-0.09480433137009947,-5.286181695277638e-05,-3.759790854078288e-05,8.256404594461444e-08
2877,-0.13118108437254913,-5.2843020317479465e-05,-3.77010332856277e-05,8.294649784843368e-08
2878,-0.1301821246450874,-5.2843536501063344e-05,-3.769820132679321e-05,8.293599515047242e-08
2879,-0.027654745787546665,-5.289651455951304e-05,-3.74075456494308e-05,8.185805971092074e-08
2880,-0.09460941239888741,-5.286191767153608e-05,-3.759735596344995e-05,8.256199663770042e-08
2881,-0.052726198459697185,-5.2883559611265634e-05,-3.7478620908938566e-05,8.212165181341411e-08
2882,-0.13222877384281395,-5.2842478954257073e-05,-3.770400338879473e-05,8.295751287312458e-08
2883,-0.04458833141159391,-5.2887764618777104e-05,-3.745555080526881e-05,8.203609324953118e-08
2884,-0.13539620712500985,-5.284084227468129e-05,-3.771298277046243e-05,8.29908141105679e-08
2885,-0.13049886797330698,-5.284337283310413e-05,-3.7699099264960014e-05,8.293932527421127e-08
2886,-0.08866438377691974,-5.286498959314049e-05,-3.758050235478216e-05,8.249949277665704e-08
2887,-0.1316196520577763,-5.284279370032156e-05,-3.7702276584627406e-05,8.295110878900151e-08
2888,-0.11892555405759123,-5.284935300842272e-05,-3.766628998579083e-05,8.28176476758791e-08
2889,-0.1052568612013459,-5.28564159102273e-05,-3.762754050028589e-05,8.267394002816391e-08
2890,-0.05918288938109648,-5.288022330292863e-05,-3.749692503310693e-05,8.218953510511436e-08
2891,-0.11780476997312193,-5.2849932141206116e-05,-3.766311266612247e-05,8.28058641610947e-08
2892,-0.09831287285191646,-5.286000401542948e-05,-3.760785493278404e-05,8.260093346916266e-08
2893,-0.1263568398350508,-5.2845513106382916e-05,-3.768735699662531e-05,8.289577750218073e-08
2894,-0.11575812077539534,-5.2850989687984625e-05,-3.765731060412269e-05,8.278434643844594e-08
2895,-0.11220084955077536,-5.285282780503901e-05,-3.764722606778774e-05,8.274694658716346e-08
2896,-0.1126881469788055,-5.28525760081875e-05,-3.764860751112081e-05,8.275206985445876e-08
2897,-0.044247223211972816,-5.288794087657577e-05,-3.7454583794935385e-05,8.203250696242483e-08
2898,-0.05396880690117404,-5.2882917529297216e-05,-3.748214358943854e-05,8.213471614502348e-08
2899,-0.05689259146935486,-5.288140674816779e-05,-3.749043224943908e-05,8.216545574881347e-08
2900,-0.07631139397635579,-5.287137264347054e-05,-3.7545482766277726e-05,8.236961795064968e-08
2901,-0.09570583161195521,-5.286135112859275e-05,-3.760046421095073e-05,8.25735239891217e-08
2902,-0.03077344932693953,-5.289490305962718e-05,-3.7416386886765486e-05,8.189084862162837e-08
2903,-0.12111839248372686,-5.284821992257728e-05,-3.767250648079069e-05,8.284070237872043e-08
2904,-0.10157776561971836,-5.285831697648037e-05,-3.76171106031189e-05,8.263525936006263e-08
2905,-0.10730351039907249,-5.28553583634345e-05,-3.763334256228702e-05,8.269545775081823e-08
2906,-0.08033159775760441,-5.2869295319404725e-05,-3.755687967377904e-05,8.241188490585756e-08
2907,-0.10082245460627166,-5.2858707261611366e-05,-3.7614969365951966e-05,8.262731829574577e-08
2908,-0.10608526682899713,-5.285598785557693e-05,-3.762988895395285e-05,8.26826495825675e-08
2909,-0.06610251285912443,-5.2876647787580196e-05,-3.751654152844232e-05,8.226228550074848e-08
2910,-0.06108334935041402,-5.287924129519561e-05,-3.750231266210734e-05,8.220951584757887e-08
2911,-0.1023330766331651,-5.2857926691363666e-05,-3.761925184028492e-05,8.264320042437393e-08
2912,-0.08837200532010167,-5.28651406712731e-05,-3.757967348878211e-05,8.249641881628178e-08
2913,-0.06729639155779828,-5.287603088529129e-05,-3.751992606460874e-05,8.227483750562808e-08
2914,-0.07891843521631701,-5.287002553027952e-05,-3.7552873488112335e-05,8.239702743069743e-08
2915,-0.1127368767216085,-5.2852550828494316e-05,-3.764874565545499e-05,8.275258218119085e-08
2916,-0.10225998201896055,-5.285796446088304e-05,-3.76190446237862e-05,8.264243193428042e-08
2917,-0.06588322901651088,-5.2876761096173024e-05,-3.7515919878942254e-05,8.225998003046795e-08
2918,0.03216101350315259,-5.2927422623562404e-05,-3.723797348024702e-05,8.122917865006356e-08
2919,-0.10389242840286152,-5.285712094140849e-05,-3.762367245895298e-05,8.265959487972617e-08
2920,-0.08608170740836,-5.286632411649145e-05,-3.757318070511469e-05,8.24723394599792e-08
2921,-0.07080493303961526,-5.287421794793052e-05,-3.7529872456609466e-05,8.23117250301797e-08
2922,-0.07865042163090043,-5.2870164018531254e-05,-3.7552113694279335e-05,8.239420963368096e-08
2923,-0.09848342695172699,-5.285991588649556e-05,-3.760833843795161e-05,8.260272661271911e-08
2924,-0.08864001890551824,-5.286500218299403e-05,-3.7580433282615064e-05,8.249923661329439e-08
2925,-0.04899837313526665,-5.2885485857219236e-05,-3.746805286743712e-05,8.208245881858111e-08
2926,-0.0877872484064655,-5.286544282751139e-05,-3.757801575678106e-05,8.249027089552523e-08
2927,-0.07838240804548388,-5.287030250683808e-05,-3.755135390044465e-05,8.239139183666496e-08
2928,-0.09034555990362372,-5.286412089400009e-05,-3.758526833428273e-05,8.251716804883703e-08
2929,-0.07650631294756785,-5.2871271924710846e-05,-3.7546035343611524e-05,8.237166725756709e-08
2930,-0.034087071837544454,-5.2893190840998755e-05,-3.742578070143334e-05,8.192568683925701e-08
2931,-0.08459545025286812,-5.286709209691337e-05,-3.756896730294752e-05,8.245671349472047e-08
2932,-0.1120302954509648,-5.2852915933931295e-05,-3.764674256262147e-05,8.27451534436104e-08
2933,-0.11936412174281835,-5.284912639125094e-05,-3.7667533284790964e-05,8.282225861645371e-08
2934,-0.08776288353506399,-5.286545541735105e-05,-3.757794668461483e-05,8.249001473216088e-08
2935,-0.11566066128978933,-5.285104004735795e-05,-3.765703431545596e-05,8.278332178497744e-08
2936,-0.08820145122029113,-5.286522880019314e-05,-3.757918998361367e-05,8.249462567272533e-08
2937,-0.07523933963468948,-5.2871926596546455e-05,-3.754244359094491e-05,8.235834676259614e-08
2938,-0.0467324400949265,-5.288665671259751e-05,-3.746162915593684e-05,8.205863562564505e-08
2939,-0.09219729013013822,-5.2863164065939645e-05,-3.7590517818950016e-05,8.253663646457177e-08
2940,-0.12572335317861164,-5.284584044230093e-05,-3.768556112029133e-05,8.288911725469163e-08
2941,-0.06819789179965402,-5.2875565061107664e-05,-3.752248173477616e-05,8.228431555013534e-08
2942,-0.07104858175363032,-5.2874092049518434e-05,-3.753056317827602e-05,8.231428666383012e-08
2943,-0.11590431000380438,-5.285091414893199e-05,-3.765772503712231e-05,8.278588341863973e-08
2944,-0.12111839248372686,-5.284821992257728e-05,-3.767250648079069e-05,8.284070237872043e-08
2945,-0.0767012319187799,-5.287117120596461e-05,-3.754658792094537e-05,8.237371656449006e-08
2946,0.07082806441734392,-5.294740270406379e-05,-3.7128355951735976e-05,8.082264738994682e-08
2947,-0.13125417898675368,-5.284298254796009e-05,-3.7701240502127725e-05,8.294726633853397e-08
2948,-0.1238472580806956,-5.2846809860173696e-05,-3.768024256345908e-05,8.286939267559037e-08
2949,-0.11943721635702288,-5.2849088621731564e-05,-3.766774050129012e-05,8.282302710654722e-08
2950,-0.12745325904811863,-5.284494656345347e-05,-3.769046524412522e-05,8.290730485360032e-08
2951,-0.12833039441857289,-5.284449332910991e-05,-3.769295184212637e-05,8.291652673473937e-08
2952,-0.11215211980797232,-5.285285298470485e-05,-3.764708792345568e-05,8.27464342604326e-08
2953,-0.1262350154780433,-5.28455760555959e-05,-3.7687011635791926e-05,8.289449668535298e-08
2954,-0.11702509408827369,-5.285033501614901e-05,-3.7660902356790175e-05,8.279766693341857e-08
2955,-0.0652984721028747,-5.2877063252404374e-05,-3.75142621469412e-05,8.225383210970801e-08
2956,-0.1280623808331563,-5.284463181737552e-05,-3.76921920482925e-05,8.29137089377212e-08
2957,-0.08045342211461196,-5.2869232370191744e-05,-3.7557225034612865e-05,8.241316572268532e-08
2958,2.72533207386871,-5.431904089652738e-05,-2.960308153697034e-05,5.291416110949632e-08
2959,-0.10011587333562795,-5.2859072367048345e-05,-3.7612966273119303e-05,8.261988955817042e-08
2960,-0.05881741631007389,-5.288041215056736e-05,-3.749588895060701e-05,8.218569265464064e-08
2961,0.0057738577753206925,-5.291378782382789e-05,-3.731277863675424e-05,8.150660357426078e-08
2962,0.04580534148799641,-5.2934472935520185e-05,-3.7199293066909744e-05,8.108572716570957e-08
2963,0.34132686671687273,-5.3087175138708124e-05,-3.636151675732753e-05,7.797872171271245e-08
2964,0.0010714375948299027,-5.291135798414154e-05,-3.732610956492364e-05,8.155604310369158e-08
2965,-0.08476600435267864,-5.286700396800679e-05,-3.7569450808114274e-05,8.2458506638274e-08
2966,-0.06256960650590593,-5.287847331478083e-05,-3.75065260642747e-05,8.22251418128382e-08
2967,-0.12584517753561916,-5.284577749307449e-05,-3.76859064811251e-05,8.289039807151384e-08
2968,0.05898673691621162,-5.294128404046612e-05,-3.716192502474007e-05,8.094714278529501e-08
2969,-0.04324826348451104,-5.288845706012558e-05,-3.7451751836101694e-05,8.202200426446201e-08
2970,-0.08759232943525344,-5.286554354624375e-05,-3.757746317944808e-05,8.248822158860567e-08
2971,-0.03428199080875652,-5.289309012226661e-05,-3.74263332787664e-05,8.192773614617466e-08
2972,-0.10252799560437714,-5.285782597261743e-05,-3.7619804417618766e-05,8.264524973129519e-08
2973,-0.13800324836497108,-5.28394951615176e-05,-3.7720373492295344e-05,8.301822359060764e-08
2974,-0.024682231476562826,-5.2898050520325344e-05,-3.7399118845097153e-05,8.182680778040321e-08
2975,-0.05055772490496309,-5.288468010729182e-05,-3.747247348610366e-05,8.20988532739342e-08
2976,-0.10152903587691535,-5.285834215617397e-05,-3.76169724587851e-05,8.263474703333177e-08
2977,-0.08011231391499085,-5.2869408627990614e-05,-3.7556258024278976e-05,8.240957943557873e-08
2978,-0.10874103781176138,-5.285461556272006e-05,-3.7637417820120386e-05,8.271057138934609e-08
2979,-0.1023574415045666,-5.28579141015236e-05,-3.761932091245206e-05,8.264345658774213e-08
2980,-0.09114960065987346,-5.286370542918979e-05,-3.7587547715782984e-05,8.252562143988258e-08
2981,-0.11583121538959987,-5.285095191845179e-05,-3.765751782062267e-05,8.27851149285305e-08
2982,-0.09543781802653864,-5.286148961685836e-05,-3.75997044171173e-05,8.257070619210862e-08
2983,-0.12014379762766657,-5.2848723516294165e-05,-3.766974359412369e-05,8.283045584412644e-08
2984,-0.12106966274092382,-5.284824510224355e-05,-3.767236833645815e-05,8.284019005198741e-08
2985,-0.13434851765474506,-5.284138363793143e-05,-3.771001266729453e-05,8.297979908587362e-08
2986,-0.0756291775771136,-5.28717251590544e-05,-3.754354874561125e-05,8.236244537642973e-08
2987,-0.039642262517088016,-5.289032035685232e-05,-3.7441529155434506e-05,8.198409208645508e-08
2988,-0.07636012371915879,-5.28713474637496e-05,-3.754562091061235e-05,8.237013027737838e-08
2989,-0.1320338548716019,-5.284257967298902e-05,-3.7703450811461364e-05,8.295546356621225e-08
2990,-0.12206862246838562,-5.2847728918714346e-05,-3.767520029529013e-05,8.28506927499564e-08
2991,-0.10725478065626946,-5.285538354311422e-05,-3.763320441795365e-05,8.269494542408737e-08
2992,-0.10494011787312632,-5.285657957818611e-05,-3.762664256211957e-05,8.267060990441706e-08
2993,-0.13417796355493453,-5.284147176681026e-05,-3.7709529162128647e-05,8.2978005942315e-08
2994,-0.06758877001461634,-5.287587980717215e-05,-3.7520754930609054e-05,8.227791146601229e-08
2995,-0.10942325421100357,-5.285426304710886e-05,-3.7639351840787255e-05,8.271774396356388e-08
2996,-0.12691723187728546,-5.28452235399847e-05,-3.768894565645922e-05,8.290166925957076e-08
2997,-0.11907174328600026,-5.284927746937009e-05,-3.766670441879e-05,8.28191846560695e-08
2998,-0.11341909312085069,-5.2852198312896576e-05,-3.7650679676121476e-05,8.275975475540402e-08
2999,-0.09319624985760003,-5.2862647882410864e-05,-3.759334977778281e-05,8.254713916253012e-08
3000,-0.1255771639502026,-5.284591598133969e-05,-3.768514668729215e-05,8.288758027450462e-08
3001,-0.09256276320116084,-5.2862975218315e-05,-3.75915539014497e-05,8.25404789150478e-08
3002,-0.12718524546270207,-5.284508505173296e-05,-3.768970545029179e-05,8.290448705658554e-08
3003,-0.1348601799541767,-5.28411192512672e-05,-3.771146318279435e-05,8.298517851654268e-08
3004,-0.12148386555474945,-5.28480310749253e-05,-3.76735425632912e-05,8.284454482918582e-08
3005,-0.0053365235837664,-5.290804685549518e-05,-3.734427554475846e-05,8.162341406866214e-08
3006,-0.14007426243409915,-5.283842502488515e-05,-3.772624462646269e-05,8.3039997476628e-08
3007,-0.1059147127291866,-5.2856075984469635e-05,-3.76294054487861e-05,8.268085643901566e-08
3008,-0.08734868072123839,-5.286566944468359e-05,-3.757677245778087e-05,8.248565995495185e-08
3009,-0.0974357374814622,-5.286045724974528e-05,-3.760536833478463e-05,8.259171158802699e-08
3010,-0.09972603539320385,-5.285927380452693e-05,-3.7611861118452053e-05,8.261579094433295e-08
3011,-0.1042091717310811,-5.285695727344969e-05,-3.762457039711973e-05,8.266292500347302e-08
3012,-0.10637764528581521,-5.2855836777457784e-05,-3.763071781995338e-05,8.268572354294831e-08
3013,-0.07221809558090264,-5.2873487737041856e-05,-3.753387864227769e-05,8.23265825053483e-08
3014,-0.11468606643372904,-5.285154364106096e-05,-3.765427142878896e-05,8.277307525038683e-08
3015,-0.13001157054527684,-5.2843624629942166e-05,-3.7697717821626895e-05,8.293420200691042e-08
3016,-0.09802049439509837,-5.286015509352087e-05,-3.760702606678438e-05,8.259785950878354e-08
3017,-0.0959494803259703,-5.286122523016721e-05,-3.7601154932617464e-05,8.257608562276827e-08
3018,-0.06936740562692635,-5.287496074865884e-05,-3.752579719877631e-05,8.229661139165352e-08
3019,-0.12608882624963424,-5.284565159464853e-05,-3.7686597202791876e-05,8.289295970516256e-08
3020,-0.1177804051017204,-5.284994473103189e-05,-3.7663043593956246e-05,8.280560799772527e-08
3021,-0.10857048371195084,-5.285470369162622e-05,-3.763693431495325e-05,8.270877824578964e-08
3022,-0.14721316975474066,-5.283473620096408e-05,-3.774648277129757e-05,8.31150533425476e-08
3023,-0.11763421587331138,-5.28500202700984e-05,-3.76626291609562e-05,8.280407101753825e-08
3024,-0.12165441965455999,-5.2847942946032594e-05,-3.767402606845752e-05,8.28463379727546e-08
3025,-0.10944761908240506,-5.2854250457255324e-05,-3.763942091295434e-05,8.271800012692993e-08
3026,-0.08768978892085948,-5.286549318687084e-05,-3.757773946811563e-05,8.248924624206352e-08
3027,-0.14065901934773534,-5.2838122868646855e-05,-3.772790235846375e-05,8.304614539738625e-08
3028,-0.08522893690930729,-5.2866764760995354e-05,-3.757076317928107e-05,8.246337374220449e-08
3029,-0.07689615088999195,-5.2871070487232664e-05,-3.75471404982783e-05,8.237576587140575e-08
3030,-0.1027229145755892,-5.285772525388507e-05,-3.762035699495218e-05,8.264729903821646e-08
3031,-0.1170981887024782,-5.285029724661575e-05,-3.7661109573290204e-05,8.279843542351547e-08
3032,-0.11249322800759343,-5.285267672690598e-05,-3.76480549337887e-05,8.275002054754428e-08
3033,-0.09041865451782825,-5.286408312449459e-05,-3.758547555078145e-05,8.251793653893054e-08
3034,-0.09149070885949455,-5.28635291714048e-05,-3.758851472611601e-05,8.252920772698747e-08
3035,-0.10995928138183672,-5.285398607055029e-05,-3.764087142845494e-05,8.272337955758788e-08
3036,-0.07904025957332454,-5.2869962581066536e-05,-3.755321884894616e-05,8.239830824752349e-08
3037,-0.0728272173659403,-5.287317299096391e-05,-3.753560544644432e-05,8.23329865894692e-08
3038,-0.1062558209288077,-5.285589972668464e-05,-3.7630372459119554e-05,8.268444272612395e-08
3039,-0.09390283112824371,-5.286228277694613e-05,-3.759535287061677e-05,8.255456790011734e-08
3040,-0.13159528718637478,-5.284280629014775e-05,-3.770220751246113e-05,8.295085262562992e-08
3041,-0.13183893590038984,-5.284268039173567e-05,-3.770289823412791e-05,8.295341425929221e-08
3042,-0.11332163363524467,-5.2852248672269484e-05,-3.7650403387454794e-05,8.275873010195464e-08
3043,-0.15040496790833804,-5.283308693150742e-05,-3.775553122513448e-05,8.314861074336157e-08
3044,-0.12265337938202177,-5.2847426762448714e-05,-3.7676858027292e-05,8.285684067070908e-08
3045,-0.13549366661061588,-5.284079191532184e-05,-3.771325905912872e-05,8.299183876402285e-08
3046,-0.14699388591212711,-5.28348495095508e-05,-3.7745861121798277e-05,8.311274787226612e-08
3047,2.1318525362708067,-5.4012377505743e-05,-3.128554137280861e-05,5.915378835207529e-08
3048,-0.07226682532370565,-5.2873462557362544e-05,-3.7534016786610144e-05,8.232709483207022e-08
3049,-0.05962145706632361,-5.287999668575685e-05,-3.7498168332107075e-05,8.219414604568557e-08
3050,0.3306306881716113,-5.308164819770575e-05,-3.639183943849856e-05,7.809117742992374e-08
3051,0.15749391199250373,-5.2992184774859994e-05,-3.688266625487902e-05,7.991147430096353e-08
3052,0.06510231963798982,-5.294444409101792e-05,-3.714458791090388e-05,8.088284578070073e-08
3053,0.056477155161856404,-5.2939987286661885e-05,-3.716903945790669e-05,8.09735276118798e-08
3054,-0.12343305526687,-5.284702388750582e-05,-3.7679068336624726e-05,8.286503789838858e-08
3055,-0.12116712222652987,-5.28481947428841e-05,-3.767264462512401e-05,8.28412147054593e-08
3056,-0.13503073405398727,-5.284103112236145e-05,-3.7711946687960146e-05,8.298697166007663e-08
3057,-0.13108362488694317,-5.2843070676893586e-05,-3.770075699695976e-05,8.29454731949729e-08
3058,-0.051970887446250474,-5.288394989640315e-05,-3.7476479671771675e-05,8.21137107491028e-08
3059,-0.12679540752027793,-5.2845286489183796e-05,-3.7688600295626706e-05,8.290038844274301e-08
3060,-0.11466170156232755,-5.285155623091449e-05,-3.765420235662143e-05,8.277281908701402e-08
3061,-0.10898468652577643,-5.285448966426676e-05,-3.763810854178798e-05,8.271313302299604e-08
3062,-0.09585202084036427,-5.286127558955399e-05,-3.7600878643949914e-05,8.257506096930872e-08
3063,-0.0767255967901814,-5.287115861611107e-05,-3.754665699311246e-05,8.23739727278527e-08
3064,-0.09784994029528783,-5.286024322245479e-05,-3.760654256161681e-05,8.259606636523048e-08
3065,-0.1255527990788011,-5.284592857117976e-05,-3.768507761512544e-05,8.288732411113302e-08
3066,-0.05138613053261431,-5.2884252052627566e-05,-3.747482193977127e-05,8.210756282834456e-08
3067,-0.06113207909321704,-5.2879216115509155e-05,-3.750245080644068e-05,8.221002817431034e-08
3068,-0.05628346968431719,-5.288172149423901e-05,-3.7488705445272216e-05,8.21590516646881e-08
3069,-0.10394115814566454,-5.2857095761742644e-05,-3.7623810603285906e-05,8.26601072064638e-08
3070,-0.05357896895874992,-5.288311896676867e-05,-3.748103843477218e-05,8.213061753118542e-08
3071,-0.00594564536880407,-5.2907732109425695e-05,-3.7346002348925326e-05,8.162981815278539e-08
3072,-0.10362441481744496,-5.285725942970144e-05,-3.762291266511916e-05,8.265677708271694e-08
3073,0.019320726274558497,-5.2920787776411556e-05,-3.727437451208414e-05,8.136417674337062e-08
3074,-0.06690655361537418,-5.2876232322783766e-05,-3.7518820909941703e-05,8.227073889179063e-08
3075,-0.1298653813168678,-5.2843700169022555e-05,-3.769730338862642e-05,8.293266502672678e-08
3076,-0.055552523542271984,-5.288209918950933e-05,-3.748663328027239e-05,8.215136676374176e-08
3077,-0.0685146351278736,-5.287540139314887e-05,-3.7523379672942696e-05,8.228764567387882e-08
3078,-0.08196404414150536,-5.286845179991671e-05,-3.7561507508947514e-05,8.24290478513096e-08
3079,-0.0756291775771136,-5.28717251590544e-05,-3.754354874561125e-05,8.236244537642973e-08
3080,-0.1110069708521015,-5.285344470731403e-05,-3.764384153162153e-05,8.273439458228216e-08
3081,-0.12279956861043081,-5.284735122340996e-05,-3.767727246029118e-05,8.285837765089609e-08
3082,-0.057452983511589506,-5.2881117181776094e-05,-3.749202090927282e-05,8.217134750620567e-08
3083,-0.11453987720532001,-5.285161918011359e-05,-3.765385699578935e-05,8.277153827019304e-08
3084,-0.11968086507103794,-5.28489627233056e-05,-3.766843122295689e-05,8.282558874019257e-08
3085,-0.004897955898539288,-5.290827347267568e-05,-3.7343032245757786e-05,8.16188031280933e-08
3086,-0.10243053611877109,-5.2857876331976466e-05,-3.7619528128953385e-05,8.264422507783564e-08
3087,-0.0649817287746551,-5.2877226920342775e-05,-3.751336420877549e-05,8.225050198596238e-08
3088,-0.08985826247559359,-5.286437269087894e-05,-3.758388689094884e-05,8.25120447815422e-08
3089,-0.11263941723600246,-5.285260118783947e-05,-3.764846936678918e-05,8.27515575277313e-08
3090,-0.06532283697427622,-5.2877050662550844e-05,-3.751433121910851e-05,8.225408827307406e-08
3091,-0.04000773558811063,-5.28901315092138e-05,-3.7442565237934405e-05,8.198793453692941e-08
3092,0.023682038255428205,-5.292304135828308e-05,-3.7262010594248945e-05,8.131832350105119e-08
3093,-0.11975395968524245,-5.284892495375888e-05,-3.766863843945687e-05,8.282635723028391e-08
3094,-0.11497844489054714,-5.285139256295528e-05,-3.76551002947891e-05,8.277614921076304e-08
3095,-0.0805752464716195,-5.286916942099265e-05,-3.7557570395444954e-05,8.24144465395046e-08
3096,-0.020783852052321732,-5.290006489517155e-05,-3.73880672984293e-05,8.178582164201512e-08
3097,-0.11726874280228876,-5.2850209117723054e-05,-3.7661593078456955e-05,8.280022856706731e-08
3098,-0.0577940917112106,-5.2880940923970495e-05,-3.749298791960647e-05,8.217493379331457e-08
3099,-0.08988262734699509,-5.2864360101011524e-05,-3.7583955963115934e-05,8.251230094490994e-08
3100,-0.06831971615666155,-5.28755021118951e-05,-3.75228270956095e-05,8.228559636695924e-08
3101,-0.044174128597768286,-5.288797864608841e-05,-3.745437657843577e-05,8.203173847232769e-08
3102,-0.10303965790380877,-5.2857561585912395e-05,-3.762125493311936e-05,8.265062916195653e-08
3103,-0.1216787845259615,-5.284793035617906e-05,-3.7674095140625046e-05,8.284659413611724e-08
3104,0.00981842642797084,-5.2915877737715325e-05,-3.730131265708714e-05,8.146408045568675e-08
3105,-0.11943721635702288,-5.2849088621731564e-05,-3.766774050129012e-05,8.282302710654722e-08
3106,-0.06953795972673689,-5.287487261975267e-05,-3.752628070394302e-05,8.229840453520488e-08
3107,-0.009892754535848189,-5.2905692554904445e-05,-3.735719203992576e-05,8.167131661789984e-08
3108,-0.08376704462521688,-5.286752015156333e-05,-3.756661884928061e-05,8.244800394031227e-08
3109,-0.10155340074831685,-5.28583295663339e-05,-3.761704153095224e-05,8.263500319669658e-08
3110,0.04137093489292218,-5.293218158412918e-05,-3.721186420124476e-05,8.113234889812517e-08
3111,-0.12911007030342106,-5.284409045413884e-05,-3.769516215146044e-05,8.292472396242443e-08
3112,-0.0916612629593051,-5.286344104249863e-05,-3.7588998231282716e-05,8.253100087054392e-08
3113,-0.09609566955437933,-5.2861149691100696e-05,-3.760156936561794e-05,8.257762260295698e-08
3114,-0.12189806836857504,-5.2847817047592754e-05,-3.767471679012516e-05,8.284889960640671e-08
3115,-0.10905778113998098,-5.285445189476126e-05,-3.763831575828714e-05,8.271390151309295e-08
3116,-0.09482869624150098,-5.286180436293631e-05,-3.7597977612950024e-05,8.256430210798264e-08
3117,-0.13101053027273857,-5.284310844638521e-05,-3.7700549780461474e-05,8.294470470488278e-08
3118,-0.11017856522445028,-5.285387276197786e-05,-3.7641493077954187e-05,8.272568502787397e-08
3119,-0.13717484273731986,-5.2839923216181854e-05,-3.7718025038628384e-05,8.300951403619728e-08
3120,51.176511302148924,-7.935478681715037e-05,0.00010775154972889234,-4.56483852959546e-07
3121,0.24891090949095732,-5.303942186506762e-05,-3.662350748551757e-05,7.895034935582972e-08
3122,0.24703481439304129,-5.3038452447180974e-05,-3.662882604235156e-05,7.897007393492082e-08
3123,0.19623405752089956,-5.301220262490851e-05,-3.6772841509867193e-05,7.950417455075497e-08
3124,0.046511922758640134,-5.2934838040950435e-05,-3.719728997407728e-05,8.107829842812973e-08
3125,0.02692256615182862,-5.292471580736457e-05,-3.725282399608174e-05,8.128425377351793e-08
3126,0.08332724344631692,-5.2953861293433004e-05,-3.709292193023233e-05,8.069123558374351e-08
3127,0.08254756756146872,-5.295345841844848e-05,-3.709513223956635e-05,8.069943281142979e-08
3128,0.020051672416603706,-5.292116547169218e-05,-3.7272302347084114e-05,8.13564918424244e-08
3129,0.19696500366294478,-5.301258032018556e-05,-3.677076934486696e-05,7.94964896498097e-08
3130,0.4844217564579223,-5.3161115285478756e-05,-3.595585592244989e-05,7.647427427058567e-08
3131,0.5092739252874594,-5.3173956924955556e-05,-3.5885402312452266e-05,7.621298763840427e-08
3132,0.8175870080021267,-5.333326879569702e-05,-3.501136311535799e-05,7.29714964187776e-08
3133,-0.10484265838752028,-5.285662993754555e-05,-3.762636627345285e-05,8.266958525095872e-08
3134,-0.14845577819621747,-5.283409411894119e-05,-3.775000545180047e-05,8.312811767415326e-08
3135,-0.11224957929357836,-5.2852802625345406e-05,-3.7647364212121536e-05,8.274745891389431e-08
3136,-0.11865754047217467,-5.284949149670221e-05,-3.766553019195609e-05,8.281482987886432e-08
3137,-0.14477668261458998,-5.283599518522201e-05,-3.7739575554630444e-05,8.308943700605197e-08
3138,-0.04522181806803308,-5.28874372828593e-05,-3.745734668160256e-05,8.204275349702004e-08
3139,-0.10978872728202618,-5.285407419947033e-05,-3.7640387923287804e-05,8.272158641403821e-08
3140,-0.13578604506743394,-5.2840640837216574e-05,-3.7714087925127945e-05,8.299491272440027e-08
3141,-0.09051611400343429,-5.2864032765121265e-05,-3.7585751839448615e-05,8.251896119239396e-08
3142,-0.1404884652479248,-5.283821099755344e-05,-3.772741885329656e-05,8.304435225383102e-08
3143,-0.09088158707445687,-5.2863843917469284e-05,-3.758678792194955e-05,8.252280364286611e-08
3144,-0.09955548129339331,-5.285936193346086e-05,-3.761137761328404e-05,8.261399780077312e-08
3145,-0.13181457102898836,-5.284269298161654e-05,-3.7702829161959564e-05,8.295315809592494e-08
3146,-0.11644033717463752,-5.285063717237343e-05,-3.7659244624789995e-05,8.279151901265694e-08
3147,-0.10547614504395945,-5.2856302601627536e-05,-3.762816214978726e-05,8.267624549845121e-08
3148,-0.12116712222652987,-5.28481947428841e-05,-3.767264462512401e-05,8.28412147054593e-08
3149,-0.13235059819982148,-5.28424160050298e-05,-3.77043487496286e-05,8.295879368995789e-08
3150,-0.10698676707085289,-5.2855522031379836e-05,-3.763244462412065e-05,8.26921276270726e-08
3151,-0.11083641675229096,-5.285353283622019e-05,-3.764335802645526e-05,8.27326014387291e-08
3152,-0.1445817636433779,-5.283609590394091e-05,-3.773902297729872e-05,8.308738769912515e-08
3153,-0.12976792183126176,-5.284375052839505e-05,-3.7697027099959783e-05,8.293164037327279e-08
3154,-0.09923873796517371,-5.285952560139232e-05,-3.761047967511855e-05,8.261066767703087e-08
3155,-0.12126458171213589,-5.284814438352465e-05,-3.767292091379031e-05,8.284223935891084e-08
3156,-0.13559112609622193,-5.284074155599015e-05,-3.771353534779458e-05,8.299286341747778e-08
3157,-0.10267418483278618,-5.285775043356438e-05,-3.7620218850618856e-05,8.264678671148437e-08
3158,-0.137710869908153,-5.283964623965063e-05,-3.771954462629482e-05,8.301514963023361e-08
3159,-0.13295971998485917,-5.284210125899307e-05,-3.7706075553794186e-05,8.296519777408094e-08
3160,-0.1180727835585385,-5.2849793652912746e-05,-3.766387245995677e-05,8.280868195810608e-08
3161,-0.13680936966629725,-5.284011206383426e-05,-3.77169889561287e-05,8.300567158572973e-08
3162,-0.0902481004180177,-5.286417125338688e-05,-3.758499204561518e-05,8.251614339537579e-08
3163,-0.11110443033770756,-5.2853394347968455e-05,-3.764411782028783e-05,8.273541923574726e-08
3164,-0.13566422071042641,-5.284070378638834e-05,-3.7713742564297116e-05,8.299363190758051e-08
3165,-0.11495408001914562,-5.285140515278147e-05,-3.765503122262326e-05,8.277589304739484e-08
3166,-0.10113919793449125,-5.2858543593666026e-05,-3.761586730411789e-05,8.26306484194914e-08
3167,-0.13727230222292583,-5.2839872856794655e-05,-3.771830132729685e-05,8.301053868967594e-08
3168,-0.14063465447633383,-5.283813545851468e-05,-3.772783328629574e-05,8.304588923402142e-08
3169,-0.08077016544283155,-5.2869068702246825e-05,-3.755812297277875e-05,8.241649584642879e-08
3170,-0.14180416830360615,-5.28375311460381e-05,-3.7731148750297414e-05,8.30581850755413e-08
3171,-0.13108362488694317,-5.2843070676893586e-05,-3.770075699695976e-05,8.29454731949729e-08
3172,-0.14297368213087847,-5.2836926833589274e-05,-3.773446421429735e-05,8.307048091705439e-08
3173,-0.12292139296743836,-5.2847288274210855e-05,-3.767761782112457e-05,8.285965846772384e-08
3174,-0.13941641090625845,-5.283876495064282e-05,-3.7724379677963785e-05,8.303308106577964e-08
3175,-0.10532995581555041,-5.285637814069405e-05,-3.7627747716786345e-05,8.267470851825403e-08
3176,-0.1231406768100519,-5.284717496559721e-05,-3.7678239470625506e-05,8.286196393801116e-08
3177,-0.10608526682899713,-5.285598785557693e-05,-3.762988895395285e-05,8.26826495825675e-08
3178,-0.11987578404225,-5.28488620045459e-05,-3.766898380029069e-05,8.282763804711166e-08
3179,0.0011932619518374367,-5.291142093335549e-05,-3.732576420409027e-05,8.155476228686697e-08
3180,-0.09731391312445467,-5.286052019897173e-05,-3.760502297395129e-05,8.25904307712048e-08
