,z1,z2,z3,z4
0,0.6745686571450231,1.1894136794316286,-0.1449164676041704,0.02257298949975468
1,-0.04710943551529923,-0.06950174836136971,-0.025588231557646692,0.003985764294543365
2,-0.01740152120494623,-0.025711593218189034,-0.00935005361397648,0.001456415999780839
3,0.22689616939856921,0.33438887229717607,0.12418168240106643,-0.019343224819402705
4,0.16438038450200032,0.24223915451761327,0.09001090794569092,-0.014020596233902425
5,0.0074450980364399125,0.01091290017428934,0.004230967938911334,-0.000659038937656909
6,0.232180185777881,0.3421776350696786,0.12706989586930814,-0.01979310890345138
7,0.08978181548473843,0.13227913253159482,0.049235752026269224,-0.007669232709544198
8,0.30009740963996867,0.4422891992389105,0.164193066314442,-0.025575618997090287
9,0.011496177260578958,0.01688428496654125,0.0064452649312299985,-0.00100395006876089
10,-0.05717255115323302,-0.08433501435255776,-0.031088673651609278,0.004842543539053835
11,-0.06702430613599435,-0.09885672983284574,-0.03647358720684221,0.005681327420202357
12,-0.06191642363599295,-0.09132759248609335,-0.03368164752087519,0.005246439472288642
13,-0.06381866953254518,-0.0941315470841942,-0.034721404369442224,0.005408397742546164
14,-0.0342751468428819,-0.050583709005046974,-0.01857308195589509,0.002893045841509595
15,-0.05798276699806084,-0.08552929131100817,-0.031531533050073016,0.00491152576527463
16,-0.025315803515293233,-0.037377429015226095,-0.01367595556418744,0.0021302423834448484
17,-0.07100493180840924,-0.10472426445479761,-0.03864937468625098,0.0060202400968523565
18,-0.06417093729116598,-0.0946507979356944,-0.03491395193399168,0.005438390014816074
19,-0.070593952756685,-0.10411847179471409,-0.038424735860943304,0.005985249112537457
20,-0.06302019594633808,-0.09295457848746054,-0.034284963223130134,0.005340415258734363
21,-0.07911883251530803,-0.1166843424010181,-0.04308438692303997,0.006711062101469315
22,-0.0448549218601262,-0.06617854291176864,-0.024355927144530207,0.0037938137520159326
23,-0.06806936715323601,-0.10039717402562956,-0.037044811648338914,0.005770304494603094
24,-0.06006114677392348,-0.08859287133485913,-0.03266756368091477,0.005088480171667107
25,-0.05733694277392273,-0.08457733141659118,-0.031178529181732376,0.004856539932779793
26,-0.05691422146357778,-0.08395423039479098,-0.03094747210427303,0.004820549206055898
27,-0.04514847832564351,-0.06661125195468544,-0.02451638344832142,0.0038188073122408595
28,-0.0704060766187539,-0.10384153800724732,-0.03832204382651693,0.005969253233993507
29,-0.06307890723944155,-0.0930411202960439,-0.03431705448388837,0.005345413970779348
30,-0.030376716980811867,-0.044837332915111806,-0.01644222224154787,0.0025611313617225745
31,-0.05725474696357787,-0.08445617288457448,-0.031133601416670827,0.0048495417359168125
32,-0.06222172236013096,-0.09177760989072681,-0.03384852207681806,0.005272432774922564
33,-0.0680811094118567,-0.10041448238734622,-0.037051229900490555,0.005771304237012091
34,-0.057454365360129656,-0.08475041503375791,-0.031242711703248823,0.004866537356869765
35,-0.0015025030325280652,-0.0022760714538148756,-0.000659740200644677,0.0001027647779988396
36,-0.07477419682565166,-0.11028024856584939,-0.04070963362693009,0.006341157410140407
37,-0.019796941963567582,-0.029242499008390165,-0.010659377052912741,0.001660363451216236
38,-0.06721218227392543,-0.09913366362031249,-0.03657627924126859,0.0056973232987463105
39,-0.050244618567024224,-0.07412308093972117,-0.02730190488213679,0.004252695517745577
40,-0.05219383349805925,-0.07699626898468877,-0.028367334739310423,0.004418652757639085
41,-0.04486666411874689,-0.0661958512734853,-0.02436234539668187,0.00379481349442493
42,-0.048870774308403156,-0.07209800261887053,-0.026550969380393932,0.004135725655892923
43,-0.043633726963574135,-0.06437847329323472,-0.023688428920758797,0.00368984054148024
44,-0.057219520187715804,-0.08440424779942447,-0.031114346660215876,0.0048465425086898235
45,-0.07260187898082346,-0.10707820164826501,-0.03952225697887517,0.006156205064475954
46,-0.06080090906702713,-0.08968329812300949,-0.03307191356646861,0.005151463943433923
47,-0.0752086603946173,-0.11092065794936626,-0.0409471089565411,0.0063781478792732955
48,-0.0742105684118584,-0.10944944720344912,-0.040401557523650954,0.006293169774508547
49,-0.03973529710150409,-0.05863209720329955,-0.02155756920641154,0.0033579260616932224
50,-0.06910268591185699,-0.10192030985669673,-0.03760961783768395,0.005858281826594833
51,-0.075373052015307,-0.11116297501339968,-0.04103696448666416,0.006392144272999257
52,-0.06963108754978817,-0.10269918613394698,-0.03789843918450813,0.0059032702349997015
53,-0.06655461579116663,-0.09816439536417884,-0.03621685712077627,0.005641337723842476
54,-0.06979547917047788,-0.10294150319798037,-0.03798829471463123,0.005917266628725658
55,-0.07577228880841054,-0.11175145931176653,-0.04125518505982019,0.00642613551490516
56,-0.04842456848081683,-0.07144028487363697,-0.0263070757986313,0.004097735444351036
57,-0.06333723692909679,-0.09342190425381068,-0.03445825603122467,0.0053674083037772834
58,-0.06394783437737281,-0.09432193906307762,-0.034792005143110386,0.0054193949090451275
59,-0.05449531618771505,-0.08038870788115651,-0.029625312161033486,0.004614602269802508
60,-0.006763034894598478,-0.01003021750288402,-0.0035351171645831223,0.0005506493772295153
61,-0.06238611398082067,-0.09201992695476023,-0.03393837760694112,0.0052864291686485244
62,-0.050397267929093235,-0.07434808964203792,-0.027385342160108225,0.004265692169062539
63,-0.04668671420495428,-0.0688786473395695,-0.02535717448018734,0.003949773567819473
64,-0.061035754239440985,-0.09002946535734294,-0.03320027860950158,0.005171458791613863
65,-0.053027533860128435,-0.07822516266657246,-0.028823030642077432,0.004489634468677878
66,-0.05320366773943883,-0.07848478809232258,-0.028919304424352154,0.004504630604812833
67,-0.030083160515294544,-0.04440462387219501,-0.016281765937756657,0.002536137801497649
68,-0.051712400894610835,-0.0762866261543052,-0.02810418640109283,0.0043776633188702075
69,-0.04793139361874773,-0.07071333368153676,-0.026037509208262064,0.004055746263173159
70,0.006153449588163696,0.009008980385455398,0.00352496020223002,-0.0005490672726672338
71,-0.022591599515292486,-0.03336188909695814,-0.012186921065005034,0.0018983021445575338
72,-0.06599098737737338,-0.09733359400177859,-0.035908781017497164,0.005593350088210615
73,-0.04528938542909183,-0.06681895229528552,-0.02459340247414122,0.0038308042211488225
74,-0.06266792818771728,-0.09243532763596034,-0.034092415658580705,0.0053104229864644505
75,-0.01784772703253256,-0.026369310963422578,-0.009593947195739116,0.001494406211322727
76,-0.06723566679116683,-0.09916828034374583,-0.03658911574557187,0.0056993227835643034
77,-0.053884718739439015,-0.07948867307188956,-0.029291563049147755,0.0045626156645346624
78,2.0215477502094075,2.9797469519882047,1.1051280865025375,-0.1721408553832843
79,-0.03854932898081411,-0.05688395266991565,-0.020909325739095066,0.0032569520783845203
80,-0.04134398653253902,-0.06100334275848364,-0.022436869751187378,0.0034948907717258166
81,-0.04983363951529998,-0.07351728827963765,-0.027077266056829103,0.004217704533430681
82,0.07030140843300892,0.10356456044363563,0.03858787170668468,-0.006010660053018099
83,0.016932843001959765,0.02489805644136048,0.009416915677443164,-0.0014668308041265222
84,0.020208933157133076,0.02972708936031202,0.011207608027753026,-0.0017457589362367002
85,0.03036598686403242,0.04469882224523347,0.016759396138928816,-0.0026105361200191453
86,0.05167818626059001,0.07611349876099353,0.028408523794170474,-0.004425068592348784
87,0.011824960501958358,0.01736891909460807,0.0066249759914761485,-0.001031942856212808
88,0.013281000570924274,0.019515155947475427,0.007420839258280527,-0.0011559109149284433
89,-0.006457736170460463,-0.009580200098250544,-0.003368242608640266,0.0005246560745955924
90,-0.051313164101507276,-0.07569814185593834,-0.027885965827936784,0.004343672076964308
91,-0.04184890365322882,-0.06174760231230056,-0.02271285459370825,0.0035378796953126897
92,-0.0639948034118556,-0.09439117250994432,-0.03481767815171697,0.005423393878681117
93,-0.06970154110151233,-0.102803036304247,-0.03793694869741803,0.005909268689453681
94,-0.04661626065323012,-0.06877479716926946,-0.02531866496727746,0.003943775113365491
95,-0.059955466446337244,-0.08843709607940908,-0.032609799411549935,0.005079482489986135
96,-0.06060129067047535,-0.08938905597382606,-0.0329628032798906,0.005134468322480971
97,-0.052276029308404096,-0.07711742751670546,-0.028412262504371958,0.004425650954502065
98,-0.042259882704953074,-0.06235339497238408,-0.022937493419015936,0.003572870679627586
99,-0.06774058391185662,-0.09991253989756275,-0.03686510058809276,0.005742311707151179
100,-0.04213071786012544,-0.062163002993500686,-0.0228668926453478,0.003561873513128619
101,-0.06851557298082235,-0.10105489177086312,-0.03728870523010153,0.005808294706144982
102,-0.049962804360127594,-0.07370768025852105,-0.027147866830497237,0.004228701699929647
103,-0.06667203837737357,-0.09833747898134557,-0.03628103964229276,0.0056513351479324445
104,-0.05536424332564632,-0.08166952664819026,-0.030100262820255456,0.004688583208068289
105,-0.05018590727392076,-0.07403653913113781,-0.027269813621378546,0.004247696805700593
106,-0.048119269756678816,-0.07099026746900351,-0.026140201242688448,0.004071742141717112
107,-0.06797542908427048,-0.10025870713189619,-0.03699346563112573,0.005762306555331116
108,-0.0646406276359937,-0.09534313240436128,-0.035170682020057624,0.005478379711175955
109,-0.0654625857394422,-0.09655471772452835,-0.03561995967067301,0.005548361679805749
110,-0.045230674135988365,-0.06673241048670214,-0.024561311213382966,0.0038258055091038383
111,-0.034181208773916366,-0.05044524211131362,-0.01852173593868191,0.0028850479022376188
112,-0.05225254479116271,-0.07708281079327213,-0.028399426000068645,0.004423651469684072
113,-0.036341784360123856,-0.0536299806671813,-0.019702694334585193,0.0030690005054930746
114,-0.04965750563598958,-0.07325766285388756,-0.02698099227455438,0.004202708397295724
115,-0.06774058391185662,-0.09991253989756275,-0.03686510058809276,0.005742311707151179
116,-0.06723566679116683,-0.09916828034374583,-0.03658911574557187,0.0056993227835643034
117,-0.07367042451530652,-0.1086532625644822,-0.040106317924675165,0.006247181623694683
118,-0.052111637687714395,-0.07687511045267206,-0.028322406974248874,0.004411654560776108
119,0.0020084322950591053,0.0028991286994701133,0.0012593171926981546,-0.0001961582022912789
120,-0.03766865958426215,-0.05558582554116526,-0.02042795682772144,0.0031819713977097415
121,-0.07133371504978864,-0.10520889858286443,-0.03882908574649714,0.006048232884304272
122,-0.058581622187716176,-0.08641201775855843,-0.03185886390980708,0.0049625126281334815
123,-0.031175190567018986,-0.046014301511845525,-0.016878663387859948,0.002629113845534374
124,0.0837110677778402,0.12333070952407528,0.0459175156638671,-0.0071523658840927234
125,-0.060918331653234056,-0.0898563817401762,-0.033136096087985095,0.005161461367523892
126,-0.06590879156702853,-0.09721243546976188,-0.03586385325243563,0.005586351891347636
127,-0.05650324241185353,-0.08334843773470745,-0.030722833278965342,0.004785558221741003
128,-0.06850383072220165,-0.10103758340914644,-0.037282286977949886,0.005807294963735984
129,-0.047790486515299414,-0.0705056333409367,-0.025960490182442293,0.0040437493542651946
130,-0.009146713394599134,-0.013543814931368478,-0.004838022351367726,0.0007535970862559162
131,-0.047062466480816446,-0.069432514914503,-0.025562558549040097,0.00398176532490738
132,-0.03239638546357104,-0.04781437113037944,-0.017546161611631365,0.002733087056070067
133,-0.03699935084288265,-0.054599248923314934,-0.020062116455077515,0.0031249860803969085
134,0.10146536281232783,0.14950095243968364,0.0556219129171593,-0.00866397640649626
135,-0.055399470101508405,-0.08172145173334028,-0.030119517576710393,0.004691582435295281
136,-0.0333005393773644,-0.0491471149825632,-0.01804036702730828,0.00281006722156284
137,-0.04584127158426439,-0.0676324452959691,-0.024895060325268694,0.0038777921143716837
138,-0.04800184717047188,-0.07081718385183679,-0.026076018721171948,0.004061744717627143
139,-0.03191495286012263,-0.04710472829999587,-0.017283013273413785,0.00269209761730119
140,-0.07186211668771983,-0.10598777486011471,-0.039117907093321316,0.006093221292709139
141,-0.030083160515294544,-0.04440462387219501,-0.016281765937756657,0.002536137801497649
142,0.024518342070927367,0.03607925811033072,0.01356310656740796,-0.0021126644003386153
143,-0.07839081248082506,-0.11561122397458443,-0.04268645528963778,0.006649078072111496
144,-0.06258573237737244,-0.09231416910394365,-0.03404748789351914,0.005303424789601475
145,-0.00929936275666814,-0.013768823633685215,-0.004921459629339157,0.0007665937375728772
146,-0.06235088720495858,-0.09196800186961018,-0.0339191228504862,0.005283429941421533
147,-0.0015142452911487594,-0.0022933798155315463,-0.0006661584527963368,0.00010376452040783493
148,-0.05065559761874847,-0.0747288735998047,-0.02752654370744447,0.0042876865020604745
149,-0.028040007515293987,-0.04139296893349405,-0.015164990063369846,0.0023621826223321637
150,-0.04990409306702413,-0.07362113844993769,-0.027115775569738983,0.004223702987884663
151,-0.06519251379116626,-0.09615662540504488,-0.03547233987118509,0.0055253676043988155
152,-0.02459952573943097,-0.036321618950509095,-0.013284442182936892,0.0020692580964960287
153,-0.06324329886013123,-0.09328343736007728,-0.034406910014011444,0.00535941036450531
154,-0.049669247894610274,-0.07327497121560424,-0.026987410526706022,0.004203708139704722
155,-0.048812063015299695,-0.07201146081028717,-0.026518878119635707,0.004130726943847938
156,1.9939299579335377,2.9390376852305917,1.090032357441861,-0.16978946123732325
157,0.041427194484725115,0.06100329898233869,0.02280538966578152,-0.0035522934692943614
158,0.008443190019198807,0.012384110920206476,0.004776519371801439,-0.0007440170424216577
159,0.32366412269169925,0.4770270812042716,0.17707449838280007,-0.027582102011947374
160,-0.02048973522218846,-0.030263692349673823,-0.011038053929859987,0.001719348253347063
161,0.09679194388129207,0.14261222447644809,0.05306744856080329,-0.00826607892771543
162,0.3517985743468794,0.5184979158774182,0.19245263053814937,-0.029977484823904284
163,-0.03190321060150195,-0.0470874199382792,-0.017276595021262147,0.0026910978748921907
164,0.31051279303652324,0.45764171608159876,0.16988605597295403,-0.026462390513870677
165,0.042824523260587576,0.06306299402662269,0.023569161671827668,-0.0036712628159650093
166,0.028698586139894032,0.04224103488146602,0.015848004333394755,-0.002468572697941563
167,-0.0110137325152893,-0.01629584444431936,-0.005858524443479804,0.0009125561292864468
168,-0.0636542779118555,-0.09388923002016084,-0.034631548839319154,0.005394401348820203
169,-0.03600125886012376,-0.0531280381773978,-0.019516565022187394,0.003040007975632162
170,-0.042800026601504934,-0.06314957961135098,-0.02323273301799178,0.00361885883044145
171,-0.05320366773943883,-0.07848478809232258,-0.028919304424352154,0.004504630604812833
172,-0.04809578523943744,-0.07095565074557017,-0.026127364738385155,0.004069742656899118
173,-0.01039139280839258,-0.015378501273335732,-0.005518357079442448,0.000859569781609603
174,-0.034310373618743985,-0.05063563409019701,-0.018592336712350045,0.0028960450687365857
175,-0.06008463129116486,-0.08862748805829247,-0.03268040018521807,0.005090479656485103
176,-0.04093300748081478,-0.06039755009840013,-0.02221223092587969,0.00345989978741092
177,-0.02778167782563874,-0.041012184975727256,-0.015023788516033589,0.0023401882893342276
178,-0.029308171446328815,-0.043262271998894646,-0.015858161295747863,0.0024701548025038438
179,-0.05361464679116308,-0.0790905807524061,-0.02914394324965986,0.004539621589127729
180,-0.06882087170496036,-0.1015049091754966,-0.037455579786044406,0.005834288008778904
181,-0.060812651325647823,-0.08970060648472616,-0.033078331818620244,0.005152463685842919
182,-0.03366454939460588,-0.049683674195780035,-0.018239332844009394,0.0028410592362417483
183,-0.04593520965322994,-0.06777091218970248,-0.024946406342481874,0.003885790053643661
184,-0.01573412048080784,-0.023253805854421578,-0.008438661808442422,0.0013144525777032585
185,-0.05434266682564604,-0.08016369917883978,-0.02954187488306205,0.0046016056184855466
186,0.04889527096748579,0.0720114170341422,0.026887398034229845,-0.004188129641416482
187,-0.03842016413598649,-0.05669356069103227,-0.020838724965426943,0.0032459549118855516
188,-0.05588090270495681,-0.08243109456372383,-0.030382665914927973,0.004732571874064161
189,-0.046815879049781906,-0.06906903931845289,-0.02542777525385548,0.00396077073431844
190,-0.05743088084288827,-0.08471579831032457,-0.031229875198945562,0.004864537872051768
191,-0.05455402748081851,-0.08047524968973988,-0.029657403421791722,0.004619600981847493
192,-0.06866822234289136,-0.10127990047317983,-0.03737214250807297,0.005821291357461944
193,-0.054906295239439296,-0.08099450054124004,-0.029849950986341165,0.004649593254117405
194,-0.013092112291151942,-0.019359424468170336,-0.0069945550743215545,0.0010895105356789234
195,-0.03405204392908874,-0.05025485013243021,-0.01845113516501378,0.00287405073573865
196,-0.020102240687705594,-0.029692516413023635,-0.010826251608855602,0.0016863567538501593
197,-0.05970887901530269,-0.08807362048335896,-0.03247501611636533,0.005058487899397197
198,-0.057454365360129656,-0.08475041503375791,-0.031242711703248823,0.004866537356869765
199,-0.04561816867047123,-0.06730358642335232,-0.024773113534387357,0.003858797008600742
200,-0.07127500375668518,-0.10512235677428107,-0.0387969944857389,0.006043234172259288
201,-0.04042809036012498,-0.05965329054458321,-0.02193624608335881,0.0034169108638240466
202,-0.061200145860130686,-0.09027178242137633,-0.03329013413962465,0.00518545518533982
203,-0.045078024773919353,-0.06650740178438541,-0.024477873935411534,0.0038128088577868784
204,-0.0512779373256452,-0.07564621677078832,-0.027866711071481847,0.004340672849737316
205,-0.05918047737737151,-0.08729474420610872,-0.03218619476954115,0.005013499490992329
206,-0.046862848084264684,-0.06913827276531957,-0.025453448262462087,0.003964769703954428
207,-0.055293789773922165,-0.08156567647789022,-0.03006175330734556,0.004682584753614307
208,-0.0552468207394394,-0.08149644303102353,-0.03003608029873896,0.00467858578397832
209,-0.056315366273922446,-0.08307150394724071,-0.03062014124453897,0.0047695623431970495
210,-0.015123523032531812,-0.022353771045154628,-0.008104912696556709,0.0012624659724354132
211,-0.027652512980811117,-0.04082179299684387,-0.014953187742365452,0.002329191122835261
212,-0.05040901018771393,-0.0743653980037546,-0.027391760412259863,0.004266691911471536
213,-0.027112369084259243,-0.04002560835787695,-0.01465794814338963,0.0022832029720213963
214,-0.02761728620494904,-0.04076986791169385,-0.01493393298591051,0.00232619189560827
215,-0.027840389118742204,-0.04109872678431062,-0.015055879776791825,0.002345187001379213
216,-0.010203516670461493,-0.015101567485868977,-0.005415665045016072,0.0008435739030656504
217,-0.06333723692909679,-0.09342190425381068,-0.03445825603122467,0.0053674083037772834
218,-0.05433092456702535,-0.0801463908171231,-0.029535456630910412,0.004600605876076549
219,-0.06033121872219942,-0.0889909636543426,-0.03281518348040269,0.00511147424707404
220,-0.015100038515290426,-0.022319154321721282,-0.008092076192253416,0.0012604664876174182
221,-0.05698467501530194,-0.08405808056509102,-0.030985981617182905,0.004826547660509883
222,-0.03887811222219351,-0.057368586797982485,-0.021089036799341234,0.0032849448658364365
223,-0.05810018958426777,-0.08570237492817488,-0.0315957155715895,0.004921523189364601
224,-0.06515728701530418,-0.09610470031989486,-0.03545308511473011,0.005522368377171828
225,-0.04884728979116177,-0.07206338589543718,-0.02653813287609063,0.00413372617107493
226,-0.015557986601497447,-0.022994180428671497,-0.008342388026167703,0.001299456441568303
227,-0.0704060766187539,-0.10384153800724732,-0.03832204382651693,0.005969253233993507
228,-0.042083748825642676,-0.06209376954663401,-0.02284121963674122,0.00355787454349263
229,-0.005635778067011961,-0.00836861477808349,-0.002918964958024884,0.0004546741059657992
230,-0.058487684118750626,-0.08627355086482506,-0.031807517892593895,0.004954514688861505
231,-0.04066293553253883,-0.059999457778916666,-0.022064611126391763,0.0034369057120039884
232,-0.0461583125670231,-0.06809977106231924,-0.025068353133363187,0.0039047851594146044
233,-0.0496222788601275,-0.07320573776873754,-0.02696173751809943,0.004199709170068734
234,-0.052733977394611116,-0.07779245362365568,-0.02866257433828624,0.00446464090845295
235,-0.011119412842875537,-0.016451619699769406,-0.005916288712844643,0.0009215538109674194
236,-0.05598658303254305,-0.08258686981917389,-0.03044043018429281,0.004741569555745132
237,-0.06304368046357947,-0.09298919521089388,-0.03429779972743345,0.005342414743552357
238,-0.022544630480809714,-0.03329265565009146,-0.012161248056398441,0.0018943031749215455
239,-0.026090792584258966,-0.038519780888526464,-0.014099560206196227,0.0021962253824386532
240,-0.02314348567046505,-0.03417538209764174,-0.01248857891613251,0.0019452900377803946
241,-0.028357048498052692,-0.041860294699844196,-0.015338282871464347,0.0023891756673750835
242,-0.04613482804978172,-0.06806515433888591,-0.025055516629059874,0.0039027856745966114
243,-0.04612308579116102,-0.06804784597716923,-0.02504909837690823,0.003901785932187615
244,-0.05436615134288742,-0.08019831590227311,-0.029554711387365335,0.004603605103303542
245,-0.05335631710150783,-0.0787097967946393,-0.029002741702323576,0.004517627256129794
246,-0.06620234803254584,-0.09764514451267867,-0.03602430955622683,0.005611345451572564
247,-0.041097399101504464,-0.06063986716243353,-0.022302086456002755,0.0034738961811368783
248,-0.021910548515292297,-0.032358004117391155,-0.011814662440209435,0.0018403170848357046
249,-0.05912176608426805,-0.08720820239752536,-0.03215410350878291,0.005008500778947345
250,-0.049258268842886026,-0.07266917855552071,-0.026762771701398343,0.004168717155389825
251,-0.046674971946333584,-0.06886133897785283,-0.025350756228035697,0.003948773825410476
252,-0.0496222788601275,-0.07320573776873754,-0.02696173751809943,0.004199709170068734
253,-0.03972355484288341,-0.05861478884158289,-0.021551150954259916,0.0033569263192842237
254,-0.04429129344633294,-0.06534774154936838,-0.0240478510412511,0.003745826116384075
255,-0.06889132525668452,-0.10160875934579663,-0.03749408929895428,0.005840286463232885
256,-0.04911736173943771,-0.07246147821492066,-0.026685752675578545,0.004156720246481862
257,-0.04688633260150606,-0.06917288948875293,-0.025466284766765362,0.003966769188772423
258,2.235339052916363,3.2948802937636557,1.2219852034275989,-0.19034316542389335
259,-0.017413263463566926,-0.02572890157990571,-0.00935647186612813,0.0014574157421898366
260,-0.0010797817221831223,-0.0016529704320146753,-0.0004286831231853455,6.67740512749448e-05
261,-0.022192362722188923,-0.03277340479859129,-0.011968700491848984,0.0018643109026516345
262,0.033677303795067816,0.049579780249335036,0.018569343245693638,-0.0028924634793563117
263,0.5359641585538266,0.7899622610417051,0.2931164972846015,-0.04565744476661395
264,-0.020067013911843512,-0.029640591327873618,-0.01080699685240065,0.0016833575266231695
265,-0.020407539411843607,-0.030142533817657115,-0.010993126164798443,0.0017123500564840842
266,0.1625485921571722,0.2395390500898124,0.08900966061003376,-0.013864636418098895
267,0.20037040717442398,0.29528928317921355,0.10968285079049295,-0.017084806717478376
268,0.2080733288295985,0.30664356846535057,0.11389322420197416,-0.017740637737780448
269,-0.021440858170464584,-0.031665669648724276,-0.011557932354143503,0.001800327388475823
270,0.07208623174335424,0.10619543142456979,0.039563446033735246,-0.0061626208991856475
271,-0.008911868222185275,-0.013197647697035034,-0.004709657308334758,0.0007336022380759751
272,-0.052863142239438735,-0.07798284560253907,-0.02873317511195436,0.0044756380749519185
273,0.0018675251916107929,0.002691428358870045,0.0011822981668783894,-0.00018416129338331218
274,0.013292742829544969,0.019532464309192095,0.007427257510432188,-0.0011569106573374385
275,-0.05576348011874988,-0.0822580109465571,-0.0303184833934115,0.004722574449974189
276,-0.014736028498048948,-0.021782595108504447,-0.007893110375552315,0.0012294744729385103
277,-0.01898672611873977,-0.028048222049939776,-0.01021651765444901,0.0015913812249954398
278,-0.025327545773913926,-0.037394737376942766,-0.01368237381633909,0.0021312421258538445
279,0.00767994320885377,0.011259067408622783,0.0043593329819443015,-0.0006790337858368499
280,-0.04843631073943753,-0.07145759323535367,-0.026313494050782944,0.004098735186760033
281,-0.04092126522219408,-0.06038024173668346,-0.022205812673728034,0.0034589000450019228
282,-0.021464342687705966,-0.03170028637215761,-0.011570768858446798,0.0018023268732938178
283,-0.03551982625667535,-0.052418395347014236,-0.019253416683969814,0.002999018536863282
284,-0.018493551256670668,-0.027321270857839548,-0.009946951064079777,0.0015493920438175645
285,0.0022550197260936575,0.0032626042955202273,0.0013941004878827807,-0.0002171527928802152
286,-0.055070686860129,-0.08123681760527345,-0.02993980651646424,0.004663589647843363
287,-0.01657956310149773,-0.02450000789802198,-0.00890077596336111,0.0013864340311510455
288,-0.0395709054808144,-0.05838978013926615,-0.021467713676288486,0.0033439296679672616
289,-0.05935661125668191,-0.0875543696318588,-0.032282468551815865,0.005028495627127286
290,0.09137876265715264,0.13463306972506223,0.0501086343188934,-0.007805197677167796
291,-0.04888251656702385,-0.07211531098058721,-0.026557387632545573,0.004136725398301921
292,0.05062138298472764,0.07455574620649302,0.027830881100522127,-0.004335091775539051
293,-0.016837892791152973,-0.02488079185578877,-0.009041977510697363,0.0014084283641489813
294,-0.055387727842887716,-0.0817041433716236,-0.030113099324558745,0.004690582692886284
295,-0.02717108037736271,-0.0401121501664603,-0.014690039404147873,0.002288201684066382
296,-0.0481544965325409,-0.07104219255415352,-0.026159455999143384,0.004074741368944103
297,-0.024482103153224036,-0.03614853533334237,-0.013220259661420406,0.0020592606724060586
298,0.0012099587088519898,0.0017221601027364033,0.0008228760463860732,-0.0001281757184794792
299,-0.04243601658426346,-0.06261302039813417,-0.023033767201290658,0.0035878668157625425
300,-0.0026767288945973534,-0.0040069076254820955,-0.0013015654158095079,0.00020273901889854415
301,-0.016544336325635654,-0.024448082812871967,-0.008881521206906159,0.001383434803924055
302,-0.053532450980818234,-0.0789694222203894,-0.029099015484598312,0.004532623392264751
303,-0.06231566042909651,-0.09191607678446018,-0.03389986809403127,0.00528043071419454
304,-0.044784468308402034,-0.0660746927414686,-0.024317417631620326,0.003787815297561951
305,-0.016438655998049414,-0.024292307557421913,-0.008823756937541326,0.001374437122243082
306,-0.01918634451529155,-0.02834246419912321,-0.010325627941027026,0.0016083768459483907
307,-0.03090511861874305,-0.04561620919236206,-0.016731043588372033,0.0026061197701274415
308,-0.01729584087735999,-0.025555817962738984,-0.009292289344611643,0.0014474183180998661
309,-0.041484893635987334,-0.06121104309908372,-0.022513888777007163,0.0035068876806337813
310,-0.047849197808402875,-0.07059217514952004,-0.02599258144320053,0.00404874806631018
311,0.03623711617437886,0.05335300310356957,0.019968522214752947,-0.003110407324517669
312,0.029520544243342536,0.04345262020163307,0.01629728198401015,-0.0025385546665713556
313,-0.06251527882564828,-0.09221031893364362,-0.03400897838060927,0.0052974263351474905
314,-0.03561376432564089,-0.05255686224074761,-0.019304762701182993,0.0030070164761352583
315,-0.04139095556702179,-0.06107257620535033,-0.022462542759793962,0.003498889741361804
316,-0.042224655929090985,-0.06230146988723406,-0.02291823866256099,0.0035698714524005954
317,-0.03621261951529624,-0.0534395886882979,-0.019632093560917066,0.0030580033389941068
318,-0.030094902773915237,-0.044421932233911686,-0.016288184189908295,0.002537137543906647
319,-0.02491656672218968,-0.03678894471685924,-0.013457734991031403,0.002096251141538948
320,-0.005271768049770481,-0.007832055564866651,-0.002719999141323785,0.0004236820912868912
321,-0.04213071786012544,-0.062163002993500686,-0.0228668926453478,0.003561873513128619
322,-0.021922290773912993,-0.03237531247910783,-0.011821080692361085,0.0018413168272447015
323,0.013574557036441594,0.01994786499039223,0.0075812955620717356,-0.0011809044751533693
324,-0.04012279163598696,-0.059203273139949726,-0.021769371527415964,0.003390917561190123
325,0.016251792001959576,0.023894171461793488,0.00904465705264756,-0.0014088457444046934
326,-0.024493845411844732,-0.03616584369505904,-0.013226677913572063,0.002060260414815055
327,-0.05416653294633566,-0.07990407375308971,-0.029445601100787328,0.004586609482350591
328,0.035837879381275306,0.05276451880520272,0.01975030164159693,-0.0030764160826117683
329,-0.027241533929086865,-0.04021600033676034,-0.014728548917057766,0.002294200138520364
330,-0.018470066739429282,-0.027286654134406202,-0.009934114559776474,0.001547392558999571
331,-0.04588824061874717,-0.0677016787428358,-0.024920733333875258,0.003881791084007674
332,-0.05503546008426692,-0.08118489252012343,-0.029920551760009302,0.0046605904206163725
333,-0.038925081256676285,-0.057437820244849176,-0.02111470980794783,0.003288943835472425
334,-0.026419575825638364,-0.03900441501659328,-0.014279271266442378,0.002224218169890571
335,-0.05192376154978331,-0.07659817666520531,-0.0282197149398225,0.004395658682232155
336,-0.04572384899805747,-0.06745936167880237,-0.024830877803752188,0.003867794690281715
337,-0.05295708030840429,-0.07812131249627247,-0.02878452112916756,0.0044836360142238955
338,-0.015029584963566267,-0.02221530415142125,-0.008053566679343531,0.0012544680331634359
339,-0.04491363315322965,-0.066265084720352,-0.024388018405288456,0.003798812464060918
340,-0.036130423704951384,-0.05331843015628119,-0.019587165795855534,0.003051005142131127
341,-0.0379152470152967,-0.055949301137215364,-0.020562740122906067,0.003202965988298679
342,-0.03118693282563968,-0.046031609873562196,-0.01688508164001159,0.0026301135879433714
343,-0.057466107618750345,-0.08476772339547457,-0.031249129955400485,0.004867537099278761
344,-0.024282484756672263,-0.03585429318415895,-0.013111149374842384,0.0020422650514531093
345,-0.05601006754978444,-0.08262148654260723,-0.030453266688596096,0.0047435690405631245
346,-0.04406819053253977,-0.0650188826767516,-0.023925904250369782,0.003726831010613131
347,-0.03278387999805391,-0.04838554706702962,-0.017757963932635762,0.0027660785555669695
348,-0.0532623790325423,-0.07857132990090593,-0.028951395685110404,0.004509629316857817
349,-0.05471841910150822,-0.08071756675377328,-0.029747258951914792,0.004633597375573452
350,-0.06453494730840746,-0.09518735714891123,-0.035112917750692786,0.005469382029494984
351,2.5346257406405828,3.7360358171981964,1.38557361426881,-0.21582459994441022
352,0.044844191743346744,0.0660400322418903,0.024673101041911172,-0.003843218510312501
353,-0.014900420118738645,-0.022024912172537856,-0.00798296590567539,0.0012434708666644687
354,0.05046873362265864,0.07433073750417629,0.027747443822550705,-0.004322095124222087
355,-0.038443648653227885,-0.056728177414465626,-0.02085156146973025,0.003247954396703546
356,0.05262930920886613,0.07751547606004397,0.02892840221845401,-0.004506047727477542
357,0.005155357605404799,0.00753776963953826,0.002979408769339914,-0.00046408916790248493
358,0.1321831113640604,0.19477962669049814,0.07241206054587118,-0.011279302548432535
359,-0.057113839860129564,-0.0842484725439744,-0.031056582390851056,0.004837544827008848
360,0.14567496651923656,0.21466693430295447,0.07978663226811517,-0.012428006576370141
361,-0.05361464679116308,-0.0790905807524061,-0.02914394324965986,0.004539621589127729
362,-0.04561816867047123,-0.06730358642335232,-0.024773113534387357,0.003858797008600742
363,-0.045312869946333226,-0.06685356901871886,-0.024606238978444505,0.0038328037059668176
364,-0.047121177773919914,-0.06951905672308636,-0.025594649809798333,0.003986764036952363
365,-0.04144966686012525,-0.06115911801393369,-0.022494634020552212,0.0035038884534067897
366,-0.042905706929091174,-0.06330535486680106,-0.023290497287356608,0.0036278565121224235
367,-0.015863285325635464,-0.023444197833304974,-0.008509262582110558,0.0013254497442022263
368,-0.03001270696357039,-0.044300773701894974,-0.016243256424846766,0.002530139347043666
369,-0.06649590449806317,-0.09807785355559548,-0.03618476586001806,0.005636339011797491
370,-0.03513233172219249,-0.051847219410364055,-0.019041614362965427,0.002966027037366379
371,-0.03320660130839885,-0.04900864808882981,-0.01798902101009509,0.0028020692822908633
372,-0.02366014504977554,-0.03493695001317532,-0.012770982010805025,0.0019892787037762653
373,-0.039089472877365986,-0.057680137308882586,-0.0212045653380709,0.0033029402291983837
374,-0.05040901018771393,-0.0743653980037546,-0.027391760412259863,0.004266691911471536
375,-0.05783011763599183,-0.08530428260869141,-0.03144809577210159,0.004898529113957668
376,-0.05701990179116402,-0.08411000565024104,-0.03100523637363787,0.0048295468877368715
377,-0.029801346308397914,-0.04398922319099488,-0.016127727886117094,0.0025121439836817204
378,-0.06037818775668219,-0.08906019710120928,-0.03284085648900928,0.005115473216710027
379,-0.06473456570495922,-0.09548159929809465,-0.035222028037270765,0.005486377650447935
380,-0.06058954841185466,-0.08937174761210939,-0.03295638502773895,0.005133468580071975
381,-0.05436615134288742,-0.08019831590227311,-0.029554711387365335,0.004603605103303542
382,-0.040510286170469825,-0.05977444907659992,-0.021981173848420348,0.0034239090606870267
383,-0.05667937629116393,-0.08360806316045753,-0.03081910706124006,0.0048005543578759574
384,-0.052910111273921506,-0.07805207904940577,-0.028758848120560947,0.004479637044587907
385,-0.044878406377367584,-0.06621315963520198,-0.02436876364883352,0.0037958132368339256
386,-0.055411212360129095,-0.08173876009505694,-0.030125935828862044,0.004692582177704278
387,-0.0281809146187423,-0.04160066927409411,-0.015242009089189632,0.0023741795312401275
388,-0.05383774970495626,-0.07941943962502288,-0.02926589004054117,0.004558616694898673
389,-0.04774351748081664,-0.07043639989407,-0.02593481717383569,0.004039750384629206
390,-0.05674982984288809,-0.08371191333075759,-0.030857616574149933,0.0048065528123299416
391,-0.06641370868771833,-0.09795669502357879,-0.03613983809495651,0.0056293408149345105
392,-0.05334457484288714,-0.07869248843292263,-0.02899632345017194,0.004516627513720798
393,-0.03513233172219249,-0.051847219410364055,-0.019041614362965427,0.002966027037366379
394,-0.050913927308403724,-0.07510965755757149,-0.027667745254780742,0.004309680835058409
395,0.0008459486916105116,0.0011856008895195643,0.0006239102296849839,-9.718370380056966e-05
396,-0.018070829946325723,-0.02669816983603935,-0.009715893986620431,0.0015134013170936716
397,-0.047684806187713175,-0.07034985808548663,-0.025902725913077455,0.004034751672584221
398,-0.05152452475667975,-0.07600969236683845,-0.028001494366666456,0.004361667440326257
399,-0.03931257579115915,-0.05800899618149935,-0.021326512128952223,0.0033219353349693277
400,-0.03677624792908949,-0.05427039005069817,-0.019940169664196195,0.0031059909746259636
401,-0.04560642641185054,-0.06728627806163565,-0.024766695282235723,0.0038577972661917427
402,-0.04447916958426402,-0.06562467533683512,-0.024150543075677475,0.003761821994928028
403,-0.05476538813599098,-0.08078680020063997,-0.02977293196052138,0.004637596345209441
404,-0.025938143222189958,-0.038294772186209726,-0.014016122928224798,0.0021832287311216924
405,-0.06358382436013134,-0.09378537984986077,-0.03459303932640925,0.005388402894366223
406,-0.04445568506702264,-0.06559005861340178,-0.02413770657137418,0.003759822510110034
407,-0.039242122239435,-0.05790514601119933,-0.021288002616042336,0.0033159368805153445
408,-0.04991583532564482,-0.07363844681165435,-0.027122193821890628,0.00422470273029366
409,-0.049258268842886026,-0.07266917855552071,-0.026762771701398343,0.004168717155389825
410,-0.05016242275667938,-0.07400192240770448,-0.02725697711707526,0.004245697320882596
411,-0.01895149934287769,-0.027996296964789766,-0.010197262897994058,0.00158838199776845
412,-0.049669247894610274,-0.07327497121560424,-0.026987410526706022,0.004203708139704722
413,-0.002160069515286867,-0.003245339709948519,-0.0010191623211369839,0.00015875035290267384
414,-0.04474924153253996,-0.06602276765631859,-0.02429816287516538,0.0037848160703349604
415,-0.06500463765323518,-0.09587969161757813,-0.035369647836758715,0.005509371725854865
416,-0.049258268842886026,-0.07266917855552071,-0.026762771701398343,0.004168717155389825
417,0.011695795657130734,0.017178527115724675,0.006554375217808006,-0.001020945689713842
418,-0.05865207573944033,-0.08651586792885847,-0.03189737342271698,0.004968511082587464
419,-0.04833063041185129,-0.0713018179799036,-0.026255729781418116,0.004089737505079058
420,-0.0463227041877128,-0.06834208812635267,-0.025158208663486253,0.003918781553140563
421,-0.05323889451530091,-0.07853671317747257,-0.028938559180807105,0.004507629832039824
422,-0.06100052746357891,-0.08997754027219292,-0.033181023853046644,0.00516845956438687
423,0.06681395762266312,0.09842397701378398,0.03668165081764514,-0.005713736557545976
424,-0.04560642641185054,-0.06728627806163565,-0.024766695282235723,0.0038577972661917427
425,-0.029319913704949505,-0.04327958036061131,-0.015864579547899514,0.002471154544912841
426,-0.06609666770495962,-0.09748936925722863,-0.03596654528686201,0.005602347769891591
427,-0.052839657722197356,-0.07794822887910573,-0.028720338607651073,0.004473638590133923
428,-0.0684451194290982,-0.10095104160056308,-0.03725019571719166,0.005802296251690999
429,-0.028627120446328626,-0.04225838701932766,-0.015485902670952255,0.0024121697427820165
430,-0.03421643554977844,-0.05049716719646362,-0.018540990695136858,0.0028880471294646104
431,-0.06885609848082243,-0.10155683426064659,-0.03747483454249933,0.005837287236005896
432,-0.052440420929093796,-0.07735974458073887,-0.02850211803449503,0.004439647348228025
433,-0.044267808929091546,-0.06531312482593503,-0.02403501453694781,0.0037438266315660803
434,-0.04986886629116205,-0.07356921336478767,-0.027096520813284047,0.004220703760657671
435,-0.05794754022219876,-0.08547736622585814,-0.031512278293618065,0.00490852653804764
436,-0.028662347222190705,-0.04231031210447767,-0.015505157427407212,0.002415168970009006
437,0.0008929177260932817,0.0012548343363862544,0.0006495832382915656,-0.0001011826734365595
438,0.015993462312304328,0.023513387504026702,0.008903455505311292,-0.0013868514114067595
439,-0.050068484687713834,-0.07386345551397108,-0.027205631099862074,0.004237699381610621
440,-0.0440094792394363,-0.06493234086816822,-0.02389381298961153,0.0037218322985681468
441,-0.05799450925668152,-0.08554659967272482,-0.031537951302224664,0.004912525507683628
442,-0.0346274146015027,-0.051102959856547156,-0.018765629520444548,0.002923038113779506
443,0.04765059155369235,0.07017673069217496,0.026207063306155128,-0.004082156946062795
444,-0.06653113127392525,-0.09812977864074551,-0.03620402061647298,0.00563933823902448
445,-0.0575483034290952,-0.08488888192749129,-0.03129405772046204,0.00487453529614174
446,-0.057900571187715986,-0.08540813277899145,-0.03148660528501148,0.004904527568411649
447,-0.04939917594633434,-0.07287687889612078,-0.026839790727218104,0.00418071406429779
448,-0.055528634946336024,-0.08191184371222367,-0.03019011835037853,0.004702579601794247
449,-0.046639745170471515,-0.06880941389270281,-0.025331501471580767,0.003945774598183483
450,-0.06037818775668219,-0.08906019710120928,-0.03284085648900928,0.005115473216710027
451,-0.05752481891185383,-0.08485426520405794,-0.03128122121615875,0.004872535811323743
452,1.0147664960712,1.4957280184007309,0.5548271470202127,-0.08642294123587752
453,0.06270416710542064,0.09236605041294872,0.03443526256456826,-0.005363826714397007
454,0.056480770036453395,0.08319261870311244,0.03103358892419465,-0.004833963237628573
455,0.05503647222610817,0.08106369021196176,0.030244143909541908,-0.004710994921321937
456,-0.02984831534288069,-0.044058456637861565,-0.016153400894723693,0.002516142953317708
457,-0.04503105573943658,-0.06643816833751871,-0.024452200926804942,0.0038088098881508886
458,-0.04389205665322937,-0.06475925725100151,-0.023829630468095046,0.003711834874478176
459,-0.05911002382564736,-0.0871908940358087,-0.032147685256631246,0.005007501036538347
460,-0.031457004773915616,-0.04642970219304566,-0.017032701439499504,0.0026531076633503035
461,-0.048142754273920195,-0.07102488419243685,-0.026153037746991743,0.004073741626535105
462,-0.06368950468771757,-0.09394115510531084,-0.034650803595774084,0.005397400576047199
463,-0.04761435263598902,-0.0702460079151866,-0.025864216400167558,0.004028753218130239
464,-0.056033552067025816,-0.08265610326604056,-0.030466103192899396,0.004745568525381121
465,-0.05825283894633677,-0.08592738363049161,-0.03167915284956094,0.004934519840681563
466,-0.018106056722187805,-0.026750094921189366,-0.00973514874307538,0.0015164005443206619
467,0.011378754674372028,0.016711201349374528,0.006381082409713519,-0.0009939526446709193
468,-0.052499132222197264,-0.07744628638932223,-0.028534209295253268,0.00444464606027301
469,-0.052546101256680036,-0.07751551983618893,-0.028559882303859852,0.004448645029908998
470,-0.0410504300670217,-0.06057063371556684,-0.022276413447396167,0.0034698972115008897
471,-0.019104148704946696,-0.028221305667106494,-0.010280700175965489,0.0016013786490854114
472,-0.008700507567012804,-0.012886097186134935,-0.004594128769605089,0.0007156068747140282
473,-0.04753215682564417,-0.07012484938316992,-0.02581928863510602,0.00402175502126726
474,-0.0222393317566717,-0.03284263824545798,-0.011994373500455586,0.0018683098722876228
475,-0.042952675963573946,-0.06337458831366774,-0.02331617029596319,0.0036318554817584125
476,0.01309312443299319,0.01923822216000867,0.007318147223854163,-0.001139915036384489
477,-0.051360133135990055,-0.07576737530280504,-0.027911638836543372,0.004347671046600297
478,-0.05657369596357769,-0.0834522879050075,-0.030761342791875226,0.004791556676194985
479,-0.05191201929116262,-0.07658086830348862,-0.02821329668767084,0.004394658939823158
480,-0.06882087170496036,-0.1015049091754966,-0.037455579786044406,0.005834288008778904
481,-0.06705953291185643,-0.09890865491799576,-0.036492841963297155,0.005684326647429346
482,-0.0654508434808215,-0.09653740936281166,-0.035613541418521334,0.005547361937396753
483,-0.018481808998049975,-0.027303962496122873,-0.009940532811928124,0.0015483923014085682
484,-0.048588960101506526,-0.0716826019376704,-0.02639693132875438,0.004111731838076994
485,-0.05167717411874876,-0.07623470106915517,-0.02808493164463788,0.004374664091643216
486,-0.03724593827391721,-0.054962724519365055,-0.02019689975026211,0.0031459806709858464
487,-0.006340313584253534,-0.00940711648108382,-0.003304060087123782,0.000514658650505622
488,-0.0496222788601275,-0.07320573776873754,-0.02696173751809943,0.004199709170068734
489,-0.023801052153223853,-0.035144650353775383,-0.012848001036624812,0.002001275612684229
490,-0.006410767135977691,-0.009510966651383854,-0.003342569600033673,0.000520657104959604
491,-0.061024011980820296,-0.09001215699562626,-0.03319386035734993,0.0051704590492048655
492,-0.04889425882564454,-0.07213261934230387,-0.026563805884697225,0.004137725140710919
493,-0.07021820048082282,-0.10356460421978059,-0.038219351792090545,0.005953257355449553
494,-0.0654625857394422,-0.09655471772452835,-0.03561995967067301,0.005548361679805749
495,-0.03780956668771047,-0.05579352588176532,-0.02050497585354124,0.0031939683066177058
496,-0.04093300748081478,-0.06039755009840013,-0.02221223092587969,0.00345989978741092
497,-0.046980270670471606,-0.06931135638248631,-0.025517630783978562,0.003974767128044399
498,-0.028861965618742484,-0.0426045542536611,-0.015614267713985226,0.0024321645909619566
499,-0.05434266682564604,-0.08016369917883978,-0.02954187488306205,0.0046016056184855466
500,-0.05100786537736926,-0.07524812445130485,-0.02771909127199394,0.0043176787743303855
501,-0.03899553480840044,-0.05754167041514921,-0.021153219320857713,0.0032949422899264075
502,-0.013056885515289864,-0.019307499383020316,-0.006975300317866619,0.0010865113084519318
503,-0.01027397022218565,-0.015205417656169007,-0.005454174557925962,0.0008495723575196326
504,-0.004121026704942579,-0.006135836116632776,-0.0020910104304622534,0.00032570733520518013
505,-0.04133224427391832,-0.06098603439676697,-0.02243045149903572,0.003493891029316819
506,-0.038514102204952036,-0.05683202758476565,-0.020890070982640136,0.0032539528511575278
507,-0.05919221963599221,-0.0873120525678254,-0.03219261302169281,0.005014499233401326
508,-0.03975878161874548,-0.058666713926732894,-0.021570405710714852,0.003359925546511215
509,1.3555033567264658,1.9979820586951247,0.7410719879567431,-0.11543346646015382
510,-0.018916272567015613,-0.027944371879639742,-0.010178008141539121,0.001585382770541458
511,-0.024975278015293142,-0.036875486525442605,-0.01348982625178964,0.002101249853583934
512,-0.03941825611874538,-0.058164771436949404,-0.02138427639831704,0.0033309330166503013
513,0.06807037929507727,0.10027597171746791,0.03736840379787151,-0.00582070899530866
514,0.28587753445030956,0.42132877320002055,0.1564205629587958,-0.024364930939794874
515,0.013010928622648339,0.01911706362799196,0.007273219458792619,-0.0011329168395215101
516,-0.00031653491183808495,-0.0005279269204309826,-1.1496733328205738e-05,1.7907946901367902e-06
517,-0.03656488727391702,-0.05395883953979806,-0.01982464112546651,0.0030879956112640195
518,-0.02260334177391318,-0.03337919745867481,-0.012193339317156684,0.0018993018869665308
519,-0.057289973739439955,-0.08450809796972449,-0.031152856173125777,0.004852540963143806
520,-0.041073914584263085,-0.06060525043900018,-0.02228924995169947,0.0034718966963188844
521,-0.018517035773912057,-0.027355887581272893,-0.009959787568383071,0.0015513915286355583
522,-0.03961787451529717,-0.058459013586132834,-0.021493386684895085,0.00334792863760325
523,-0.05993198192909586,-0.08840247935597574,-0.03259696290724663,0.005077483005168141
524,-0.03067027344632919,-0.04527004195802862,-0.016602678545339068,0.0025861249219475005
525,-0.060401672273923575,-0.08909481382464264,-0.03285369299331256,0.005117472701528022
526,-0.05637407756702591,-0.08315804575582407,-0.030652232505297205,0.004774561055242035
527,-0.0027471824463215114,-0.004110757795782129,-0.0013400749287194,0.00020873747335252603
528,-0.0242237734635688,-0.035767751375575585,-0.013079058114084136,0.0020372663394081243
529,-0.02403589732563771,-0.03549081758810882,-0.01297636607965778,0.00202127046086417
530,-0.035789898204951286,-0.05281648766649769,-0.019401036483457732,0.003022012612270214
531,-0.04419735537736739,-0.06520927465563499,-0.023996505024037898,0.0037378281771121
532,-0.04645186903254043,-0.06853248010523605,-0.02522880943715438,0.003929778719639532
533,-0.051101803446334804,-0.07538659134503825,-0.027770437289207115,0.004325676713602363
534,-0.05053817503254155,-0.07455578998263798,-0.027462361185927982,0.004277689077970505
535,-0.03452173427391646,-0.050947184601097095,-0.018707865251079717,0.0029140404320985316
536,0.05810120172610902,0.08558117262001322,0.031919307721122094,-0.004971927690070168
537,-0.010555784429082279,-0.015620818337369141,-0.00560821260956552,0.0008735661753355617
538,-0.04390379891185007,-0.06477656561271819,-0.023836048720246698,0.0037128346168871723
539,-0.040639451015297444,-0.05996484105548332,-0.022051774622088488,0.0034349062271859933
540,-0.027429410067017955,-0.040492934124227095,-0.014831240951484139,0.002310196017064316
541,-0.05633885079116383,-0.08310612067067405,-0.030632977748842254,0.004771561828015044
542,-0.03984097742909033,-0.05878787245874962,-0.02161533347577638,0.0033669237433741955
543,-0.03899553480840044,-0.05754167041514921,-0.021153219320857713,0.0032949422899264075
544,-0.008371724325633403,-0.012401463058068113,-0.0044144177093589365,0.0006876140872621114
545,-0.035449372704951194,-0.05231454517671421,-0.019214907171059926,0.0029930200824093
546,-0.052123379946335084,-0.07689241881438873,-0.028328825226400522,0.004412654303185104
547,-0.030764211515294734,-0.045408508851761994,-0.016654024562552244,0.002594122861219478
548,-0.04213071786012544,-0.062163002993500686,-0.0228668926453478,0.003561873513128619
549,0.010404147208854518,0.015274607326890736,0.0058483674811266925,-0.000910974024724167
550,-0.05090218504978303,-0.07509234919585482,-0.027661327002629105,0.004308681092649411
551,-0.055117655894611775,-0.08130605105214013,-0.029965479525070823,0.004667588617479352
552,-0.04948137175667919,-0.07299803742813749,-0.02688471849227964,0.00418771226116077
553,-0.05976759030840616,-0.08816016229194233,-0.03250710737712356,0.005063486611442182
554,-0.05060862858426571,-0.07465964015293802,-0.027500870698837884,0.004283687532424485
555,-0.04622876611874726,-0.06820362123261928,-0.025106862646273074,0.003910783613868586
556,-0.05049120599805877,-0.0744865565357713,-0.027436688177321426,0.004273690108334514
557,-0.041754965584263275,-0.061609135418567176,-0.022661508576495057,0.003529881756040713
558,-0.0392303799808143,-0.05788783764948266,-0.021281584363890684,0.003314937138106347
559,-0.04984538177392067,-0.07353459664135432,-0.027083684308980747,0.004218704275839678
560,-0.05778314860150906,-0.08523504916182474,-0.031422422763494995,0.004894530144321682
561,-0.04196632623943574,-0.06192068592946727,-0.022777037115224736,0.0035478771194026606
562,-0.05731345825668134,-0.08454271469315784,-0.031165692677429076,0.0048545404479618
563,-0.049035165929092864,-0.07234031968290393,-0.026640824910517016,0.004149722049618882
564,-0.02660745196356945,-0.03928134880406004,-0.01438196330086875,0.0022402140484345237
565,-0.045348096722195294,-0.06690549410386887,-0.024625493734899438,0.0038358029331938093
566,-0.03268994192908836,-0.048247080173296236,-0.017706617915422565,0.002758080616294994
567,-0.01300991648080709,-0.01923826593615363,-0.006949627309260012,0.0010825123388159448
568,-0.04923478432564463,-0.07263456183208737,-0.02674993519709503,0.004166717670571832
569,-0.03945348289460747,-0.05821669652209944,-0.021403531154771994,0.003333932243877292
570,-0.016802666015290894,-0.024828866770638752,-0.009022722754242424,0.00140542913692199
571,-0.021323435584257654,-0.03149258603155755,-0.01149374983262701,0.0017903299643858527
572,-0.003240357308390613,-0.004837708987882361,-0.0016096415190886314,0.00025072665453040156
573,-0.04836585718771337,-0.07135374306505363,-0.02627498453787307,0.00409273673230605
574,-0.05802973603254361,-0.08559852475787484,-0.031557206058679614,0.004915524734910619
575,-0.058593364446336865,-0.08642932612027511,-0.03186528216195873,0.004963512370542478
576,-0.0417079965497805,-0.061539901971700485,-0.02263583556788848,0.003525882786404723
577,-0.02361317601529277,-0.03486771656630863,-0.012745309002198432,0.0019852797341402767
578,-0.04701549744633369,-0.06936328146763632,-0.025536885540433506,0.003977766355271389
579,-0.03001270696357039,-0.044300773701894974,-0.016243256424846766,0.002530139347043666
580,0.01117913627782025,0.0164169592001911,0.006271972123135492,-0.0009769570237179702
581,-0.057794890860129754,-0.0852523575235414,-0.03142884101564664,0.004895529886730677
582,-0.06535690541185597,-0.09639894246907829,-0.03556219540130816,0.005539363998124775
583,-0.057466107618750345,-0.08476772339547457,-0.031249129955400485,0.004867537099278761
584,-0.0451954473601263,-0.06668048540155214,-0.024542056456928023,0.0038228062818768476
585,-0.05748959213599173,-0.08480234011890792,-0.031261966459703784,0.004869536584096754
586,-0.06488721506702826,-0.09570660800041142,-0.035305465315242215,0.005499374301764893
587,3.334332264002872,4.914821791912156,1.8226886770568178,-0.283912056709154
588,-0.01194137094632404,-0.017663205019936457,-0.006365566363460026,0.0009915357795972123
589,0.22421893443305121,0.3304425658257748,0.12271832091049058,-0.019115283550151383
590,0.38743632926068233,0.5710287936875184,0.21193202581840206,-0.03301170303521032
591,-0.02134692010149904,-0.03152720275499089,-0.011506586336930316,0.0017923294492038474
592,0.12587751848474832,0.1854850364486451,0.06896545914043616,-0.01074244087480112
593,-0.009698599549771697,-0.014357307932052069,-0.005139680202495194,0.0008005849794787773
594,0.3412775106227386,0.5029896237792799,0.18670187661027257,-0.02908171562544293
595,0.021700200001961073,0.03192525129832939,0.012022726051012362,-0.0018727262221793245
596,0.23058323860546676,0.3398236978762112,0.12619701357668392,-0.01965714393582779
597,-0.04045157487736636,-0.05968790726801656,-0.021949082587662108,0.0034189103486420413
598,-0.06206907299806196,-0.09155260118841008,-0.03376508479884663,0.005259436123605603
599,-0.02674835906701777,-0.0394890491446601,-0.014458982326688536,0.0022522109573424884
600,-0.019785199704946885,-0.029225190646673487,-0.010652958800761095,0.0016593637088072398
601,-0.02795781170494913,-0.04127181040147734,-0.01512006229830831,0.0023551844254691835
602,-0.05058514406702433,-0.07462502342950468,-0.027488034194534584,0.004281688047606493
603,-0.04965750563598958,-0.07325766285388756,-0.02698099227455438,0.004202708397295724
604,-0.058687302515302416,-0.08656779301400849,-0.031916628179171916,0.004971510309814455
605,-0.04605263223943686,-0.0679439958068692,-0.025010588863998345,0.003895787477733631
606,-0.023249165998051286,-0.03433115735309179,-0.01254634318549734,0.0019542877194613684
607,-0.021076848153223103,-0.031129110435507427,-0.011358966537442405,0.0017693353737969148
608,0.004920512432990943,0.007191602405204818,0.00285104372630695,-0.000444094319722544
609,-0.07291891996358217,-0.10754552741461518,-0.039695549786969674,0.006183198109518873
610,-0.0257032980497761,-0.03794860495187628,-0.013887757885191834,0.0021632338829417515
611,-0.00929936275666814,-0.013768823633685215,-0.004921459629339157,0.0007665937375728772
612,-0.05561083075668088,-0.08203300224424039,-0.030235046115440055,0.0047095777986572275
613,-0.020783291687705784,-0.03069640139259063,-0.011198510233651197,0.0017443418135719886
614,-0.05172414315323154,-0.07630393451602188,-0.02811060465324449,0.0043786630612792045
615,-0.05002151565323106,-0.07379422206710441,-0.02717995809125547,0.004233700411974632
616,-0.06089484713599267,-0.08982176501674287,-0.03312325958368179,0.005159461882705898
617,-0.044432200549781246,-0.06555544188996844,-0.024124870067070862,0.00375782302529204
618,-0.04735602294633378,-0.06986522395741981,-0.025723014852831304,0.004006758885132304
619,-0.027276760704948944,-0.04026792542191036,-0.014747803673512703,0.0022971993657473558
620,-0.05733694277392273,-0.08457733141659118,-0.031178529181732376,0.004856539932779793
621,-0.056092263360129284,-0.08274264507462392,-0.03049819445365766,0.0047505672374261055
622,-0.04257692368771177,-0.06282072073873422,-0.023110786227110457,0.0035998637246705046
623,0.030823934950239443,0.045373848352183686,0.017009707972843097,-0.0026495260739700286
624,-0.04103868780840101,-0.06055332535385017,-0.022269995195244526,0.0034688974690918924
625,-0.04399773698081561,-0.06491503250645156,-0.023887394737459898,0.0037208325561591477
626,-0.04780222877392011,-0.07052294170265336,-0.025966908434593948,0.0040447490966741915
627,-0.039089472877365986,-0.057680137308882586,-0.0212045653380709,0.0033029402291983837
628,-0.014489441067014395,-0.02141911951245433,-0.0077583270803676975,0.0012084798823495722
629,-0.05685551017047432,-0.08386768858620762,-0.030915380843514785,0.004815550494010914
630,0.02703118541575564,0.03978324751769857,0.014936612527860701,-0.002326609275863983
631,-0.029789604049777225,-0.0439719148292782,-0.016121309633965443,0.002511144241272723
632,-0.06950192270496056,-0.10250879415506359,-0.03782783841084,0.005892273068500733
633,-0.0544248626359909,-0.08028485771085649,-0.0295868026481236,0.004608603815348524
634,-0.05531727429116355,-0.08160029320132357,-0.030074589811648858,0.004684584238432301
635,-0.04048680165322844,-0.059739832353166586,-0.021968337344117052,0.003421909575869033
636,-0.056057036584267195,-0.0826907199894739,-0.030478939697202685,0.0047475680101991165
637,-0.04512499380840213,-0.0665766352312521,-0.02450354694401812,0.0038168078274228657
638,-0.02334310406701683,-0.03446962424682516,-0.01259768920271052,0.0019622856587333455
639,-0.06339594822220025,-0.09350844606239403,-0.03449034729198289,0.005372407015822271
640,-0.04937569142909295,-0.07284226217268744,-0.02682695422291481,0.004178714579479796
641,-0.06420616406702807,-0.09470272302084443,-0.03493320669044661,0.005441389242043067
642,-0.06536864767047665,-0.09641625083079496,-0.03556861365345981,0.005540363740533772
643,-0.06919662398082253,-0.10205877675043008,-0.037660963854897145,0.005866279765866811
644,-0.05838200379116439,-0.086117775609375,-0.03174975362322906,0.004945517007180529
645,2.391945556140544,3.525721913978913,1.3075854323741325,-0.20367672993268707
646,-0.014113688791152225,-0.02086525193752082,-0.007552943011514964,0.001176488125261666
647,-0.0342751468428819,-0.050583709005046974,-0.01857308195589509,0.002893045841509595
648,-0.0643001021359936,-0.09484118991457778,-0.0349845527076598,0.00544938718131504
649,-0.04463181894633303,-0.06584968403915185,-0.024233980353648897,0.0037748186462449895
650,-0.04552423060150569,-0.06716511952961896,-0.024721767517174184,0.003850799069328764
651,-0.05047946373943809,-0.07446924817405462,-0.02743026992516976,0.004272690365925518
652,-0.05125445280840381,-0.07561160004735498,-0.027853874567178537,0.004338673364919323
653,-0.04587649836012648,-0.06768437038111913,-0.02491431508172361,0.003880791341598675
654,-0.03827925703253818,-0.0564858603504322,-0.02076170593960717,0.0032339580029775872
655,-0.06549781251530427,-0.09660664280967834,-0.035639214427127905,0.0055513609070327406
656,-0.04494885992909173,-0.066317009805502,-0.024407273161743407,0.0038018116912879097
657,-0.06055432163599258,-0.08931982252695936,-0.03293713027128401,0.005130469352844984
658,-0.05597484077392236,-0.08256956145745721,-0.030434011932141174,0.0047405698133361355
659,-0.0420367797911599,-0.06202453609976732,-0.02281554662813462,0.003553875573856643
660,0.04807331286403729,0.07079983171397515,0.02643812038361446,-0.004118147672786688
661,0.0016091955019555489,0.002310644401103257,0.001041096619542123,-0.00016216696038537766
662,-0.04424432441185017,-0.06527850810250167,-0.024022178032644503,0.003741827146748087
663,-0.04816623879116159,-0.0710595009158702,-0.026165874251295036,0.0040757411113531
664,-0.041238306204952786,-0.0608475675030336,-0.022379105481822547,0.0034858930900448413
665,-0.043164036618746425,-0.06368613882456785,-0.02343169883469286,0.0036498508451203587
666,-0.03257251934288143,-0.04807399655612951,-0.0176424353939061,0.0027480831922050224
667,-0.06902049010151214,-0.10179915132468001,-0.0375646900726224,0.005851283629731854
668,-0.05828806572219885,-0.08597930871564163,-0.03169840760601586,0.004937519067908555
669,-0.06053083711875119,-0.08928520580352602,-0.032924293766980715,0.00512846986802699
670,-0.0501271959808173,-0.07394999732255446,-0.027237722360620296,0.004242698093655608
671,-0.05158323604978322,-0.07609623417542181,-0.028033585627424692,0.0043666661523712414
672,-0.06621409029116654,-0.09766245287439537,-0.03603072780837849,0.005612345193981559
673,-0.060108115808406255,-0.08866210478172583,-0.03269323668952136,0.0050924791413030955
674,-0.041484893635987334,-0.06121104309908372,-0.022513888777007163,0.0035068876806337813
675,-0.053274121291163,-0.0785886382626226,-0.028957813937262065,0.004510629059266815
676,-0.02717108037736271,-0.0401121501664603,-0.014690039404147873,0.002288201684066382
677,-0.03864326704977966,-0.05702241956364905,-0.020960671756308263,0.0032649500176564956
678,-0.0423538207739186,-0.062491861866117444,-0.022988839436229137,0.003580868618899563
679,-0.05650324241185353,-0.08334843773470745,-0.030722833278965342,0.004785558221741003
680,-0.020877229756671323,-0.030834868286324008,-0.011249856250864377,0.0017523397528439654
681,-0.037516010222193134,-0.05536081683884851,-0.020344519549750025,0.0031689747463927807
682,-0.052863142239438735,-0.07798284560253907,-0.02873317511195436,0.0044756380749519185
683,-0.03367629165322657,-0.049700982557496706,-0.018245751096161025,0.0028420589786507457
684,-0.038514102204952036,-0.05683202758476565,-0.020890070982640136,0.0032539528511575278
685,-0.05303927611874913,-0.07824247102828916,-0.028829448894229084,0.004490634211086874
686,-0.005776685170460276,-0.008576315118683555,-0.002995983983844666,0.0004666710148737633
687,-0.0443382624808157,-0.06541697499623506,-0.024073524049857697,0.003749825086020062
688,-0.04189587268771158,-0.06181683575916723,-0.02273852760231485,0.0035418786649486786
689,1.510841696019612,2.226954375844981,0.8259790456708989,-0.1286590587887757
690,0.39756989845034024,0.5859659098490064,0.21747097742527446,-0.03387448073417477
691,-0.05374381163599071,-0.07928097273128949,-0.029214544023327984,0.004550618755626697
692,-0.0529218535325422,-0.07806938741112245,-0.028765266372712612,0.004480636786996904
693,-0.06286754658426907,-0.09272956978514378,-0.034201525945158726,0.005327418607417402
694,-0.030094902773915237,-0.044421932233911686,-0.016288184189908295,0.002537137543906647
695,0.020678623501960793,0.030419423828978914,0.011464338113818955,-0.0017857486325965823
696,-0.0496222788601275,-0.07320573776873754,-0.02696173751809943,0.004199709170068734
697,-0.06997161304978827,-0.10320112862373046,-0.038084568496905946,0.005932262764860615
698,-0.05549340817047394,-0.08185991862707365,-0.03017086359392358,0.004699580374567256
699,-0.06939624237737432,-0.10235301889961351,-0.0377700741414752,0.005883275386819756
700,-0.053027533860128435,-0.07822516266657246,-0.028823030642077432,0.004489634468677878
701,-0.05310972967047329,-0.0783463211985892,-0.028867958407138967,0.004496632665540859
702,-0.05025636082564492,-0.07414038930143785,-0.02730832313428844,0.004253695260154576
703,-0.04617005482564379,-0.06811707942403591,-0.025074771385514824,0.0039057849018236026
704,-0.0265252561532246,-0.03916019027204334,-0.014337035535807214,0.0022332158515715444
705,-0.03907773061874529,-0.057662828947165914,-0.02119814708591925,0.003301940486789387
706,-0.07262536349806485,-0.10711281837169839,-0.039535093483178456,0.006158204549293948
707,-0.05278094642909389,-0.07786168707052236,-0.028688247346892824,0.004468639878088938
708,-0.038408421877365796,-0.0566762523293156,-0.0208323067132753,0.003244955169476555
709,-0.07547873234289322,-0.11131875026884973,-0.041094728756028986,0.0064011419546802315
710,-0.041649285256677035,-0.06145336016311712,-0.022603744307130236,0.0035208840743597395
711,-0.060072889032544166,-0.08861017969657581,-0.03267398193306641,0.005089479914076105
712,-0.02606730806701758,-0.038485164165093115,-0.014086723701892935,0.0021942258976206594
713,-0.017507201532532466,-0.025867368473639088,-0.009407817883341319,0.0014654136814618124
714,-0.06984244820496065,-0.10301073664484707,-0.0380139677232378,0.005921265598361647
715,-0.02395370151529286,-0.03536965905609212,-0.012931438314596231,0.0020142722640011912
716,-0.058534653153233404,-0.08634278431169175,-0.031833190901200493,0.004958513658497492
717,-0.03204411770495025,-0.047295120278879256,-0.01735361404708191,0.002703094783800157
718,-0.04210723334288406,-0.06212838627006734,-0.022854056141044528,0.0035598740283106227
719,-0.055352501067025627,-0.08165221828647358,-0.030093844568103795,0.004687583465659293
720,-0.03237290094632966,-0.04777975440694608,-0.017533325107328065,0.002731087571252073
721,-0.038114865411848484,-0.0562435432863988,-0.020671850409484098,0.003219961609251628
722,-0.018528778032532747,-0.027373195942989568,-0.009966205820534714,0.0015523912710445563
723,-0.04136747104978041,-0.061037959481916995,-0.02244970625549067,0.00349689025654381
724,-0.06375995823944174,-0.09404500527561087,-0.03468931310868401,0.005403399030501177
725,-0.03571944465322713,-0.052712637496197666,-0.019362526970547835,0.003016014157816231
726,-0.04861244461874791,-0.07171721866110374,-0.026409767833057672,0.004113731322894988
727,-0.05685551017047432,-0.08386768858620762,-0.030915380843514785,0.004815550494010914
728,0.021571035157133454,0.031734859319445995,0.011952125277344239,-0.0018617290556803558
729,-0.0745393516532378,-0.10993408133151596,-0.04058126858389712,0.006321162561960464
730,-0.002606275342873197,-0.0039030574551820615,-0.0012630559028996245,0.00019674056444456074
731,-0.057278231480819265,-0.08449078960800782,-0.03114643792097413,0.004851541220734808
732,-0.053074502894611214,-0.07829439611343918,-0.02884870365068403,0.004493633438313865
733,-0.05173588541185223,-0.07632124287773855,-0.028117022905396128,0.004379662803688201
734,-0.07160378699806458,-0.1056069909023479,-0.03897670554598506,0.0060712269597112045
735,-0.06123537263599276,-0.09032370750652635,-0.0333093888960796,0.005188454412566813
736,0.04951761067438251,0.07292876020512583,0.027227565398267192,-0.0042411159890933265
737,-0.07210870411875436,-0.10635125045616478,-0.039252690388505915,0.00611421588329808
738,-0.033911136825640426,-0.05004714979183014,-0.018374116139193996,0.0028620538268306866
739,-0.07743968953254894,-0.11420924667553396,-0.04216657686535425,0.006568098936982738
740,-0.053755553894611396,-0.07929828109300617,-0.02922096227547962,0.004551618498035695
741,0.008877653588164443,0.013024520303723352,0.005013994701412415,-0.0007810075115545506
742,-0.04343410856702235,-0.0640842311440513,-0.023579318634180776,0.003672844920527291
743,-0.015875027584256157,-0.023461506195021648,-0.008515680834262207,0.001326449486611223
744,-0.044490911842884714,-0.0656419836985518,-0.024156961327829126,0.0037628217373370243
745,0.006552686381267252,0.009597464683822254,0.0037431807753860514,-0.0005830585145731352
746,-0.009980413756668327,-0.014772708613252203,-0.005293718254134753,0.0008245787972947061
747,-0.03648269146357217,-0.053837681007781364,-0.01977971336040498,0.003080997414401039
748,-0.06669552289461496,-0.09837209570477891,-0.03629387614659609,0.005653334632750439
749,-0.024646494773913737,-0.03639085239737578,-0.013310115191543482,0.0020732570661320168
750,-0.06929056204978808,-0.10219724364416347,-0.03771230987211035,0.005874277705138786
751,-0.03711677342908959,-0.054772332540481666,-0.020126298976593987,0.003134983504486879
752,-0.026055565808396883,-0.038467855803376444,-0.014080305449741277,0.0021932261552116625
753,-0.04224814044633237,-0.06233608661066741,-0.0229310751668643,0.0035718709372185888
754,-0.04188413042909089,-0.06179952739745057,-0.0227321093501632,0.00354087892253968
755,-0.06613189448082168,-0.09754129434237865,-0.03598580004331694,0.005605346997118581
756,-0.048988196894610085,-0.07227108623603724,-0.02661515190191042,0.004145723079982894
757,-0.05487106846357723,-0.08094257545609003,-0.029830696229886215,0.004646594026890415
758,-0.044173870860126016,-0.06517465793220166,-0.02398366851973462,0.0037358286922941036
759,-0.0042149647739081215,-0.006274303010366154,-0.0021423564476754377,0.00033370527447715704
760,-0.04540680801529876,-0.06699203591245223,-0.024657584995657685,0.0038408016452387934
761,-0.02811046106701814,-0.04149681910379408,-0.015203499576279733,0.002368181076786146
762,-0.03088163410150166,-0.04558159246892871,-0.016718207084068737,0.0026041202853094485
763,-0.028873707877363177,-0.04262186261537777,-0.015620685966136876,0.002433164333370954
764,-0.045078024773919353,-0.06650740178438541,-0.024477873935411534,0.0038128088577868784
765,0.03192770726058458,0.047000834353550874,0.017613023675098063,-0.0027435018604157484
766,-0.015428821756669825,-0.022803788449788108,-0.008271787252499567,0.0012884592750693358
767,-0.0733768680497892,-0.10822055352156539,-0.03994586162088394,0.006222188063469758
768,0.024729702726099836,0.036390808621230814,0.013678635106137624,-0.002130659763700563
769,-0.04709769325667854,-0.06948443999965304,-0.02558181330549504,0.0039847645521343695
770,-0.04059248198081468,-0.059895607608616626,-0.02202610161348189,0.003430907257550004
771,-0.06459365860151092,-0.0952738989574946,-0.03514500901145104,0.005474380741539966
772,-0.02253288822218902,-0.03327534728837478,-0.012154829804246788,0.001893303432512549
773,-0.030153614067018702,-0.04450847404249504,-0.016320275450666544,0.0025421362559516314
774,-0.05509417137737039,-0.08127143432870679,-0.029952643020767538,0.004665589132661357
775,-0.06627280158427001,-0.09774899468297873,-0.036062819069136734,0.005617343906026545
776,0.9583801701746325,1.4126132654372707,0.5240067001879976,-0.08162217818787368
777,0.027571329312307515,0.04057943215666549,0.015231852126836518,-0.0023725974266778477
778,-0.021464342687705966,-0.03170028637215761,-0.011570768858446798,0.0018023268732938178
779,0.14284508219164954,0.21049561912923648,0.07823983349956794,-0.01218706865580185
780,-0.07363519773944445,-0.10860133747933218,-0.0400870631682202,0.006244182396467694
781,0.2763193359330655,0.40723976676264934,0.15119610570735406,-0.02355114061887127
782,0.07708843391576942,0.11356879351587217,0.04229762145033743,-0.00658851116541839
783,0.07475172445025154,0.1101244295342544,0.04102038927215939,-0.006389562426027979
784,0.06693138020887006,0.0985970606309507,0.036745833339161656,-0.005723733981635944
785,-0.05356767775668031,-0.0790213473055394,-0.029118270241053262,0.0045356226194917405
786,-0.06161112491185494,-0.09087757508145987,-0.03351477296493235,0.005220446169654717
787,-0.05192376154978331,-0.07659817666520531,-0.0282197149398225,0.004395658682232155
788,-0.06736483163599445,-0.09935867232262924,-0.036659716519239986,0.005710319950063271
789,-0.04958705208426543,-0.07315381268358755,-0.026942482761644466,0.004196709942841744
790,-0.03587209401529613,-0.05293764619851441,-0.019445964248519257,0.003029010809133193
791,-0.0658031112394423,-0.09705666021431184,-0.035806088983070805,0.005577354209666665
792,-0.046639745170471515,-0.06880941389270281,-0.025331501471580767,0.003945774598183483
793,-0.06857428427392583,-0.10114143357944647,-0.03732079649085981,0.005813293418189965
794,-0.07863739991185961,-0.11597469957063453,-0.04282123858482238,0.006670072662700436
795,-0.05825283894633677,-0.08592738363049161,-0.03167915284956094,0.004934519840681563
796,-0.04934046465323087,-0.07279033708753742,-0.026807699466459875,0.004175715352252804
797,-0.04719163132564407,-0.06962290689338639,-0.02563315932270822,0.003992762491406346
798,-0.070593952756685,-0.10411847179471409,-0.038424735860943304,0.005985249112537457
799,-0.04938743368771365,-0.0728595705344041,-0.026833372475066473,0.004179714321888792
800,-0.063290267894614,-0.09335267080694397,-0.03443258302261804,0.005363409334141297
801,-0.06968979884289163,-0.10278572794253031,-0.037930530445266376,0.005908268947044685
802,-0.07415185711875492,-0.10936290539486576,-0.04036946626289274,0.006288171062463563
803,-0.06879738718771898,-0.10147029245206325,-0.03744274328174109,0.005832288523960911
804,-0.061388021998061766,-0.0905487162088431,-0.033392826174051024,0.005201451063883774
805,-0.04730905391185101,-0.06979599051055313,-0.025697341844224713,0.004002759915496315
806,-0.06245656753254481,-0.09212377712506024,-0.03397688711985103,0.005292427623102506
807,-0.05935661125668191,-0.0875543696318588,-0.032282468551815865,0.005028495627127286
808,-0.05687899468771571,-0.08390230530964096,-0.030928217347818084,0.004817549978828907
809,-0.06676597644633911,-0.09847594587507895,-0.03633238565950594,0.0056593330872044215
810,-0.06682468773944258,-0.09856248768366233,-0.03636447692026421,0.005664331799249406
811,-0.061716805239441175,-0.09103335033690992,-0.03357253723429718,0.00522944385133569
812,-0.06118840360151,-0.09025447405965967,-0.033283715887473,0.005184455442930825
813,-0.0651455447566835,-0.09608739195817818,-0.035446666862578476,0.00552136863476283
814,-0.06014334258426833,-0.08871402986687583,-0.03271249144597632,0.005095478368530085
815,-0.07284846641185802,-0.10744167724431515,-0.03965704027405978,0.0061771996550648925
816,-0.05797102473944015,-0.08551198294929148,-0.03152511479792138,0.004910526022865631
817,-0.05696119049806056,-0.08402346384165768,-0.03097314511287962,0.004824548175691886
818,-0.07047653017047807,-0.1039453881775474,-0.038360553339426826,0.0059752516884474865
819,-0.06223346461875165,-0.09179491825244347,-0.0338549403289697,0.005273432517331563
820,-0.05347373968771476,-0.07888288041180601,-0.02906692422384009,0.004527624680219764
821,-0.05085521601530026,-0.07502311574898812,-0.027635653994022506,0.004304682123013424
822,-0.06927881979116739,-0.1021799352824468,-0.03770589161995866,0.00587327796272979
823,-0.04759086811874763,-0.07021139119175325,-0.02585137989586427,0.004026753733312245
824,-0.03353538454977825,-0.049493282216896646,-0.01816873207034124,0.0028300620697427814
825,-0.07396398098082387,-0.10908597160739902,-0.04026677422846638,0.006272175183919609
826,-0.0694197268946157,-0.10238763562304688,-0.037782910645778454,0.005885274871637753
827,-0.041813676877366736,-0.06169567722715054,-0.0226935998372533,0.003534880468085698
828,-0.05333283258426645,-0.07867518007120597,-0.02898990519802029,0.004515627771311801
829,-0.05891040542909558,-0.08689665188662525,-0.03203857497005324,0.004990505415585398
830,-0.04854199106702376,-0.07161336849080371,-0.026371258320147778,0.004107732868441006
831,-0.05298056482564567,-0.0781559292197058,-0.028797357633470858,0.004485635499041887
832,-0.06333723692909679,-0.09342190425381068,-0.03445825603122467,0.0053674083037772834
833,-0.057219520187715804,-0.08440424779942447,-0.031114346660215876,0.0048465425086898235
834,-0.06330201015323471,-0.09336997916866065,-0.03443900127476972,0.005364409076550291
835,-0.05929789996357844,-0.08746782782327543,-0.03225037729105763,0.0050234969150823
836,-0.06330201015323471,-0.09336997916866065,-0.03443900127476972,0.005364409076550291
837,-0.06454668956702816,-0.09520466551062792,-0.03511933600284442,0.005470381771903977
838,-0.05707861308426749,-0.0841965474588244,-0.031037327634396105,0.004834545599781857
839,-0.04668671420495428,-0.0688786473395695,-0.02535717448018734,0.003949773567819473
840,-0.05663240725668116,-0.08353882971359086,-0.03079343405263346,0.00479655538823997
841,-0.06846860394633958,-0.10098565832399642,-0.037263032221494935,0.005804295736508995
842,-0.034427796204950914,-0.050808717707363726,-0.018656519233866527,0.0029060424928265558
843,-0.05864033348081964,-0.08649855956714181,-0.03189095517056532,0.004967511340178465
844,-0.06252702108426898,-0.0922276272953603,-0.03401539663276093,0.005298426077556488
845,-0.05146581346357629,-0.07592315055825509,-0.027969403105908196,0.004356668728281271
846,-0.04126179072219417,-0.06088218422646695,-0.02239194198612584,0.003487892574862837
847,-0.07310679610151327,-0.10782246120208193,-0.03979824182139603,0.006199193988062828
848,-0.0654508434808215,-0.09653740936281166,-0.035613541418521334,0.005547361937396753
849,-0.06412396825668322,-0.09458156448882771,-0.0348882789253851,0.005434391045180086
850,-0.0684098926532361,-0.10089911651541306,-0.03723094096073671,0.0057992970244640065
851,-0.03348841551529548,-0.04942404877002995,-0.01814305906173466,0.0028260631001067924
852,-0.07194431249806468,-0.10610893339213141,-0.03916283485838286,0.006100219489572118
853,3.697884333158144,5.450705979022044,2.0214041819240025,-0.3148650814341115
854,0.37564710160550674,0.5536511985239795,0.20548810065814715,-0.03200796165657728
855,-0.046992012929092296,-0.06932866474420298,-0.02552404903613021,0.003975766870453395
856,-0.06862125330840858,-0.10121066702631315,-0.037346469499466385,0.0058172923878259545
857,-0.03967658580840063,-0.0585455553947162,-0.021525477945653314,0.0033529273496482365
858,0.5911762585883246,0.8713461778334978,0.3232951189016518,-0.05035823357371806
859,-0.014090204273910837,-0.020830635214087474,-0.00754010650721166,0.0011744886404436727
860,-0.0585581376704748,-0.08637740103512509,-0.031846027405503796,0.004960513143315486
861,0.250380686639955,0.36900559573052044,0.13701818670436317,-0.021342709637396796
862,0.19081220865717996,0.28120027674184234,0.10445839353905122,-0.016271016396554788
863,0.030964842053687755,0.045581548692783753,0.01708672699866288,-0.002661522982877993
864,-0.0024183992049421105,-0.003626123667715306,-0.0011603638684732497,0.00018074468590060827
865,-0.06988941723944342,-0.10307997009171375,-0.0380396407318444,0.005925264567997634
866,-0.06791671779116701,-0.10017216532331283,-0.03696137437036748,0.0057573078432861325
867,0.05791332558817793,0.08530423883254645,0.03181661568669575,-0.004955931811526214
868,-0.06332549467047609,-0.09340459589209399,-0.03445183777907299,0.005366408561368287
869,0.044844191743346744,0.0660400322418903,0.024673101041911172,-0.003843218510312501
870,-0.05795928248081945,-0.08549467458757481,-0.03151869654576973,0.004909526280456636
871,-0.06655461579116663,-0.09816439536417884,-0.03621685712077627,0.005641337723842476
872,-0.06457017408426956,-0.09523928223406126,-0.03513217250714774,0.005472381256721973
873,-0.024834370911844823,-0.03666778618484253,-0.013412807225969853,0.0020892529446759696
874,-0.0659205338256492,-0.09722974383147855,-0.03587027150458725,0.005587351633756636
875,-0.06710650194633921,-0.09897788836486245,-0.036518514971903754,0.005688325617065335
876,-0.05411956391185287,-0.079834840306223,-0.029419928092180726,0.0045826105127146025
877,-0.05348548194633546,-0.0789001887735227,-0.029073342475991713,0.004528624422628763
878,-0.053274121291163,-0.0785886382626226,-0.028957813937262065,0.004510629059266815
879,-0.049504856273920574,-0.07303265415157083,-0.02689755499658294,0.004189711745978764
880,-0.04561816867047123,-0.06730358642335232,-0.024773113534387357,0.003858797008600742
881,-0.025949885480810647,-0.03831208054792639,-0.014022541180376448,0.0021842284735306885
882,-0.06015508484288901,-0.08873133822859251,-0.03271890969812794,0.005096478110939085
883,-0.036024743377365144,-0.05316265490083114,-0.019529401526490686,0.0030420074604501552
884,-0.0451837051015056,-0.06666317703983546,-0.02453563820477637,0.0038218065394678502
885,-0.05242867867047311,-0.0773424362190222,-0.02849569978234338,0.004438647605819028
886,-0.06371298920495895,-0.09397577182874418,-0.03466364010007737,0.00539940006086519
887,-0.06498115313599379,-0.09584507489414479,-0.03535681133245539,0.005507372241036871
888,-0.05491803749806,-0.0810118089029567,-0.029856369238492816,0.0046505929965264025
889,-0.03294827161874361,-0.04862786413106303,-0.017847819462758843,0.002780074949292928
890,-0.06590879156702853,-0.09721243546976188,-0.03586385325243563,0.005586351891347636
891,-0.06516902927392487,-0.09612200868161153,-0.0354595033668818,0.0055233681195808225
892,-0.0379152470152967,-0.055949301137215364,-0.020562740122906067,0.003202965988298679
893,-0.050702566653231244,-0.0747981070466714,-0.02755221671605107,0.004291685471696463
894,0.24856063655374758,0.36632279966443626,0.13602335762085752,-0.021187749564002264
895,-0.03416946651529566,-0.05042793374959693,-0.018515317686530246,0.0028840481598286227
896,-0.06388912308426936,-0.09423539725449427,-0.034759913882352104,0.0054143961970001455
897,0.020068026053684764,0.029519389019711958,0.011130589001933268,-0.0017337620273287328
898,-0.05491803749806,-0.0810118089029567,-0.029856369238492816,0.0046505929965264025
899,-0.034427796204950914,-0.050808717707363726,-0.018656519233866527,0.0029060424928265558
900,-0.030916860877363738,-0.04563351755407874,-0.01673746184052368,0.0026071195125364397
901,-0.06387738082564866,-0.09421808889277758,-0.03475349563020046,0.0054133964545911495
902,-0.031421777998053534,-0.04637777710789564,-0.01701344668304456,0.0026501084361233115
903,-0.027100626825638553,-0.04000829999616027,-0.014651529891237972,0.0022822032296124007
904,-0.0542369864980598,-0.0800079239233897,-0.029484110613697215,0.004592607936804574
905,-0.06512206023944211,-0.09605277523474486,-0.03543383035827519,0.005519369149944834
906,-0.06351337080840719,-0.09368152967956075,-0.03455452981349938,0.005382404439912239
907,-0.06368950468771757,-0.09394115510531084,-0.034650803595774084,0.005397400576047199
908,-0.03715200020495166,-0.05482425762563167,-0.020145553733048924,0.003137982731713871
909,-0.04296441822219464,-0.06339189667538442,-0.023322588548114833,0.003632855224167409
910,-0.04423258215322947,-0.06526119974078501,-0.02401575978049287,0.0037408274043390886
911,-0.06893829429116728,-0.1016779927926633,-0.03751976230756088,0.005844285432868877
912,-0.06178725879116534,-0.09113720050720994,-0.03361104674720708,0.005235442305789672
913,-0.06404177244633835,-0.094460405956811,-0.03484335116032352,0.005427392848317108
914,-0.074034434532548,-0.10918982177769905,-0.040305283741376235,0.006278173638373595
915,-0.022814702429085648,-0.03369074796957491,-0.012308867855886346,0.001917297250328478
916,-0.06593227608426991,-0.09724705219319522,-0.03587668975673891,0.005588351376165632
917,-0.06459365860151092,-0.0952738989574946,-0.03514500901145104,0.005474380741539966
918,-0.06459365860151092,-0.0952738989574946,-0.03514500901145104,0.005474380741539966
919,-0.03310092098081262,-0.04885287283337977,-0.01793125674073025,0.0027930716006098906
920,-0.05389646099805972,-0.07950598143360624,-0.029297981301299406,0.00456361540694366
921,-0.0636777624290969,-0.09392384674359418,-0.034644385343622464,0.005396400833638199
922,-0.06588530704978715,-0.09717781874632854,-0.03585101674813237,0.005584352406529639
923,-0.05544643913599118,-0.08179068518020695,-0.030145190585316995,0.004695581404931266
924,-0.06255050560151036,-0.09226224401879363,-0.03402823313706422,0.0053004255623744796
925,-0.026959719722190235,-0.0398005996555602,-0.014574510865418201,0.0022702063207044347
926,-0.0558926449635775,-0.0824484029254405,-0.03038908416707961,0.004733571616473157
927,-0.060753940032544355,-0.0896140646761428,-0.03304624055786202,0.005147464973797934
928,-0.049998031135989676,-0.07375960534367106,-0.027167121586952163,0.00423170092715664
929,-0.05834677701530231,-0.086065850524225,-0.03173049886677411,0.004942517779953539
930,-0.07113409665323685,-0.10491465643368099,-0.038719975459919134,0.0060312372633513234
931,-0.01169478351528949,-0.017299729423886346,-0.006230783068275407,0.0009705411890082747
932,-0.06608492544633893,-0.09747206089551196,-0.03596012703471035,0.005601348027482593
933,-0.054037368101508026,-0.07971368177420629,-0.029375000327119177,0.004575612315851622
934,3.6515963496753727,5.382476417134923,1.9961034319422044,-0.3109240968578451
935,0.046863860226105926,0.06901707045715791,0.025777040411994682,-0.0040151742046599945
936,0.4138211843813792,0.6099206824648808,0.22635383840315593,-0.035258124228226675
937,0.4074333956917223,0.6005049336910111,0.222862309232659,-0.0347142643577323
938,0.01269388763988963,0.018649737861641816,0.007099926650698112,-0.0011059237944785907
939,0.01106171369161332,0.016243875583024377,0.006207789601619008,-0.0009669595996279997
940,-0.014583379135979938,-0.02155758640618771,-0.0078096730975808935,0.0012164778216215476
941,-0.0051191186877014745,-0.007607046862549912,-0.002636561863352361,0.0004106854399699289
942,0.10127748667439675,0.1492240186522169,0.05551922088273293,-0.008647980527952303
943,0.0014095771054037697,0.0020164022519198305,0.0009319863329640989,-0.0001451713394324284
944,0.14567496651923656,0.21466693430295447,0.07978663226811517,-0.012428006576370141
945,0.049740713588175674,0.0732576190777426,0.027349512189148505,-0.004260111094864272
946,0.45925198298484,0.6768867339466855,0.2511860559778831,-0.03912612760863624
947,-0.0540960793946115,-0.07980022358278965,-0.02940709158787744,0.004580611027896609
948,-0.038009185084262244,-0.05608776803094875,-0.020614086140119257,0.0032109639275706542
949,-0.04822495008426505,-0.07114604272445356,-0.02619796551205328,0.004080739823398084
950,-0.013608771670462429,-0.020120992383703913,-0.0072769581689940774,0.0011334992016747939
951,-0.018470066739429282,-0.027286654134406202,-0.009934114559776474,0.001547392558999571
952,-0.0652747096015111,-0.09627778393706159,-0.035517267636246595,0.005532365801261797
953,-0.04217768689460821,-0.06223223644036737,-0.022892565653954408,0.0035658724827646055
954,-0.040686420049780216,-0.06003407450235001,-0.02207744763069507,0.0034389051968219827
955,-0.04520718961874698,-0.0666977937632688,-0.02454847470907967,0.0038238060242858436
956,0.029403121657135607,0.04327953658446635,0.016233099462493666,-0.0025285572424813847
957,-0.01640342922218733,-0.024240382472271893,-0.008804502181086377,0.0013714378950160898
958,-0.05842897282564717,-0.08618700905624171,-0.031775426631835656,0.004949515976816518
959,-0.008254301739426474,-0.012228379440901391,-0.004350235187842449,0.0006776166631721413
960,-0.043915541170470765,-0.06479387397443487,-0.023842466972398356,0.0037138343592961697
961,0.08482658234680603,0.12497500388715915,0.04652724961827364,-0.007247341412947443
962,-0.052898369015300824,-0.07803477068768909,-0.02875242986840931,0.00447863730217891
963,-0.04097997651529754,-0.06046678354526681,-0.02223790393448627,0.003463898757046908
964,-0.06170506298082048,-0.09101604197519324,-0.03356611898214553,0.005228444108926694
965,-0.0501037114635759,-0.0739153805991211,-0.027224885856317004,0.0042406986088376125
966,-0.04622876611874726,-0.06820362123261928,-0.025106862646273074,0.003910783613868586
967,-0.057571787946336585,-0.08492349865092463,-0.03130689422476533,0.004876534780959734
968,-0.05174762767047292,-0.07633855123945522,-0.028123441157547793,0.004380662546097198
969,-0.044150386342884616,-0.0651400412087683,-0.02397083201543132,0.0037338292074761107
970,-0.05312147192909398,-0.07836362956030586,-0.02887437665929062,0.004497632407949854
971,0.03883215532955199,0.05717815104295413,0.02138695594026725,-0.003331350396906014
972,-0.0383966796187451,-0.05665894396759893,-0.020825888461123637,0.003243955427067559
973,-0.019057179670463924,-0.028152072220239813,-0.010255027167358887,0.0015973796794494237
974,0.05464897769162531,0.08049251427531157,0.03003234158853753,-0.004678003421825034
975,-0.014195884601497073,-0.020986410469537524,-0.007597870776576496,0.0011834863221246458
976,-0.01753068604977385,-0.02590198519707243,-0.009420654387644601,0.0014674131662798075
977,-0.05046772148081739,-0.07445193981233796,-0.0274238516730181,0.004271690623516523
978,-0.02301432082563743,-0.03398499011875834,-0.012417978142464377,0.0019342928712814274
979,-0.060519094860130504,-0.08926789744180935,-0.03291787551482906,0.005127470125617993
980,-0.04200155301529782,-0.06197261101461728,-0.022796291871679683,0.0035508763466296504
981,-0.04028718325667666,-0.059445590203983156,-0.021859227057539017,0.0034049139549160836
982,-0.01606290372218724,-0.023738439982488403,-0.008618372868688572,0.0013424453651551768
983,-0.036318299842882464,-0.05359536394374795,-0.019689857830281883,0.003067001020675082
984,-0.0664606777222011,-0.09802592847044547,-0.03616551110356309,0.005633339784570498
985,-0.053884718739439015,-0.07948867307188956,-0.029291563049147755,0.0045626156645346624
986,-0.05593961399806027,-0.08251763637230719,-0.03041475717568621,0.004737570586109146
987,-0.0643001021359936,-0.09484118991457778,-0.0349845527076598,0.00544938718131504
988,-0.06240959849806206,-0.09205454367819357,-0.033951214111244445,0.005288428653466515
989,-0.060812651325647823,-0.08970060648472616,-0.033078331818620244,0.005152463685842919
990,-0.009545950187702691,-0.014132299229735334,-0.005056242924523765,0.000787588328161816
991,0.09073293843301454,0.13368110983064524,0.049755630450552736,-0.007750211844672959
992,0.04246051324334609,0.06252643481340585,0.023370195855126553,-0.0036402708012861027
993,-0.0755374436359967,-0.11140529207743308,-0.04112682001678725,0.006406140666725216
994,-0.07334164127392712,-0.10816862843641536,-0.03992660686442902,0.0062191888362427665
995,-0.05953274513599229,-0.08781399505760888,-0.032378742334090604,0.005043491763262242
996,-0.048635929135989305,-0.07175183538453708,-0.02642260433736097,0.004115730807712982
997,-0.06836292361875335,-0.10082988306854637,-0.03720526795213014,0.005795298054828019
998,-0.04490189089460896,-0.06624777635863532,-0.024381600153136805,0.0037978127216519225
999,-0.05691422146357778,-0.08395423039479098,-0.03094747210427303,0.004820549206055898
1000,-0.03090511861874305,-0.04561620919236206,-0.016731043588372033,0.0026061197701274415
1001,-0.05532901654978425,-0.08161760156304024,-0.03008100806380051,0.004685583980841299
1002,-0.06856254201530512,-0.10112412521772979,-0.03731437823870816,0.005812293675780969
1003,-0.06297322691185532,-0.09288534504059384,-0.03425929021452356,0.0053364162890983755
1004,0.6824958038814531,1.0059533069040576,0.37320986588502064,-0.05813323028848809
1005,0.02784140126058345,0.04097752447614895,0.015379471926324426,-0.00239559150208478
1006,0.051055846553693274,0.07519615559000989,0.028068356430133137,-0.00437208224467194
1007,-0.07026516951530559,-0.10363383766664727,-0.03824502480069714,0.005957256325085542
1008,0.027864885777824838,0.0410121411995823,0.015392308430627725,-0.0023975909869027737
1009,-0.034897486549778624,-0.051501052176030605,-0.018913249319932462,0.0029460321891864373
1010,-0.024822628653224134,-0.03665047782312586,-0.013406388973818214,0.0020882532022669727
1011,0.15600815410544627,0.22989829261362602,0.08543469416156566,-0.01330777989628754
1012,-0.06251527882564828,-0.09221031893364362,-0.03400897838060927,0.0052974263351474905
1013,-0.0271828226359834,-0.040129458528176974,-0.014696457656299516,0.0022892014264753787
1014,-0.04654580710150597,-0.06867094699896943,-0.02528015545436758,0.003937776658911507
1015,-0.05184156573943846,-0.07647701813318859,-0.028174787174760966,0.004388660485369175
1016,-0.04344585082564305,-0.06410153950576797,-0.02358573688633243,0.003673844662936286
1017,-0.06455843182564884,-0.09522197387234457,-0.03512575425499606,0.0054713815143129785
1018,-0.022157135946326848,-0.032721479713441276,-0.011949445735394047,0.0018613116754246423
1019,-0.03866675156702104,-0.05705703628708239,-0.020973508260611562,0.0032669495024744907
1020,-0.042318593998056535,-0.062439936780967445,-0.022969584679774193,0.003577869391672571
1021,-0.03476832170495101,-0.05131066019714722,-0.01884264854626432,0.0029350350226874703
1022,-0.06353685532564857,-0.09371614640299411,-0.03456736631780266,0.005384403924730235
1023,-0.05636233530840522,-0.08314073739410739,-0.030645814253145554,0.004773561312833038
1024,-0.021393889135981812,-0.03159643620185758,-0.011532259345536913,0.0017963284188398346
1025,-0.050749535687714016,-0.07486734049353808,-0.02757788972465767,0.004295684441332451
1026,-0.05481235717047375,-0.08085603364750665,-0.02979860496912798,0.00464159531484543
1027,-0.058487684118750626,-0.08627355086482506,-0.031807517892593895,0.004954514688861505
1028,-0.05947403384288883,-0.08772745324902552,-0.03234665107333234,0.005038493051217256
1029,-0.06961934529116748,-0.1026818777722303,-0.03789202093235649,0.005902270492590703
1030,-0.06784626423944286,-0.10006831515301279,-0.036922864857457605,0.005751309388832151
1031,-0.04002885356702142,-0.059064806246216364,-0.021718025510202774,0.0033829196219181466
1032,-0.027476379101500723,-0.040562167571093787,-0.014856913960090723,0.002314194986700305
1033,-0.06131756844633761,-0.09044486603854304,-0.03335431666114115,0.005195452609429791
1034,-0.055141140411853154,-0.08134066777557349,-0.029978316029374136,0.004669588102297345
1035,-0.027194564894604097,-0.04014676688989365,-0.014702875908451173,0.0022902011688843756
1036,-0.036377011135985925,-0.0536819057523313,-0.019721949091040136,0.003071999732720066
1037,-0.05360290453254239,-0.07907327239068943,-0.029137524997508213,0.004538621846718732
1038,-0.022955609532533963,-0.03389844831017499,-0.01238588688170613,0.0019292941592364422
1039,-0.06041341453254426,-0.08911212218635929,-0.03286011124546423,0.005118472443937019
1040,-0.01935073613598125,-0.028584781263156625,-0.010415483471150098,0.00162237323967435
1041,-0.024951793498051756,-0.03684086980200926,-0.01347698974748634,0.00209925036876594
1042,-0.0685860265325465,-0.10115874194116314,-0.03732721474301142,0.005814293160598965
1043,-0.06666029611875288,-0.0983201706196289,-0.03627462139014114,0.005650335405523447
1044,-0.06334897918771748,-0.09343921261552733,-0.034464674283376316,0.005368408046186278
1045,-0.060753940032544355,-0.0896140646761428,-0.03304624055786202,0.005147464973797934
1046,-0.06038993001530288,-0.08907750546292596,-0.0328472747411609,0.005116472959119027
1047,-0.07078182889461607,-0.10439540558218084,-0.038527427895369684,0.00600124499108141
1048,-0.06857428427392583,-0.10114143357944647,-0.03732079649085981,0.005813293418189965
1049,1.017244112640166,1.4993800827229484,0.5561813982242111,-0.08663388688417586
1050,-0.009205424687702597,-0.013630356739951837,-0.004870113612125965,0.0007585957983009015
1051,-0.025902916446327882,-0.03824284710105971,-0.013996868171769861,0.0021802295038947004
1052,0.020889984157133265,0.03073097433987901,0.011579866652548645,-0.0018037439959585268
1053,0.002536833932990285,0.0036780049767203616,0.0015481385395223278,-0.00024114661069614605
1054,-0.03034149020494979,-0.0447854078299618,-0.01642296748509291,0.0025581321344955842
1055,0.007715169984715848,0.011310992493772801,0.004378587738399242,-0.0006820330130638416
1056,-0.057583530204957274,-0.08494080701264131,-0.031313312476916974,0.004877534523368731
1057,0.0980601078123269,0.14448152754184873,0.053760619793181294,-0.008374051107887115
1058,-0.056068778842887905,-0.0827080283511906,-0.030485357949354346,0.004748567752608112
1059,-0.016109872756670016,-0.023807673429355095,-0.008644045877295179,0.0013464443347911634
1060,0.15886152295027464,0.23410422451077736,0.08699432943441623,-0.013550717301673816
1061,-0.03566073336012367,-0.052626095687614304,-0.019330435709789612,0.0030110154457712443
1062,0.09870593203646501,0.1454334874362657,0.054113623661521934,-0.008429036940381954
1063,-0.031292613153225915,-0.04618738512901224,-0.016942845909376433,0.002639111269624345
1064,0.03952494858817287,0.058199344384237794,0.021765632817214487,-0.0033903351990368412
1065,-0.03298349839460569,-0.04867978921621305,-0.017867074219213786,0.0027830741765199197
1066,0.020995664484719498,0.03088674959532906,0.011637630921913467,-0.0018127416776395021
1067,-0.05624491272219829,-0.08296765377694067,-0.030581631731629068,0.004763563888743069
1068,-0.028591893670466547,-0.04220646193417764,-0.015466647914497318,0.0024091705155550244
1069,-0.060448641308406346,-0.08916404727150933,-0.032879366001919166,0.00512147167116401
1070,-0.028944161429087338,-0.04272571278567781,-0.01565919547904677,0.0024391627878249354
1071,-0.0007275139635623358,-0.0011337195805145093,-0.0002361355586358964,3.678177900503342e-05
1072,-0.049223042067023944,-0.0726172534703707,-0.026743516944943393,0.004165717928162833
1073,-0.04620528160150588,-0.06816900450918595,-0.025094026141969775,0.003908784129050593
1074,0.01712071913989085,0.025174990228827233,0.009519607711869526,-0.0014828266826704762
1075,-0.021252982032533497,-0.03138873586125752,-0.01145524031971713,0.0017843315099318703
1076,-0.03133958218770868,-0.04625661857587893,-0.01696851891798301,0.002643110239260334
1077,0.012588207312303396,0.018493962606191763,0.007042162381333286,-0.0010969261127976157
1078,-0.06539213218771803,-0.0964508675542283,-0.03558145015776311,0.005542363225351766
1079,-0.00855960046356449,-0.012678396845534868,-0.004517109743785305,0.000703609965806064
1080,-0.040510286170469825,-0.05977444907659992,-0.021981173848420348,0.0034239090606870267
1081,-0.04168451203253912,-0.06150528524826714,-0.022622999063585177,0.00352388330158673
1082,-0.024740432842879283,-0.036529319291109155,-0.013361461208756671,0.0020812550054039934
1083,-0.039488709670469545,-0.05826862160724944,-0.021422785911226944,0.0033369314711042836
1084,-0.0034282334463216994,-0.005114642775349115,-0.0017123335535150072,0.000266722533074354
1085,0.021019149001960887,0.030921366318762404,0.011650467426216768,-0.0018147411624574953
1086,-0.03341796196357133,-0.04932019859972992,-0.018104549548824768,0.00282006464565281
1087,-0.030987314429087896,-0.045737367724378766,-0.016775971353433568,0.0026131179669904216
1088,0.003722802053680268,0.005426149510104253,0.002196382006838818,-0.0003421205940048459
1089,-0.01878710772218799,-0.02775397990075635,-0.010107407367870982,0.0015743856040424907
1090,-0.04411515956702254,-0.0650881161236183,-0.023951577258976363,0.003730829980249119
1091,-0.00217181177390756,-0.00326264807166519,-0.0010255805732886348,0.0001597500953116706
1092,-0.04678065227391983,-0.06901711423330288,-0.025408520497400534,0.003957771507091449
1093,-0.021652218825637053,-0.03197722015962437,-0.011673460892873164,0.0018183227518377707
1094,-0.01740152120494623,-0.025711593218189034,-0.00935005361397648,0.001456415999780839
1095,-0.05509417137737039,-0.08127143432870679,-0.029952643020767538,0.004665589132661357
1096,-0.020853745239429938,-0.030800251562890662,-0.01123701974656108,0.001750340268025971
1097,-0.02050147748080915,-0.030281000711390494,-0.01104447218201164,0.0017203479957560595
1098,-0.031139963791156907,-0.04596237642669551,-0.01685940863140501,0.0026261146183073833
1099,-0.021558280756671513,-0.031838753265890994,-0.011622114875659988,0.0018103248125657936
1100,-0.048800320756679005,-0.07199415244857049,-0.026512459867484045,0.004129727201438941
1101,-0.0318210147911571,-0.0469662614062625,-0.017231667256200598,0.0026840996780292123
1102,-0.02973089275667376,-0.04388537302069484,-0.016089218373207214,0.002506145529227737
1103,-0.022157135946326848,-0.032721479713441276,-0.011949445735394047,0.0018613116754246423
1104,-0.04460833442909164,-0.06581506731571851,-0.024221143849345598,0.003772819161426997
1105,-0.03975878161874548,-0.058666713926732894,-0.021570405710714852,0.003359925546511215
1106,0.023449796536444314,0.034504197194113545,0.012979045621607966,-0.0020216878411198833
1107,-0.04183716139460812,-0.06173029395058389,-0.022706436341556592,0.0035368799529036936
1108,-0.06034296098082011,-0.08900827201605928,-0.03282160173255433,0.005112473989483038
1109,-0.005530097739425726,-0.008212839522633441,-0.0028612006886600495,0.0004456764242848256
1110,-0.030047933739432466,-0.04435269878704499,-0.016262511181301707,0.0025331385742706587
1111,-0.03618913499805484,-0.053404971964864545,-0.019619257056613767,0.0030560038541761134
1112,-0.04498408670495381,-0.06636893489065203,-0.024426527918198344,0.0038048109185149005
1113,-0.021088590411843796,-0.031146418797224105,-0.011365384789594049,0.0017703351162059117
1114,-0.033629322618743795,-0.049631749110630015,-0.01822007808755443,0.0028380600090147576
1115,-0.026090792584258966,-0.038519780888526464,-0.014099560206196227,0.0021962253824386532
1116,-0.056256654980818985,-0.08298496213865734,-0.03058804998378072,0.004764563631152065
1117,-0.020912456532533406,-0.030886793371474024,-0.01126911100731933,0.0017553389800709553
1118,-0.051442328946334895,-0.07588853383482172,-0.027956566601604907,0.004354669243463277
1119,-0.03508536268770972,-0.05177798596349738,-0.019015941354358808,0.0029620280677303914
1120,-0.059955466446337244,-0.08843709607940908,-0.032609799411549935,0.005079482489986135
1121,-0.05993198192909586,-0.08840247935597574,-0.03259696290724663,0.005077483005168141
1122,-0.011401227049772167,-0.01686702038096954,-0.0060703267644842025,0.0009455476287833488
1123,-0.04646361129116112,-0.06854978846695273,-0.02523522768930603,0.003930778462048528
1124,3.510360462985679,5.174291442406789,1.9189046950621782,-0.29889919516242874
1125,-0.033288797118743704,-0.049129806620846525,-0.018033948775156638,0.0028090674791538426
1126,-0.035003166877364864,-0.051656827431480666,-0.01897101358929729,0.0029550298708674112
1127,-0.0033695221532182348,-0.005028100966765755,-0.0016802422927567643,0.00026172382102936884
1128,-0.02728850296356964,-0.04028523378362703,-0.014754221925664352,0.002298199108156353
1129,0.15289645557096265,0.22531157675870786,0.0837338573413788,-0.013042848157903325
1130,0.13558836636406135,0.19979905158833308,0.0742733536698492,-0.01156922784704168
1131,0.13437891372613,0.19801629033151583,0.07361227369822952,-0.01146625437891498
1132,0.012130259226096372,0.017818936499241548,0.0067918505474189985,-0.0010579361588467318
1133,-0.05051469051530016,-0.07452117325920464,-0.027449524681624697,0.004275689593152508
1134,-0.05977933256702685,-0.08817747065365901,-0.032513525629275224,0.0050644863538511775
1135,-0.01649736729115288,-0.024378849366005272,-0.008855848198299564,0.0013794358342880666
1136,-0.06272663948082076,-0.09252186944454371,-0.03412450691933894,0.005315421698509438
1137,-0.057794890860129754,-0.0852523575235414,-0.03142884101564664,0.004895529886730677
1138,-0.028333563980811306,-0.041825677976410854,-0.015325446367161048,0.00238717618255709
1139,-0.03102254120494997,-0.04578929280952878,-0.01679522610988851,0.0026161171942174124
1140,-0.031457004773915616,-0.04642970219304566,-0.017032701439499504,0.0026531076633503035
1141,-0.034181208773916366,-0.05044524211131362,-0.01852173593868191,0.0028850479022376188
1142,-0.07378784710151345,-0.10882634618164892,-0.04017050044619165,0.006257179047784654
1143,-0.06669552289461496,-0.09837209570477891,-0.03629387614659609,0.005653334632750439
1144,-0.029319913704949505,-0.04327958036061131,-0.015864579547899514,0.002471154544912841
1145,-0.038114865411848484,-0.0562435432863988,-0.020671850409484098,0.003219961609251628
1146,-0.044714014756677876,-0.06597084257116856,-0.024278908118710436,0.0037818168431079683
1147,-0.03303046742908846,-0.04874902266307973,-0.017892747227820378,0.002787073146155907
1148,-0.06553303929116636,-0.09665856789482836,-0.03565846918358287,0.005554360134259731
1149,-0.03640049565322732,-0.05371652247576465,-0.019734785595343435,0.003073999217538061
1150,-0.052569585773921415,-0.07755013655962227,-0.02857271880816315,0.004450644514726992
1151,-0.055023717825646225,-0.08116758415840676,-0.02991413350785765,0.004659590678207374
1152,-0.04429129344633294,-0.06534774154936838,-0.0240478510412511,0.003745826116384075
1153,-0.012857267118738084,-0.019013257233836893,-0.00686619003128859,0.0010695156874989827
1154,-0.030024449222191083,-0.044318082063611645,-0.016249674676998414,0.0025311390894526636
1155,-0.032971756135985,-0.04866248085449638,-0.017860655967062128,0.0027820744341109224
1156,-0.06116491908426861,-0.09021985733622634,-0.033270879383169714,0.005182455958112831
1157,-0.01800037639460157,-0.02659431966573932,-0.009677384473710542,0.0015074028626396894
1158,-0.0643001021359936,-0.09484118991457778,-0.0349845527076598,0.00544938718131504
1159,-0.02066586910149885,-0.030523317775423903,-0.011134327712134715,0.0017343443894820185
1160,-0.04376289180840176,-0.06456886527211812,-0.023759029694426937,0.003700837707979207
1161,-0.05482409942909445,-0.08087334200922333,-0.029805023221279616,0.004642595057254425
1162,-0.012810298084255312,-0.018944023786970205,-0.006840517022681997,0.0010655167178629944
1163,0.06089585927783392,0.0897005627085812,0.0334468517332144,-0.0052098663834114645
1164,-0.02436468056701711,-0.03597545171617565,-0.013156077139903933,0.0020492632483160873
1165,-0.04690981711874745,-0.06920750621218628,-0.02547912127106866,0.003968768673590417
1166,-0.05402562584288734,-0.07969637341248961,-0.029368582074967554,0.004574612573442625
1167,-0.05699641727392264,-0.08407538892680769,-0.03099239986933457,0.004827547402918879
1168,-0.05355593549805962,-0.07900403894382273,-0.02911185198890161,0.004534622877082744
1169,-0.057583530204957274,-0.08494080701264131,-0.031313312476916974,0.004877534523368731
1170,-0.03398159037736458,-0.05015099996213018,-0.018412625652103876,0.0028680522812846694
1171,-0.06260921689461382,-0.09234878582737698,-0.034060324397822445,0.005305424274419466
1172,-0.0483071458946099,-0.07126720125647026,-0.026242893277114827,0.004087738020261064
1173,-0.05818238539461261,-0.08582353346019157,-0.031640643336651036,0.004928521386227582
1174,-0.047003755187712985,-0.06934597310591965,-0.02553046728828184,0.003976766612862394
1175,-0.0512779373256452,-0.07564621677078832,-0.027866711071481847,0.004340672849737316
1176,-0.07499729973944483,-0.11060910743846616,-0.04083158041781143,0.00636015251591135
1177,-0.05152452475667975,-0.07600969236683845,-0.028001494366666456,0.004361667440326257
1178,-0.04655754936012666,-0.06868825536068611,-0.025286573706519225,0.003938776401320505
1179,-0.06296148465323462,-0.09286803667887715,-0.03425287196237192,0.005335416546689377
1180,-0.0636425356532348,-0.09387192165844413,-0.0346251305871675,0.0053934016064112085
1181,-0.027229791670466175,-0.040198691975043666,-0.01472213066490611,0.0022932003961113677
1182,-0.043915541170470765,-0.06479387397443487,-0.023842466972398356,0.0037138343592961697
1183,-0.06720044001530474,-0.09911635525859581,-0.036569860989116916,0.005696323556337313
1184,-0.06737657389461514,-0.09937598068434592,-0.03666613477139166,0.005711319692472268
1185,-0.026290410980810742,-0.038814023037709894,-0.014208670492774243,0.0022132210033916034
1186,-0.030400201498053253,-0.04487194963854516,-0.01645505874585116,0.0025631308465405692
1187,-0.03541414592908911,-0.05226262009156419,-0.019195652414604976,0.0029900208551823077
1188,-0.06270315496357938,-0.09248725272111037,-0.03411167041503567,0.005313422213691441
1189,-0.027558574911845577,-0.040683326103110484,-0.014901841725152267,0.0023211931835632835
1190,0.0018088138985073287,0.002604886550286684,0.0011502069061201487,-0.00017916258133832691
1191,-0.05435440908426673,-0.08018100754055645,-0.029548293135213673,0.004602605360894544
1192,-0.05402562584288734,-0.07969637341248961,-0.029368582074967554,0.004574612573442625
1193,-0.051090061187714114,-0.07536928298332156,-0.027764019037055478,0.004324676971193364
1194,-0.023084774377361585,-0.03408884028905838,-0.01245648765537426,0.0019402913257354098
1195,-0.06240959849806206,-0.09205454367819357,-0.033951214111244445,0.005288428653466515
1196,-0.039465225153228166,-0.05823400488381611,-0.021409949406923656,0.003334931986286289
1197,-0.04983363951529998,-0.07351728827963765,-0.027077266056829103,0.004217704533430681
1198,-0.027840389118742204,-0.04109872678431062,-0.015055879776791825,0.002345187001379213
1199,0.04321201779507044,0.06363416996327287,0.02378096399283207,-0.003704254315461912
1200,-0.05765398375668144,-0.08504465718294134,-0.03135182198982687,0.004883532977822714
1201,-0.06635499739461485,-0.09787015321499543,-0.03610774683419827,0.005624342102889525
1202,-0.04027544099805597,-0.059428281842266485,-0.02185280880538738,0.0034039142125070845
1203,-0.05519985170495662,-0.08142720958415685,-0.030010407290132372,0.004674586814342331
1204,0.02042029381230555,0.03003863987121212,0.01132313656648271,-0.001763754299598645
1205,-0.05674982984288809,-0.08371191333075759,-0.030857616574149933,0.0048065528123299416
1206,-0.05751307665323312,-0.08483695684234127,-0.0312748029640071,0.004871536068914748
1207,-0.06034296098082011,-0.08900827201605928,-0.03282160173255433,0.005112473989483038
1208,-0.07068789082565052,-0.10425693868844746,-0.03847608187815647,0.005993247051809435
1209,-0.06972502561875372,-0.10283765302768035,-0.0379497852017213,0.0059112681742716795
1210,-0.06487547280840755,-0.09568929963869471,-0.03529904706309057,0.005498374559355898
1211,-0.06164635168771702,-0.09092950016660988,-0.033534027721387305,0.005223445396881708
1212,-0.04621702386012657,-0.06818631287090261,-0.025100444394121416,0.00390978387145959
1213,-0.06386563856702797,-0.09420078053106093,-0.03474707737804881,0.005412396712182153
1214,-0.054988491049784156,-0.08111565907325675,-0.029894878751402686,0.004656591450980385
1215,-0.04822495008426505,-0.07114604272445356,-0.02619796551205328,0.004080739823398084
1216,-0.03766865958426215,-0.05558582554116526,-0.02042795682772144,0.0031819713977097415
1217,-0.0463344464463335,-0.06835939648806934,-0.0251646269156379,0.003919781295549561
1218,-0.018223479308394734,-0.026923178538356088,-0.009799331264591865,0.001526397968410632
1219,-0.06030773420495803,-0.08895634693090924,-0.03280234697609939,0.005109474762256044
1220,-0.06707127517047712,-0.09892596327971241,-0.036499260215448796,0.005685326389838344
1221,-0.06210429977392404,-0.0916045262735601,-0.03378433955530157,0.005262435350832594
1222,-0.052381709635990335,-0.07727320277215552,-0.028470026773736782,0.00443464863618304
1223,-0.05875775606702657,-0.08667164318430852,-0.03195513769208182,0.004977508764268436
1224,-0.05504720234288762,-0.0812022008818401,-0.02992697001216095,0.004661590163025369
1225,-0.06589704930840784,-0.09719512710804522,-0.035857435000283974,0.0055853521489386375
1226,-0.058980858980819735,-0.0870005020569253,-0.03207708448296313,0.00499650387003938
1227,-0.06278535077392423,-0.09260841125312708,-0.03415659818009719,0.005320420410554423
1228,-0.0661084099635803,-0.0975066776189453,-0.03597296353901365,0.005603347512300586
1229,-0.05397865680840457,-0.07962713996562294,-0.029342909066360955,0.004570613603806637
1230,-0.06083613584288921,-0.0897352232081595,-0.03309116832292356,0.005154463170660911
1231,-0.06461714311875232,-0.09530851568092794,-0.035157845515754335,0.0054763802263579605
1232,-0.06636673965323556,-0.0978874615767121,-0.03611416508634992,0.00562534184529852
1233,-0.05347373968771476,-0.07888288041180601,-0.02906692422384009,0.004527624680219764
1234,-0.06735308937737375,-0.09934136396091256,-0.03665329826708835,0.005709320207654274
1235,3.494672805468433,5.1511674711533155,1.9103299101875764,-0.29756353930400864
1236,-0.028979388204949413,-0.04277763787082783,-0.015678450235501705,0.0024421620150519275
1237,-0.01602767694632516,-0.023686514897338386,-0.00859911811223363,0.001339446137928185
1238,0.45198352489863114,0.6661728580440655,0.24721315789601275,-0.03850728705746709
1239,-0.004543748015287523,-0.006758937138432975,-0.002322067507921595,0.00036169806192907345
1240,0.009300374898509387,0.013647621325523548,0.005245051778871763,-0.0008169982382784428
1241,-0.04216594463598752,-0.0622149280786507,-0.022886147401802757,0.00356487274035561
1242,-0.03697586632564127,-0.054564632199881585,-0.020049279950774188,0.003122986595578916
1243,0.004697409519197777,0.006862743532588046,0.002729096935425625,-0.0004250992139516012
1244,-0.0062581177739086825,-0.009285957949067116,-0.003259132322062238,0.0005076604536426434
1245,-0.057900571187715986,-0.08540813277899145,-0.03148660528501148,0.004904527568411649
1246,-0.054542285222197825,-0.08045794132802321,-0.02965098516964007,0.004618601239438497
1247,-0.05347373968771476,-0.07888288041180601,-0.02906692422384009,0.004527624680219764
1248,-0.05690247920495709,-0.08393692203307432,-0.03094105385212137,0.004819549463646902
1249,-0.03090511861874305,-0.04561620919236206,-0.016731043588372033,0.0026061197701274415
1250,0.03307844860541248,0.048697053801784754,0.01824201238595958,-0.002841476616497462
1251,-0.05218209123943855,-0.07697896062297209,-0.02836091648715876,0.0044176530152300894
1252,-0.046346188704954196,-0.06837670484978602,-0.025171045167789553,0.003920781037958557
1253,-0.053931687773921794,-0.07955790651875626,-0.029317236057754343,0.00456661463417065
1254,0.008830684553681674,0.01295528685685666,0.004988321692805831,-0.0007770085419185608
1255,-0.055810449153232654,-0.0823272443934238,-0.030344156402018076,0.004726573419610179
1256,-0.002888089549769826,-0.0043184581363821944,-0.0014170939545391824,0.00022073438226049013
1257,-0.04975144370495512,-0.07339612974762094,-0.027032338291767568,0.004210706336567701
1258,-0.05549340817047394,-0.08185991862707365,-0.03017086359392358,0.004699580374567256
1259,0.007386386743336448,0.010826358365705979,0.004198876678153091,-0.0006540402256119238
1260,-0.013432637791152035,-0.01986136695795383,-0.007180684386719352,0.0011185030655398384
1261,-0.020830260722188552,-0.030765634839457316,-0.011224183242257787,0.0017483407832079767
1262,-0.043128809842884336,-0.06363421373941781,-0.023412444078237917,0.0036468516178933675
1263,-0.016685243429083965,-0.02465578315347203,-0.008958540232725942,0.0013954317128320193
1264,-0.03623610403253761,-0.05347420541173124,-0.019644930065220365,0.003060002823812102
1265,-0.0014907607739073731,-0.0022587630920982023,-0.000653321948493036,0.00010176503558984142
1266,-0.04214246011874614,-0.06218031135521736,-0.022873310897499458,0.0035628732555376165
1267,-0.03695238180839988,-0.05453001547644824,-0.020036443446470903,0.003120987110760921
1268,-0.02606730806701758,-0.038485164165093115,-0.014086723701892935,0.0021942258976206594
1269,0.03768141398472409,0.05548193159472026,0.020757967229405712,-0.0032333756408243026
1270,-0.06046038356702704,-0.089181355633226,-0.032885784254070814,0.005122471413573007
1271,0.04678166441576108,0.0688959119251412,0.025732112646933168,-0.004008176007797013
1272,0.06513481463990406,0.09594888128829987,0.03576384075995945,-0.005570773393059396
1273,-0.02293212501529258,-0.03386383158674164,-0.012373050377402831,0.0019272946744184486
1274,-0.04240078980840138,-0.06256109531298415,-0.023014512444835728,0.00358486758853555
1275,-0.05663240725668116,-0.08353882971359086,-0.03079343405263346,0.00479655538823997
1276,-0.033746745204950725,-0.04980483272779674,-0.018284260609070905,0.002848057433104728
1277,-0.06548607025668358,-0.09658933444796168,-0.03563279617497627,0.005550361164623743
1278,0.051537279157141694,0.07590579842039344,0.028331504768350727,-0.004413071683440816
1279,-0.024282484756672263,-0.03585429318415895,-0.013111149374842384,0.0020422650514531093
1280,-0.055693026567025725,-0.08215416077625708,-0.03027997388050159,0.004716575995520207
1281,-0.056162716911853434,-0.08284649524492396,-0.030536703966567533,0.004756565691880089
1282,-0.052452163187714486,-0.07737705294245555,-0.02850853628664668,0.004440647090637022
1283,-0.037058062135986114,-0.054685790731898304,-0.020094207715835734,0.003129984792441895
1284,-0.030517624084260182,-0.04504503325571189,-0.01651924126736764,0.00257312827063054
1285,-0.01699054215322198,-0.025105800558105507,-0.009125414788668795,0.0014214250154659426
1286,-0.06482850377392478,-0.09562006619182803,-0.03527337405448399,0.0054943755897199084
1287,-0.061035754239440985,-0.09002946535734294,-0.03320027860950158,0.005171458791613863
1288,-0.019796941963567582,-0.029242499008390165,-0.010659377052912741,0.001660363451216236
1289,0.008678035191612666,0.01273027815453992,0.004904884414834405,-0.0007640118906015987
1290,-0.05232299834288687,-0.07718666096357216,-0.028437935512978543,0.004429649924138054
1291,0.0036053794674733393,0.0052530658929375315,0.002132199485322335,-0.0003321231699148756
1292,-0.03883114318771075,-0.057299353351115793,-0.021063363790734643,0.003280945896200447
1293,-0.05792405570495737,-0.0854427495024248,-0.031499441789314776,0.004906527053229645
1294,-0.054906295239439296,-0.08099450054124004,-0.029849950986341165,0.004649593254117405
1295,-0.0636777624290969,-0.09392384674359418,-0.034644385343622464,0.005396400833638199
1296,-0.05206466865323162,-0.07680587700580536,-0.028296733965642272,0.004407655591140121
1297,-0.061376279739441084,-0.09053140784712642,-0.0333864079218994,0.005200451321474776
1298,-0.04918781529116187,-0.07256532838522067,-0.026724262188488432,0.004162718700935844
1299,-0.06533342089461458,-0.09636432574564495,-0.03554935889700486,0.005537364513306782
1300,1.0555356180022455,1.5558226502810166,0.5771113184907358,-0.08989404687991522
1301,0.0049557392088530215,0.007243527490354834,0.0028702984827618907,-0.0004470935469495357
1302,-0.02347226891184445,-0.03466001622570856,-0.012668289976378653,0.001973282825232313
1303,-0.05736042729116411,-0.08461194814002453,-0.031191365686035664,0.0048585394175977865
1304,0.1872895310709721,0.27600776822684076,0.1025329178935567,-0.015971093673855675
1305,-0.014571636877359247,-0.02154027804447103,-0.007803254845429244,0.0012154780792125507
1306,0.020126737346788225,0.029605930828295313,0.011162680262691503,-0.0017387607393737192
1307,-0.02546845287736224,-0.03760243771754284,-0.01375939284215887,0.00214323903476181
1308,-0.04806055846357535,-0.07090372566042015,-0.026108109981930194,0.004066743429672127
1309,-0.060777424549785755,-0.08964868139957614,-0.03305907706216532,0.005149464458615926
1310,-0.036259588549779,-0.053508822135164585,-0.019657766569523658,0.0030620023086300957
1311,-0.06756445003254621,-0.09965291447181267,-0.036768826805818014,0.0057273155710162215
1312,-0.031750561239432935,-0.046862411235962464,-0.0171931577432907,0.0026781012235752304
1313,-0.05752481891185383,-0.08485426520405794,-0.03128122121615875,0.004872535811323743
1314,-0.06267967044633799,-0.09245263599767703,-0.03409883391073234,0.005311422728873449
1315,-0.044079932791160466,-0.06503619103846828,-0.02393232250252144,0.003727830753022128
1316,-0.05777140634288837,-0.08521774080010806,-0.03141600451134333,0.004893530401912685
1317,0.008325767432991878,0.012211027303039752,0.004712336850284959,-0.0007340196183316873
1318,-0.043246232429091265,-0.06380729735658454,-0.02347662659975441,0.003656849041983339
1319,-0.042905706929091174,-0.06330535486680106,-0.023290497287356608,0.0036278565121224235
1320,-0.054988491049784156,-0.08111565907325675,-0.029894878751402686,0.004656591450980385
1321,0.03631931198472371,0.05347416163558628,0.020013449979814503,-0.003117405521380647
1322,-0.05712558211875026,-0.08426578090569109,-0.031063000643002703,0.0048385445694178455
1323,-0.042952675963573946,-0.06337458831366774,-0.02331617029596319,0.0036318554817584125
1324,-0.057560045687715895,-0.08490619028920796,-0.03130047597261367,0.004875535038550736
1325,-0.05054991729116224,-0.07457309834435465,-0.027468779438079634,0.004278688820379502
1326,-0.0641474527739246,-0.09461618121226105,-0.03490111542968839,0.005436390529998078
1327,-0.056092263360129284,-0.08274264507462392,-0.03049819445365766,0.0047505672374261055
1328,-0.024634752515293047,-0.03637354403565911,-0.013303696939391832,0.0020722573237230203
1329,-0.044103417308401845,-0.06507080776190162,-0.02394515900682472,0.0037298302378401225
1330,-0.05799450925668152,-0.08554659967272482,-0.031537951302224664,0.004912525507683628
1331,-0.0390659883601246,-0.05764552058544924,-0.021191728833767614,0.003300940744380388
1332,-0.051994215101507466,-0.07670202683550534,-0.028258224452732374,0.004401657136686139
1333,-0.043845087618746614,-0.06469002380413483,-0.02380395745948847,0.003707835904842187
1334,-0.059098281567026664,-0.08717358567409202,-0.03214126700447961,0.005006501294129351
1335,-0.05914525060150943,-0.0872428191209587,-0.032166940013086225,0.005010500263765337
1336,-0.06273838173944145,-0.09253917780626039,-0.034130925171490564,0.005316421440918438
1337,-0.05477713039461168,-0.08080410856235665,-0.02977935021267303,0.004638596087618439
1338,-0.05700815953254333,-0.08409269728852437,-0.030998818121486207,0.004828547145327875
1339,-0.06182248556702741,-0.09118912559235996,-0.033630301503662016,0.0052384415330166655
1340,-0.05611574787737066,-0.08277726179805726,-0.03051103095796092,0.004752566722244101
1341,-0.051078318929093425,-0.0753519746216049,-0.027757600784903826,0.004323677228784367
1342,-0.019515127756670952,-0.02882709832719003,-0.01050533900127318,0.0016363696334003067
1343,-0.05895737446357835,-0.08696588533349195,-0.03206424797865984,0.004994504385221385
1344,-0.03964135903253855,-0.05849363030956618,-0.021506223189198367,0.0033499281224212444
1345,-0.024259000239430874,-0.0358196764607256,-0.013098312870539095,0.0020402655666351146
1346,-0.03756297925667591,-0.05543005028571521,-0.020370192558356613,0.0031729737160287675
1347,-0.003674820877356249,-0.005478118371399233,-0.0018471168486996125,0.0002877171236632931
1348,-0.04992757758426552,-0.07365575517337103,-0.02712861207404229,0.004225702472702656
1349,-0.04692155937736814,-0.06922481457390293,-0.025485539523220326,0.003969768415999413
1350,-0.04520718961874698,-0.0666977937632688,-0.02454847470907967,0.0038238060242858436
1351,-0.022438950153223478,-0.03313688039464141,-0.012103483787033605,0.0018853054932405722
1352,-0.06134105296357901,-0.09047948276197641,-0.03336715316544444,0.005197452094247784
1353,-0.06506334894633864,-0.09596623342616149,-0.03540173909751693,0.005514370437899851
1354,-0.055681284308405035,-0.0821368524145404,-0.030273555628349966,0.004715576253111209
1355,-0.028063492032535373,-0.04142758565692739,-0.015177826567673147,0.002364182107150157
1356,-0.06178725879116534,-0.09113720050720994,-0.03361104674720708,0.005235442305789672
1357,-0.04308184080840157,-0.06356498029255114,-0.023386771069631315,0.0036428526482573803
1358,-0.05593961399806027,-0.08251763637230719,-0.03041475717568621,0.004737570586109146
1359,-0.05381426518771487,-0.07938482290158953,-0.029253053536237868,0.004556617210080679
1360,-0.054953264273922074,-0.08106373398810673,-0.029875623994947777,0.0046535922237533915
1361,-0.04975144370495512,-0.07339612974762094,-0.027032338291767568,0.004210706336567701
1362,0.0016326800191969353,0.002345261124536601,0.0010539331238454243,-0.00016416644520337117
1363,-0.03236115868770896,-0.047762446045229404,-0.017526906855176428,0.0027300878288430757
1364,0.01317532024333804,0.019359380692025373,0.007363074988915705,-0.001146913233247468
1365,-0.015781089515290614,-0.023323039301288272,-0.008464334817049017,0.0013184515473392473
1366,-0.04501931348081589,-0.06642085997580205,-0.02444578267465328,0.0038078101457418925
1367,-0.05198247284288677,-0.07668471847378866,-0.028251806200580737,0.00440065739427714
1368,-0.04944614498081712,-0.07294611234298747,-0.026865463735824702,0.004184713033933778
1369,0.07828614429508009,0.11533424641097273,0.04295228316980552,-0.00669048489113609
1370,0.3709971671917122,0.5467970872841773,0.20294647280609437,-0.03161206366261445
1371,-0.05838200379116439,-0.086117775609375,-0.03174975362322906,0.004945517007180529
1372,-0.04297616048081533,-0.06340920503710108,-0.023329006800266495,0.0036338549665764054
1373,0.4125647627089651,0.6080686877611968,0.22566708542292946,-0.035151151790464005
1374,-0.05956797191185438,-0.08786592014275892,-0.03239799709054554,0.005046490990489233
1375,-0.06236262946357928,-0.09198531023132688,-0.03392554110263786,0.005284429683830527
1376,0.010991260139889162,0.016140025412724347,0.006169280088709108,-0.0009609611451740193
1377,-0.04958705208426543,-0.07315381268358755,-0.026942482761644466,0.004196709942841744
1378,0.04469154238127773,0.06581502353957354,0.024589663763939743,-0.0038302218589955418
1379,0.15307258945027305,0.22557120218445795,0.08383013112365359,-0.013057844294038277
1380,0.10623271981232914,0.15652814729665257,0.0582277232907285,-0.00906987182454906
1381,0.00767994320885377,0.011259067408622783,0.0043593329819443015,-0.0006790337858368499
1382,-0.046029147722195476,-0.06790937908343586,-0.02499775235969505,0.003893787992915638
1383,-0.049434402722196416,-0.07292880398127079,-0.02685904548367305,0.004183713291524782
1384,-0.050690824394610555,-0.07478079868495471,-0.027545798463899433,0.004290685729287465
1385,-0.05718429341185372,-0.08435232271427445,-0.03109509190376094,0.004843543281462832
1386,-0.023096516635982278,-0.03410614865077505,-0.012462905907525914,0.001941291068144406
1387,-0.029989222446329,-0.04426615697846163,-0.016230419920543464,0.0025281398622256732
1388,-0.049504856273920574,-0.07303265415157083,-0.02689755499658294,0.004189711745978764
1389,-0.06473456570495922,-0.09548159929809465,-0.035222028037270765,0.005486377650447935
1390,-0.005647520325632654,-0.008385923139800161,-0.002925383210176533,0.000455673848374796
1391,-0.05610400561874997,-0.08275995343634061,-0.030504612705809283,0.004751566979835105
1392,-0.03392287908426112,-0.05006445815354681,-0.018380534391345658,0.0028630535692396823
1393,-0.012822040342876007,-0.018961332148686876,-0.00684693527483365,0.0010665164602719909
1394,-0.06958411851530541,-0.10262995268708029,-0.03787276617590154,0.005899271265363712
1395,-0.03770388636012423,-0.05563775062631526,-0.020447211584176405,0.003184970624936732
1396,-0.052675266101507655,-0.0777059118150723,-0.028630483077528003,0.004459642196407964
1397,-0.013690967480807278,-0.020242150915720618,-0.00732188593405562,0.0011404973985377727
1398,-0.03987620420495241,-0.05883979754389962,-0.021634588232231338,0.0033699229706011854
1399,-0.038655009308400344,-0.057039727925365706,-0.020967090008459914,0.003265949760065493
1400,-0.015499275308393982,-0.022907638620088138,-0.008310296765409453,0.0012944577295233178
1401,-0.04191935720495297,-0.06185145248260058,-0.022751364106618138,0.0035438781497666716
1402,-0.027100626825638553,-0.04000829999616027,-0.014651529891237972,0.0022822032296124007
1403,-0.04775525973943734,-0.07045370825578667,-0.02594123542598735,0.004040750127038203
1404,-0.066120152222201,-0.09752398598066198,-0.035979381791165284,0.005604347254709582
1405,-0.049951062101506905,-0.07369037189680437,-0.027141448578345575,0.004227701957520652
1406,-0.03986446194633171,-0.05882248918218295,-0.021628169980079683,0.0033689232281921893
1407,-0.06649590449806317,-0.09807785355559548,-0.03618476586001806,0.005636339011797491
1408,-0.048588960101506526,-0.0716826019376704,-0.02639693132875438,0.004111731838076994
1409,-0.00044569975666570565,-0.0007183188993143779,-8.209750699632956e-05,1.2787961189105406e-05
1410,-0.007103560394598572,-0.010532159992667513,-0.003721246476980921,0.0005796419070904301
1411,-0.06741180067047721,-0.09942790576949591,-0.036685389527846606,0.00571431891969926
1412,-0.035214527532537336,-0.05196837794238076,-0.019086542128026955,0.002973025234229359
1413,-0.04902342367047216,-0.07232301132118726,-0.026634406658365358,0.004148722307209885
1414,-0.04848327977392029,-0.07152682668222035,-0.026339167059389535,0.004102734156396021
1415,-0.051383617653231434,-0.07580199202623837,-0.027924475340846685,0.00434967053141829
1416,-0.00742060137735728,-0.010999485759017663,-0.0038945392850754305,0.0006066349521333496
1417,-0.05394343003254248,-0.07957521488047292,-0.02932365430990599,0.004567614376579648
1418,-0.03942999837736608,-0.058182079798666075,-0.021390694650468695,0.003331932759059298
1419,-0.060131600325647634,-0.08869672150515917,-0.03270607319382467,0.005094478626121089
1420,-0.02017269423942975,-0.029796366583323672,-0.010864761121765475,0.001692355208304143
1421,-0.035848609498054754,-0.05290302947508106,-0.019433127744215965,0.0030270113243151997
1422,-0.044220839894608774,-0.06524389137906833,-0.024009341528341204,0.0037398276619300926
1423,-0.05611574787737066,-0.08277726179805726,-0.03051103095796092,0.004752566722244101
1424,-0.06830421232564987,-0.100743341259963,-0.03717317669137188,0.005790299342783036
1425,-0.06245656753254481,-0.09212377712506024,-0.03397688711985103,0.005292427623102506
1426,-0.05878124058426795,-0.08670625990774188,-0.03196797419638511,0.00497950824908643
1427,-0.011495165118737707,-0.017005487274702916,-0.006121672781697385,0.0009535455680553256
1428,-0.055798706894611964,-0.08230993603170712,-0.030337738149866424,0.004725573677201181
1429,-0.05559908849806018,-0.0820156938825237,-0.030228627863288404,0.00470857805624823
1430,-0.050808246980817484,-0.07495388230212144,-0.027609980985415918,0.004300683153377435
1431,-0.049293495618748094,-0.07272110364067073,-0.026782026457853266,0.004171716382616818
1432,-0.05699641727392264,-0.08407538892680769,-0.03099239986933457,0.004827547402918879
1433,-0.05993198192909586,-0.08840247935597574,-0.03259696290724663,0.005077483005168141
1434,-0.06289103110151045,-0.09276418650857712,-0.034214362449462,0.005329418092235397
1435,-0.057278231480819265,-0.08449078960800782,-0.03114643792097413,0.004851541220734808
1436,-0.05644453111875007,-0.0832618959261241,-0.03069074201820709,0.004780559509696017
1437,0.7451759803987118,1.0983453417476536,0.40747049587051937,-0.06346985526771433
1438,-0.07415185711875492,-0.10936290539486576,-0.04036946626289274,0.006288171062463563
1439,0.7900666351056207,1.1645152085904915,0.4320074738462709,-0.06729187049731
1440,-0.05751307665323312,-0.08483695684234127,-0.0312748029640071,0.004871536068914748
1441,-0.05224080253254201,-0.07706550243155544,-0.028393007747916994,0.004422651727275076
1442,0.42535208234689964,0.626917493670653,0.23265656201607438,-0.03623987127386178
1443,0.23708844988133063,0.34941253026724756,0.12975272526869713,-0.020211001230412137
1444,0.21294636615718607,0.3138265385777695,0.11655679884490826,-0.018155530837514224
1445,0.0335363966916195,0.049372079908734975,0.018492324219873832,-0.0028804665704483486
1446,0.2578252786054743,0.37997909705889066,0.1410873585685081,-0.021976546324700932
1447,-0.02632563775667282,-0.0388659481228599,-0.014227925249229199,0.0022162202306185937
1448,-0.06859776879116719,-0.10117605030287981,-0.03733363299516308,0.005815292903007959
1449,0.10499978265715638,0.15471076931640199,0.057553806814805444,-0.00896489887160437
1450,-0.036365268877365235,-0.05366459739061463,-0.019715530838888506,0.003070999990311067
1451,0.07471649767438945,0.1100725044491044,0.04100113451570445,-0.006386563198800987
1452,0.04581879920886426,0.06747662626437409,0.025205815970497987,-0.003926197130259256
1453,0.1832149673295917,0.27000176671115544,0.10030578439693479,-0.015624183057933698
1454,0.08155049219163271,0.1201459709682076,0.04473655726796377,-0.006968413280837266
1455,-0.05208815317047301,-0.0768404937292387,-0.02830957046994557,0.004409655075958113
1456,-0.0720734773428923,-0.10629932537101479,-0.039233435632051006,0.006111216656071085
1457,-0.049504856273920574,-0.07303265415157083,-0.02689755499658294,0.004189711745978764
1458,-0.06048386808426842,-0.08921597235665933,-0.03289862075837412,0.005124470898391001
1459,-0.04110914136012516,-0.0606571755241502,-0.022308504708154406,0.003474895923545876
1460,-0.08070403742910157,-0.11902097123276886,-0.04395085096351248,0.006846027326683915
1461,-0.0422011714118496,-0.06226685316380072,-0.0229054021582577,0.0035678719675826007
1462,-0.06934927334289154,-0.10228378545274681,-0.03774440113286858,0.005879276417183771
1463,-0.058863436394612806,-0.08682741843975858,-0.03201290196144664,0.004986506445949409
1464,-0.0636307933946141,-0.09385461329672747,-0.03461871233501584,0.005392401864002211
1465,-0.048929485601506624,-0.0721845444274539,-0.026583060641152186,0.004140724367937907
1466,-0.05994372418771655,-0.0884197877176924,-0.03260338115939827,0.005078482747577137
1467,-0.06379518501530382,-0.09409693036076089,-0.034708567865138935,0.0054063982577281676
1468,-0.07882527604979069,-0.11625163335810129,-0.04292393061924874,0.006686068541244389
1469,-0.07834384344634229,-0.11554199052771774,-0.04266078228103119,0.006645079102475508
1470,-0.07251968317047863,-0.10695704311624835,-0.039477329213813646,0.0061492068676129745
1471,-0.07671166949806599,-0.1131361282491003,-0.041768645231952055,0.006506114907624919
1472,-0.04651058032564389,-0.06861902191381941,-0.025260900697912626,0.003934777431684517
1473,-0.06481676151530409,-0.09560275783011135,-0.03526695580233233,0.005493375847310911
1474,-0.042729573049780784,-0.06304572944105097,-0.02319422350508188,0.0036128603759874676
1475,-0.015933738877359622,-0.02354804800360501,-0.008547772095020443,0.0013314481986562085
1476,-0.06548607025668358,-0.09658933444796168,-0.03563279617497627,0.005550361164623743
1477,-0.05750133439461243,-0.08481964848062458,-0.03126838471185544,0.004870536326505751
1478,-0.03899553480840044,-0.05754167041514921,-0.021153219320857713,0.0032949422899264075
1479,-0.06538038992909735,-0.09643355919251165,-0.03557503190561145,0.00554136348294277
1480,-0.07752188534289378,-0.1143304052075507,-0.04221150463041579,0.006575097133845716
1481,-0.0717212095842715,-0.10578007451951461,-0.039040888067501535,0.006081224383801173
1482,-0.06129408392909623,-0.09041024931510971,-0.03334148015683784,0.005193453124611796
1483,-0.07033562306702974,-0.10373768783694731,-0.038283534313607044,0.00596325477953952
1484,-0.05679679887737086,-0.08378114677762426,-0.03088328958275655,0.0048105517819659275
1485,-0.0686095110497879,-0.1011933586645965,-0.03734005124731473,0.005816292645416957
1486,-0.03190321060150195,-0.0470874199382792,-0.017276595021262147,0.0026910978748921907
1487,-0.05885169413599211,-0.08681011007804189,-0.032006483709295,0.004985506703540412
1488,-0.06651938901530455,-0.09811247027902883,-0.03619760236432133,0.005638338496615484
1489,-0.06698907936013228,-0.09880480474769572,-0.03645433245038728,0.005678328192975364
1490,-0.04413864408426393,-0.06512273284705163,-0.023964413763279683,0.0037328294650671133
1491,-0.05002151565323106,-0.07379422206710441,-0.02717995809125547,0.004233700411974632
1492,-0.06817504748082225,-0.10055294928107962,-0.037102575917703724,0.005779302176284067
1493,-0.05504720234288762,-0.0812022008818401,-0.02992697001216095,0.004661590163025369
1494,-0.04463181894633303,-0.06584968403915185,-0.024233980353648897,0.0037748186462449895
1495,-0.04103868780840101,-0.06055332535385017,-0.022269995195244526,0.0034688974690918924
1496,-0.06990115949806411,-0.10309727845343042,-0.03804605898399604,0.005926264310406633
1497,-0.07309505384289258,-0.10780515284036529,-0.0397918235692444,0.0061981942456538295
1498,-0.05975584804978546,-0.08814285393022567,-0.032500689124971914,0.005062486869033185
1499,-0.05750133439461243,-0.08481964848062458,-0.03126838471185544,0.004870536326505751
1500,-0.07135719956703003,-0.10524351530629777,-0.03884192225080044,0.006050232369122267
1501,-0.0395591632221937,-0.058372471777549464,-0.02146129542413684,0.003342929925558265
1502,-0.06792846004978771,-0.10018947368502949,-0.036967792622519154,0.0057583075856951285
1503,-0.048682898170472076,-0.07182106883140377,-0.026448277345967566,0.004119729777348969
1504,-0.07282498189461664,-0.10740706052088181,-0.03964420376975649,0.006175200170246896
1505,-0.06240959849806206,-0.09205454367819357,-0.033951214111244445,0.005288428653466515
1506,0.8306478808987353,1.2243329066833106,0.4541889532823677,-0.07074698026280378
1507,0.042260894846794315,0.06223219266422242,0.02326108556854856,-0.0036232751803331495
1508,0.5415769581745178,0.7982356579422742,0.2961844218130893,-0.046135321638114554
1509,0.33569993777790946,0.49476815196386065,0.18365320683823963,-0.02860683798116933
1510,0.11738786550198738,0.17297109092749116,0.06432506283479437,-0.010019627113096258
1511,-0.06708301742909782,-0.0989432716414291,-0.03650567846760047,0.005686326132247342
1512,0.011824960501958358,0.01736891909460807,0.0066249759914761485,-0.001031942856212808
1513,-0.0558926449635775,-0.0824484029254405,-0.03038908416707961,0.004733571616473157
1514,-0.06297322691185532,-0.09288534504059384,-0.03425929021452356,0.0053364162890983755
1515,0.015159761950235136,0.022284493822142978,0.008447759602544257,-0.0013158697003679703
1516,-0.021816610446326757,-0.03221953722365778,-0.011763316422996245,0.0018323191455637295
1517,-0.053133214187714675,-0.07838093792202254,-0.028880794911442267,0.00449863215035885
1518,-0.0400523380842628,-0.059099422969649706,-0.021730862014506046,0.003384919106736142
1519,-0.033758487463571414,-0.049822141089513404,-0.018290678861222567,0.0028490571755137245
1520,-0.04474924153253996,-0.06602276765631859,-0.02429816287516538,0.0037848160703349604
1521,-0.052851399980818045,-0.07796553724082239,-0.028726756859802725,0.004474638332542921
1522,-0.05713732437737094,-0.08428308926740777,-0.03106941889515433,0.004839544311826843
1523,-0.06043689904978566,-0.08914673890979265,-0.032872947749767525,0.005120471928755012
1524,-0.03569596013598574,-0.052678020772764324,-0.01934969046624453,0.003014014672998238
1525,-0.061141434567027225,-0.09018524061279297,-0.03325804287886641,0.005180456473294835
1526,-0.0021835540325282534,-0.003279956433381862,-0.001031998825440284,0.00016074983772066737
1527,-0.04901168141185148,-0.0723057029594706,-0.026627988406213717,0.004147722564800887
1528,0.020702108019202175,0.030454040552412253,0.011477174618122263,-0.0017877481174145755
1529,-0.047731775222195946,-0.07041909153235333,-0.025928398921684054,0.004038750642220209
1530,-0.0167909237566702,-0.024811558408922078,-0.009016304502090773,0.001404429394512993
1531,-0.05116051473943827,-0.07547313315362161,-0.027802528549965365,0.004330675425647347
1532,-0.054953264273922074,-0.08106373398810673,-0.029875623994947777,0.0046535922237533915
1533,-0.06482850377392478,-0.09562006619182803,-0.03527337405448399,0.0054943755897199084
1534,-0.025902916446327882,-0.03824284710105971,-0.013996868171769861,0.0021802295038947004
1535,-0.0573721695497848,-0.0846292565017412,-0.031197783938187302,0.004859539160006785
1536,-0.04167276977391842,-0.06148797688655047,-0.022616580811433522,0.003522883559177734
1537,-0.04049854391184913,-0.05975714071488325,-0.021974755596268696,0.0034229093182780285
1538,-0.03171533446357086,-0.046810486150812444,-0.017173902986835774,0.002675101996348239
1539,-0.051700658635990146,-0.07626931779258854,-0.028097768148941167,0.0043766635764612115
1540,-0.0033342953773561556,-0.004976175881615739,-0.0016609875363018142,0.00025872459380237847
1541,-0.04458484991185026,-0.06578045059228517,-0.02420830734504232,0.0037708196766090014
1542,-0.04362198470495344,-0.06436116493151806,-0.023682010668607145,0.003688840799071242
1543,-0.0507730202049554,-0.07490195721697142,-0.027590726228960968,0.004297683926150444
1544,-0.058710787032543794,-0.08660240973744182,-0.031929464683475205,0.004973509794632448
1545,-0.04092126522219408,-0.06038024173668346,-0.022205812673728034,0.0034589000450019228
1546,-0.05000977339461037,-0.07377691370538773,-0.027173539839103818,0.004232700669565636
1547,-0.03823228799805541,-0.056416626903565525,-0.020736032931000577,0.0032299590333416
1548,-0.019902622291153815,-0.029398274263840212,-0.010717141322277577,0.0016693611328972098
1549,-0.04895297011874801,-0.07221916115088724,-0.02659589714545546,0.004142723852755903
1550,-0.006023272601494826,-0.008939790714733675,-0.0031307672790292732,0.0004876656054627024
1551,-0.05572825334288781,-0.0822060858614071,-0.03029922863695655,0.004719575222747198
1552,-0.04075687360150437,-0.06013792467265003,-0.02211595714360496,0.0034449036512759633
1553,-0.03656488727391702,-0.05395883953979806,-0.01982464112546651,0.0030879956112640195
1554,-0.05956797191185438,-0.08786592014275892,-0.03239799709054554,0.005046490990489233
1555,-0.059720621273923385,-0.08809092884507563,-0.03248143436851699,0.005059487641806193
1556,-0.057160808894612336,-0.08431770599084111,-0.03108225539945763,0.004841543796644838
1557,-0.043516304377367206,-0.06420538967606801,-0.02362424639924231,0.003679843117390269
1558,-0.0544248626359909,-0.08028485771085649,-0.0295868026481236,0.004608603815348524
1559,-0.0661084099635803,-0.0975066776189453,-0.03597296353901365,0.005603347512300586
1560,-0.04949311401529988,-0.07301534578985416,-0.0268911367444313,0.004188712003569765
1561,-0.060108115808406255,-0.08866210478172583,-0.03269323668952136,0.0050924791413030955
1562,-0.06168157846357909,-0.0909814252517599,-0.03355328247784223,0.005226444624108702
1563,-0.0573839118084055,-0.08464656486345787,-0.031204202190338964,0.00486053890241578
1564,-0.05658543822219838,-0.08346959626672416,-0.030767761044026863,0.004792556418603982
1565,4.183966871020347,6.1672029206454075,2.2870941479936344,-0.3562504181969533
1566,-0.008207332704943702,-0.012159145994034701,-0.004324562179235861,0.0006736176935361525
1567,0.09265866884680818,0.13651968115217952,0.05080822380342304,-0.007914169599748474
1568,-0.010426619584254657,-0.015430426358485747,-0.005537611835897383,0.0008625690088365949
1569,0.08149178089852925,0.12005942915962424,0.04470446600720553,-0.00696341456879228
1570,0.06380793941576576,0.09399303641431592,0.0350385782668232,-0.00545780250084273
1571,0.42727781276069327,0.6297560649921871,0.23370915536894465,-0.0364038290289373
1572,0.08921818707094516,0.13144833116919455,0.048927675922990126,-0.007621245073912338
1573,-0.013784905549772821,-0.020380617809453994,-0.007373231951268806,0.0011484953378097496
1574,-0.04787268232564427,-0.0706267918729534,-0.026005417947503835,0.004050747551128173
1575,-0.03025929439460494,-0.04466424929794509,-0.01637803972003138,0.0025511339376326036
1576,-0.037375103118744826,-0.05515311649824845,-0.020267500523930233,0.003156977837484816
1577,-0.016098130498049323,-0.02379036506763842,-0.008637627625143526,0.001345444592382167
1578,0.053063772777831766,0.07815588544356084,0.02916587754806499,-0.004543038196610432
1579,-0.03122215960150175,-0.04608353495871221,-0.016904336396466525,0.002633112815170364
1580,-0.030177098584260088,-0.044543090765928384,-0.016333111954969837,0.002544135740769626
1581,-0.04440871603253987,-0.0655208251665351,-0.024112033562767577,0.003755823540474044
1582,-0.031421777998053534,-0.04637777710789564,-0.01701344668304456,0.0026501084361233115
1583,-0.030071418256673855,-0.04438731551047834,-0.016275347685605002,0.002535138059088652
1584,-0.03196192189460541,-0.04717396174686257,-0.017308686282020366,0.002696096586937176
1585,0.08800873443301378,0.12966556991237732,0.04826659595137035,-0.007518271605785642
1586,-0.04624050837736795,-0.06822092959433594,-0.02511328089842472,0.003911783356277585
1587,-0.015980707911842394,-0.0236172814504717,-0.00857344510362704,0.0013354471682921964
1588,-0.017483717015291077,-0.025832751750205735,-0.009394981379038018,0.0014634141966438188
1589,0.011578373070923806,0.017005443498557954,0.006490192696291522,-0.0010109482656238714
1590,-0.048260176860127124,-0.07119796780960358,-0.02621722026850823,0.0040837390506250765
1591,-0.034181208773916366,-0.05044524211131362,-0.01852173593868191,0.0028850479022376188
1592,-0.06669552289461496,-0.09837209570477891,-0.03629387614659609,0.005653334632750439
1593,-0.024118093135982562,-0.03561197612012553,-0.013021293844719312,0.00202826865772715
1594,0.041309771898518186,0.06083021536517196,0.02274120714426503,-0.0035422960452043918
1595,-0.05377903841185279,-0.07933289781643951,-0.029233798779782934,0.0045536179828536884
1596,-0.04888251656702385,-0.07211531098058721,-0.026557387632545573,0.004136725398301921
1597,-0.02241546563598209,-0.033102263671208054,-0.012090647282730302,0.0018833060084225786
1598,-0.014184142342876379,-0.02096910210782085,-0.007591452524424847,0.0011824865797156496
1599,-0.03399333263598528,-0.050168308323846854,-0.01841904390425553,0.0028690520236936655
1600,-0.035226269791158026,-0.05198568630409743,-0.019092960380178606,0.0029740249766383553
1601,-0.046252250635988645,-0.06823823795605263,-0.025119699150576366,0.003912783098686582
1602,0.016604059760580363,0.024413422313293652,0.009237204617197013,-0.001438838016674605
1603,-0.042342078515297914,-0.06247455350440077,-0.022982421184077485,0.003579868876490564
1604,-0.06151718684288939,-0.09073910818772649,-0.03346342694771916,0.005212448230382741
1605,-0.013373926498048569,-0.019774825149370467,-0.0071485931259611096,0.0011135043534948532
1606,-0.0497866704808172,-0.07344805483277096,-0.027051593048222498,0.004213705563794693
1607,-0.045535972860126374,-0.06718242789133562,-0.0247281857693258,0.003851798811737763
1608,-0.06066000196357882,-0.08947559778240943,-0.032994894540648835,0.005139467034525957
1609,-0.011636072222186024,-0.01721318761530298,-0.006198691807517167,0.0009655424769632896
1610,0.008032210967474557,0.01177831826012295,0.004551880546493749,-0.0007090260581067616
1611,-0.007796353653219452,-0.011553353333951176,-0.004099923353928169,0.000638626709221256
1612,-0.062468309791165515,-0.09214108548677694,-0.03398330537200267,0.005293427365511504
1613,-0.03554331077391674,-0.052453012070447586,-0.019266253188273113,0.0030010180216812755
1614,-0.014008008463565985,-0.02070947668207077,-0.007495178742150121,0.0011674904435806936
1615,0.10208770251922455,0.15041829561066727,0.05596208028119664,-0.008716962754173102
1616,-0.029378624998052973,-0.04336612216919467,-0.015896670808657764,0.0024761532569578257
1617,-0.019620808084257185,-0.028982873582640078,-0.010563103270638013,0.0016453673150812812
1618,-0.03683495922219295,-0.05435693185928152,-0.019972260924954424,0.0031109896866709508
1619,-0.0016668946532177667,-0.002518388517848286,-0.0007495957307677609,0.00011676117172479709
1620,-0.017777273480808403,-0.026265460793122544,-0.009555437682829232,0.0014884077568687443
1621,-0.04498408670495381,-0.06636893489065203,-0.024426527918198344,0.0038048109185149005
1622,-0.03780956668771047,-0.05579352588176532,-0.02050497585354124,0.0031939683066177058
1623,-0.040615966498056065,-0.059930224332049975,-0.022038938117785182,0.003432906742368
1624,0.047439230898519875,0.06986518018127486,0.02609153476742545,-0.0040641615827008495
1625,-0.016696985687704655,-0.0246730915151887,-0.008964958484877592,0.0013964314552410162
1626,0.015171504208855829,0.022301802183859645,0.008454177854695917,-0.0013168694427769657
1627,-0.04136747104978041,-0.061037959481916995,-0.02244970625549067,0.00349689025654381
1628,-0.037973958308400155,-0.05603584294579873,-0.0205948313836643,0.003207964700343665
1629,0.02645581474334169,0.03893513779358163,0.01462211817242993,-0.002277621897823129
1630,-0.06034296098082011,-0.08900827201605928,-0.03282160173255433,0.005112473989483038
1631,-0.006328571325632841,-0.009389808119367148,-0.0032976418349721327,0.0005136589080966252
1632,-0.033805456498054186,-0.049891374536380095,-0.018316351869829158,0.0028530561451497135
1633,-0.018399613187705128,-0.027182803964106172,-0.009895605046866592,0.0015413941045455876
1634,0.007879561605405547,0.011553309557806212,0.0044684432685223084,-0.0006960294067898018
1635,-0.028216141394604377,-0.041652594359244136,-0.015261263845644562,0.002377178758467119
1636,-0.030693757963570576,-0.04530465868146196,-0.01661551504964236,0.0025881244067654957
1637,-0.017448490239429005,-0.025780826665055726,-0.009375726622583075,0.0014604149694168276
1638,-0.029895284377363458,-0.04412769008472825,-0.016179073903330288,0.002520141922953696
1639,-0.04263563498081524,-0.06290726254731759,-0.023142877487868686,0.003604862436715492
1640,-0.01935073613598125,-0.028584781263156625,-0.010415483471150098,0.00162237323967435
1641,-0.05174762767047292,-0.07633855123945522,-0.028123441157547793,0.004380662546097198
1642,-0.015910254360118236,-0.02351343128017166,-0.008534935590717154,0.0013294487138382142
1643,-0.019503385498050255,-0.028809789965473353,-0.010498920749121527,0.0016353698909913105
1644,-0.03505013591184763,-0.051726060878347344,-0.01899668659790389,0.0029590288405034002
1645,0.013879855760579613,0.020397882395025702,0.007748170118014604,-0.0012068977777872905
1646,0.015382864864028303,0.02261335269475975,0.008569706393425585,-0.0013348648061389126
1647,-0.025668071273914017,-0.03789667986672626,-0.013868503128736885,0.0021602346557147594
1648,-0.05685551017047432,-0.08386768858620762,-0.030915380843514785,0.004815550494010914
1649,-0.009616403739426847,-0.014236149400035363,-0.005094752437433654,0.0007935867826157983
1650,-0.028897192394604566,-0.042656479338811115,-0.01563352247044017,0.002435163818188947
1651,-0.02688926617046608,-0.039696749485260176,-0.014536001352508309,0.0022642078662504523
1652,-0.030094902773915237,-0.044421932233911686,-0.016288184189908295,0.002537137543906647
1653,0.012928732812303487,0.01899590509597526,0.007228291693731077,-0.0011259186426585317
1654,-0.03927734901529708,-0.05795707109634935,-0.021307257372497272,0.0033189361077423356
1655,-0.06063651744633743,-0.08944098105897608,-0.03298205803634553,0.005137467549707965
1656,-0.06437055568771775,-0.09494504008487782,-0.0350230622205697,0.005455385635769024
1657,-0.0573839118084055,-0.08464656486345787,-0.031204202190338964,0.00486053890241578
1658,-0.052827915463576666,-0.07793092051738906,-0.028713920355499425,0.004472638847724928
1659,-0.041754965584263275,-0.061609135418567176,-0.022661508576495057,0.003529881756040713
1660,-0.06383041179116589,-0.09414885544591091,-0.03472782262159386,0.005409397484955159
1661,-0.006199406480805219,-0.009199416140483757,-0.0032270410613039987,0.0005026617415976579
1662,-0.05834677701530231,-0.086065850524225,-0.03173049886677411,0.004942517779953539
1663,0.7293121890021556,1.0749617450684295,0.3987994372136426,-0.062119203273159285
1664,-0.05420175972219773,-0.07995599883823971,-0.029464855857242265,0.004589608709577583
1665,0.1777548170709695,0.2619533785129029,0.0973212971464183,-0.01515930283775007
1666,0.25056856277788603,0.3692825295179873,0.13712087873878936,-0.02135870551594076
1667,-0.03268994192908836,-0.048247080173296236,-0.017706617915422565,0.002758080616294994
1668,0.12336467513992005,0.1817810470412773,0.06759195317998337,-0.010528495999275751
1669,-0.07296588899806496,-0.10761476086148188,-0.03972122279557625,0.006187197079154861
1670,-0.02717108037736271,-0.0401121501664603,-0.014690039404147873,0.002288201684066382
1671,-0.05308624515323191,-0.07831170447515584,-0.028855121902835696,0.0044946331807228625
1672,-0.009992156015289022,-0.014790016974968874,-0.0053001365062864065,0.000825578539703703
1673,0.01081512626057877,0.015880399986974263,0.006073006306434386,-0.0009459650090390636
1674,-0.053966914549783876,-0.07960983160390628,-0.029336490814209294,0.004569613861397641
1675,-0.05476538813599098,-0.08078680020063997,-0.02977293196052138,0.004637596345209441
1676,-0.053544193239438924,-0.07898673058210606,-0.029105433736749963,0.004533623134673747
1677,0.014913174519200587,0.021921018226092857,0.00831297630735965,-0.0012948751097790314
1678,-0.023695371825637614,-0.03498887509832533,-0.012790236767259966,0.001992277931003257
1679,-0.039488709670469545,-0.05826862160724944,-0.021422785911226944,0.0033369314711042836
1680,-0.05687899468771571,-0.08390230530964096,-0.030928217347818084,0.004817549978828907
1681,-0.013714451998048665,-0.020276767639153963,-0.00733472243835891,0.0011424968833557672
1682,-0.008583084980805875,-0.012713013568968212,-0.004529946248088605,0.0007056094506240579
1683,0.07893196851921819,0.11628620630538969,0.043305287038146185,-0.006745470723630929
1684,-0.06803414037737394,-0.10034524894047957,-0.03702555689188396,0.005767305267376103
1685,0.02328540491575461,0.034261880130080136,0.012889190091484889,-0.0020076914473939255
1686,-0.0398879464635731,-0.05885710590561629,-0.02164100648438299,0.003370922713010182
1687,-0.039606132256676474,-0.05844170522441616,-0.021486968432743423,0.003346928895194254
1688,0.008725004226095434,0.01279951160140661,0.004930557423440988,-0.0007680108602375886
1689,-0.06608492544633893,-0.09747206089551196,-0.03596012703471035,0.005601348027482593
1690,-0.0552468207394394,-0.08149644303102353,-0.03003608029873896,0.00467858578397832
1691,-0.03507362042908902,-0.05176067760178069,-0.019009523102207184,0.002961028325321393
1692,-0.016532594067014957,-0.024430774451155293,-0.008875102954754506,0.0013824350615150582
1693,-0.060706970998061584,-0.0895448312292761,-0.033020567549255406,0.005143466004161945
1694,0.03926661889851763,0.057818560426471,0.021624431269878237,-0.003368340866038904
1695,0.004697409519197777,0.006862743532588046,0.002729096935425625,-0.0004250992139516012
1696,-0.04309358306702226,-0.06358228865426782,-0.02339318932178296,0.003643852390666376
1697,-0.020442766187705685,-0.03019445890280713,-0.0110123809212534,0.001715349283711074
1698,-0.021981002067016454,-0.032461854287691196,-0.011853171953119322,0.0018463155392896868
1699,-0.013808390067014209,-0.02041523453288734,-0.007386068455572103,0.0011504948226277432
1700,-0.040181502929090424,-0.05928981494853309,-0.021801462788174197,0.0033959162732351074
1701,-0.0068569729635640205,-0.0101686843966174,-0.003586463181796306,0.0005586473165014922
1702,-0.043809860842884525,-0.06463809871898481,-0.023784702703033518,0.003704836677615196
1703,-0.0024653682394248826,-0.003695357114581996,-0.0011860368770798416,0.00018474365553659673
1704,-0.004144511222183965,-0.006170452840066121,-0.0021038469347655457,0.00032770682002317494
1705,-0.013726194256669358,-0.020294076000870635,-0.007341140690510563,0.0011434966257647641
1706,-0.028580151411845858,-0.04218915357246097,-0.015460229662345669,0.0024081707731460275
1707,-0.013761421032531435,-0.02034600108602065,-0.00736039544696551,0.0011464958529917551
1708,-0.024904824463568984,-0.03677163635514257,-0.013451316738879752,0.0020952513991299515
1709,-0.017929922842877408,-0.026490469495439276,-0.009638874960800665,0.0015014044081857055
1710,-0.05175936992909361,-0.07635585960117189,-0.028129859409699403,0.004381662288506197
1711,-0.0483071458946099,-0.07126720125647026,-0.026242893277114827,0.004087738020261064
1712,-0.050913927308403724,-0.07510965755757149,-0.027667745254780742,0.004309680835058409
1713,0.011989352122648057,0.01761123615864148,0.006714831521599214,-0.001045939249938768
1714,0.01748472915713233,0.025711549442044068,0.00971857352857064,-0.001513818697349383
1715,-0.024728690584258594,-0.03651201092939249,-0.01335504295660503,0.0020802552629949956
1716,-0.07112235439461617,-0.10489734807196434,-0.03871355720776748,0.006030237520942325
1717,-0.04309358306702226,-0.06358228865426782,-0.02339318932178296,0.003643852390666376
1718,-0.02761728620494904,-0.04076986791169385,-0.01493393298591051,0.00232619189560827
1719,0.018858573415753394,0.027736627762894716,0.010469509030313472,-0.0016307885592020401
1720,-0.06202210396357919,-0.09148336774154339,-0.03373941179024004,0.005255437153969614
1721,-0.020278374567015988,-0.029952141838773726,-0.010922525391130318,0.0017013528899851155
1722,-0.02377756763598247,-0.03511003363034205,-0.012835164532321508,0.0019992761278662353
1723,-0.024987020273913835,-0.036892794887159276,-0.013496244503941282,0.0021022495959929317
1724,-0.00270021341183874,-0.004041524348915439,-0.0013144019201128075,0.0002047385037165377
1725,-0.017448490239429005,-0.025780826665055726,-0.009375726622583075,0.0014604149694168276
1726,-0.02182835270494745,-0.03223684558537445,-0.011769734675147896,0.0018333188879727257
1727,-0.05450705844633575,-0.08040601624287318,-0.029631730413185134,0.004615602012211505
1728,-0.015064811739428348,-0.022267229236571266,-0.008072821435798466,0.001257467260390428
1729,-0.03671753663598603,-0.0541838482421148,-0.019908078403437945,0.0031009922625809803
1730,-0.061129692308406536,-0.0901679322510763,-0.033251624626714764,0.0051794567308858395
1731,-0.059673652239440614,-0.08802169539820895,-0.03245576135991038,0.005055488672170206
1732,-0.05478887265323237,-0.08082141692407332,-0.029785768464824693,0.004639595830027435
1733,-0.0436806959980569,-0.06444770674010142,-0.023714101929365388,0.0036938395111162274
1734,-0.045348096722195294,-0.06690549410386887,-0.024625493734899438,0.0038358029331938093
1735,-0.05503546008426692,-0.08118489252012343,-0.029920551760009302,0.0046605904206163725
1736,-0.0014437917394246008,-0.002189529645231515,-0.0006276489398864358,9.776606595385433e-05
1737,-0.06816330522220157,-0.10053564091936294,-0.037096157665552104,0.00577830243387507
1738,-0.040627708756676754,-0.059947532693766646,-0.022045356369936826,0.0034339064847769963
1739,-0.05947403384288883,-0.08772745324902552,-0.03234665107333234,0.005038493051217256
1740,-0.044173870860126016,-0.06517465793220166,-0.02398366851973462,0.0037358286922941036
1741,-0.03810312315322778,-0.056226234924682116,-0.020665432157332436,0.0032189618668426317
1742,-0.04101520329115962,-0.06051870863041682,-0.02225715869094122,0.0034668979842739007
1743,-0.04150837815322873,-0.06124565982251707,-0.022526725281310455,0.0035088871654517743
1744,-0.04099171877391823,-0.06048409190698348,-0.02224432218663792,0.003464898499455904
1745,-0.04213071786012544,-0.062163002993500686,-0.0228668926453478,0.003561873513128619
1746,-0.057090355342888185,-0.08421385582054107,-0.031043745886547756,0.004835545342190854
1747,-0.05335631710150783,-0.0787097967946393,-0.029002741702323576,0.004517627256129794
1748,0.007163283829543282,0.010497499493089207,0.004076929887271766,-0.0006350451198409812
1749,-0.016967057635980595,-0.02507118383467216,-0.00911257828436549,0.0014194255306479492
1750,-0.04970447467047236,-0.07332689630075427,-0.02700666528316096,0.004206707366931714
1751,-0.009522465670461305,-0.014097682506301985,-0.0050434064202204715,0.000785588843343821
1752,-0.052123379946335084,-0.07689241881438873,-0.028328825226400522,0.004412654303185104
1753,-0.05389646099805972,-0.07950598143360624,-0.029297981301299406,0.00456361540694366
1754,-0.06303193820495877,-0.09297188684917718,-0.03429138147528179,0.005341415001143361
1755,-0.031363066704950066,-0.04629123529931227,-0.01698135542228631,0.0026451097240783273
1756,-0.04902342367047216,-0.07232301132118726,-0.026634406658365358,0.004148722307209885
1757,-0.026771843584259148,-0.03952366586809345,-0.01447181883099183,0.002254210442160482
1758,-0.04341062404978097,-0.06404961442061796,-0.023566482129877466,0.003670845435709297
1759,0.0029595552433352304,0.004301105998520559,0.0017791956169816788,-0.0002771373374200381
1760,-0.043293201463574044,-0.06387653080345124,-0.023502299608361,0.0036608480116193257
1761,-0.040686420049780216,-0.06003407450235001,-0.02207744763069507,0.0034389051968219827
1762,-0.03200889092908818,-0.04724319519372924,-0.01733435929062698,0.0027000955565731647
1763,-0.054542285222197825,-0.08045794132802321,-0.02965098516964007,0.004618601239438497
1764,-0.0342868891015026,-0.050601017366763645,-0.018579500208046752,0.0028940455839185915
1765,-0.05485932620495654,-0.08092526709437335,-0.029824277977734567,0.004645594284481415
1766,0.012470784726096468,0.01832087898902504,0.006977979859816808,-0.0010869286887076454
1767,-0.04736776520495447,-0.06988253231913648,-0.025729433104982952,0.004007758627541302
1768,-0.06208081525668265,-0.09156990955012674,-0.03377150305099829,0.005260435866014599
1769,-0.05020939179116215,-0.07407115585457115,-0.027282650125681842,0.0042496962905185865
1770,-0.046534064842885275,-0.06865363863725277,-0.02527373720221592,0.003936776916502512
1771,-0.05838200379116439,-0.086117775609375,-0.03174975362322906,0.004945517007180529
1772,0.005484140846784201,0.008022403767605083,0.003159119829586063,-0.0004920819553544028
1773,-0.050444236963576,-0.07441732308890459,-0.027411015168714813,0.004269691138698526
1774,-0.02626692646356936,-0.03877940631427654,-0.014195833988470956,0.0022112215185736087
1775,-0.05116051473943827,-0.07547313315362161,-0.027802528549965365,0.004330675425647347
1776,-0.05873427154978518,-0.08663702646087518,-0.0319423011877785,0.004975509279450443
1777,-0.041989810756677126,-0.06195530265290061,-0.022789873619528028,0.003549876604220654
1778,-0.0026180176014938892,-0.003920365816898735,-0.0012694741550512666,0.00019774030685355883
1779,-0.05275746191185251,-0.07782707034708904,-0.028675410842589524,0.004466640393270945
1780,-0.02203971336011992,-0.03254839609627455,-0.011885263213877565,0.0018513142513346722
1781,-0.017554170567015238,-0.025936601920505772,-0.00943349089194791,0.0014694126510978005
1782,-0.022662053067016644,-0.03346573926725818,-0.01222543057791492,0.0019043005990115158
1783,0.005249295674370343,0.00767623653327164,0.0030307547865530966,-0.0004720871071744619
1784,-0.05310972967047329,-0.0783463211985892,-0.028867958407138967,0.004496632665540859
1785,-0.04844805299805822,-0.07147490159707032,-0.026319912302934595,0.004099734929169029
1786,-0.061106207791165136,-0.09013331552764296,-0.03323878812241147,0.005177457246067845
1787,-0.030423686015294642,-0.044906566361978505,-0.016467895250154452,0.0025651303313585635
1788,-0.012610679687703534,-0.018649781637786775,-0.006731406736103975,0.001048521096910045
1789,-0.05011545372219661,-0.0739326889608378,-0.027231304108468656,0.004241698351246609
1790,0.016510121691614817,0.024274955419560276,0.009185858599983804,-0.0014308400774026308
1791,-0.02721804941184548,-0.040181383613326994,-0.014715712412754453,0.0022922006537023708
1792,1.6545082302437892,2.4387221814484654,0.9045063607463157,-0.14089090716285455
1793,-0.049258268842886026,-0.07266917855552071,-0.026762771701398343,0.004168717155389825
1794,-0.009874733429082093,-0.014616933357802153,-0.005235953984769923,0.0008155811156137327
1795,0.012400331174372307,0.018217028818725008,0.006939470346906907,-0.0010809302342536646
1796,0.4362254138296613,0.6429450366202913,0.23859986350850076,-0.03716563274459305
1797,-0.0497984127394379,-0.07346536319448763,-0.027058011300374153,0.004214705306203688
1798,-0.04833063041185129,-0.0713018179799036,-0.026255729781418116,0.004089737505079058
1799,0.11855034910543599,0.1746846187374417,0.06496046979780758,-0.010118601611586961
1800,0.26873383686409796,0.39605856509367915,0.14704991481738933,-0.022905307022659176
1801,-0.020431023929084996,-0.03017715054109046,-0.01100596266910174,0.001714349541302077
1802,0.07308432372611313,0.10766664217048694,0.04010899746662537,-0.006247599003950396
1803,0.1312319884157843,0.19337764939144764,0.07189218212158774,-0.011198323413303774
1804,-0.04968099015323097,-0.0732922795773209,-0.026993828778857663,0.00420470788211372
1805,-0.06998335530840895,-0.10321843698544711,-0.0380909867490576,0.005933262507269613
1806,-0.06658984256702873,-0.09821632044932888,-0.03623611187723121,0.005644336951069465
1807,-0.060119858067026945,-0.08867941314344249,-0.03269965494167302,0.005093478883712093
1808,-0.053638131308404474,-0.07912519747583945,-0.029156779753963146,0.004541621073945725
1809,-0.06559175058426983,-0.09674510970341173,-0.03569056044434114,0.005559358846304714
1810,-0.06978373691185719,-0.10292419483626371,-0.037981876462479566,0.0059162668863166614
1811,-0.030975572170467203,-0.045720059362662095,-0.016769553101281916,0.002612118224581425
1812,-0.0266896477739143,-0.039402507336076746,-0.014426891065930293,0.002247212245297504
1813,-0.029202491118742575,-0.04310649674344459,-0.015800397026383035,0.0024611571208228698
1814,-0.04629921967047142,-0.06830747140291932,-0.025145372159182947,0.00391678206832257
1815,-0.0689148097739259,-0.10164337606922995,-0.0375069258032576,0.005842285948050879
1816,-0.05172414315323154,-0.07630393451602188,-0.02811060465324449,0.0043786630612792045
1817,-0.04591172513598855,-0.06773629546626914,-0.024933569838178564,0.0038837905688256665
1818,-0.04503105573943658,-0.06643816833751871,-0.024452200926804942,0.0038088098881508886
1819,-0.03903076158426252,-0.05759359550029923,-0.02117247407731265,0.003297941517153398
1820,-0.03298349839460569,-0.04867978921621305,-0.017867074219213786,0.0027830741765199197
1821,-0.05266352384288696,-0.07768860345335564,-0.028624064825376352,0.004458642453998968
1822,-0.0156401824118423,-0.023115338960688205,-0.008387315791229243,0.0013064546384312819
1823,-0.05397865680840457,-0.07962713996562294,-0.029342909066360955,0.004570613603806637
1824,-0.04116785265322863,-0.060743717332733566,-0.022340595968912653,0.00347989463559086
1825,-0.05429569779116328,-0.08009446573197308,-0.029516201874455462,0.004597606648849559
1826,-0.04383334536012591,-0.06467271544241815,-0.02379753920733681,0.0037068361624331904
1827,-0.03128087089460522,-0.04617007676729557,-0.016936427657224768,0.0026381115272153476
1828,-0.03610693918771,-0.05328381343284785,-0.019574329291552228,0.003049005657313134
1829,-0.04442045829116056,-0.06553813352825176,-0.02411845181491922,0.0037568232828830437
1830,-0.030517624084260182,-0.04504503325571189,-0.01651924126736764,0.00257312827063054
1831,-0.03864326704977966,-0.05702241956364905,-0.020960671756308263,0.0032649500176564956
1832,-0.053544193239438924,-0.07898673058210606,-0.029105433736749963,0.004533623134673747
1833,-0.02562110223943125,-0.03782744641985957,-0.013842830120130298,0.0021562356860787713
1834,0.02700770089851426,0.03974863079426523,0.014923776023557402,-0.0023246097910459887
1835,-0.06824550103254642,-0.10065679945137966,-0.037141085430613625,0.0057853006307380505
1836,-0.03298349839460569,-0.04867978921621305,-0.017867074219213786,0.0027830741765199197
1837,-0.052839657722197356,-0.07794822887910573,-0.028720338607651073,0.004473638590133923
1838,0.038350722726103584,0.05646850821257057,0.021123807602049665,-0.003290360958137135
1839,-0.04834237267047198,-0.07131912634162028,-0.02626214803356975,0.004090737247488057
1840,-0.04436174699805709,-0.0654515917196684,-0.02408636055416099,0.0037518245708380573
1841,-0.023871505704948007,-0.03524850052407542,-0.01288651054953469,0.0020072740671382124
1842,-0.058135416360129845,-0.0857543000133249,-0.03161497032804445,0.0049245224165915934
1843,-0.028004780739431905,-0.041341043848344035,-0.015145735306914897,0.0023591833951051725
1844,-0.04457310765322956,-0.06576314223056849,-0.02420188909289066,0.003769819934200003
1845,-0.016121615015290705,-0.023824981791071762,-0.008650464129446818,0.001347444077200162
1846,-0.012516741618737991,-0.0185113147440534,-0.0066800607188907905,0.001040523157638068
1847,-0.05522333622219801,-0.08146182630759019,-0.03002324379443567,0.004676586299160325
1848,-0.041191337170470015,-0.060778334056166915,-0.02235343247321594,0.0034818941204088558
1849,-0.021769641411843985,-0.032150303776791095,-0.01173764341438965,0.001828320175927741
1850,-0.06278535077392423,-0.09260841125312708,-0.03415659818009719,0.005320420410554423
1851,-0.044819695084264116,-0.06612661782661862,-0.02433667238807527,0.003790814524788942
1852,0.030647801070929046,0.0451142229264336,0.016913434190568382,-0.002634529937835073
1853,-0.03877243189460728,-0.05721281154253243,-0.021031272529976407,0.0032759471841554626
1854,-0.03499142461874417,-0.05163951906976399,-0.018964595337145635,0.0029540301284584143
1855,-0.018059087687705033,-0.02668086147432268,-0.009709475734468781,0.0015124015746846747
1856,0.011789733726096282,0.017316994009458058,0.006605721235021206,-0.001028943628985816
1857,0.006611397674370716,0.009684006492405615,0.003775272036144293,-0.0005880572266181204
1858,-0.057736179567026286,-0.08516581571495803,-0.03139674975488842,0.004890531174685692
1859,-0.06491069958426963,-0.09574122472384473,-0.03531830181954553,0.005501373786582887
1860,-0.021393889135981812,-0.03159643620185758,-0.011532259345536913,0.0017963284188398346
1861,1.206341445467804,1.7781139398082375,0.6595409308743548,-0.10273373863866431
1862,0.03855034112265536,0.05676275036175401,0.02123291788862768,-0.0033073565790900867
1863,-0.016426913739428724,-0.024274999195705246,-0.008817338685389673,0.0013734373798340845
1864,-0.06997161304978827,-0.10320112862373046,-0.038084568496905946,0.005932262764860615
1865,0.06979649131231914,0.10282030088981874,0.03831188686416382,-0.0059676711294312235
1866,0.05178386658817624,0.07626927401644357,0.028466288063535322,-0.004434066274029754
1867,-0.01304514325666917,-0.019290191021303648,-0.006968882065714962,0.0010855115660429353
1868,-0.03730464956702067,-0.05504926632794841,-0.02022899101102036,0.0031509793830308322
1869,-0.06994812853254688,-0.10316651190029712,-0.03807173199260265,0.005930263280042619
1870,-0.049727959187713736,-0.0733615130241876,-0.027019501787464265,0.004208706851749707
1871,-0.059955466446337244,-0.08843709607940908,-0.032609799411549935,0.005079482489986135
1872,-0.07141591086013349,-0.10533005711488115,-0.038874013511558704,0.006055231081167251
1873,-0.0652747096015111,-0.09627778393706159,-0.035517267636246595,0.005532365801261797
1874,-0.03512058946357179,-0.051829911048647384,-0.019035196110813776,0.0029650272949573804
1875,-0.04945788723943781,-0.07296342070470414,-0.026871881987976357,0.004185712776342774
1876,-0.057454365360129656,-0.08475041503375791,-0.031242711703248823,0.004866537356869765
1877,-0.0440094792394363,-0.06493234086816822,-0.02389381298961153,0.0037218322985681468
1878,-0.05705512856702609,-0.08416193073539105,-0.031024491130092792,0.004832546114963865
1879,-0.07637114399806588,-0.11263418575931682,-0.04158251591955427,0.006477122377764004
1880,-0.0106849492739099,-0.015811210316252534,-0.005678813383233651,0.0008845633418345292
1881,-0.06707127517047712,-0.09892596327971241,-0.036499260215448796,0.005685326389838344
1882,-0.042800026601504934,-0.06314957961135098,-0.02323273301799178,0.00361885883044145
1883,-0.047156404549782004,-0.06957098180823638,-0.02561390456625329,0.003989763264179354
1884,-0.05152452475667975,-0.07600969236683845,-0.028001494366666456,0.004361667440326257
1885,-0.06577962672220092,-0.0970220434908785,-0.03579325247876749,0.005575354724848669
1886,-0.0517711121877143,-0.07637316796288855,-0.028136277661851065,0.004382662030915193
1887,-0.039488709670469545,-0.05826862160724944,-0.021422785911226944,0.0033369314711042836
1888,-0.07530259846358284,-0.11105912484309965,-0.04099845497375426,0.006386145818545273
1889,-0.032443354498053814,-0.04788360457724612,-0.017571834620237956,0.0027370860257060555
1890,-0.06765838810151177,-0.09979138136554605,-0.036820172823031225,0.005735313510288197
1891,-0.05814715861875054,-0.08577160837504157,-0.0316213885801961,0.004925522159000589
1892,-0.04640489999805765,-0.06846324665836936,-0.02520313642854779,0.0039257797500035435
1893,-0.04823669234288574,-0.07116335108617024,-0.02620438376420491,0.004081739565807084
1894,-0.06710650194633921,-0.09897788836486245,-0.036518514971903754,0.005688325617065335
1895,-0.04804881620495466,-0.07088641729870347,-0.02610169172977857,0.0040657436872631285
1896,-0.06785800649806355,-0.10008562351472947,-0.036929283109609246,0.005752309131241147
1897,-0.06663681160151148,-0.09828555389619555,-0.036261784885837825,0.005648335920705454
1898,-0.05700815953254333,-0.08409269728852437,-0.030998818121486207,0.004828547145327875
1899,-0.049551825308403345,-0.07310188759843753,-0.02692322800518954,0.004193710715614751
1900,-0.027558574911845577,-0.040683326103110484,-0.014901841725152267,0.0023211931835632835
1901,-0.0649576686187524,-0.09581045817071143,-0.03534397482815212,0.005505372756218876
1902,-0.05126619506702451,-0.07562890840907165,-0.0278602928193302,0.0043396731073283195
1903,-0.061270599411854844,-0.09037563259167637,-0.03332864365253454,0.005191453639793804
1904,-0.05585741818771543,-0.08239647784029049,-0.030369829410624688,0.004730572389246164
1905,-0.06756445003254621,-0.09965291447181267,-0.036768826805818014,0.0057273155710162215
1906,-0.03849061768771065,-0.056797410861332304,-0.020877234478336826,0.0032519533663395352
1907,-0.07116932342909894,-0.10496658151883102,-0.038739230216374064,0.006034236490578316
1908,-0.0722143844463406,-0.10650702571161486,-0.039310454657870766,0.006123213564979052
1909,-0.05334457484288714,-0.07869248843292263,-0.02899632345017194,0.004516627513720798
1910,-0.07066440630840913,-0.1042223219650141,-0.03846324537385319,0.005991247566991441
1911,-0.06512206023944211,-0.09605277523474486,-0.03543383035827519,0.005519369149944834
1912,-0.05959145642909576,-0.08790053686619224,-0.03241083359484885,0.005048490475307225
1913,-0.04355153115322928,-0.06425731476121802,-0.02364350115569725,0.003682842344617262
1914,-0.06588530704978715,-0.09717781874632854,-0.03585101674813237,0.005584352406529639
1915,-0.049246526584265336,-0.07265187019380404,-0.02675635344924668,0.004167717412980829
1916,-0.06690688354978744,-0.09868364621567903,-0.03640940468532575,0.005671329996112385
1917,-0.07085228244634023,-0.10449925575248088,-0.038565937408279544,0.006007243445535395
1918,-0.051348390877369365,-0.07575006694108838,-0.02790522058439172,0.0043466713041913
1919,-0.06896177880840867,-0.10171260951609665,-0.03753259881186417,0.00584628491768687
1920,-0.043375397273918884,-0.06399768933546793,-0.02354722737342254,0.0036678462084823054
1921,-0.05956797191185438,-0.08786592014275892,-0.03239799709054554,0.005046490990489233
1922,-0.06048386808426842,-0.08921597235665933,-0.03289862075837412,0.005124470898391001
1923,-0.0629967114290967,-0.09291996176402718,-0.03427212671882683,0.00533841577391637
1924,-0.06222172236013096,-0.09177760989072681,-0.03384852207681806,0.005272432774922564
1925,-0.0601903116187511,-0.08878326331374253,-0.032738164454582906,0.005099477338166075
1926,-0.0595210028773716,-0.08779668669589222,-0.03237232408193896,0.0050424920208532445
1927,1.6825604860886247,2.4800718575895955,0.9198395651366029,-0.14327929177794851
1928,-0.0077846113945987585,-0.011536044972234503,-0.004093505101776519,0.0006376269668122593
1929,0.01688587396747699,0.02482882299449379,0.009391242668836558,-0.0014628318344905359
1930,0.036918167174379055,0.054356888083136566,0.020340780839548576,-0.0031683923842394943
1931,-0.01482996656701449,-0.021921062002237823,-0.007944456392765498,0.0012374724122104868
1932,0.3200357647779052,0.47167879743382,0.17509125846794085,-0.02727318160756727
1933,-0.010156547635978723,-0.015032334039002289,-0.005389992036409482,0.000839574933429662
1934,0.12459761229509281,0.18359842502152787,0.06826586965590642,-0.010633468952220447
1935,0.3668521498986077,0.540687235598192,0.20068082979656257,-0.0312591545922385
1936,0.041826431277828674,0.06159178328070554,0.023023610238937557,-0.003586284711200261
1937,0.2290332604675353,0.3375389941296104,0.1253498042926664,-0.019525177937840168
1938,-0.02562110223943125,-0.03782744641985957,-0.013842830120130298,0.0021562356860787713
1939,-0.016250779860118327,-0.024015373769955155,-0.008721064903114945,0.0013584412436991294
1940,-0.04486666411874689,-0.0661958512734853,-0.02436234539668187,0.00379481349442493
1941,-0.04459659217047095,-0.06579775895400183,-0.024214725597193947,0.0037718194190179996
1942,-0.0636190511359934,-0.09383730493501079,-0.0346122940828642,0.005391402121593212
1943,-0.03823228799805541,-0.056416626903565525,-0.020736032931000577,0.0032299590333416
1944,-0.004978211584253159,-0.0073993465219498455,-0.002559542837532576,0.00039868853106196504
1945,-0.03214979803253649,-0.04745089553432932,-0.01741137831644675,0.00271209246548113
1946,-0.0516184628256453,-0.07614815926057182,-0.028052840383879656,0.004369665379598231
1947,-0.0738700429118583,-0.10894750471366561,-0.04021542821125317,0.006264177244647634
1948,-0.02171093011874052,-0.03206376196820773,-0.01170555215363141,0.001823321463882755
1949,-0.056045294325646505,-0.08267341162775724,-0.030472521445051047,0.004746568267790118
1950,-0.07201476604978883,-0.10621278356243143,-0.03920134437129274,0.006106217944026103
1951,-0.05943880706702676,-0.08767552816387551,-0.03232739631687742,0.0050354938239902634
1952,-0.052463905446335175,-0.07739436130417222,-0.028514954538798317,0.00444164683304602
1953,-0.03505013591184763,-0.051726060878347344,-0.01899668659790389,0.0029590288405034002
1954,-0.010544042170461586,-0.015603509975652472,-0.005601794357413872,0.0008725664329265651
1955,-0.051336648618748655,-0.07573275857937169,-0.027898802332240073,0.004345671561782302
1956,-0.06372473146357965,-0.09399308019046083,-0.03467005835222906,0.005400399803274186
1957,-0.0643001021359936,-0.09484118991457778,-0.0349845527076598,0.00544938718131504
1958,-0.07583100010151403,-0.11183800112034988,-0.041287276320578464,0.0064311342269501425
1959,-0.030999056687708592,-0.04575467608609544,-0.016782389605585216,0.0026141177093994186
1960,-0.07148636441185764,-0.10543390728518119,-0.038912523024468536,0.006061229535621235
1961,-0.06553303929116636,-0.09665856789482836,-0.03565846918358287,0.005554360134259731
1962,-0.05885169413599211,-0.08681011007804189,-0.032006483709295,0.004985506703540412
1963,-0.015135265291152502,-0.0223710794068713,-0.008111330948708357,0.00126346571484441
1964,-0.03108125249805344,-0.04587583461811214,-0.016827317370646768,0.002621115906262397
1965,-0.034028559411847355,-0.05022023340899687,-0.01843829866071049,0.002872051250920657
1966,-0.012035309015289581,-0.01780167191366984,-0.006416912380673204,0.0009995337188691894
1967,-0.061728547498061864,-0.09105065869862658,-0.03357895548644882,0.0052304435937446875
1968,-0.02376582537736177,-0.03509272526862536,-0.012828746280169862,0.001998276385457238
1969,-0.051430586687714205,-0.07587122547310507,-0.02795014834945327,0.00435366950105428
1970,-0.03938302934288331,-0.058112846351799384,-0.021365021641862113,0.003327933789423309
1971,-0.047966620394609805,-0.07076525876668677,-0.02605676396471702,0.004058745490400151
1972,-0.042318593998056535,-0.062439936780967445,-0.022969584679774193,0.003577869391672571
1973,-0.038185318963572634,-0.05634739345669882,-0.02071035992239398,0.0032259600637056115
1974,-0.01479473979115241,-0.021869136917087806,-0.007925201636310558,0.0012344731849834951
1975,-0.061599382653234246,-0.0908602667197432,-0.03350835471278068,0.005219446427245721
1976,-0.009099744360116362,-0.013474581484501789,-0.004812349342761132,0.000749598116619928
1977,-0.021534796239430127,-0.031804136542457645,-0.011609278371356679,0.0018083253277478002
1978,-0.06772884165323592,-0.09989523153584606,-0.03685868233594112,0.00574131196474218
1979,-0.03179753027391571,-0.04693164468282915,-0.017218830751897306,0.002682100193211218
1980,-0.05696119049806056,-0.08402346384165768,-0.03097314511287962,0.004824548175691886
1981,-0.05713732437737094,-0.08428308926740777,-0.03106941889515433,0.004839544311826843
1982,0.032643985036446846,0.04805664441826788,0.018004537056348587,-0.0028044861473645695
1983,-0.04373940729116037,-0.06453424854868478,-0.02374619319012363,0.003698838223161214
1984,-0.052863142239438735,-0.07798284560253907,-0.02873317511195436,0.0044756380749519185
1985,-0.05775966408426767,-0.08520043243839139,-0.03140958625919169,0.004892530659503688
1986,-0.06620234803254584,-0.09764514451267867,-0.03602430955622683,0.005611345451572564
1987,-0.026079050325638273,-0.03850247252680979,-0.014093141954044578,0.0021952256400296563
1988,-0.010438361842875351,-0.01544773472020242,-0.005544030088049041,0.0008635687512455911
1989,-0.0527692041704732,-0.0778443787088057,-0.028681829094741186,0.004467640135679942
1990,-0.046945043894609524,-0.06925943129733628,-0.02549837602752362,0.003971767900817408
1991,-0.06550955477392496,-0.09662395117139502,-0.03564563267927958,0.005552360649441737
1992,-0.05125445280840381,-0.07561160004735498,-0.027853874567178537,0.004338673364919323
1993,-0.07163901377392666,-0.10565891598749791,-0.03899596030244001,0.006074226186938196
1994,-0.010344423773909808,-0.015309267826469042,-0.005492684070835852,0.0008555708119736146
1995,-0.061153176825647915,-0.09020254897450965,-0.03326446113101807,0.005181456215703833
1996,-0.04642838451529904,-0.0684978633818027,-0.02521597293285108,0.003927779234821537
1997,-0.0583702615325437,-0.08610046724765834,-0.03174333537107742,0.004944517264771533
1998,-0.06046038356702704,-0.089181355633226,-0.032885784254070814,0.005122471413573007
1999,-0.039253864498055686,-0.057922454372916,-0.021294420868193973,0.0033169366229243422
2000,-0.05640930434288799,-0.08320997084097408,-0.030671487261752152,0.004777560282469026
2001,-0.05536424332564632,-0.08166952664819026,-0.030100262820255456,0.004688583208068289
2002,0.0022197929502315796,0.0032106792103702105,0.0013748457314278388,-0.00021415356565322356
2003,-0.017871211549773943,-0.026403927686855917,-0.009606783700042412,0.0014964056961407212
2004,-0.05345025517047339,-0.07884826368837268,-0.029054087719536777,0.00452562519540177
2005,-0.030318005687708406,-0.04475079110652845,-0.01641013098078962,0.00255613264967759
2006,-0.048823805273920384,-0.07202876917200385,-0.026525296371787344,0.0041317266862569355
2007,-0.04835411492909267,-0.07133643470333696,-0.02626856628572141,0.004091736989897053
2008,-0.06485198829116617,-0.09565468291526137,-0.03528621055878728,0.005496375074537903
2009,-0.05494152201530138,-0.08104642562639006,-0.029869205742796116,0.004652592481344396
2010,-0.05455402748081851,-0.08047524968973988,-0.029657403421791722,0.004619600981847493
2011,-0.05792405570495737,-0.0854427495024248,-0.031499441789314776,0.004906527053229645
2012,-0.06312587627392431,-0.09311035374291057,-0.03434272749249498,0.005349412940415338
2013,-0.0705587259808229,-0.10406654670956406,-0.038405481104488375,0.005982249885310466
2014,0.006329583467474089,0.009268605811205482,0.0036212339845047453,-0.0005640634088021896
2015,-0.04618179708426448,-0.06813438778575258,-0.025081189637666465,0.0039067846442326
2016,-0.0592039618946129,-0.08732936092954206,-0.03219903127384446,0.005015498975810324
2017,-0.058828209618750724,-0.08677549335460855,-0.031993647204991704,0.0049835072187224185
2018,-0.07286020867047871,-0.10745898560603183,-0.03966345852621143,0.006178199397473888
2019,-0.059990693222199326,-0.08848902116455912,-0.032629054168004885,0.0050824817172131255
2020,-0.03122215960150175,-0.04608353495871221,-0.016904336396466525,0.002633112815170364
2021,-0.06097704294633752,-0.08994292354875957,-0.03316818734874333,0.005166460079568877
2022,-0.06682468773944258,-0.09856248768366233,-0.03636447692026421,0.005664331799249406
2023,-0.04298790273943602,-0.06342651339881775,-0.023335425052418146,0.003634854708985402
2024,-0.06134105296357901,-0.09047948276197641,-0.03336715316544444,0.005197452094247784
2025,-0.04646361129116112,-0.06854978846695273,-0.02523522768930603,0.003930778462048528
2026,-0.06471108118771784,-0.0954469825746613,-0.0352091915329675,0.005484378165629938
2027,-0.06286754658426907,-0.09272956978514378,-0.034201525945158726,0.005327418607417402
2028,-0.06748225422220139,-0.09953175593979598,-0.0367238990407565,0.00572031737415324
2029,1.2725560418298913,1.875715791528552,0.6957334547575,-0.1083712860829986
2030,0.015641194553683544,0.02299413665252653,0.008710907940761847,-0.0013568591391368474
2031,-0.002547564049769733,-0.0038165156465987007,-0.001230964642141384,0.00019174185239957548
2032,0.7485929776573335,1.1033820750072052,0.409338207246649,-0.06376078030873243
2033,0.011014744657130548,0.01617464213615769,0.006182116593012408,-0.0009629606299920125
2034,0.00426294595023214,0.006222334149071177,0.0024916216058146305,-0.0003881087448187113
2035,0.019199098915753488,0.028238570252678206,0.010655638342711287,-0.0016597810890629531
2036,0.17687414767441753,0.26065525138415246,0.09683992823504471,-0.015084322157075286
2037,-0.03151571606701908,-0.04651624400162902,-0.01706479270025774,0.002658106375395289
2038,-0.04069816230840091,-0.06005138286406668,-0.022083865882846717,0.0034399049392309787
2039,-0.03218502480839857,-0.04750282061947933,-0.017430633072901693,0.002715091692708122
2040,-0.02737069877391449,-0.04040639231564373,-0.014799149690725901,0.0023051973050193307
2041,-0.03656488727391702,-0.05395883953979806,-0.01982464112546651,0.0030879956112640195
2042,-0.05852291089461271,-0.08632547594997507,-0.031826772649048846,0.004957513916088496
2043,-0.037046319877365425,-0.054668482370181626,-0.02008778946368409,0.0031289850500328966
2044,-0.02592640096356926,-0.03827746382449305,-0.014009704676073141,0.0021822289887126955
2045,-0.0038861815325287215,-0.005789668882299332,-0.0019626453874292886,0.00030571248702523907
2046,0.030072430398515097,0.044266113202316666,0.0165989398351376,-0.0025855425597942185
2047,-0.021299951067016265,-0.031457969308124195,-0.01148091332832372,0.0017883304795678592
2048,-0.047121177773919914,-0.06951905672308636,-0.025594649809798333,0.003986764036952363
2049,-0.03483877525667516,-0.05141451036744724,-0.018881158059174227,0.0029410334771414527
2050,-0.053250636773921604,-0.07855402153918925,-0.028944977432958756,0.00450862957444882
2051,-0.03204411770495025,-0.047295120278879256,-0.01735361404708191,0.002703094783800157
2052,-0.040639451015297444,-0.05996484105548332,-0.022051774622088488,0.0034349062271859933
2053,-0.030200583101501477,-0.044577707489361726,-0.016345948459273136,0.0025461352255876186
2054,-0.04609960127391964,-0.06801322925373589,-0.025036261872604937,0.00389978644736962
2055,-0.060918331653234056,-0.0898563817401762,-0.033136096087985095,0.005161461367523892
2056,0.007691685467474463,0.011276375770339455,0.004365751234095943,-0.000680033528245848
2057,-0.05576348011874988,-0.0822580109465571,-0.0303184833934115,0.004722574449974189
2058,-0.05120748377392104,-0.07554236660048828,-0.02782820155857195,0.004334674395283334
2059,-0.044326520222195014,-0.06539966663451839,-0.024067105797706035,0.003748825343611067
2060,-0.05632710853254314,-0.08308881230895737,-0.030626559496690606,0.004770562085606046
2061,-0.002888089549769826,-0.0043184581363821944,-0.0014170939545391824,0.00022073438226049013
2062,-0.021276466549774883,-0.03142335258469086,-0.01146807682402043,0.001786330994749864
2063,-0.024106350877361862,-0.03559466775840885,-0.013014875592567662,0.002027268915318153
2064,-0.05275746191185251,-0.07782707034708904,-0.028675410842589524,0.004466640393270945
2065,-0.017695077670463553,-0.026144302261105836,-0.009510509917767694,0.0014814095600057648
2066,-0.035789898204951286,-0.05281648766649769,-0.019401036483457732,0.003022012612270214
2067,-0.025221865446327686,-0.03723896212149271,-0.013624609546974248,0.002122244444172873
2068,-0.014113688791152225,-0.02086525193752082,-0.007552943011514964,0.001176488125261666
2069,-0.03656488727391702,-0.05395883953979806,-0.01982464112546651,0.0030879956112640195
2070,-0.05662066499806047,-0.08352152135187418,-0.030787015800481814,0.004795555645830972
2071,-0.038337968325641646,-0.056572402159015565,-0.020793797200365418,0.003238956715022572
2072,-0.0342751468428819,-0.050583709005046974,-0.01857308195589509,0.002893045841509595
2073,-0.01027397022218565,-0.015205417656169007,-0.005454174557925962,0.0008495723575196326
2074,0.01921084117437418,0.028255878614394887,0.01066205659486292,-0.0016607808314719513
2075,0.024177816570927272,0.03557731562054722,0.013376977255010167,-0.0020836718704777
2076,-0.017507201532532466,-0.025867368473639088,-0.009407817883341319,0.0014654136814618124
2077,-0.014184142342876379,-0.02096910210782085,-0.007591452524424847,0.0011824865797156496
2078,-0.06289103110151045,-0.09276418650857712,-0.034214362449462,0.005329418092235397
2079,-0.023871505704948007,-0.03524850052407542,-0.01288651054953469,0.0020072740671382124
2080,0.01887031567437409,0.027753936124611394,0.010475927282465132,-0.0016317883016110357
2081,-0.05509417137737039,-0.08127143432870679,-0.029952643020767538,0.004665589132661357
2082,-0.01829393286011889,-0.027027028708656125,-0.009837840777501753,0.0015323964228646154
2083,-0.03157442736012254,-0.04660278581021238,-0.017096883961015975,0.002663105087440274
2084,0.03912571179506931,0.057610860085870935,0.021547412244058445,-0.00335634395713094
2085,-0.019479900980808873,-0.028775173242040014,-0.010486084244818233,0.0016333704061733164
2086,0.057619769122660605,0.08487152978962964,0.03165615938290453,-0.004930938251301289
2087,-0.04406819053253977,-0.0650188826767516,-0.023925904250369782,0.003726831010613131
2088,-0.05640930434288799,-0.08320997084097408,-0.030671487261752152,0.004777560282469026
2089,-0.04541855027391945,-0.0670093442741689,-0.024664003247809343,0.003841801387647791
2090,-0.04112088361874586,-0.060674483885866874,-0.022314922960306068,0.0034758956659548717
2091,-0.051348390877369365,-0.07575006694108838,-0.02790522058439172,0.0043466713041913
2092,-0.04911736173943771,-0.07246147821492066,-0.026685752675578545,0.004156720246481862
2093,0.03444055060541285,0.05070482376091873,0.01898652963555078,-0.0029574467359411187
2094,-0.033946363601502494,-0.050099074876980156,-0.01839337089564894,0.0028650530540576787
2095,-0.02268553758425803,-0.033500355990691524,-0.012238267082218222,0.0019063000838295096
2096,-0.05636233530840522,-0.08314073739410739,-0.030645814253145554,0.004773561312833038
2097,-0.03371151842908864,-0.04975290764264671,-0.01826500585261598,0.002845058205877737
2098,-0.033406219704950633,-0.04930289023801324,-0.018098131296673124,0.0028190649032438127
2099,-0.03185624156701917,-0.04701818649141251,-0.017250922012655528,0.0026870989052562044
2100,-0.01121335091184108,-0.016590086593502782,-0.005967634730057829,0.000929551750239396
2101,0.020302871226098623,0.0298655562540454,0.011258954044966225,-0.0017537568755086742
2102,-0.010003898273909713,-0.014807325336685547,-0.005306554758438058,0.0008265782821126996
2103,-0.052111637687714395,-0.07687511045267206,-0.028322406974248874,0.004411654560776108
2104,-0.05963842546357854,-0.08796977031305894,-0.03243650660345543,0.0050524894449432145
2105,-0.05794754022219876,-0.08547736622585814,-0.031512278293618065,0.00490852653804764
2106,-0.06408874148082112,-0.09452963940367769,-0.03486902416893012,0.005431391817953097
2107,-0.06385389630840728,-0.09418347216934425,-0.03474065912589716,0.005411396969773155
2108,-0.06405351470495906,-0.09447771431852767,-0.03484976941247517,0.005428392590726104
2109,-0.0529335957911629,-0.07808669577283912,-0.028771684624864232,0.004481636529405902
2110,-0.06030773420495803,-0.08895634693090924,-0.03280234697609939,0.005109474762256044
2111,-0.05116051473943827,-0.07547313315362161,-0.027802528549965365,0.004330675425647347
2112,0.9111762905194472,1.3430336513362486,0.4982053265383714,-0.07760321370370556
2113,-0.05356767775668031,-0.0790213473055394,-0.029118270241053262,0.0045356226194917405
2114,0.16663489815717333,0.24556235996721434,0.09124321235880738,-0.014212546776429868
2115,0.33156666274342556,0.48867560863959203,0.18139398208085952,-0.02825492865320238
2116,-0.061200145860130686,-0.09027178242137633,-0.03329013413962465,0.00518545518533982
2117,0.13232401846750874,0.1949873270310982,0.07248907957169103,-0.011291299457340497
2118,-0.05429569779116328,-0.08009446573197308,-0.029516201874455462,0.004597606648849559
2119,0.05907580919162652,0.08701776664249701,0.0324520226497089,-0.005054906310016922
2120,-0.057583530204957274,-0.08494080701264131,-0.031313312476916974,0.004877534523368731
2121,-0.06958411851530541,-0.10262995268708029,-0.03787276617590154,0.005899271265363712
2122,-0.0659440183428906,-0.09726436055491189,-0.03588310800889058,0.005589351118574629
2123,-0.05125445280840381,-0.07561160004735498,-0.027853874567178537,0.004338673364919323
2124,-0.046346188704954196,-0.06837670484978602,-0.025171045167789553,0.003920781037958557
2125,-0.02948430532563921,-0.043521897424644726,-0.01595443507802259,0.0024851509386387993
2126,-0.050749535687714016,-0.07486734049353808,-0.02757788972465767,0.004295684441332451
2127,-0.05120748377392104,-0.07554236660048828,-0.02782820155857195,0.004334674395283334
2128,-0.05895737446357835,-0.08696588533349195,-0.03206424797865984,0.004994504385221385
2129,-0.062127784291165424,-0.09163914299699344,-0.033797176059604875,0.005264434835650587
2130,-0.044173870860126016,-0.06517465793220166,-0.02398366851973462,0.0037358286922941036
2131,-0.054565769739439204,-0.08049255805145654,-0.029663821673943373,0.004620600724256491
2132,-0.06255050560151036,-0.09226224401879363,-0.03402823313706422,0.0053004255623744796
2133,-0.05530553203254286,-0.0815829848396069,-0.030068171559497196,0.004683584496023305
2134,-0.05576348011874988,-0.0822580109465571,-0.0303184833934115,0.004722574449974189
2135,-0.03986446194633171,-0.05882248918218295,-0.021628169980079683,0.0033689232281921893
2136,-0.03153920058426046,-0.04655086072506236,-0.017077629204561053,0.002660105860213283
2137,-0.05906305479116458,-0.087121660588942,-0.032122012248024676,0.00500350206690236
2138,-0.039089472877365986,-0.057680137308882586,-0.0212045653380709,0.0033029402291983837
2139,-0.04442045829116056,-0.06553813352825176,-0.02411845181491922,0.0037568232828830437
2140,-0.0674352851877186,-0.09946252249292925,-0.0366982260321499,0.005716318404517254
2141,-0.03802092734288293,-0.05610507639266542,-0.020620504392270905,0.0032119636699796533
2142,-0.06325504111875194,-0.09330074572179396,-0.03441332826616312,0.005360410106914304
2143,-0.06458191634289023,-0.09525659059577792,-0.035138590759299385,0.0054733809991309714
2144,-0.07200302379116813,-0.10619547520071475,-0.03919492611914109,0.006105218201617103
2145,-0.03724593827391721,-0.054962724519365055,-0.02019689975026211,0.0031459806709858464
2146,-0.02546845287736224,-0.03760243771754284,-0.01375939284215887,0.00214323903476181
2147,-0.03998188453253865,-0.05899557279934967,-0.021692352501596172,0.00337892065228216
2148,-0.05518810944633594,-0.08140990122244018,-0.030003989037980724,0.004673587071933335
2149,-0.04849502203254099,-0.07154413504393703,-0.0263455853115412,0.004103733898805017
2150,-0.05321540999805952,-0.07850209645403924,-0.02892572267650382,0.004505630347221829
2151,-0.04921129980840325,-0.072599945108654,-0.02673709869279173,0.004164718185753838
2152,-0.03877243189460728,-0.05721281154253243,-0.021031272529976407,0.0032759471841554626
2153,-0.031151706049777596,-0.04597968478841218,-0.016865826883556645,0.0026271143607163806
2154,-0.060753940032544355,-0.0896140646761428,-0.03304624055786202,0.005147464973797934
2155,-0.027640770722190424,-0.04080448463512719,-0.014946769490213802,0.0023281913804262646
2156,-0.040111049377366266,-0.05918596477823307,-0.02176295327526431,0.0033899178187811268
2157,-0.06562697736013189,-0.09679703478856173,-0.03570981520079605,0.005562358073531711
2158,-0.03508536268770972,-0.05177798596349738,-0.019015941354358808,0.0029620280677303914
2159,-0.06425313310151083,-0.09477195646771112,-0.034958879699053216,0.0054453882116790525
2160,-0.06486373054978685,-0.09567199127697805,-0.035292628810938906,0.0054973748169469
2161,-0.05335631710150783,-0.0787097967946393,-0.029002741702323576,0.004517627256129794
2162,-0.04186064591184951,-0.06176491067401723,-0.022719272845859898,0.003538879437721686
2163,-0.06732960486013237,-0.0993067472374792,-0.036640461762785105,0.005707320722836277
2164,-0.05123096829116243,-0.07557698332392164,-0.027841038062875238,0.00433667388010133
2165,-0.06229217591185512,-0.09188146006102683,-0.033887031589727945,0.005278431229376547
2166,-0.06937275786013293,-0.10231840217618017,-0.0377572376371719,0.005881275902001765
2167,-0.06792846004978771,-0.10018947368502949,-0.036967792622519154,0.0057583075856951285
2168,-0.05575173786012919,-0.08224070258484045,-0.03031206514125984,0.004721574707565193
2169,-0.02562110223943125,-0.03782744641985957,-0.013842830120130298,0.0021562356860787713
2170,-0.05806496280840568,-0.08565044984302485,-0.031576460815134565,0.00491852396213761
2171,-0.00486078899804623,-0.007226262904783126,-0.002495360316016094,0.0003886911069719944
2172,-0.04680413679116121,-0.06905173095673621,-0.025421357001703834,0.003959770991909443
2173,-0.04864767139460999,-0.07176914374625376,-0.02642902258951261,0.004116730550121981
2174,-0.05892214768771627,-0.08691396024834193,-0.03204499322220487,0.004991505157994395
2175,-0.013456122308393423,-0.01989598368138717,-0.007193520891022655,0.0011205025503578316
2176,-0.06317284530840708,-0.09317958718977726,-0.0343684005011016,0.005353411910051326
2177,-0.044091675049781155,-0.06505349940018496,-0.02393874075467307,0.003728830495431124
2178,-0.049246526584265336,-0.07265187019380404,-0.02675635344924668,0.004167717412980829
2179,-0.04990409306702413,-0.07362113844993769,-0.027115775569738983,0.004223702987884663
2180,-0.03184449930839848,-0.04700087812969584,-0.01724450376050391,0.0026860991628472053
2181,-0.045242416394609054,-0.06674971884841882,-0.024567729465534587,0.0038268052515128374
2182,-0.05116051473943827,-0.07547313315362161,-0.027802528549965365,0.004330675425647347
2183,0.05959246857093701,0.08777933455803057,0.03273442574438145,-0.005098894976012791
2184,-0.060025919998061394,-0.08854094624970911,-0.032648308924459836,0.005085480944440118
2185,-0.0699129017566848,-0.1031145868151471,-0.03805247723614767,0.00592726405281563
2186,-0.06270315496357938,-0.09248725272111037,-0.03411167041503567,0.005313422213691441
2187,-0.053074502894611214,-0.07829439611343918,-0.02884870365068403,0.004493633438313865
2188,-0.05491803749806,-0.0810118089029567,-0.029856369238492816,0.0046505929965264025
2189,-0.050244618567024224,-0.07412308093972117,-0.02730190488213679,0.004252695517745577
2190,-0.04661626065323012,-0.06877479716926946,-0.02531866496727746,0.003943775113365491
2191,-0.05046772148081739,-0.07445193981233796,-0.0274238516730181,0.004271690623516523
2192,-0.048577217842885836,-0.07166529357595372,-0.02639051307660272,0.004110732095667997
2193,-0.0613527952221997,-0.09049679112369308,-0.03337357141759609,0.0051984518366567836
2194,-0.07193257023944398,-0.10609162503041471,-0.03915641660623122,0.00609921974716312
2195,-0.05320366773943883,-0.07848478809232258,-0.028919304424352154,0.004504630604812833
2196,-0.03183275704977779,-0.04698356976797917,-0.01723808550835225,0.002685099420438209
2197,-0.07384655839461693,-0.1089128879902323,-0.04020259170694989,0.006262177759829639
2198,-0.04599392094633341,-0.06785745399828584,-0.02497849760324011,0.0038907887656886462
2199,-0.049258268842886026,-0.07266917855552071,-0.026762771701398343,0.004168717155389825
2200,-0.056597180480819076,-0.08348690462844083,-0.030774179296178525,0.004793556161012978
2201,-0.03866675156702104,-0.05705703628708239,-0.020973508260611562,0.0032669495024744907
2202,-0.0657913689808216,-0.09703935185259516,-0.03579967073091913,0.005576354467257667
2203,-0.043798118584263836,-0.06462079035726814,-0.023778284450881867,0.003703836935206199
2204,-0.05026810308426562,-0.07415769766315451,-0.02731474138644009,0.004254695002563571
2205,-0.04941091820495503,-0.07289418725783745,-0.02684620897936976,0.004181713806706787
2206,-0.04848327977392029,-0.07152682668222035,-0.026339167059389535,0.004102734156396021
2207,-0.058241096687716085,-0.08591007526877495,-0.03167273459740929,0.004933520098272565
2208,-0.05421350198081842,-0.07997330719995638,-0.029471274109393927,0.004590608451986579
2209,-0.0577126950497849,-0.08513119899152469,-0.03138391325058511,0.004888531689867699
2210,-0.057066870825646786,-0.08417923909710771,-0.031030909382244457,0.00483354585737286
2211,-0.0562214282049569,-0.08293303705350732,-0.03056879522732577,0.004761564403925073
2212,-0.054659707808404755,-0.08063102494518992,-0.029715167691156556,0.004628598663528467
2213,-0.06313761853254501,-0.09312766210462724,-0.034349145744646634,0.005350412682824335
2214,-0.06403003018771766,-0.09444309759509432,-0.03483693290817188,0.005426393105908113
2215,-0.05966190998081992,-0.08800438703649228,-0.032449343107758724,0.0050544889297612075
2216,-0.06478153473944202,-0.09555083274496134,-0.03524770104587742,0.005490376620083918
2217,-0.06491069958426963,-0.09574122472384473,-0.03531830181954553,0.005501373786582887
2218,-0.06190468137737226,-0.09131028412437667,-0.03367522926872355,0.005245439729879644
2219,-0.06379518501530382,-0.09409693036076089,-0.034708567865138935,0.0054063982577281676
2220,-0.06386563856702797,-0.09420078053106093,-0.03474707737804881,0.005412396712182153
2221,-0.0598732706359924,-0.08831593754739239,-0.0325648716464884,0.005072484293123155
2222,-0.06178725879116534,-0.09113720050720994,-0.03361104674720708,0.005235442305789672
2223,-0.06774058391185662,-0.09991253989756275,-0.03686510058809276,0.005742311707151179
2224,2.662757266709584,3.9249046602505233,1.4556095817475976,-0.22673378911138592
2225,0.0317280888640328,0.04670659220436745,0.017503913388520028,-0.002726506239462801
2226,-0.007244467498046887,-0.01073986033326758,-0.003798265502800705,0.000591638815998394
2227,0.021336189984719593,0.031388692085112545,0.011823760234311271,-0.0018417342075004149
2228,0.015241957760579985,0.022405652354159682,0.0084926873676058,-0.0013228678972309496
2229,0.04967026003645152,0.07315376890744257,0.02731100267623864,-0.004254112640410288
2230,-0.010755402825634058,-0.01591506048655257,-0.005717322896143543,0.000890561796288511
2231,0.037892774639896556,0.055793482105620344,0.020873495768135377,-0.00325137100418625
2232,-0.02517489641184492,-0.037169728674626035,-0.013598936538367657,0.002118245474536884
2233,0.14183524795026997,0.20900710002160267,0.07768786381452615,-0.012101090808628107
2234,0.05400315346748719,0.0795405543808946,0.029679337720196878,-0.004623017589330197
2235,0.1147341150537108,0.16905940117952323,0.06287453784852189,-0.009793685328662921
2236,0.034193963174378304,0.050341348164868606,0.01885174634036616,-0.0029364521453521804
2237,0.35906703243308835,0.5292117917800384,0.19642552862001977,-0.030596325375073456
2238,-0.022262816273913084,-0.03287725496889133,-0.012007210004758883,0.0018703093571056162
2239,0.0644067946054211,0.09487576286186619,0.03536590912655726,-0.005508789363701581
2240,0.1115637052261237,0.16438614351602174,0.061141609767576814,-0.009523754878233717
2241,0.02449485755368598,0.03604464138689738,0.013550270063104651,-0.0021106649155206224
2242,-0.038655009308400344,-0.057039727925365706,-0.020967090008459914,0.003265949760065493
2243,0.05336907150196978,0.07860590284819431,0.029332752104007848,-0.004569031499244358
2244,-0.012375834515289676,-0.018303614403453333,-0.006603041693071005,0.001028526248730104
2245,0.05447284381231492,0.08023288884956149,0.029936067806262793,-0.004663007285690079
2246,0.07788690750197654,0.11474576211260587,0.04273406259664953,-0.006656493649230188
2247,-0.01073191830839267,-0.015880443763119225,-0.0057044863918402425,0.0008885623114705177
2248,-0.057689210532543514,-0.08509658226809134,-0.03137107674628179,0.004886532205049705
2249,-0.016603047618739115,-0.024534624621455326,-0.008913612467664391,0.0013884335159690404
2250,-0.04223639818771168,-0.06231877824895073,-0.022924656914712644,0.003570871194809592
2251,-0.05740739632564689,-0.08468118158689122,-0.03121703869464225,0.004862538387233776
2252,0.01330448508816566,0.019549772670908766,0.007433675762583831,-0.0011579103997464365
2253,-0.06774058391185662,-0.09991253989756275,-0.03686510058809276,0.005742311707151179
2254,-0.03344144648081271,-0.049354815323163256,-0.01811738605312806,0.0028220641304708043
2255,-0.054037368101508026,-0.07971368177420629,-0.029375000327119177,0.004575612315851622
2256,-0.03764517506702076,-0.0555512088177319,-0.020415120323418173,0.003179971912891745
2257,-0.01588676984287685,-0.023478814556738323,-0.008522099086413847,0.0013274492290202213
2258,-0.04476098379116065,-0.06604007601803526,-0.024304581127317034,0.0037858158127439564
2259,-0.06130582618771692,-0.09042755767682638,-0.0333478984089895,0.005194452867020793
2260,0.0018910097088521767,0.002726045082303392,0.0011951346711816717,-0.00018616077820130848
2261,-0.06796368682564977,-0.1002413987701795,-0.036987047378974056,0.00576130681292212
2262,-0.06169332072219979,-0.09099873361347657,-0.033559700729993897,0.005227444366517698
2263,-0.02758205942908696,-0.04071794282654383,-0.01491467822945556,0.0023231926683812787
2264,-0.027593801687707656,-0.040735251188260505,-0.014921096481607209,0.0023241924107902747
2265,-0.06345465951530371,-0.09359498787097739,-0.03452243855274111,0.005377405727867254
2266,-0.00286460503252844,-0.0042838414129488505,-0.0014042574502358823,0.00021873489744249662
2267,-0.04245950110150484,-0.06264763712156751,-0.023046603705593964,0.0035898663005805354
2268,-0.025949885480810647,-0.03831208054792639,-0.014022541180376448,0.0021842284735306885
2269,-0.03178578801529501,-0.04691433632111248,-0.017212412499745654,0.002681100450802222
2270,-0.0701007778946159,-0.10339152060261388,-0.03815516927057406,0.005943259931359582
2271,-0.01854052029115344,-0.027390504304706235,-0.009972624072686367,0.001553391013453553
2272,-0.024869597687706902,-0.03671971126999255,-0.013432061982424796,0.0020922521719029612
2273,-0.029601727911846135,-0.043694981041811444,-0.01601861759953907,0.0024951483627287706
2274,0.04163855513989758,0.061314849493238774,0.022920918204511184,-0.00357028883265631
2275,0.01566467907092493,0.023028753375959873,0.00872374444506515,-0.001358858623954841
2276,-0.05817064313599193,-0.08580622509847491,-0.0316342250844994,0.004927521643818584
2277,0.010556796570923527,0.015499616029207472,0.0059318047590981365,-0.000923970676041126
2278,-0.04378637632564314,-0.06460348199555146,-0.023771866198730212,0.0037028371927972036
2279,-0.05866381799806102,-0.08653317629057515,-0.031903791674868634,0.004969510824996459
2280,-0.021699187860119828,-0.03204645360649106,-0.01169913390147976,0.0018223217214737588
2281,-0.04804881620495466,-0.07088641729870347,-0.02610169172977857,0.0040657436872631285
2282,-0.055516892687715334,-0.08189453535050699,-0.03018370009822687,0.004701579859385251
2283,-0.055634315273922264,-0.08206761896767373,-0.030247882619743365,0.004711577283475221
2284,-0.019162859998050164,-0.028307847475689863,-0.010312791436723734,0.0016063773611303957
2285,-0.0036278518428734777,-0.0054088849245325435,-0.0018214438400930213,0.0002837181540273047
2286,-0.07579577332565193,-0.11178607603519987,-0.04126802156412351,0.00642813499972315
2287,-0.06796368682564977,-0.1002413987701795,-0.036987047378974056,0.00576130681292212
2288,-0.020348828118740146,-0.03005599200907376,-0.010961034904040204,0.0017073513444390983
2289,-0.0266896477739143,-0.039402507336076746,-0.014426891065930293,0.002247212245297504
2290,-0.006422509394598385,-0.009528275013100527,-0.003348987852185325,0.0005216568473686006
2291,0.04323550231231182,0.0636687866867062,0.023793800497135375,-0.0037062538002799053
2292,-0.03548459948081327,-0.052366470261864216,-0.019234161927514863,0.0029960193096362905
2293,-0.05739565406702619,-0.08466387322517455,-0.031210620442490587,0.004861538644824781
2294,-0.05416653294633566,-0.07990407375308971,-0.029445601100787328,0.004586609482350591
2295,-0.025033989308396606,-0.03696202833402596,-0.01352191751254789,0.0021062485656289185
2296,-0.025339288032534615,-0.03741204573865944,-0.013688792068490727,0.0021322418682628436
2297,-0.035343692377364955,-0.05215876992126415,-0.0191571429016951,0.002984022400728325
2298,-0.054906295239439296,-0.08099450054124004,-0.029849950986341165,0.004649593254117405
2299,-0.055399470101508405,-0.08172145173334028,-0.030119517576710393,0.004691582435295281
2300,-0.05840548830840578,-0.08615239233280836,-0.031762590127532346,0.004947516491998526
2301,0.016791935898511447,0.02469035610076041,0.009339896651623375,-0.0014548338952185588
2302,-0.018775365463567294,-0.027736671539039682,-0.01010098911571933,0.0015733858616334944
2303,-0.06988941723944342,-0.10307997009171375,-0.0380396407318444,0.005925264567997634
2304,-0.06048386808426842,-0.08921597235665933,-0.03289862075837412,0.005124470898391001
2305,-0.014583379135979938,-0.02155758640618771,-0.0078096730975808935,0.0012164778216215476
2306,-0.06776406842909799,-0.09994715662099608,-0.03687793709239606,0.00574431119196917
2307,-0.017049253446325446,-0.02519234236668887,-0.009157506049427035,0.0014264237275109272
2308,-0.03733987634288275,-0.055101191413098424,-0.020248245767475317,0.003153978610257824
2309,-0.06016682710150971,-0.08874864659030919,-0.032725327950279604,0.005097477853348083
2310,-0.025022247049775913,-0.03694471997230929,-0.013515499260396238,0.0021052488232199225
2311,-0.04546551930840222,-0.06707857772103559,-0.02468967625641593,0.0038458003572837793
2312,-0.042764799825642866,-0.06309765452620099,-0.023213478261536823,0.0036158596032144588
2313,-0.05417827520495634,-0.07992138211480636,-0.029452019352938962,0.004587609224759587
2314,-0.06986593272220203,-0.10304535336828041,-0.0380268042275411,0.00592326508317964
2315,-0.07167424054978874,-0.10571084107264793,-0.03901521505889496,0.006077225414165185
2316,-0.03871372060150381,-0.05712626973394907,-0.02099918126921815,0.0032709484721104775
2317,-0.016849635049773663,-0.024898100217505437,-0.00904839576284901,0.001409428106557978
2318,-0.053755553894611396,-0.07929828109300617,-0.02922096227547962,0.004551618498035695
2319,-0.030364974722191174,-0.044820024553395135,-0.016435803989396224,0.0025601316193135776
2320,0.04610061341576088,0.06789202694557421,0.02535985402213754,-0.003950190948075188
2321,-0.003510429256666549,-0.005235801307365822,-0.0017572613185765397,0.0002737207299373341
2322,-0.0013381114118383663,-0.002033754389781463,-0.0005698846705216123,8.876838427287921e-05
2323,-0.03698760858426197,-0.05458194056159827,-0.020055698202925853,0.003123986337987912
2324,-0.04707420873943715,-0.06944982327621968,-0.025568976801191752,0.003982765067316375
2325,-0.05969713675668201,-0.0880563121216423,-0.032468597864213675,0.005057488156988201
2326,-0.06186945460151018,-0.09125835903922665,-0.0336559745122686,0.005242440502652652
2327,-0.05732520051530204,-0.0845600230548745,-0.031172110929580714,0.004855540190370795
2328,1.3569946235712937,2.000180220633142,0.7418871059800027,-0.11556043374609642
2329,0.20673471134683952,0.30467041522964994,0.11316154345668629,-0.01762666710315478
2330,-0.04429129344633294,-0.06534774154936838,-0.0240478510412511,0.003745826116384075
2331,0.11614318608819395,0.1711364045855239,0.06364472810671966,-0.009913654417742567
2332,0.029696678122652927,0.04371224562738315,0.016393555766284866,-0.0025535508027063115
2333,-0.04668671420495428,-0.0688786473395695,-0.02535717448018734,0.003949773567819473
2334,-0.050679082135989865,-0.07476349032323804,-0.02753938021174777,0.004289685986878468
2335,-0.04975144370495512,-0.07339612974762094,-0.027032338291767568,0.004210706336567701
2336,0.0054723985881635065,0.008005095405888413,0.0031527015774344028,-0.0004910822129454074
2337,-0.036881928256675724,-0.054426165306148216,-0.019997933933561016,0.003114988656306939
2338,-0.04174322332564258,-0.061591827056850505,-0.02265509032434342,0.0035288820136317157
2339,-0.03887811222219351,-0.057368586797982485,-0.021089036799341234,0.0032849448658364365
2340,0.0065057173467844825,0.009528231236955564,0.0037175077667794708,-0.0005790595449371453
2341,-0.05477713039461168,-0.08080410856235665,-0.02977935021267303,0.004638596087618439
2342,-0.048635929135989305,-0.07175183538453708,-0.02642260433736097,0.004115730807712982
2343,-0.037058062135986114,-0.054685790731898304,-0.020094207715835734,0.003129984792441895
2344,-0.021804868187706064,-0.03220222886194111,-0.011756898170844599,0.0018313194031547313
2345,-0.05356767775668031,-0.0790213473055394,-0.029118270241053262,0.0045356226194917405
2346,-0.05231125608426617,-0.07716935260185549,-0.02843151726082688,0.004428650181729057
2347,-0.06282057754978629,-0.09266033633827708,-0.0341758529365521,0.005323419637781415
2348,-0.013373926498048569,-0.019774825149370467,-0.0071485931259611096,0.0011135043534948532
2349,-0.055693026567025725,-0.08215416077625708,-0.03027997388050159,0.004716575995520207
2350,-0.0507965047221968,-0.07493657394040477,-0.02760356273326427,0.004299683410968439
2351,-0.03325357034288162,-0.0490778815356965,-0.018014694018701694,0.002806068251926852
2352,-0.047038981963575074,-0.06939789819106966,-0.025549722044736805,0.003979765840089382
2353,-0.034075528446330126,-0.05028946685586356,-0.018463971669317073,0.002876050220556645
2354,-0.05935661125668191,-0.0875543696318588,-0.032282468551815865,0.005028495627127286
2355,-0.03867849382564174,-0.05707434464879906,-0.02097992651276322,0.003267949244883487
2356,-0.01936247839460194,-0.02860208962487329,-0.010421901723301747,0.0016233729820833466
2357,-0.04661626065323012,-0.06877479716926946,-0.02531866496727746,0.003943775113365491
2358,-0.060695228739440894,-0.08952752286755944,-0.033014149297103786,0.0051424662617529475
2359,-0.008677023049771419,-0.01285148046270159,-0.004581292265301791,0.0007136073898960344
2360,0.00406332755368036,0.005928091999887748,0.0023825113192366067,-0.00037111312386576206
2361,-0.0017843172394246957,-0.0026914721350150073,-0.0008137782522842444,0.00012675859581476754
2362,-0.03321834356701955,-0.04902595645054649,-0.017995439262246744,0.002803069024699861
2363,-0.02912029530839773,-0.042985338211427894,-0.01575546926132149,0.002454158923959891
2364,-0.01271636001528977,-0.01880555689323683,-0.006789171005468807,0.0010575187785910184
2365,-0.03663534082564117,-0.054062689710098095,-0.019863150638376396,0.0030939940657180014
2366,-0.01385535910149698,-0.02048446797975403,-0.007411741464178696,0.0011544937922637315
2367,-0.0595210028773716,-0.08779668669589222,-0.03237232408193896,0.0050424920208532445
2368,-0.06341943273944164,-0.0935430627858274,-0.034503183796286176,0.005374406500640265
2369,-0.044502654101505404,-0.06565929206026848,-0.024163379579980764,0.0037638214797460225
2370,-0.05953274513599229,-0.08781399505760888,-0.032378742334090604,0.005043491763262242
2371,-0.03810312315322778,-0.056226234924682116,-0.020665432157332436,0.0032189618668426317
2372,-0.05145407120495559,-0.0759058421965384,-0.027962984853756572,0.004355668985872272
2373,-0.06736483163599445,-0.09935867232262924,-0.036659716519239986,0.005710319950063271
2374,-0.06410048373944183,-0.09454694776539437,-0.034875442421081794,0.005432391560362091
2375,-0.047520414567023474,-0.07010754102145322,-0.025812870382954378,0.004020755278858263
2376,-0.03281910677391598,-0.048437472152179625,-0.0177772186890907,0.002769077782793961
2377,-0.03512058946357179,-0.051829911048647384,-0.019035196110813776,0.0029650272949573804
2378,-0.0598380438601303,-0.08826401246224236,-0.03254561689003345,0.005069485065896165
2379,-0.05366161582564586,-0.07915981419927279,-0.02916961625826645,0.004543620558763717
2380,-0.04592346739460925,-0.0677536038279858,-0.02493998809033023,0.003884790311234663
2381,0.015382864864028303,0.02261335269475975,0.008569706393425585,-0.0013348648061389126
2382,-0.03122215960150175,-0.04608353495871221,-0.016904336396466525,0.002633112815170364
2383,-0.06474630796357994,-0.09549890765981134,-0.03522844628942244,0.005487377392856929
2384,-0.05864033348081964,-0.08649855956714181,-0.03189095517056532,0.004967511340178465
2385,-0.03405204392908874,-0.05025485013243021,-0.01845113516501378,0.00287405073573865
2386,-0.018481808998049975,-0.027303962496122873,-0.009940532811928124,0.0015483923014085682
2387,-0.037516010222193134,-0.05536081683884851,-0.020344519549750025,0.0031689747463927807
2388,0.7381423674849168,1.087977633079367,0.40362596283168223,-0.06287100956472506
2389,0.008959849398509292,0.013145678835740054,0.005058922466473954,-0.0007880057084175296
2390,0.05833604689852287,0.08592733985434665,0.03204767276415505,-0.00499192253825011
2391,0.12241355219164396,0.18037906974222687,0.06707207475569986,-0.010447516864146989
2392,-0.06550955477392496,-0.09662395117139502,-0.03564563267927958,0.005552360649441737
2393,-0.05692596372219847,-0.08397153875650766,-0.03095389035642467,0.004821548948464897
2394,-0.06320807208426917,-0.09323151227492728,-0.03438765525755652,0.0053564111372783165
2395,-0.03689367051529642,-0.05444347366786489,-0.020004352185712674,0.003115988398715936
2396,-0.05838200379116439,-0.086117775609375,-0.03174975362322906,0.004945517007180529
2397,-0.06454668956702816,-0.09520466551062792,-0.03511933600284442,0.005470381771903977
2398,-0.03519104301529595,-0.051933761218947425,-0.019073705623723656,0.0029710257494113632
2399,-0.04132050201529763,-0.06096872603505031,-0.022424033246884075,0.0034928912869078227
2400,-0.05150104023943836,-0.0759750756434051,-0.027988657862363157,0.004359667955508261
2401,-0.06215126880840681,-0.09167375972042678,-0.033810012563908164,0.005266434320468583
2402,-0.06967805658427094,-0.10276841958081366,-0.03792411219311473,0.005907269204635688
2403,-0.05158323604978322,-0.07609623417542181,-0.028033585627424692,0.0043666661523712414
2404,-0.05588090270495681,-0.08243109456372383,-0.030382665914927973,0.004732571874064161
2405,-0.06830421232564987,-0.100743341259963,-0.03717317669137188,0.005790299342783036
2406,-0.003205130532528534,-0.004785783902732345,-0.0015903867626336815,0.0002477274273034112
2407,-0.04945788723943781,-0.07296342070470414,-0.026871881987976357,0.004185712776342774
2408,-0.06741180067047721,-0.09942790576949591,-0.036685389527846606,0.00571431891969926
2409,-0.04628747741185072,-0.06829016304120264,-0.025138953907031317,0.003915782325913572
2410,-0.06202210396357919,-0.09148336774154339,-0.03373941179024004,0.005255437153969614
2411,-0.06244482527392413,-0.0921064687633436,-0.03397046886769937,0.005291427880693509
2412,-0.06623757480840792,-0.09769706959782869,-0.03604356431268178,0.005614344678799553
2413,-0.06602621415323545,-0.09738551908692859,-0.03592803577395211,0.005596349315437608
2414,-0.053649873567025164,-0.07914250583755611,-0.029163198006114784,0.0045426208163547215
2415,-0.0567380875842674,-0.08369460496904091,-0.030851198321998313,0.004805553069920944
2416,-0.053638131308404474,-0.07912519747583945,-0.029156779753963146,0.004541621073945725
2417,-0.0374103298946069,-0.05520504158339846,-0.0202867552803852,0.003159977064711805
2418,-0.05000977339461037,-0.07377691370538773,-0.027173539839103818,0.004232700669565636
2419,-0.051594978308403906,-0.07611354253713848,-0.02804000387957633,0.004367665894780239
2420,-0.053579420015301006,-0.07903865566725608,-0.029124688493204896,0.00453662236190074
2421,-0.03771562861874492,-0.055655058988031934,-0.020453629836328046,0.0031859703673457296
2422,-0.060871362618751285,-0.08978714829330951,-0.0331104230793785,0.005157462397887905
2423,-0.07078182889461607,-0.10439540558218084,-0.038527427895369684,0.00600124499108141
2424,-0.05022113404978284,-0.07408846421628783,-0.02728906837783349,0.004250696032927583
2425,-0.04714466229116131,-0.06955367344651972,-0.025607486314101632,0.003988763521770357
2426,-0.0455007460842643,-0.06713050280618561,-0.024708931012870878,0.003848799584510771
2427,-0.053872976480818326,-0.07947136471017288,-0.02928514479699612,0.004561615922125665
2428,-0.049669247894610274,-0.07327497121560424,-0.026987410526706022,0.004203708139704722
2429,-0.03604822789460653,-0.05319727162426448,-0.019542238030793992,0.003044006945268149
2430,-0.03667056760150326,-0.054114614795248116,-0.019882405394831344,0.003096993292944992
2431,-0.051712400894610835,-0.0762866261543052,-0.02810418640109283,0.0043776633188702075
2432,-0.06770535713599453,-0.0998606148124127,-0.03684584583163781,0.005739312479924186
2433,-0.045348096722195294,-0.06690549410386887,-0.024625493734899438,0.0038358029331938093
2434,-0.069407984635995,-0.10237032726133018,-0.03777649239362682,0.005884275129228758
2435,-0.049951062101506905,-0.07369037189680437,-0.027141448578345575,0.004227701957520652
2436,-0.0430231295152981,-0.06347843848396777,-0.023354679808873086,0.0036378539362123936
2437,-0.06236262946357928,-0.09198531023132688,-0.03392554110263786,0.005284429683830527
2438,-0.04952834079116196,-0.07306727087500417,-0.026910391500886238,0.004191711230796759
2439,-0.03831448380840025,-0.056537785435582216,-0.020780960696062098,0.0032369572302045793
2440,-0.06060129067047535,-0.08938905597382606,-0.0329628032798906,0.005134468322480971
2441,-0.0038626970152873356,-0.005755052158865989,-0.001949808883125987,0.0003037130022072455
2442,-0.04411515956702254,-0.0650881161236183,-0.023951577258976363,0.003730829980249119
2443,-0.055117655894611775,-0.08130605105214013,-0.029965479525070823,0.004667588617479352
2444,-0.07146287989461626,-0.10539929056174784,-0.0388996865201653,0.006059230050803239
2445,-0.07034736532565043,-0.10375499619866396,-0.038289952565758706,0.005964254521948518
2446,1.912638301502481,2.819211897066071,1.0455987977959995,-0.16286824453983667
2447,-0.032901302584260834,-0.04855863068419634,-0.017822146454152244,0.00277607597965694
2448,-0.06082439358426851,-0.08971791484644283,-0.033084750070771905,0.005153463428251915
2449,-0.014583379135979938,-0.02155758640618771,-0.0078096730975808935,0.0012164778216215476
2450,0.026514526036445156,0.039021679602164995,0.014654209433188172,-0.0022826206098681134
2451,0.6060419580021217,0.8932585637668048,0.3314206261256384,-0.05162390746350834
2452,-0.042612150463573854,-0.06287264582388424,-0.023130040983565393,0.003602862951897498
2453,0.05968640663990255,0.08791780145176396,0.03278577176159463,-0.005106892915284769
2454,0.1448999774502708,0.2135245824296541,0.07936302762610635,-0.012362023577376337
2455,-0.010896309929082372,-0.016122760827152638,-0.005794341921963321,0.0009025587051964762
2456,0.0198449231398916,0.029190530147095186,0.011008642211051939,-0.0017147669215577907
2457,-0.03126912863598453,-0.046152768405578914,-0.016930009405073117,0.002637111784806351
2458,-0.06041341453254426,-0.08911212218635929,-0.03286011124546423,0.005118472443937019
2459,-0.0666133270842701,-0.0982509371727622,-0.03624894838153453,0.005646336435887461
2460,-0.048765093980816916,-0.07194222736342049,-0.026493205111029088,0.00412672797421195
2461,-0.062139526549786106,-0.09165645135871009,-0.03380359431175652,0.005265434578059587
2462,0.10191156863991417,0.1501586701849172,0.05586580649892194,-0.008701966618038145
2463,-0.0314922315497777,-0.04648162727819568,-0.017051956195954454,0.0026561068905772934
2464,-0.03234941642908827,-0.047745137683512746,-0.017520488603024777,0.0027290880864340793
2465,-0.04578256029116093,-0.06754590348738573,-0.02486296906451043,0.0038727934023266995
2466,-0.05585741818771543,-0.08239647784029049,-0.030369829410624688,0.004730572389246164
2467,-0.053638131308404474,-0.07912519747583945,-0.029156779753963146,0.004541621073945725
2468,-0.03480354848081309,-0.05136258528229723,-0.018861903302719262,0.002938034249914462
2469,-0.06290277336013114,-0.0927814948702938,-0.03422078070161365,0.005330417834644394
2470,-0.0712515192394438,-0.10508774005084774,-0.03878415798143561,0.006041234687441292
2471,-0.059720621273923385,-0.08809092884507563,-0.03248143436851699,0.005059487641806193
2472,-0.06851557298082235,-0.10105489177086312,-0.03728870523010153,0.005808294706144982
2473,-0.06654287353254594,-0.09814708700246218,-0.03621043886862463,0.005640337981433477
2474,-0.04026369873943528,-0.059410973480549814,-0.021846390553235732,0.0034029144700980884
2475,-0.03829099929115887,-0.056503168712148874,-0.020768124191758813,0.0032349577453865837
2476,-0.05361464679116308,-0.0790905807524061,-0.02914394324965986,0.004539621589127729
2477,-0.042788284342884245,-0.06313227124963432,-0.023226314765840115,0.003617859088032453
2478,-0.03526149656702011,-0.05203761138924745,-0.019112215136633554,0.002977024203865346
2479,-0.033018725170467764,-0.04873171430136306,-0.017886328975668723,0.002786073403746911
2480,-0.047849197808402875,-0.07059217514952004,-0.02599258144320053,0.00404874806631018
2481,-0.0733768680497892,-0.10822055352156539,-0.03994586162088394,0.006222188063469758
2482,-0.0712280347222024,-0.1050531233274144,-0.0387713214771323,0.0060392352026233
2483,-0.025609359980810556,-0.0378101380581429,-0.013836411867978654,0.0021552359436697744
2484,-0.06357208210151065,-0.09376807148814413,-0.03458662107425761,0.005387403151957224
2485,-0.055798706894611964,-0.08230993603170712,-0.030337738149866424,0.004725573677201181
2486,-0.06909094365323629,-0.10190300149498004,-0.037603199585532314,0.005857282084185837
2487,-0.03859629801529688,-0.056953186116782344,-0.020934998747701678,0.0032609510480205066
2488,-0.04296441822219464,-0.06339189667538442,-0.023322588548114833,0.003632855224167409
2489,-0.04298790273943602,-0.06342651339881775,-0.023335425052418146,0.003634854708985402
2490,-0.0575483034290952,-0.08488888192749129,-0.03129405772046204,0.00487453529614174
2491,-0.05572825334288781,-0.0822060858614071,-0.03029922863695655,0.004719575222747198
2492,-0.04397425246357423,-0.06488041578301822,-0.023874558233156602,0.0037188330713411547
2493,-0.047402991980816545,-0.0699344574042865,-0.0257486878614379,0.004010757854768291
2494,-0.07496207296358273,-0.11055718235331613,-0.04081232566135648,0.006357153288684358
2495,-0.014372018480807465,-0.021246035895287604,-0.007694144558851219,0.0011984824582596018
2496,-0.05221731801530063,-0.0770308857081221,-0.028380171243613708,0.004420652242457081
2497,-0.012399319032531064,-0.018338231126886678,-0.006615878197374308,0.0010305257335480975
2498,-0.03605997015322722,-0.053214579985981156,-0.019548656282945637,0.0030450066876771455
2499,-0.026243441946327974,-0.0387447895908432,-0.014182997484167657,0.002209222033755615
2500,-0.06037818775668219,-0.08906019710120928,-0.03284085648900928,0.005115473216710027
2501,-0.028533182377363082,-0.042119920125594276,-0.015434556653739075,0.0024041718035100394
2502,-0.046346188704954196,-0.06837670484978602,-0.025171045167789553,0.003920781037958557
2503,0.013797659950234763,0.020276723863008998,0.007703242352953061,-0.0011998995809243118
2504,-0.06441752472220054,-0.09501427353174452,-0.0350487352291763,0.005459384605405014
2505,-0.053685100342887246,-0.07919443092270613,-0.029182452762569748,0.004545620043581711
2506,-0.05566954204978434,-0.08211954405282373,-0.0302671373761983,0.004714576510702213
2507,-0.048260176860127124,-0.07119796780960358,-0.02621722026850823,0.0040837390506250765
2508,-0.058863436394612806,-0.08682741843975858,-0.03201290196144664,0.004986506445949409
2509,-0.06239785623944136,-0.09203723531647691,-0.03394479585909277,0.005287428911057519
2510,1.28778575126093,1.8981647366750762,0.7040579277981875,-0.10966795198746783
2511,0.0029008439502317663,0.004214564189937198,0.0017471043562234361,-0.0002721386253750528
2512,-0.02172267237736121,-0.0320810703299244,-0.01171197040578306,0.0018243212062917528
2513,0.04102795769162156,0.060414814683971835,0.022587169092625484,-0.0035183022273884597
2514,0.04653507698472652,0.06853243632909109,0.02559732935174853,-0.0039871814172080765
2515,0.15456385629510105,0.22776936412247534,0.08464524914691292,-0.0131848115799809
2516,0.28905968653651737,0.4260193392252387,0.15815990929189253,-0.02463586113263307
2517,0.11835073070888422,0.17439037658825826,0.06485135951122956,-0.010101605990634008
2518,0.30802343420893635,0.4539723433976643,0.16852538651680457,-0.026250445123163293
2519,0.032139067915757054,0.04731238486445098,0.01772855221382772,-0.002761497223777697
2520,-0.05125445280840381,-0.07561160004735498,-0.027853874567178537,0.004338673364919323
2521,0.1196658636744018,0.17632891310052554,0.06557020375221419,-0.010213577140441679
2522,-0.030999056687708592,-0.04575467608609544,-0.016782389605585216,0.0026141177093994186
2523,0.006576170898508638,0.0096320814072556,0.0037560172796893515,-0.0005850579993911288
2524,0.0057542127950601365,0.008420496087088543,0.003306739629073971,-0.0005150760307613354
2525,-0.017953407360118797,-0.02652508621887263,-0.009651711465103945,0.0015034038930037009
2526,-0.044925375411850356,-0.06628239308206867,-0.024394436657440115,0.0037998122064699155
2527,-0.036470949204951475,-0.05382037264606469,-0.019773295108253337,0.0030799976719920416
2528,-0.0333005393773644,-0.0491471149825632,-0.01804036702730828,0.00281006722156284
2529,-0.025844205153224414,-0.03815630529247634,-0.01396477691101162,0.0021752307918497154
2530,0.00939431296747493,0.013786088219256924,0.005296397796084948,-0.0008249961775504197
2531,-0.051348390877369365,-0.07575006694108838,-0.02790522058439172,0.0043466713041913
2532,-0.06326678337737263,-0.09331805408351063,-0.03441974651831474,0.005361409849323304
2533,-0.03535543463598565,-0.05217607828298083,-0.019163561153846747,0.0029850221431373214
2534,-0.005706231618736119,-0.008472464948383523,-0.0029574744709347767,0.00046067256041978113
2535,-0.0496222788601275,-0.07320573776873754,-0.02696173751809943,0.004199709170068734
2536,-0.030541108601501568,-0.04507964997914522,-0.01653207777167093,0.002575127755448534
2537,-0.047121177773919914,-0.06951905672308636,-0.025594649809798333,0.003986764036952363
2538,0.029074338415756202,0.04279490245639953,0.016053388402247497,-0.00250056445502947
2539,-0.04800184717047188,-0.07081718385183679,-0.026076018721171948,0.004061744717627143
2540,-0.05941532254978536,-0.08764091144044216,-0.03231455981257412,0.0050334943391722705
2541,0.004626955967473621,0.006758893362288012,0.0026905874225157406,-0.0004191007594976179
2542,-0.057466107618750345,-0.08476772339547457,-0.031249129955400485,0.004867537099278761
2543,-0.012892493894600161,-0.01906518231898691,-0.006885444787743533,0.0010725149147259743
2544,0.05248840210541781,0.0773077757194439,0.028851383192634212,-0.004494050818569579
2545,-0.0370815466532275,-0.05472040745533163,-0.020107044220139033,0.0031319842772598886
2546,-0.04793139361874773,-0.07071333368153676,-0.026037509208262064,0.004055746263173159
2547,-0.04607611675667826,-0.06797861253030255,-0.025023425368301638,0.0038977869625516264
2548,-0.025304061256672544,-0.03736012065350943,-0.013669537312035783,0.002129242641035852
2549,-0.05164194734288668,-0.07618277598400516,-0.02806567688818294,0.004371664864416226
2550,-0.0512779373256452,-0.07564621677078832,-0.027866711071481847,0.004340672849737316
2551,0.03127014077782577,0.04603156609741723,0.017253601554605733,-0.002687516285511918
2552,-0.026137761618741737,-0.03858901433539315,-0.01412523321480282,0.002200224352074641
2553,-0.02692449294632816,-0.03974867457041019,-0.01455525610896325,0.002267207093477445
2554,-0.004226707032528815,-0.006291611372082826,-0.002148774699827087,0.00033470501688615364
2555,-0.01303340099804848,-0.019272882659586977,-0.006962463813563315,0.0010845118236339384
2556,-0.01964429260149857,-0.029017490306073424,-0.010575939774941305,0.0016473667998992754
2557,-0.041085656842883775,-0.06062255880071686,-0.022295668203851104,0.0034728964387278826
2558,-0.03458044556701991,-0.05103372640968045,-0.018739956511837946,0.0029190391441435187
2559,-0.04865941365323069,-0.07178645210797042,-0.026435440841664253,0.004117730292530977
2560,-0.047003755187712985,-0.06934597310591965,-0.02553046728828184,0.003976766612862394
2561,-0.015875027584256157,-0.023461506195021648,-0.008515680834262207,0.001326449486611223
2562,-0.03885462770495213,-0.057333970074549136,-0.021076200295037935,0.003282945381018443
2563,-0.053274121291163,-0.0785886382626226,-0.028957813937262065,0.004510629059266815
2564,-0.05685551017047432,-0.08386768858620762,-0.030915380843514785,0.004815550494010914
2565,-0.0558926449635775,-0.0824484029254405,-0.03038908416707961,0.004733571616473157
2566,0.03950146407093148,0.05816472766080444,0.02175279631291121,-0.0033883357142188452
2567,0.047744529622657884,0.07031519758590832,0.0262584093233683,-0.004090154885334773
2568,0.009946199122647496,0.014599581219940516,0.005598055647212422,-0.0008719840707732803
2569,-0.03831448380840025,-0.056537785435582216,-0.020780960696062098,0.0032369572302045793
2570,-0.017014026670463363,-0.02514041728153885,-0.009138251292972086,0.0014234245002839373
2571,-0.05777140634288837,-0.08521774080010806,-0.03141600451134333,0.004893530401912685
2572,-0.02036057037736084,-0.03007330037079043,-0.01096745315619186,0.0017083510868480948
2573,-0.05992023967047516,-0.08838517099425906,-0.03259054465509497,0.005076483262759145
2574,-0.044843179601505495,-0.06616123455005196,-0.02434950889237857,0.003792814009606937
2575,-0.05519985170495662,-0.08142720958415685,-0.030010407290132372,0.004674586814342331
2576,-0.011459938342875632,-0.016953562189552903,-0.00610241802524244,0.000950546340828334
2577,-0.049293495618748094,-0.07272110364067073,-0.026782026457853266,0.004171716382616818
2578,-0.01895149934287769,-0.027996296964789766,-0.010197262897994058,0.00158838199776845
2579,-0.05504720234288762,-0.0812022008818401,-0.02992697001216095,0.004661590163025369
2580,-0.046827621308402595,-0.06908634768016955,-0.025434193506007126,0.003961770476727438
2581,0.0013860925881623834,0.0019817855284864866,0.0009191498286607979,-0.0001431718546144349
2582,-0.03644746468771009,-0.05378575592263134,-0.019760458603950037,0.003077998187174048
2583,-0.03247858127391589,-0.04793552966239613,-0.017591089376692907,0.0027400852529330466
2584,-0.021452600429085276,-0.03168297801044095,-0.011564350606295152,0.0018013271308848203
2585,-0.052687008360128344,-0.077723220176789,-0.02863690132967964,0.004460641938816962
2586,-0.02795781170494913,-0.04127181040147734,-0.01512006229830831,0.0023551844254691835
2587,-0.04720337358426477,-0.06964021525510308,-0.025639577574859868,0.003993762233815343
2588,-0.016368202446325256,-0.02418845738712188,-0.00878524742463143,0.0013684386677890997
2589,-0.012692875498048383,-0.01877094016980348,-0.006776334501165515,0.0010555192937730235
2590,-0.042729573049780784,-0.06304572944105097,-0.02319422350508188,0.0036128603759874676
2591,-0.010555784429082279,-0.015620818337369141,-0.00560821260956552,0.0008735661753355617
2592,-0.044878406377367584,-0.06621315963520198,-0.02436876364883352,0.0037958132368339256
2593,-0.03234941642908827,-0.047745137683512746,-0.017520488603024777,0.0027290880864340793
2594,-0.01908066418770531,-0.02818668894367316,-0.010267863671662193,0.0015993791642674169
2595,0.011449208226096186,0.01681505151967456,0.006419591922623398,-0.0009999510991249027
2596,-0.05534075880840494,-0.08163490992475692,-0.030087426315952143,0.004686583723250297
2597,-0.02854492463598378,-0.042137228487310954,-0.015440974905890727,0.0024051715459190355
2598,-0.029789604049777225,-0.0439719148292782,-0.016121309633965443,0.002511144241272723
2599,-0.00946375437735784,-0.014011140697718626,-0.0050113151594622304,0.0007805901312988358
2600,-0.029754377273915146,-0.04391998974412819,-0.0161020548775105,0.0025081450140457323
2601,0.005084904053680641,0.007433919469238228,0.002940899256430015,-0.00045809071344850424
2602,-0.005553582256667111,-0.008247456246066784,-0.0028740371929633426,0.00044767590910282056
2603,0.107806182467502,0.15884746776668665,0.059087769079049376,-0.009203837307354665
2604,-0.015076553998049039,-0.02228453759828794,-0.008079239687950119,0.0012584670027994246
2605,-0.039899688722193793,-0.05887441426733296,-0.02164742473653463,0.0033719224554191797
2606,-0.04560642641185054,-0.06728627806163565,-0.024766695282235723,0.0038577972661917427
2607,-0.010156547635978723,-0.015032334039002289,-0.005389992036409482,0.000839574933429662
2608,-0.05422524423943911,-0.07999061556167306,-0.029477692361545564,0.004591608194395576
2609,-0.030235809877363552,-0.044629632574511746,-0.016365203215728073,0.002549134452814611
2610,-0.06513380249806279,-0.09607008359646152,-0.03544024861042683,0.005520368892353832
2611,-0.04371592277391899,-0.06449963182525144,-0.02373335668582033,0.00369683873834322
2612,-0.02052496199805054,-0.03031561743482384,-0.011057308686314925,0.0017223474805740547
2613,-0.05150104023943836,-0.0759750756434051,-0.027988657862363157,0.004359667955508261
2614,-0.06449972053254538,-0.09513543206376121,-0.03509366299423782,0.005466382802267992
2615,-0.052910111273921506,-0.07805207904940577,-0.028758848120560947,0.004479637044587907
2616,-0.035555053032537434,-0.05247032043216426,-0.01927267144042476,0.0030020177640902737
2617,-0.054436604894611586,-0.08030216607257315,-0.029593220900275236,0.004609603557757523
2618,-0.06403003018771766,-0.09444309759509432,-0.03483693290817188,0.005426393105908113
2619,-0.05150104023943836,-0.0759750756434051,-0.027988657862363157,0.004359667955508261
2620,-0.024282484756672263,-0.03585429318415895,-0.013111149374842384,0.0020422650514531093
2621,-0.05667937629116393,-0.08360806316045753,-0.03081910706124006,0.0048005543578759574
2622,-0.047485187791161405,-0.07005561593630322,-0.02579361562649944,0.004017756051631271
2623,-0.05710209760150887,-0.08423116418225773,-0.031050164138699404,0.004836545084599852
2624,0.27029555726065013,0.3983605772019965,0.1479035423535586,-0.023038272763055794
2625,-0.06393609211875213,-0.09430463070136096,-0.03478558689095872,0.005418395166636133
2626,-0.019949591325636586,-0.0294675077107069,-0.01074281433088416,0.0016733601025331988
2627,-0.05145407120495559,-0.0759058421965384,-0.027962984853756572,0.004355668985872272
2628,0.5300460602089974,0.7812388467365021,0.2898816982001707,-0.04515357459247945
2629,-0.04014627615322835,-0.05923788986338309,-0.02178220803171924,0.0033929170460081184
2630,-0.02885022336012179,-0.042587245891944424,-0.015607849461833584,0.0024311648485529588
2631,0.3010955016227276,0.4437604099848277,0.16473861774733212,-0.025660597101855045
2632,0.05601107969162568,0.08250028423444555,0.030776858838128706,-0.004793973541268694
2633,-0.06488721506702826,-0.09570660800041142,-0.035305465315242215,0.005499374301764893
2634,0.09922259141577551,0.14619505535179927,0.054396026756194475,-0.008473025606377823
2635,-0.06218649558426889,-0.09172568480557682,-0.03382926732036311,0.005269433547695573
2636,-0.04735602294633378,-0.06986522395741981,-0.025723014852831304,0.004006758885132304
2637,-0.03702283536012404,-0.05463386564674828,-0.020074952959380808,0.0031269855652149028
2638,-0.056127490135991366,-0.08279457015977396,-0.030517449210112582,0.004753566464653097
2639,-0.0222393317566717,-0.03284263824545798,-0.011994373500455586,0.0018683098722876228
2640,-0.036940639549779185,-0.05451270711473157,-0.020030025194319265,0.0031199873683519235
2641,-0.049551825308403345,-0.07310188759843753,-0.02692322800518954,0.004193710715614751
2642,-0.07022994273944351,-0.10358191258149725,-0.03822577004424222,0.00595425709785855
2643,-0.05919221963599221,-0.0873120525678254,-0.03219261302169281,0.005014499233401326
2644,-0.030494139567018796,-0.04501041653227854,-0.016506404763064343,0.002571128785812546
2645,-0.04513673606702283,-0.06659394359296877,-0.02450996519616977,0.003817807569831863
2646,-0.05992023967047516,-0.08838517099425906,-0.03259054465509497,0.005076483262759145
2647,-0.05650324241185353,-0.08334843773470745,-0.030722833278965342,0.004785558221741003
2648,-0.04762609489460971,-0.07026331627690327,-0.02587063465231922,0.004029752960539236
2649,-0.050056742429093144,-0.07384614715225442,-0.02719921284771042,0.004236699639201625
2650,-0.04436174699805709,-0.0654515917196684,-0.02408636055416099,0.0037518245708380573
2651,-0.05172414315323154,-0.07630393451602188,-0.02811060465324449,0.0043786630612792045
2652,-0.049164330773920475,-0.07253071166178733,-0.02671142568418514,0.004160719216117849
2653,-0.06501637991185587,-0.09589699997929481,-0.03537606608891035,0.0055103714682638635
2654,-0.06789323327392563,-0.10013754859987949,-0.036948537866064196,0.005755308358468138
2655,-0.029953995670466926,-0.04421423189331161,-0.016211165164088527,0.002525140634998681
2656,-0.06130582618771692,-0.09042755767682638,-0.0333478984089895,0.005194452867020793
2657,-0.057113839860129564,-0.0842484725439744,-0.031056582390851056,0.004837544827008848
2658,-0.033124405498053996,-0.04888748955681311,-0.017944093245033564,0.002795071085427883
2659,-0.042259882704953074,-0.06235339497238408,-0.022937493419015936,0.003572870679627586
2660,-0.058699044773923105,-0.08658510137572516,-0.031923046431323564,0.004972510052223451
2661,-0.050385525670472546,-0.07433078128032124,-0.027378923907956574,0.004264692426653542
2662,-0.050749535687714016,-0.07486734049353808,-0.02757788972465767,0.004295684441332451
2663,-0.05347373968771476,-0.07888288041180601,-0.02906692422384009,0.004527624680219764
2664,-0.05544643913599118,-0.08179068518020695,-0.030145190585316995,0.004695581404931266
2665,-0.04134398653253902,-0.06100334275848364,-0.022436869751187378,0.0034948907717258166
2666,-0.05347373968771476,-0.07888288041180601,-0.02906692422384009,0.004527624680219764
2667,-0.05059688632564502,-0.07464233179122134,-0.027494452446686246,0.004282687790015489
2668,-0.03259600386012282,-0.04810861327956286,-0.01765527189820937,0.002750082677023017
2669,-0.048565475584265154,-0.07164798521423706,-0.026384094824451074,0.004109732353259001
2670,-0.03859629801529688,-0.056953186116782344,-0.020934998747701678,0.0032609510480205066
2671,-0.06468759667047647,-0.09541236585122798,-0.03519635502866417,0.005482378680811946
2672,-0.050972638601507185,-0.07519619936615485,-0.027699836515538978,0.004314679547103395
2673,-0.06906745913599492,-0.10186838477154671,-0.03759036308122901,0.005855282599367842
2674,-0.04490189089460896,-0.06624777635863532,-0.024381600153136805,0.0037978127216519225
2675,0.005977315708853302,0.008749354959705316,0.0034286864199552973,-0.0005340711365322781
2676,0.0015387419502313903,0.002206794230803226,0.0010025871066322222,-0.000156168505931397
2677,-0.04541855027391945,-0.0670093442741689,-0.024664003247809343,0.003841801387647791
2678,-0.04952834079116196,-0.07306727087500417,-0.026910391500886238,0.004191711230796759
2679,-0.014665574946324787,-0.02167874493820441,-0.007854600862642426,0.001223476018484528
2680,-0.0529218535325422,-0.07806938741112245,-0.028765266372712612,0.004480636786996904
2681,-0.04753215682564417,-0.07012484938316992,-0.02581928863510602,0.00402175502126726
2682,-0.04921129980840325,-0.072599945108654,-0.02673709869279173,0.004164718185753838
2683,-0.057583530204957274,-0.08494080701264131,-0.031313312476916974,0.004877534523368731
2684,-0.05815890087737123,-0.08578891673675824,-0.031627806832347734,0.004926521901409586
2685,-0.07223786896358199,-0.1065416424350482,-0.039323291162174076,0.006125213049797044
2686,-0.0507965047221968,-0.07493657394040477,-0.02760356273326427,0.004299683410968439
2687,-0.06764664584289107,-0.09977407300382934,-0.03681375457087957,0.005734313767879201
2688,-0.036588371791158404,-0.05399345626323141,-0.019837477629769815,0.0030899950960820125
2689,-0.06270315496357938,-0.09248725272111037,-0.03411167041503567,0.005313422213691441
2690,-0.054154790687714956,-0.07988676539137303,-0.029439182848635677,0.004585609739941593
2691,-0.06846860394633958,-0.10098565832399642,-0.037263032221494935,0.005804295736508995
2692,-0.04639315773943696,-0.06844593829665269,-0.02519671817639615,0.003924780007594545
2693,-0.05471841910150822,-0.08071756675377328,-0.029747258951914792,0.004633597375573452
2694,-0.0529335957911629,-0.07808669577283912,-0.028771684624864232,0.004481636529405902
2695,-0.06543910122220081,-0.09652010100109501,-0.03560712316636968,0.005546362194987755
2696,-0.062491794308406894,-0.09217570221021025,-0.03399614187630598,0.005295426850329496
2697,-0.053638131308404474,-0.07912519747583945,-0.029156779753963146,0.004541621073945725
2698,-0.06109446553254445,-0.09011600716592628,-0.03323236987025981,0.005176457503658848
2699,-0.05602180980840512,-0.0826387949043239,-0.030459684940747748,0.004744568782972125
2700,-0.0451837051015056,-0.06666317703983546,-0.02453563820477637,0.0038218065394678502
2701,-0.0601785693601304,-0.08876595495202586,-0.032731746202431244,0.005098477595757079
2702,-0.04149663589460803,-0.0612283514608004,-0.022520307029158793,0.0035078874230427782
2703,-0.046416642256678346,-0.06848055502008603,-0.025209554680699436,0.003926779492412541
2704,-0.059544487394612995,-0.08783130341932556,-0.03238516058624224,0.005044491505671238
2705,-0.06071871325668228,-0.08956213959099278,-0.033026985801407074,0.005144465746570943
2706,-0.05087870053254164,-0.07505773247242148,-0.027648490498325805,0.004306681607831419
2707,-0.04824843460150644,-0.0711806594478869,-0.026210802016356564,0.00408273930821608
2708,-0.023296135032534058,-0.03440039079995848,-0.01257201619410393,0.0019582866890973565
2709,-0.04803707394633397,-0.0708691089369868,-0.026095273477626905,0.004064743944854132
2710,-0.06226869139461374,-0.09184684333759349,-0.03387419508542465,0.0052764317445585535
2711,-0.04982189725667928,-0.07349997991792098,-0.02707084780467744,0.004216704791021685
2712,-0.06558000832564913,-0.09672780134169506,-0.03568414219218947,0.005558359103895718
2713,-0.05430744004978397,-0.08011177409368976,-0.029522620126607113,0.004598606391258555
2714,-0.0629967114290967,-0.09291996176402718,-0.03427212671882683,0.00533841577391637
2715,-0.06658984256702873,-0.09821632044932888,-0.03623611187723121,0.005644336951069465
2716,-0.06307890723944155,-0.0930411202960439,-0.03431705448388837,0.005345413970779348
2717,-0.06360730887737272,-0.09381999657329411,-0.034605875830712576,0.005390402379184215
2718,-0.05343851291185269,-0.07883095532665602,-0.029047669467385125,0.004524625452992773
2719,-0.06484024603254547,-0.0956373745535447,-0.035279792306635645,0.005495375332128905
2720,-0.05555211946357741,-0.08194646043565702,-0.03020295485468183,0.004704579086612241
2721,-0.06366602017047619,-0.09390653838187749,-0.03463796709147079,0.0053954010912292015
2722,3.83050140202025,5.646186616250141,2.093891921724718,-0.32615617220132415
2723,0.01629876103644235,0.023963404908660182,0.009070330061254149,-0.0014128447140406826
2724,-0.00355739829114932,-0.005305034754232512,-0.00178293432718313,0.0002777196995733226
2725,0.048766106122658165,0.07182102505525881,0.026816797260561704,-0.004177132474917516
2726,0.4784036067951901,0.7051166719065779,0.2616542252372215,-0.04075670747771044
2727,0.016169596191614725,0.023773012929776783,0.008999729287586022,-0.0014018475475417143
2728,0.00759774739850892,0.011137908876606076,0.00431440521688276,-0.0006720355889738713
2729,0.07781645395025237,0.11464191194230583,0.04269555308373962,-0.006650495194776207
2730,0.09043938196749722,0.13324840078772845,0.04959517414676151,-0.007725218284448033
2731,-0.06333723692909679,-0.09342190425381068,-0.03445825603122467,0.0053674083037772834
2732,-0.0461583125670231,-0.06809977106231924,-0.025068353133363187,0.0039047851594146044
2733,-0.07834384344634229,-0.11554199052771774,-0.04266078228103119,0.006645079102475508
2734,-0.06343117499806232,-0.09356037114754405,-0.034509602048437844,0.00537540624304926
2735,-0.04496060218771243,-0.06633431816721869,-0.02441369141389505,0.003802811433696906
2736,-0.0516184628256453,-0.07614815926057182,-0.028052840383879656,0.004369665379598231
2737,-0.049223042067023944,-0.0726172534703707,-0.026743516944943393,0.004165717928162833
2738,-0.03459218782564061,-0.05105103477139713,-0.018746374763989597,0.0029200388865525152
2739,-0.06373647372220034,-0.09401038855217753,-0.03467647660438068,0.0054013995456831864
2740,-0.07666470046358322,-0.1130668948022336,-0.04174297222334548,0.0065021159379889315
2741,-0.05487106846357723,-0.08094257545609003,-0.029830696229886215,0.004646594026890415
2742,-0.07396398098082387,-0.10908597160739902,-0.04026677422846638,0.006272175183919609
2743,-0.015698893704945767,-0.023201880769271568,-0.008419407051987486,0.0013114533504762671
2744,-0.02505747382563799,-0.03699664505745931,-0.013534754016851171,0.002108248050446914
2745,-0.04577081803254024,-0.06752859512566907,-0.024856550812358776,0.0038717936599177035
2746,-0.05577522237737057,-0.08227531930827378,-0.030324901645563153,0.004723574192383185
2747,-0.01904543741184323,-0.028134763858523138,-0.010248608915207251,0.0015963799370404253
2748,-0.017976891877360183,-0.02655970294230597,-0.009664547969407251,0.0015054033778216945
2749,-0.03678799018771019,-0.05428769841241484,-0.019946587916347836,0.0031069907170349627
2750,-0.06325504111875194,-0.09330074572179396,-0.03441332826616312,0.005360410106914304
2751,-0.06734134711875307,-0.09932405559919588,-0.036646880014936725,0.005708320465245279
2752,-0.04284699563598771,-0.0632188130582177,-0.02325840602659835,0.0036228578000774385
2753,-0.04501931348081589,-0.06642085997580205,-0.02444578267465328,0.0038078101457418925
2754,-0.030235809877363552,-0.044629632574511746,-0.016365203215728073,0.002549134452814611
2755,-0.049504856273920574,-0.07303265415157083,-0.02689755499658294,0.004189711745978764
2756,0.006904954139888038,0.010116715535322418,0.003935728339935501,-0.0006130507868430466
2757,-0.06166983620495841,-0.09096411689004323,-0.033546864225690594,0.005225444881699702
2758,-0.06097704294633752,-0.08994292354875957,-0.03316818734874333,0.005166460079568877
2759,-0.04744996101529932,-0.07000369085115318,-0.025774360870044484,0.0040147568244042805
2760,-0.005858880980805126,-0.008697473650700262,-0.0030409117489061986,0.0004736692117367435
2761,-0.06829247006702918,-0.10072603289824635,-0.03716675843922024,0.005789299600374037
2762,0.0026659987778179088,0.0038683969556037555,0.0016187393131904704,-0.00025214377719511184
2763,-0.06500463765323518,-0.09587969161757813,-0.035369647836758715,0.005509371725854865
2764,-0.04436174699805709,-0.0654515917196684,-0.02408636055416099,0.0037518245708380573
2765,-0.04594695191185063,-0.06778822055141914,-0.024952824594633494,0.0038867897960526594
2766,-0.03992317323943518,-0.05890903099076631,-0.02166026124083793,0.0033739219402371735
2767,-0.007197498463564114,-0.010670626886400893,-0.0037725924941941053,0.000587639846362407
2768,-0.0342868891015026,-0.050601017366763645,-0.018579500208046752,0.0028940455839185915
2769,-0.0324668390152952,-0.047918221300679464,-0.017584671124541255,0.0027390855105240493
2770,-0.05530553203254286,-0.0815829848396069,-0.030068171559497196,0.004683584496023305
2771,-0.05306276063599052,-0.0782770877517225,-0.028842285398532397,0.004492633695904867
2772,-0.06181074330840672,-0.0911718172306433,-0.033623883251510354,0.0052374417906076685
2773,-0.05032681437736908,-0.07424423947173787,-0.027346832647198328,0.004259693714608558
2774,0.006141707329543,0.008991672023738727,0.0035185419500783598,-0.0005480675302582384
2775,-0.04781397103254079,-0.07054025006437002,-0.0259733266867456,0.0040457488390831875
2776,-0.06242134075668274,-0.09207185203991025,-0.03395763236339606,0.005289428395875515
2777,-0.07018297370496074,-0.10351267913463057,-0.03820009703563562,0.005950258128222562
2778,-0.028204399135983684,-0.04163528599752746,-0.01525484559349292,0.0023761790160581214
2779,-0.017378036687704847,-0.025676976494755692,-0.009337217109673182,0.0014544165149628454
2780,-0.02282644468770634,-0.033708056331291585,-0.012315286108037999,0.0019182969927374748
2781,-0.06964282980840887,-0.10271649449566364,-0.03790485743665979,0.005904269977408696
2782,-0.045359838980815984,-0.06692280246558553,-0.024631911987051093,0.003836802675602806
2783,-0.048131012015299506,-0.07100757583072018,-0.02614661949484009,0.004072741884126109
2784,0.029696678122652927,0.04371224562738315,0.016393555766284866,-0.0025535508027063115
2785,-0.05192376154978331,-0.07659817666520531,-0.0282197149398225,0.004395658682232155
2786,-0.045113251549781436,-0.06655932686953543,-0.024497128691866477,0.0038158080850138674
2787,-0.023084774377361585,-0.03408884028905838,-0.01245648765537426,0.0019402913257354098
2788,0.01961007796747774,0.028844362912761736,0.010880277168018976,-0.0016947720733778498
2789,-0.07772150373944556,-0.1146246473567341,-0.042320614916993814,0.006592092754798666
2790,-0.0017843172394246957,-0.0026914721350150073,-0.0008137782522842444,0.00012675859581476754
2791,0.0016326800191969353,0.002345261124536601,0.0010539331238454243,-0.00016416644520337117
2792,-0.040064080342883494,-0.05911673133136638,-0.02173728026665771,0.0033859188491451387
2793,-0.04242427432564276,-0.06259571203641749,-0.023027348949139017,0.003586867073353545
2794,-0.05718429341185372,-0.08435232271427445,-0.03109509190376094,0.004843543281462832
2795,-0.025362772549776008,-0.037446662462092786,-0.013701628572794033,0.0021342413530808365
2796,-0.05759527246357797,-0.08495811537435798,-0.03131973072906862,0.004878534265777729
2797,-0.05234648286012825,-0.0772212776870055,-0.028450772017281845,0.004431649408956048
2798,-0.04888251656702385,-0.07211531098058721,-0.026557387632545573,0.004136725398301921
2799,-0.05693770598081917,-0.08398884711822432,-0.03096030860857632,0.004822548690873894
2800,-0.0463227041877128,-0.06834208812635267,-0.025158208663486253,0.003918781553140563
2801,-0.007267952015288271,-0.010774477056700925,-0.0038111020071039965,0.000593638300816389
2802,-0.04877683623943762,-0.07195953572513715,-0.02649962336318075,0.004127727716620946
2803,-0.05406085261874941,-0.07974829849763963,-0.02938783683142249,0.004577611800669617
2804,-0.0578888289290953,-0.08539082441727477,-0.03148018703285984,0.004903527826002654
2805,-0.057113839860129564,-0.0842484725439744,-0.031056582390851056,0.004837544827008848
2806,-0.043340170498056815,-0.06394576425031792,-0.023527972616967596,0.0036648469812553142
2807,-0.06265618592909661,-0.09241801927424369,-0.034085997406429064,0.005309423244055454
2808,-0.058076705067026384,-0.08566775820474153,-0.03158287906728621,0.004919523704546606
2809,-0.05105483441185203,-0.07531735789817155,-0.027744764280600513,0.004321677743966375
2810,-0.05051469051530016,-0.07452117325920464,-0.027449524681624697,0.004275689593152508
2811,-0.05481235717047375,-0.08085603364750665,-0.02979860496912798,0.00464159531484543
2812,-0.06178725879116534,-0.09113720050720994,-0.03361104674720708,0.005235442305789672
2813,-0.0474734455325407,-0.07003830757458655,-0.025787197374347783,0.004016756309222275
2814,-0.04581778706702301,-0.06759782857253575,-0.024882223820965384,0.0038757926295536903
2815,-0.03768040184288284,-0.05560313390288193,-0.020434375079873095,0.003182971140118739
2816,-0.06577962672220092,-0.0970220434908785,-0.03579325247876749,0.005575354724848669
2817,-0.06155241361875147,-0.09079103327287649,-0.03348268170417411,0.005215447457609732
2818,-0.05525856299806008,-0.0815137513927402,-0.030042498550890622,0.0046795855263873165
2819,-0.06195165041185503,-0.09137951757124335,-0.03370090227733015,0.005249438699515631
2820,-0.06036644549806149,-0.08904288873949262,-0.03283443823685762,0.00511447347430103
2821,0.9716958914504982,1.432240947623977,0.5312849981279669,-0.08275588607967632
2822,0.04298891488127727,0.06330531109065608,0.02365901720195073,-0.0036852592096909696
2823,-0.019656034860119263,-0.029034798667790095,-0.010582358027092955,0.0016483665423082728
2824,0.04820247770886491,0.07099022369285855,0.0265087211572826,-0.004129144839285656
2825,-0.03392287908426112,-0.05006445815354681,-0.018380534391345658,0.0028630535692396823
2826,-0.028462728825638925,-0.04201606995529424,-0.015396047140829176,0.002398173349056057
2827,-0.06269141270495866,-0.0924699443593937,-0.03410525216288398,0.005312422471282447
2828,-0.07196779701530605,-0.10614355011556474,-0.03917567136268614,0.006102218974390116
2829,-0.046710198722195666,-0.06891326406300284,-0.025370010984490654,0.003951773052637466
2830,-0.046745425498057755,-0.06896518914815286,-0.02538926574094559,0.003954772279864458
2831,-0.074034434532548,-0.10918982177769905,-0.040305283741376235,0.006278173638373595
2832,-0.05269875061874904,-0.07774052853850567,-0.02864331958183126,0.004461641681225962
2833,-0.036870185998055034,-0.054408856944431545,-0.019991515681409368,0.003113988913897943
2834,-0.05713732437737094,-0.08428308926740777,-0.03106941889515433,0.004839544311826843
2835,-0.055798706894611964,-0.08230993603170712,-0.030337738149866424,0.004725573677201181
2836,-0.06764664584289107,-0.09977407300382934,-0.03681375457087957,0.005734313767879201
2837,-0.057900571187715986,-0.08540813277899145,-0.03148660528501148,0.004904527568411649
2838,-0.06433532891185569,-0.09489311499972782,-0.03500380746411475,0.005452386408542034
2839,-0.03931257579115915,-0.05800899618149935,-0.021326512128952223,0.0033219353349693277
2840,-0.019984818101498665,-0.02951943279585692,-0.01076206908733911,0.0016763593297601889
2841,-0.06558000832564913,-0.09672780134169506,-0.03568414219218947,0.005558359103895718
2842,-0.06631977061875277,-0.0978182281298454,-0.036088492077743305,0.005621342875662534
2843,-0.06501637991185587,-0.09589699997929481,-0.03537606608891035,0.0055103714682638635
2844,-0.057066870825646786,-0.08417923909710771,-0.031030909382244457,0.00483354585737286
2845,-0.015804574032532,-0.023357656024721615,-0.008477171321352315,0.001320451032157241
2846,-0.027816904601500818,-0.04106411006087728,-0.015043043272488524,0.0023431875165612196
2847,-0.03139829348081215,-0.0463431603844623,-0.01700061017874126,0.002648108951305319
2848,-0.04985712403254136,-0.07355190500307099,-0.027090102561132402,0.0042197040182486755
2849,-0.07095796277392646,-0.10465503100793092,-0.038623701677644395,0.006016241127216367
2850,-0.05047946373943809,-0.07446924817405462,-0.02743026992516976,0.004272690365925518
2851,-0.04353978889460859,-0.06424000639950135,-0.023637082903545596,0.003681842602208264
2852,-0.040686420049780216,-0.06003407450235001,-0.02207744763069507,0.0034389051968219827
2853,-0.04872986720495484,-0.07189030227827047,-0.026473950354574165,0.0041237287469849575
2854,-0.02518663867046561,-0.037187037036342706,-0.013605354790519308,0.002119245216945881
2855,-0.05066733987736917,-0.07474618196152137,-0.027532961959596133,0.00428868624446947
2856,-0.057454365360129656,-0.08475041503375791,-0.031242711703248823,0.004866537356869765
2857,-0.07529085620496215,-0.11104181648138298,-0.040992036721602614,0.006385146076136276
2858,-0.06108272327392376,-0.0900986988042096,-0.033225951618108165,0.005175457761249851
2859,-0.0016668946532177667,-0.002518388517848286,-0.0007495957307677609,0.00011676117172479709
2860,-0.07232006477392684,-0.1066628009670649,-0.0393682189272356,0.0061322112466600225
2861,-0.05417827520495634,-0.07992138211480636,-0.029452019352938962,0.004587609224759587
2862,-0.06859776879116719,-0.10117605030287981,-0.03733363299516308,0.005815292903007959
2863,-0.02468172154977582,-0.0364427774825258,-0.013329369947998436,0.002076256293359007
2864,-0.06356033984288995,-0.09375076312642742,-0.03458020282210598,0.00538640340954823
2865,-0.027030173273914396,-0.039904449825860236,-0.0146130203783281,0.002276204775158416
2866,-0.04135572879115971,-0.06102065112020031,-0.02244328800333904,0.0034958905141348126
2867,-0.04081558489460784,-0.06022446648123339,-0.02214804840436321,0.0034499023633209488
2868,-0.06809285167047739,-0.1004317907490629,-0.03705764815264219,0.005772303979421089
2869,-0.056068778842887905,-0.0827080283511906,-0.030485357949354346,0.004748567752608112
2870,-0.0606834864808202,-0.08951021450584276,-0.033007731044952124,0.0051414665193439514
2871,-0.06427661761875221,-0.09480657319114444,-0.03497171620335651,0.005447387696497049
2872,0.7741793591918233,1.1410969951878338,0.4233235786850911,-0.065939219017937
2873,0.2761901710882379,0.4070493747837659,0.1511255049336861,-0.0235401434523723
2874,0.040793112519207704,0.0600686474496384,0.02245880404959252,-0.0034983073792085196
2875,1.0704717709677667,1.5778388863846238,0.585275335227632,-0.09116571922415949
2876,-0.045899982877367865,-0.06771898710455247,-0.02492715158602691,0.0038827908264166705
2877,-0.06343117499806232,-0.09356037114754405,-0.034509602048437844,0.00537540624304926
2878,-0.06294974239461391,-0.09285072831716047,-0.03424645371022025,0.005334416804280384
2879,-0.01353831811873827,-0.02001714221340388,-0.0072384486560841885,0.0011275007472208115
2880,-0.045806044808402314,-0.06758052021081908,-0.02487580556881373,0.0038747928871446942
2881,-0.02562110223943125,-0.03782744641985957,-0.013842830120130298,0.0021562356860787713
2882,-0.06393609211875213,-0.09430463070136096,-0.03478558689095872,0.005418395166636133
2883,-0.021699187860119828,-0.03204645360649106,-0.01169913390147976,0.0018223217214737588
2884,-0.0654625857394422,-0.09655471772452835,-0.03561995967067301,0.005548361679805749
2885,-0.06310239175668293,-0.09307573701947724,-0.03432989098819168,0.0053474134555973425
2886,-0.042940933704953256,-0.06335727995195108,-0.023309752043811537,0.0036308557393494147
2887,-0.0636425356532348,-0.09387192165844413,-0.0346251305871675,0.0053934016064112085
2888,-0.05752481891185383,-0.08485426520405794,-0.03128122121615875,0.004872535811323743
2889,-0.05093741182564511,-0.07514427428100484,-0.02768058175908404,0.004311680319876405
2890,-0.028732800773914862,-0.042414162274777706,-0.015543666940317098,0.0024211674244629883
2891,-0.05698467501530194,-0.08405808056509102,-0.030985981617182905,0.004826547660509883
2892,-0.04759086811874763,-0.07021139119175325,-0.02585137989586427,0.004026753733312245
2893,-0.061106207791165136,-0.09013331552764296,-0.03323878812241147,0.005177457246067845
2894,-0.05599832529116374,-0.08260417818089055,-0.03044684843644446,0.004742569298154129
2895,-0.05428395553254258,-0.08007715737025642,-0.0295097836223038,0.004596606906440561
2896,-0.05451880070495644,-0.08042332460458987,-0.02963814866533677,0.004616601754620504
2897,-0.021534796239430127,-0.031804136542457645,-0.011609278371356679,0.0018083253277478002
2898,-0.026219957429086584,-0.03871017286740985,-0.014170160979864356,0.0022072225489376215
2899,-0.02762902846356973,-0.04078717627341051,-0.014940351238062153,0.0023271916380172676
2900,-0.03698760858426197,-0.05458194056159827,-0.020055698202925853,0.003123986337987912
2901,-0.0463344464463335,-0.06835939648806934,-0.0251646269156379,0.003919781295549561
2902,-0.01504132722218696,-0.02223261251313792,-0.008059984931495177,0.001255467775572433
2903,-0.058581622187716176,-0.08641201775855843,-0.03185886390980708,0.0049625126281334815
2904,-0.049164330773920475,-0.07253071166178733,-0.02671142568418514,0.004160719216117849
2905,-0.05192376154978331,-0.07659817666520531,-0.0282197149398225,0.004395658682232155
2906,-0.038925081256676285,-0.057437820244849176,-0.02111470980794783,0.003288943835472425
2907,-0.048800320756679005,-0.07199415244857049,-0.026512459867484045,0.004129727201438941
2908,-0.051336648618748655,-0.07573275857937169,-0.027898802332240073,0.004345671561782302
2909,-0.03206760222219164,-0.04732973700231262,-0.017366450551385207,0.0027050942686181498
2910,-0.02964869694632891,-0.043764214488678135,-0.016044290608145665,0.0024991473323647587
2911,-0.04952834079116196,-0.07306727087500417,-0.026910391500886238,0.004191711230796759
2912,-0.042800026601504934,-0.06314957961135098,-0.02323273301799178,0.00361885883044145
2913,-0.0326429728946056,-0.04817784672642955,-0.01768094490681598,0.0027540816466590052
2914,-0.0382440302566761,-0.0564339352652822,-0.020742451183152228,0.0032309587757505956
2915,-0.054542285222197825,-0.08045794132802321,-0.02965098516964007,0.004618601239438497
2916,-0.04949311401529988,-0.07301534578985416,-0.0268911367444313,0.004188712003569765
2917,-0.03196192189460541,-0.04717396174686257,-0.017308686282020366,0.002696096586937176
2918,0.015288926795062758,0.022474885801026367,0.008518360376212399,-0.0013268668668669364
2919,-0.050279845342886306,-0.07417500602487119,-0.02732115963859174,0.004255694744972569
2920,-0.041696254291159814,-0.06152259360998383,-0.02262941731573684,0.0035248830439957263
2921,-0.03433385813598537,-0.050670250813630344,-0.01860517321665334,0.00289804455355458
2922,-0.038114865411848484,-0.0562435432863988,-0.020671850409484098,0.003219961609251628
2923,-0.047673063929092485,-0.07033254972376997,-0.02589630766092581,0.004033751930175224
2924,-0.04292919144633256,-0.06333997159023438,-0.023303333791659907,0.003629855996940417
2925,-0.023824536670465236,-0.03517926707720872,-0.012860837540928101,0.0020032750975022243
2926,-0.04251821239460831,-0.06273417893015087,-0.023078694966352207,0.003594865012625521
2927,-0.03798570056702085,-0.056053151307515404,-0.020601249635815947,0.0032089644427526626
2928,-0.043751149549781064,-0.06455155691040144,-0.023752611442275282,0.00369983796557021
2929,-0.0370815466532275,-0.05472040745533163,-0.020107044220139033,0.0031319842772598886
2930,-0.016638274394601194,-0.02458654970660534,-0.008932867224119345,0.001391432743196031
2931,-0.04097997651529754,-0.06046678354526681,-0.02223790393448627,0.003463898757046908
2932,-0.05420175972219773,-0.07995599883823971,-0.029464855857242265,0.004589608709577583
2933,-0.057736179567026286,-0.08516581571495803,-0.03139674975488842,0.004890531174685692
2934,-0.04250647013598762,-0.0627168705684342,-0.02307227671420057,0.0035938652702165235
2935,-0.055951356256680976,-0.08253494473402387,-0.030421175427837874,0.004738570328518142
2936,-0.042717830791160094,-0.0630284210793343,-0.023187805252930228,0.003611860633578472
2937,-0.036470949204951475,-0.05382037264606469,-0.019773295108253337,0.0030799976719920416
2938,-0.0227325066187408,-0.03356958943755821,-0.012263940090824816,0.0019102990534654977
2939,-0.04464356120495372,-0.06586699240086853,-0.02424039860580055,0.003775818388653985
2940,-0.06080090906702713,-0.08968329812300949,-0.03307191356646861,0.005151463943433923
2941,-0.03307743646357123,-0.048818256109946424,-0.017918420236426973,0.002791072115791896
2942,-0.03445128072219229,-0.05084333443079706,-0.018669355738169812,0.00290804197764455
2943,-0.056068778842887905,-0.0827080283511906,-0.030485357949354346,0.004748567752608112
2944,-0.058581622187716176,-0.08641201775855843,-0.03185886390980708,0.0049625126281334815
2945,-0.03717548472219305,-0.05485887434906502,-0.02015839023735223,0.0031399822165318635
2946,0.033923891226102364,0.04994325584538514,0.01870412654087826,-0.002913458069945249
2947,-0.06346640177392442,-0.09361229623269406,-0.034528856804892774,0.005378405470276252
2948,-0.05989675515323378,-0.08835055427082573,-0.032577708150791695,0.00507448377794115
2949,-0.05777140634288837,-0.08521774080010806,-0.03141600451134333,0.004893530401912685
2950,-0.06163460942909632,-0.09091219180489321,-0.03352760946923564,0.005222445654472713
2951,-0.06205733073944126,-0.09153529282669338,-0.033758666546694974,0.005258436381196606
2952,-0.05426047101530119,-0.08004254064682306,-0.029496947118000515,0.004594607421622566
2953,-0.061047496498061675,-0.0900467737190596,-0.03320669686165323,0.005172458534022859
2954,-0.056608922739439765,-0.0835042129901575,-0.030780597548330176,0.004794555903421977
2955,-0.03168010768770877,-0.04675856106566243,-0.017154648230380813,0.0026721027691212484
2956,-0.061928165894613654,-0.09134490084781002,-0.033688065773026854,0.005247439214697638
2957,-0.038983792549779746,-0.057524362053432525,-0.02114680106870608,0.0032939425475174092
2958,1.3132194834333508,1.935654648153388,0.7179598619586577,-0.11183339404535542
2959,-0.04845979525667891,-0.071492209958787,-0.02632633055508625,0.004100734671578025
2960,-0.02855666689460447,-0.04215453684902762,-0.015447393158042376,0.0024061712883280324
2961,0.002572060708852366,0.003729930061870377,0.0015673932959772879,-0.00024414583792313493
2962,0.021864591622650774,0.0321675683623628,0.012112581581135451,-0.0018867226159052818
2963,0.16428644643303478,0.24210068762387996,0.08995956192847772,-0.014012598294630455
2964,0.0003058047950586374,0.0003894162505526445,0.0003286706307091504,-5.1195552986707213e-05
2965,-0.041062172325642396,-0.06058794207728351,-0.022282831699547832,0.0034708969539098853
2966,-0.030364974722191174,-0.044820024553395135,-0.016435803989396224,0.0025601316193135776
2967,-0.06085962036013059,-0.08976983993159283,-0.03310400482722687,0.005156462655478906
2968,0.028217153536445622,0.041531392051082465,0.015584855995177177,-0.0024275832591726847
2969,-0.021053363635981714,-0.031094493712074088,-0.011346130033139095,0.0017673358889789214
2970,-0.04242427432564276,-0.06259571203641749,-0.023027348949139017,0.003586867073353545
2971,-0.016732212463566737,-0.02472501660033872,-0.008984213241332528,0.0013994306824680078
2972,-0.0496222788601275,-0.07320573776873754,-0.02696173751809943,0.004199709170068734
2973,-0.06671900741185634,-0.09840671242821226,-0.03630671265089936,0.005655334117568432
2974,-0.01210576256701374,-0.017905522083969873,-0.0064554218935831,0.0010055321733231713
2975,-0.02457604122218958,-0.036287002227075746,-0.013271605678633589,0.0020672586116780357
2976,-0.0491408462566791,-0.072496094938354,-0.02669858917988185,0.004158719731299854
2977,-0.03881940092909005,-0.05728204498939912,-0.021056945538582988,0.0032799461537914515
2978,-0.052616554808404194,-0.07761937000648896,-0.02859839181676974,0.004454643484362981
2979,-0.04954008304978265,-0.07308457923672083,-0.026916809753037896,0.004192710973205755
2980,-0.04413864408426393,-0.06512273284705163,-0.023964413763279683,0.0037328294650671133
2981,-0.056033552067025816,-0.08265610326604056,-0.030466103192899396,0.004745568525381121
2982,-0.04620528160150588,-0.06816900450918595,-0.025094026141969775,0.003908784129050593
2983,-0.058111931842888466,-0.08571968328989156,-0.03160213382374115,0.0049225229317736
2984,-0.0585581376704748,-0.08637740103512509,-0.031846027405503796,0.004960513143315486
2985,-0.0649576686187524,-0.09581045817071143,-0.03534397482815212,0.005505372756218876
2986,-0.03665882534288256,-0.054097306433531445,-0.019875987142679703,0.003095993550535995
2987,-0.019315509360119172,-0.0285328561780066,-0.010396228714695156,0.0016193740124473576
2988,-0.03701109310150335,-0.054616557285031606,-0.02006853470722916,0.003125985822805905
2989,-0.06384215404978658,-0.09416616380762756,-0.03473424087374551,0.005410397227364158
2990,-0.059039570273923196,-0.08708704386550865,-0.03210917574372136,0.0050015025820843665
2991,-0.05190027703254192,-0.07656355994177196,-0.028206878435519202,0.00439365919741416
2992,-0.0507847624635761,-0.07491926557868811,-0.027597144481112605,0.0042986836685594415
2993,-0.06487547280840755,-0.09568929963869471,-0.03529904706309057,0.005498374559355898
2994,-0.03278387999805391,-0.04838554706702962,-0.017757963932635762,0.0027660785555669695
2995,-0.05294533804978359,-0.07810400413455579,-0.028778102877015897,0.004482636271814897
2996,-0.061376279739441084,-0.09053140784712642,-0.0333864079218994,0.005200451321474776
2997,-0.05759527246357797,-0.08495811537435798,-0.03131973072906862,0.004878534265777729
2998,-0.05487106846357723,-0.08094257545609003,-0.029830696229886215,0.004646594026890415
2999,-0.04512499380840213,-0.0665766352312521,-0.02450354694401812,0.0038168078274228657
3000,-0.06073045551530297,-0.08957944795270945,-0.03303340405355872,0.005145465488979939
3001,-0.044819695084264116,-0.06612661782661862,-0.02433667238807527,0.003790814524788942
3002,-0.061505444584268695,-0.09072179982600981,-0.03345700869556751,0.005211448487973745
3003,-0.06520425604978697,-0.09617393376676157,-0.035478758123336736,0.005526367346807815
3004,-0.05875775606702657,-0.08667164318430852,-0.03195513769208182,0.004977508764268436
3005,-0.0027824092221835905,-0.004162682880932145,-0.0013593296851743487,0.00021173670057951646
3006,-0.06771709939461525,-0.09987792317412941,-0.036852264083789485,0.005740312222333182
3007,-0.05125445280840381,-0.07561160004735498,-0.027853874567178537,0.004338673364919323
3008,-0.04230685173943584,-0.062422628419250774,-0.022963166427622528,0.003576869649263575
3009,-0.04716814680840269,-0.06958829016995306,-0.02562032281840494,0.00399076300658835
3010,-0.04827191911874782,-0.07121527617132024,-0.026223638520659877,0.0040847387930340725
3011,-0.05043249470495531,-0.07440001472718792,-0.027404596916563162,0.0042686913962895305
3012,-0.051477555722196984,-0.07594045891997175,-0.027975821358059857,0.0043576684706902674
3013,-0.03501490913598556,-0.05167413579319734,-0.01897743184144894,0.002956029613276407
3014,-0.05548166591185325,-0.08184261026535697,-0.030164445341771918,0.004698580632158261
3015,-0.06286754658426907,-0.09272956978514378,-0.034201525945158726,0.005327418607417402
3016,-0.04744996101529932,-0.07000369085115318,-0.025774360870044484,0.0040147568244042805
3017,-0.04645186903254043,-0.06853248010523605,-0.02522880943715438,0.003929778719639532
3018,-0.033641064877364485,-0.049649057472346686,-0.01822649633970608,0.002839059751423754
3019,-0.06097704294633752,-0.08994292354875957,-0.03316818734874333,0.005166460079568877
3020,-0.05697293275668125,-0.08404077220337434,-0.03097956336503127,0.004825547918100884
3021,-0.05253435899805934,-0.07749821147447225,-0.028553464051708215,0.004447645287500002
3022,-0.07115758117047825,-0.10494927315711436,-0.038732811964222416,0.006033236748169317
3023,-0.05690247920495709,-0.08393692203307432,-0.03094105385212137,0.004819549463646902
3024,-0.05883995187737141,-0.08679280171632522,-0.03200006545714334,0.004984506961131415
3025,-0.05295708030840429,-0.07812131249627247,-0.02878452112916756,0.0044836360142238955
3026,-0.04247124336012553,-0.06266494548328418,-0.023053021957745615,0.003590866042989533
3027,-0.06799891360151186,-0.10029332385532953,-0.037006302135429006,0.005764306040149111
3028,-0.04128527523943556,-0.06091680094990029,-0.022404778490429128,0.00348989205968083
3029,-0.037269422791158587,-0.0549973412427984,-0.020209736254565402,0.0031479801558038424
3030,-0.04971621692909305,-0.07334420466247094,-0.027013083535312604,0.004207707109340711
3031,-0.05664414951530185,-0.08355613807530753,-0.030799852304785113,0.004797555130648966
3032,-0.0544248626359909,-0.08028485771085649,-0.0295868026481236,0.004608603815348524
3033,-0.04378637632564314,-0.06460348199555146,-0.023771866198730212,0.0037028371927972036
3034,-0.04430303570495363,-0.06536504991108505,-0.024054269293402736,0.0037468258587930723
3035,-0.05320366773943883,-0.07848478809232258,-0.028919304424352154,0.004504630604812833
3036,-0.03830274154977956,-0.056520477073865545,-0.02077454244391047,0.003235957487795581
3037,-0.03530846560150288,-0.05210684483611414,-0.01913788814524015,0.0029810231735013337
3038,-0.051418844429093516,-0.07585391711138839,-0.02794373009730162,0.004352669758645283
3039,-0.04546551930840222,-0.06707857772103559,-0.02468967625641593,0.0038458003572837793
3040,-0.0636307933946141,-0.09385461329672747,-0.03461871233501584,0.005392401864002211
3041,-0.06374821598082103,-0.0940276969138942,-0.03468289485653234,0.005402399288092181
3042,-0.05482409942909445,-0.08087334200922333,-0.029805023221279616,0.004642595057254425
3043,-0.07269581704978903,-0.10721666854199842,-0.03957360299608837,0.006164203003747928
3044,-0.05932138448081983,-0.08750244454670879,-0.032263213795360936,0.005025496399900294
3045,-0.06550955477392496,-0.09662395117139502,-0.03564563267927958,0.005552360649441737
3046,-0.07105190084289202,-0.10479349790166433,-0.03867504769485759,0.006024239066488343
3047,1.0272015479505137,1.514057573458687,0.5616240760488085,-0.08748166844700535
3048,-0.03503839365322694,-0.05170875251663067,-0.018990268345752234,0.0029580290980944033
3049,-0.028944161429087338,-0.04272571278567781,-0.01565919547904677,0.0024391627878249354
3050,0.15913159489855055,0.2345023168302608,0.0871419492339041,-0.013573711377080758
3051,0.07569110513990697,0.1115090984715882,0.041533849444291254,-0.006469541818747743
3052,0.031164460450239538,0.04587579084196718,0.017195837285240902,-0.0026785186038309422
3053,0.02700770089851426,0.03974863079426523,0.014923776023557402,-0.0023246097910459887
3054,-0.05969713675668201,-0.0880563121216423,-0.032468597864213675,0.005057488156988201
3055,-0.05860510670495756,-0.08644663448199179,-0.03187170041411037,0.004964512112951475
3056,-0.0652864518601318,-0.09629509229877824,-0.035523685888398236,0.005533365543670796
3057,-0.06338420596357956,-0.09349113770067735,-0.03448392903983124,0.005371407273413274
3058,-0.02525709222218977,-0.03729088720664273,-0.013643864303429197,0.0021252436713998634
3059,-0.06131756844633761,-0.09044486603854304,-0.03335431666114115,0.005195452609429791
3060,-0.055469923653232556,-0.08182530190364029,-0.03015802708962028,0.004697580889749264
3061,-0.052733977394611116,-0.07779245362365568,-0.02866257433828624,0.00446464090845295
3062,-0.04640489999805765,-0.06846324665836936,-0.02520313642854779,0.0039257797500035435
3063,-0.03718722698081373,-0.05487618271078168,-0.02016480848950388,0.003140981958940861
3064,-0.04736776520495447,-0.06988253231913648,-0.025729433104982952,0.004007758627541302
3065,-0.06071871325668228,-0.08956213959099278,-0.033026985801407074,0.005144465746570943
3066,-0.024975278015293142,-0.036875486525442605,-0.01348982625178964,0.002101249853583934
3067,-0.029672181463570292,-0.04379883121211148,-0.016057127112448964,0.002501146817182752
3068,-0.02733547199805241,-0.04035446723049372,-0.014779894934270938,0.0023021980777923417
3069,-0.050303329860127685,-0.07420962274830453,-0.027333996142895025,0.004257694229790563
3070,-0.0260320812911555,-0.0384332390799431,-0.014067468945437991,0.0021912266703936678
3071,-0.0030759656877009127,-0.0045953919238489495,-0.0015197859889655564,0.0002367302608044426
3072,-0.05015068049805869,-0.0739846140459878,-0.02725055886492361,0.004244697578473601
3073,0.009100756501957609,0.013353379176340122,0.005135941492293741,-0.0008000026173254933
3074,-0.03245509675667451,-0.04790091293896279,-0.01757825287238961,0.0027380857681150537
3075,-0.06279709303254491,-0.09262571961484374,-0.03416301643224881,0.005321420152963423
3076,-0.026983204239431628,-0.039835216378993545,-0.014587347369721494,0.002272205805522429
3077,-0.033230085825640236,-0.049043264812263156,-0.018001857514398388,0.0028040687671088567
3078,-0.039711812584262714,-0.05859748047986622,-0.02154473270210827,0.003355926576875226
3079,-0.03665882534288256,-0.054097306433531445,-0.019875987142679703,0.003095993550535995
3080,-0.05370858486012863,-0.07922904764613947,-0.029195289266873047,0.004547619528399705
3081,-0.05939183803254398,-0.08760629471700881,-0.032301723308270816,0.005031494854354277
3082,-0.02789910041184567,-0.04118526859289398,-0.01508797103755006,0.002350185713424199
3083,-0.055411212360129095,-0.08173876009505694,-0.030125935828862044,0.004692582177704278
3084,-0.0578888289290953,-0.08539082441727477,-0.03148018703285984,0.004903527826002654
3085,-0.002571048567011118,-0.0038511323700320455,-0.0012438011464446746,0.00019374133721757045
3086,-0.04957530982564473,-0.07313650432187087,-0.026936064509492832,0.004195710200432744
3087,-0.031527458325639766,-0.046533552363345686,-0.017071210952409405,0.002659106117804285
3088,-0.043516304377367206,-0.06420538967606801,-0.02362424639924231,0.003679843117390269
3089,-0.05449531618771505,-0.08038870788115651,-0.029625312161033486,0.004614602269802508
3090,-0.03169184994632947,-0.046775869427379095,-0.017161066482532468,0.0026731025115302445
3091,-0.019491643239429562,-0.028792481603756682,-0.01049250249696988,0.001634370148582314
3092,0.011202620795061636,0.01645157592362444,0.006284808627438796,-0.0009789565085359633
3093,-0.05792405570495737,-0.0854427495024248,-0.031499441789314776,0.004906527053229645
3094,-0.05562257301530157,-0.08205031060595705,-0.030241464367591703,0.004710577541066224
3095,-0.039042503842883214,-0.0576109038620159,-0.021178892329464308,0.0032989412595623956
3096,-0.010227001187702879,-0.015136184209302317,-0.005428501549319369,0.0008455733878836441
3097,-0.05672634532564669,-0.08367729660732423,-0.030844780069846648,0.004804553327511947
3098,-0.028063492032535373,-0.04142758565692739,-0.015177826567673147,0.002364182107150157
3099,-0.0435280466359879,-0.06422269803778469,-0.023630664651393973,0.0036808428597992658
3100,-0.03313614775667469,-0.04890479791852978,-0.01795051149718521,0.0027960708278368805
3101,-0.021499569463568048,-0.03175221145730763,-0.011590023614901745,0.0018053261005208084
3102,-0.04986886629116205,-0.07356921336478767,-0.027096520813284047,0.004220703760657671
3103,-0.05885169413599211,-0.08681011007804189,-0.032006483709295,0.004985506703540412
3104,0.0045212756398873835,0.006603118106837963,0.002632823153150897,-0.00041010307781664575
3105,-0.05777140634288837,-0.08521774080010806,-0.03141600451134333,0.004893530401912685
3106,-0.03372326068770933,-0.04977021600436339,-0.018271424104767616,0.002846057948286734
3107,-0.004978211584253159,-0.0073993465219498455,-0.002559542837532576,0.00039868853106196504
3108,-0.04058073972219398,-0.059878299246899955,-0.022019683361330238,0.0034299075151410082
3109,-0.04915258851529979,-0.07251340330007065,-0.026705007432033512,0.004159719473708852
3110,0.01972750055368467,0.02901744652992846,0.010944459689535453,-0.0017047694974678205
3111,-0.06243308301530343,-0.0920891604016269,-0.03396405061554772,0.005290428138284511
3112,-0.044385231515298475,-0.06548620844310174,-0.02409919705846429,0.003753824055656052
3113,-0.046522322584264586,-0.0686363302755361,-0.02526731895006428,0.003935777174093514
3114,-0.05895737446357835,-0.08696588533349195,-0.03206424797865984,0.004994504385221385
3115,-0.0527692041704732,-0.0778443787088057,-0.028681829094741186,0.004467640135679942
3116,-0.04591172513598855,-0.06773629546626914,-0.024933569838178564,0.0038837905688256665
3117,-0.06334897918771748,-0.09343921261552733,-0.034464674283376316,0.005368408046186278
3118,-0.05330934806702507,-0.07864056334777261,-0.028977068693716992,0.0045136282864938065
3119,-0.06631977061875277,-0.0978182281298454,-0.036088492077743305,0.005621342875662534
3120,24.663487482008737,36.35449158199108,13.481084288405473,-2.099888157077384
3121,0.11974805948474666,0.17645007163254225,0.06561513151727573,-0.010220575337304656
3122,0.11884390557095331,0.17511732778035852,0.0651209261015988,-0.010143595171811888
3123,0.09436129634680865,0.13902939360109698,0.051738870365412075,-0.008059132249053046
3124,0.02220511712265087,0.0326695108521463,0.012298710893533245,-0.0019157151457661976
3125,0.01276434119161379,0.018753588031941843,0.007138436163608018,-0.0011119222489325712
3126,0.039947669898517814,0.05882244540603799,0.021996689894673845,-0.003426325925760733
3127,0.03957191762265564,0.058268577831104486,0.021791305825821082,-0.003394334168672829
3128,0.009453024260578395,0.013872630027840284,0.005328489056843187,-0.0008299948895954051
3129,0.09471356410542943,0.13954864445259715,0.05193141792996151,-0.008089124521322957
3130,0.23324873131236404,0.3437526959858957,0.12765395681510822,-0.019884085462670103
3131,0.24522583510547077,0.36140722493690136,0.13420057400978935,-0.020903822719847105
3132,0.39381237569171856,0.5804272340996713,0.2154171367367471,-0.03355456316329571
3133,-0.05073779342909333,-0.0748500321318214,-0.027571471472506007,0.004294684698923453
3134,-0.0717564363601336,-0.10583199960466463,-0.0390601428239565,0.006084223611028165
3135,-0.05430744004978397,-0.08011177409368976,-0.029522620126607113,0.004598606391258555
3136,-0.05739565406702619,-0.08466387322517455,-0.031210620442490587,0.004861538644824781
3137,-0.06998335530840895,-0.10321843698544711,-0.0380909867490576,0.005933262507269613
3138,-0.02200448658425784,-0.03249647101112453,-0.011866008457422618,0.0018483150241076821
3139,-0.05312147192909398,-0.07836362956030586,-0.02887437665929062,0.004497632407949854
3140,-0.06565046187737328,-0.09683165151199508,-0.03572265170509937,0.005564357558349701
3141,-0.04383334536012591,-0.06467271544241815,-0.02379753920733681,0.0037068361624331904
3142,-0.06791671779116701,-0.10017216532331283,-0.03696137437036748,0.0057573078432861325
3143,-0.0440094792394363,-0.06493234086816822,-0.02389381298961153,0.0037218322985681468
3144,-0.048189723308402974,-0.07109411763930354,-0.026178710755598328,0.004077740596171095
3145,-0.06373647372220034,-0.09401038855217753,-0.03467647660438068,0.0054013995456831864
3146,-0.05632710853254314,-0.08308881230895737,-0.030626559496690606,0.004770562085606046
3147,-0.05104309215323134,-0.07530004953645489,-0.02773834602844889,0.004320678001557375
3148,-0.05860510670495756,-0.08644663448199179,-0.03187170041411037,0.004964512112951475
3149,-0.0639948034118556,-0.09439117250994432,-0.03481767815171697,0.005423393878681117
3150,-0.0517711121877143,-0.07637316796288855,-0.028136277661851065,0.004382662030915193
3151,-0.05362638904978378,-0.07910788911412277,-0.029150361501811498,0.004540621331536726
3152,-0.06988941723944342,-0.10307997009171375,-0.0380396407318444,0.005925264567997634
3153,-0.06275012399806214,-0.09255648616797706,-0.03413734342364224,0.0053174211833274315
3154,-0.04803707394633397,-0.0708691089369868,-0.026095273477626905,0.004064743944854132
3155,-0.05865207573944033,-0.08651586792885847,-0.03189737342271698,0.004968511082587464
3156,-0.06555652380840775,-0.09669318461826172,-0.035671305687886165,0.005556359619077725
3157,-0.04969273241185166,-0.07330958793903758,-0.027000247031009318,0.004205707624522715
3158,-0.06657810030840802,-0.09819901208761218,-0.03622969362507958,0.00564333720866047
3159,-0.06428835987737291,-0.0948238815528611,-0.03497813445550815,0.005448387438906043
3160,-0.057113839860129564,-0.0842484725439744,-0.031056582390851056,0.004837544827008848
3161,-0.06614363673944239,-0.09755860270409533,-0.03599221829546859,0.005606346739527579
3162,-0.043704180515298285,-0.06448232346353476,-0.023726938433668677,0.0036958389959342226
3163,-0.053755553894611396,-0.07929828109300617,-0.02922096227547962,0.004551618498035695
3164,-0.06559175058426983,-0.09674510970341173,-0.03569056044434114,0.005559358846304714
3165,-0.05561083075668088,-0.08203300224424039,-0.030235046115440055,0.0047095777986572275
3166,-0.04895297011874801,-0.07221916115088724,-0.02659589714545546,0.004142723852755903
3167,-0.06636673965323556,-0.0978874615767121,-0.03611416508634992,0.00562534184529852
3168,-0.06798717134289116,-0.10027601549361286,-0.036999883883277365,0.005763306297740117
3169,-0.03913644191184876,-0.05774937075574928,-0.021230238346677487,0.0033069391988343718
3170,-0.06855079975668443,-0.10110681685601312,-0.0373079599865565,0.005811293933371971
3171,-0.06338420596357956,-0.09349113770067735,-0.03448392903983124,0.005371407273413274
3172,-0.06911442817047768,-0.10193761821841338,-0.03761603608983561,0.005859281569003831
3173,-0.05945054932564745,-0.08769283652559219,-0.032333814569029055,0.005036493566399262
3174,-0.06740005841185653,-0.09941059740777924,-0.03667897127569495,0.005713319177290261
3175,-0.050972638601507185,-0.07519619936615485,-0.027699836515538978,0.004314679547103395
3176,-0.059556229653233685,-0.08784861178104222,-0.03239157883839389,0.0050454912480802335
3177,-0.051336648618748655,-0.07573275857937169,-0.027898802332240073,0.004345671561782302
3178,-0.05798276699806084,-0.08552929131100817,-0.031531533050073016,0.00491152576527463
3179,0.00036451608816210186,0.0004759580591360055,0.00036076189146739217,-5.619426503169243e-05
3180,-0.04710943551529923,-0.06950174836136971,-0.025588231557646692,0.003985764294543365
