Siruta,Localitate,NascutiVii_1000loc
177655,Slobozia Bradului,33.840734683608
64942,Valcele,27.77777777777778
150891,Valea Moldovei,24.226110363391655
114355,Cristesti,23.21541377132028
41701,Racos,23.142857142857142
40526,Apata,23.098591549295776
141027,Dragu,22.89512555391433
151558,Voitinel,22.731885528719303
66697,Cojasca,22.240624630308766
42456,Crizbav,22.22222222222222
40688,Budila,21.889900303424362
145042,Mihaileni,21.602160216021602
61737,Dobromir,21.112696148359486
180064,Barbulesti,21.064617136350698
162381,Bacesti,20.77706212341575
42498,Augustin,20.761245674740483
86487,Porumbeni,20.624008461131677
74842,Catane,20.090406830738324
57706,Floresti,19.600184639420515
138805,Sauca,19.53125
149833,Patrauti,19.513101653967663
41943,Soars,19.507663725034835
151442,Iaslovat,19.457013574660632
48968,Ramnicelu,19.40359477124183
179846,Coltau,19.18204849800941
123255,Oniceni,19.03485254691689
101984,Clejani,19.03162608452281
118575,Ogra,19.011406844106464
97722,Lungani,18.95435160322224
179784,Boranesti,18.945634266886326
40768,Cata,18.799710773680406
100219,Voinesti,18.774703557312254
107868,Coroieni,18.76563803169308
22059,Cotofanesti,18.75862068965517
63300,Cuza Voda,18.56520742608297
157273,Giera,18.50582590815627
145140,Nocrich,18.28537170263789
157834,Mosnita Noua,18.22293163075286
145408,Rosia,18.021140183677005
159455,Saravale,17.953929539295395
108598,Repedea,17.93631600161225
139054,Terebesti,17.904160084254872
40857,Comana,17.897819720143183
112030,Gruia,17.745645744331252
29341,Dragesti,17.64480245492904
179249,Chiajna,17.644309418088337
26118,Vultureni,17.610661589719182
107118,Baita De Sub Codru,17.6
125123,Valeni,17.56668835393624
29724,Ineu,17.551190973673215
120254,Vanatori,17.527675276752767
138770,Sacaseni,17.488076311605724
114970,Acatari,17.45273218366923
151521,Burla,17.38024586689275
22941,Horgesti,17.36484067311135
159375,Checea,17.36274049741905
42003,Tarlungeni,17.317414219640746
147633,Oras Cajvana,17.316017316017316
26083,Valea Seaca,17.285088730122148
70637,Amarastii De Jos,17.173524150268335
175787,Corbita,16.99561403508772
83963,Capalnita,16.941176470588236
61069,Oras Baneasa,16.792323509252913
36131,Albesti,16.647531572904708
136713,Acas,16.561775422325272
128613,Scarisoara,16.54996817313813
63866,Belin,16.49620587264929
144376,Bradeni,16.483516483516482
144615,Hoghilag,16.467682173734048
120174,Vetca,16.455696202531644
135547,Sotrile,16.403220996122876
179533,Oras Popesti Leordeni,16.356397288281503
115307,Bahnea,16.31452259962557
32704,Budacu De Jos,16.272643536997236
105419,Stefanestii De Jos,16.243354991139988
118511,Neaua,16.242937853107346
97875,Mironeasa,16.201309893140298
42156,Ungra,16.199649737302977
41382,Maierus,16.194331983805668
45539,Braesti,16.181229773462782
42058,Teliu,16.150740242261104
164981,Oras Murgeni,16.150415812944438
144651,Iacobeni,16.11459265890779
124885,Valea Ursului,16.113965436711815
7197,Scarisoara,16.05231866825208
98202,Mosna,16.051364365971107
144713,Jina,16.03206412825651
63161,Dumbraveni,16.01423487544484
166869,Voinesti,16.00590987441517
19338,Titesti,15.987521934100215
111783,Garla Mare,15.969162995594713
24999,Rosiori,15.95298068849706
138869,Socond,15.943012211668927
180019,Sarateni,15.936254980079681
164062,Garceni,15.934706568208318
151576,Berchisesti,15.92680447305998
63633,Barcani,15.90852597564007
120218,Viisoara,15.906680805938494
34262,Rebra,15.890213073311665
179962,Galbinasi,15.838339705079191
142854,Samsud,15.812431842966195
161561,Valea Teilor,15.779092702169626
108918,Salsig,15.776699029126213
85243,Ocland,15.765765765765765
150418,Sucevita,15.75795776867318
74875,Cotofenii Din Fata,15.720081135902637
118469,Nades,15.682349015682348
148426,Dumbraveni,15.634706978670533
144349,Brateiu,15.628876209377326
98435,Popesti,15.610981518033375
63326,Gradina,15.570934256055363
99673,Tibana,15.531368472544942
113395,Punghina,15.520389531345101
23948,Orbeni,15.396264512872287
39959,Dimacheni,15.395381385584324
140501,Chiesd,15.372790161414297
146325,Mitocu Dragomirnei,15.354713313896987
114453,Santana De Mures,15.352407536636427
142426,Romanasi,15.320778806255985
16659,Hartiesti,15.283842794759826
77561,Radesti,15.267175572519085
50326,Viperesti,15.262860373092142
62903,Seimeni,15.23980277902286
119858,Taureni,15.212981744421906
75766,Brahasesti,15.18548715858133
113894,Vanjulet,15.184381778741866
179221,Oras Bragadiru,15.180596754493108
21249,Beresti-Bistrita,15.138023152270703
143888,Altina,15.135135135135135
62798,Rasova,15.120451050743208
169119,Caineni,15.11535401750199
51387,Berliste,15.103338632750397
67167,Crangurile,15.09433962264151
117042,Ghindari,15.039811265113535
143557,Selimbar,15.022154976764293
155314,Giroc,14.980265518478651
116224,Cozma,14.8975791433892
62280,Mircea Voda,14.892032762472077
76406,Ghidigeni,14.851485148514852
161945,Municipiul Vaslui,14.82288939373873
45245,Bisoca,14.806789454676778
84656,Lunca De Jos,14.801762114537445
92765,Oras Tandarei,14.712806026365348
103238,Ghimpati,14.705882352941176
115183,Apold,14.701282452299031
85289,Plaiesii De Jos,14.700735036751837
34645,Sieu,14.696058784235136
117113,Glodeni,14.694095645204381
146860,Arbore,14.692256783587029
64041,Bradut,14.682850430696947
144508,Carta,14.655172413793103
74732,Vartop,14.654161781946073
151095,Oras Vicovu De Sus,14.6513353115727
86495,Racu,14.643075045759609
101519,Bulbucata,14.630577907827359
15402,Cetateni,14.627659574468085
73460,Negoi,14.619883040935672
26582,Sanmartin,14.610689846495283
32599,Oras Sangeorz-Bai,14.552302687895908
176944,Nereju,14.505304178393592
108712,Satulung,14.504975543936583
151479,Horodnic De Sus,14.484467314655994
120487,Corunca,14.483212639894667
107001,Ardusat,14.47178002894356
150702,Ulma,14.46099912357581
61675,Deleni,14.457831325301205
138431,Paulesti,14.445399828030954
72953,Lipovu,14.439324116743471
101083,Belciugatele,14.411901441190144
142612,Sag,14.41008706094266
104047,Letca Noua,14.382154388024656
163253,Danesti,14.375561545372866
108473,Poienile De Sub Munte,14.326089075138876
149316,Malini,14.28207090028054
27506,Boianu Mare,14.264264264264265
33177,Cosbuc,14.257620452310718
118209,Mica,14.243820695433598
33729,Magura Ilvei,14.23977951309141
153909,Rasmiresti,14.234875444839858
107270,Bistra,14.229974753270598
137443,Craidorolt,14.209591474245116
26338,Buciumi,14.18877236273905
151120,Volovat,14.183155314305726
29154,Dobresti,14.112903225806452
100344,Roscani,14.111610006414368
144731,Laslea,14.104709538608654
140440,Camar,14.101057579318448
64719,Poian,14.10039481105471
12938,Zadareni,14.094432699083862
71698,Cerat,14.091234774301409
10765,Ususau,14.084507042253522
179873,Agris,14.077897700610043
135244,Sangeru,14.07180227313729
151503,Capu Campului,14.061872237846524
40438,Municipiul Sacele,14.060290080146427
129656,Valea Mare,14.046461372231226
29813,Lazareni,14.023060143346838
103130,Ganeasa,14.018691588785046
142239,Nusfalau,14.012738853503185
115389,Band,14.00091310302846
118370,Mihesu De Campie,13.994402239104359
64906,Valea Crisului,13.991769547325102
178046,Tamboesti,13.990267639902676
113732,Tamna,13.935171160254468
41854,Sinca,13.911620294599018
25521,Stanisesti,13.909378292939937
61951,Ion Corvin,13.862332695984703
102641,Dragoesti,13.859275053304904
42183,Vama Buzaului,13.81449111925571
25932,Ungureni,13.782542113323125
23868,Oncesti,13.764213046080192
97777,Madarjac,13.73134328358209
146370,Oras Salcea,13.728668128515588
63688,Sita Buzaului,13.726695349313665
86311,Varsag,13.723150357995227
124331,Stanita,13.692377909630306
146708,Oras Solca,13.688212927756654
102945,Frumusani,13.682092555331993
136848,Oras Ardud,13.671089666264576
28497,Cherechiu,13.660104459622339
165130,Osesti,13.646922183507549
65869,Iedera,13.643254168772106
155261,Dumbravita,13.598950256471431
147134,Bosanci,13.598460551635664
141580,Ileanda,13.569078947368421
108491,Remetea Chioarului,13.551077136900625
116288,Craciunesti,13.54764638346728
25692,Tamasi,13.544018058690744
163967,Gherghesti,13.532763532763532
132379,Boldesti-Gradistea,13.528748590755356
41284,Jibert,13.528336380255942
176445,Homocea,13.513513513513514
16285,Davidesti,13.504823151125402
167240,Rafaila,13.493975903614459
149502,Moldova-Sulita,13.493975903614459
167277,Cozmesti,13.479359730412805
11423,Misca,13.467124372854503
61121,Castelu,13.463666543710808
74554,Urzicuta,13.447031813709414
34690,Sieu-Magherus,13.445007714348689
147713,Carlibaba,13.436692506459949
100273,Bals,13.424657534246576
26353,Odobesti,13.420089467263114
179944,Runcu Salvei,13.402829486224869
8014,Sugag,13.388259526261585
151567,Ciprian Porumbescu,13.376383763837639
15652,Cocu,13.367830961621388
84175,Corund,13.355848940743016
108696,Ruscova,13.340448239060832
27846,Budureasa,13.323464100666174
42472,Holbav,13.305322128851541
142122,Mirsid,13.294557540506855
11735,Pilu,13.284470911589557
144964,Merghindeal,13.282732447817837
137764,Halmeu,13.28095772540217
41541,Ormenis,13.257575757575758
86519,Santimbru,13.254113345521024
68468,Potlogi,13.233985765124554
99600,Trifesti,13.216957605985037
4482,Garbova,13.213780084945729
37770,Hudesti,13.212352753900031
151077,Vicovu De Jos,13.186139221097823
145998,Vurpar,13.17157712305026
104886,Sarulesti,13.171225937183385
42449,Sinca Noua,13.157894736842104
62253,Mihai Viteazu,13.154362416107382
71260,Breasta,13.151602104256337
119466,Sanpaul,13.142986630410151
29902,Lugasu De Jos,13.139885026006022
31565,Tarcea,13.100436681222707
84380,Darjiu,13.096351730589335
148328,Dragoiesti,13.092029264536004
86188,Tusnad,13.086642599277978
26346,Gioseni,13.085891030216512
121876,Bozieni,13.078470824949699
115708,Beica De Jos,13.051305130513052
132137,Aricestii Zeletin,13.05057096247961
122551,Farcasa,13.043478260869565
63580,Oras Intorsura Buzaului,13.023057216054655
74867,Carna,13.015184381778742
84825,Lupeni,13.014721570300832
99101,Siretel,13.010728144259302
83785,Atid,13.008130081300813
118058,Lunca Bradului,13.00578034682081
139170,Turt,13.00421432871764
120478,Chibed,12.987012987012987
97321,Gropnita,12.983180879315432
130026,Vladila,12.98076923076923
70897,Bistret,12.974976830398518
96254,Ciurea,12.974465148378192
63125,Valu Lui Traian,12.973780736313001
147161,Botosana,12.967200610221205
95159,Holboca,12.965202203412602
145471,Sadu,12.95133437990581
39417,Ungureni,12.948355410031255
12206,Seitin,12.940795858945325
115824,Bogata,12.933264355923436
156151,Brestovat,12.931034482758621
7099,Sasciori,12.930362984888612
114382,Sancraiu De Mures,12.925412071623384
36952,Cristinesti,12.921205979224728
144198,Biertan,12.919896640826874
144893,Marpod,12.917115177610334
176891,Naruja,12.906556530717605
164339,Iana,12.898686679174483
98916,Scanteia,12.896094325718497
116545,Deda,12.879484820607177
179686,Dumitrita,12.875536480686696
156035,Bogda,12.875536480686696
55838,Baciu,12.853708156093953
9495,Oras Curtici,12.849931161083065
140869,Cuzaplac,12.84296555750146
102838,Frasinet,12.84296555750146
39836,Vorniceni,12.840729894120297
179855,Gardani,12.830188679245284
55687,Apahida,12.828037226460971
33765,Mariselu,12.820512820512821
179463,Mogosoaia,12.820512820512821
63802,Batani,12.820512820512821
134336,Pacureti,12.814428096820123
49019,Robeasca,12.79707495429616
150356,Stulpicani,12.795275590551181
90725,Rachitova,12.781954887218046
136278,Batrani,12.778040700425935
146432,Scheia,12.776054024457018
59586,Sanpaul,12.758468983721952
140280,Bobota,12.756378189094548
158699,Sanmihaiu Roman,12.755817213344548
32768,Budesti,12.748597654258031
157317,Giulvaz,12.744793285669878
86453,Tomesti,12.743628185907047
111989,Grozesti,12.726382770435634
19999,Vladesti,12.721067328575861
33621,Maieru,12.700369913686806
162791,Bogdanita,12.698412698412698
9333,Livada,12.665515256188831
40704,Bunesti,12.653516933382955
73852,Radovan,12.648809523809524
52954,Goruia,12.642225031605562
139884,Oras Simleu Silvaniei,12.629161882893227
28665,Ciumeghiu,12.622415669205658
177263,Poiana Cristei,12.621709340064912
102419,Curcani,12.618873445501098
64826,Sanzieni,12.60953195127164
159464,Sandra,12.609117361784675
38376,Mitoc,12.598425196850394
120370,Zau De Campie,12.59748050389922
163486,Dragomiresti,12.594458438287154
117426,Hodac,12.594458438287154
29092,Diosig,12.593745578038773
103997,Joita,12.557077625570777
44560,Cazasu,12.547417566384594
17209,Micesti,12.543252595155709
34618,Sant,12.539184952978056
4703,Hoparta,12.531328320802006
40820,Cincu,12.518778167250876
32811,Caianu Mic,12.511584800741428
116171,Coroisanmartin,12.50822909809085
60945,Albesti,12.506652474720596
65113,Arcus,12.5
102160,Corbeanca,12.496236073471845
125016,Vanatori-Neamt,12.494268684089867
54305,Ticvaniu Mare,12.493753123438282
17101,Merisani,12.49192332543614
160225,Ciucurova,12.483281319661168
112548,Jiana,12.478485370051635
33202,Dumitra,12.470199889968825
85056,Meresti,12.463343108504398
64390,Haghig,12.462397937258272
63072,Topraisar,12.455516014234876
66401,Bilciuresti,12.452625879805089
103443,Gradistea,12.448132780082988
140823,Criseni,12.446773665247298
20055,Vulturesti,12.446657183499289
41177,Hoghiz,12.440191387559809
22665,Gaiceana,12.439530062197651
97919,Miroslava,12.429090445535088
18670,Schitu Golesti,12.413793103448276
94795,Vladeni,12.408088235294118
101458,Oras Budesti,12.406306539157406
86446,Cozmeni,12.389380530973451
30915,Oras Sacueni,12.37682301931415
139394,Viile Satu Mare,12.368421052631579
117550,Ibanesti,12.362957779332866
141312,Halmasd,12.360939431396787
54412,Turnu Ruieni,12.352772191898879
61210,Chirnogeni,12.342051131354687
100362,Ciohorani,12.339585389930898
95747,Aroneanu,12.329485834207764
157246,Giarmata,12.323456106341734
71518,Caraula,12.311358220810167
19249,Tigveni,12.303290414878397
141535,Horoatu Crasnei,12.302960399846214
160993,Nalbant,12.302284710017574
9832,Archis,12.297734627831716
103309,Gogosari,12.297372833985467
34173,Petru Rares,12.294009939837824
93539,Dragos Voda,12.286689419795222
33275,Galatii Bistritei,12.282091917591126
47578,Mihailesti,12.281530467642892
144152,Bazna,12.264150943396226
84754,Lunca De Sus,12.262773722627736
105829,Vasilati,12.26158038147139
53675,Racasdia,12.252591894439208
73996,Sadova,12.250973208152049
22166,Oras Darmanesti,12.248764972592543
98373,Oras Podu Iloaiei,12.233801540552786
67835,Ludesti,12.230634828188702
95088,Barnova,12.229987293519695
136964,Beltiug,12.209302325581396
143806,Oras Dumbraveni,12.204951065054692
140627,Crasna,12.198750371913121
6217,Pianu,12.184990307394074
131407,Oras Mizil,12.184772065955384
101840,Ciocanesti,12.181195279786829
10916,Graniceri,12.180746561886052
143646,Tarnava,12.180629827688652
21971,Corbasca,12.179831631739209
24766,Racaciuni,12.17329036877909
61620,Cumpana,12.166819044939869
30719,Remetea,12.156998957971519
165611,Pungesti,12.151748666271487
167231,Fruntiseni,12.143611404435058
83981,Ciucsangeorgiu,12.13206046141607
25362,Secuieni,12.131715771230503
10514,Covasint,12.127894156560089
77509,Varlezi,12.124151309408342
61005,Aliman,12.119113573407203
116126,Chiheru De Jos,12.11734693877551
177101,Paltin,12.106537530266344
120138,Vatava,12.090680100755668
32884,Cetate,12.089810017271157
62761,Poarta Alba,12.084592145015106
107083,Asuaju De Sus,12.084592145015106
37217,Durnesti,12.083847102342787
39975,Cosula,12.078830260648443
180028,Porumbesti,12.057272042200452
62057,Lipnita,12.055641421947449
133161,Filipestii De Padure,12.048192771084338
59283,Sacuieu,12.048192771084338
142952,Valcau De Jos,12.044471896232242
35090,Tiha Bargaului,12.040939193257074
44355,Unirea,12.033694344163658
72533,Giurgita,12.032085561497325
98113,Mogosesti,12.021036814425244
141232,Garbou,12.020342117429497
140244,Benesat,12.016021361815755
29662,Husasau De Tinca,12.012012012012011
133429,Gherghita,12.00600300150075
31011,Salard,12.00533570475767
61318,Cobadin,12.001263290872723
101742,Cernica,11.993422961601702
151022,Veresti,11.981690899299947
159491,Livezile,11.979463776383342
179285,Oras Chitila,11.975251147628235
27329,Balc,11.972463334331039
54109,Socol,11.970534069981584
41818,Sercaia,11.969904240766073
85467,Sacel,11.961722488038278
180037,Boghis,11.960478419136766
162327,Bacani,11.95862960568843
57644,Fizesu Gherlii,11.953679491968622
84923,Martinis,11.953551912568306
17049,Malureni,11.950490823730261
85127,Mugeni,11.944444444444445
159963,Casimcea,11.944260119442601
13999,Aninoasa,11.940298507462687
149049,Horodniceni,11.937059142702116
36907,Cristesti,11.924009700889249
64461,Lemnia,11.917098445595855
29467,Girisu De Cris,11.90784364483562
101902,Ciolpani,11.907085691977358
147884,Crucea,11.899095668729176
95872,Belcesti,11.898558276880319
21506,Blagesti,11.896979997385278
7044,Salistea,11.894647408666101
26653,Santandrei,11.875654907439749
146281,Ipotesti,11.875172604252969
8826,Vintu De Jos,11.872146118721462
101378,Bucsani,11.871893981225842
105142,Slobozia Moara,11.863568956994563
67648,Gura Sutii,11.862835959221501
31422,Soimi,11.862396204033216
29573,Holod,11.849080137199875
23127,Izvoru Berheciului,11.848341232227488
175439,Bordesti,11.844331641285956
10453,Conop,11.842105263157896
28246,Cefa,11.839323467230445
118799,Petelea,11.83821111476488
148694,Fratautii Vechi,11.837655016910936
111863,Gogosu,11.814744801512287
99539,Todiresti,11.811023622047244
115959,Ceuasu De Campie,11.809086435952107
149753,Paltinoasa,11.795979398571191
20670,Stefan Cel Mare,11.7937987445311
118094,Magherani,11.790714812085483
85341,Praid,11.786689665085525
151433,Comanesti,11.779554059739167
77402,Umbraresti,11.777595179402903
26699,Oras Alesd,11.777207119454529
61283,Ciocarlia,11.764705882352942
24089,Parincea,11.761697775504986
56988,Chinteni,11.757229107086113
174922,Oras Marasesti,11.755077747191429
17254,Mihaesti,11.753183153770813
30069,Magesti,11.751744399559309
145827,Oras Talmaciu,11.750305997552019
93209,Cocora,11.742602160638798
37850,Leorda,11.737089201877934
31789,Tinca,11.726696182840731
103014,Fundeni,11.711526607766592
149851,Poiana Stampei,11.703511053315994
167320,Puscasi,11.700680272108844
157424,Jebel,11.68289290681502
158109,Periam,11.680855276182934
140146,Balan,11.679211004412146
150294,Straja,11.667230300980723
37672,Hiliseu-Horia,11.660188784008884
155289,Ghiroda,11.655708308427974
159687,Oras Isaccea,11.651945123097162
125114,Ghindaoani,11.650485436893204
5577,Metes,11.64842922696788
57314,Catcau,11.647972389991372
105570,Tunari,11.636363636363637
149183,Izvoarele Sucevei,11.6331096196868
73665,Piscu Vechi,11.632133769538349
68182,Moroeni,11.630160883892227
52696,Dognecea,11.622501162250117
139358,Vetis,11.621472053126729
179481,Oras Otopeni,11.619414381515172
145765,Sura Mare,11.610076670317634
150258,Slatina,11.60507052312087
179775,Sabareni,11.600928074245939
100353,Valea Lupului,11.597340343281274
59130,Recea-Cristur,11.594202898550725
123709,Poienari,11.592434411226357
41248,Homorod,11.583011583011583
142337,Plopis,11.57854110382092
145275,Poiana Sibiului,11.560693641618498
53247,Maureni,11.556764106050306
23494,Motoseni,11.554015020219527
142881,Sarmasag,11.551155115511552
139107,Tiream,11.54639175257732
153696,Poeni,11.53715643026807
139214,Turulung,11.531365313653136
123371,Pastraveni,11.530912659470069
21418,Berzunti,11.528449237634808
144456,Chirpar,11.524358302776323
149370,Manastirea Humorului,11.521972132904608
96058,Braesti,11.51571739807034
24276,Pargaresti,11.49189411040427
146904,Baia,11.489645958583834
104715,Putineiu,11.48936170212766
150196,Satu Mare,11.486779367143477
165470,Puiesti,11.478050745066453
32179,Sannicolau Roman,11.47396293027361
34280,Rebrisoara,11.473429951690822
33845,Micestii De Campie,11.46384479717813
127386,Izvoarele,11.455713886560492
85680,Sancraieni,11.45475372279496
62440,Nicolae Balcescu,11.450381679389313
84264,Dealu,11.446663419386264
83375,Pauleni-Ciuc,11.446409989594173
123424,Petricani,11.437908496732026
98649,Probota,11.433129486838606
101822,Chiselet,11.428571428571429
168880,Bujoreni,11.42390860873113
104118,Mihai Bravu,11.42390860873113
11940,Secusigiu,11.422136422136422
103899,Izvoarele,11.42204454597373
158449,Sacosu Turcesc,11.417697431018079
155840,Bethausen,11.416339636104174
27212,Auseu,11.401743796109994
147580,Calafindesti,11.401743796109994
178545,Vizantea-Livezi,11.399466407955373
142373,Poiana Blenchii,11.391375101708705
33603,Lunca Ilvei,11.387473778843272
100317,Fantanele,11.385199240986717
42398,Vulcan,11.384062312762133
39168,Oras Stefanesti,11.381009002887719
78089,Turcinesti,11.374407582938389
83151,Bradesti,11.369253583786456
179819,Ograda,11.363636363636363
35429,Zagra,11.360487669714603
111916,Greci,11.3544201135442
147660,Ilisesti,11.351909184726523
104421,Nuci,11.347517730496454
36202,Avrameni,11.337284205101778
30149,Nojorid,11.336182865638357
62137,Mereni,11.331444759206798
40955,Feldioara,11.32991637442676
105712,Valea Argovei,11.326860841423947
43732,Ramnicelu,11.324470704086657
37459,Gorbanesti,11.318619128466327
157923,Nitchidorf,11.316259678379987
93370,Dor Marunt,11.308562197092083
151460,Serbauti,11.308068459657703
60883,Adamclisi,11.306532663316583
138039,Oras Livada,11.30636153112655
68002,Manesti,11.30484767196781
147241,Brodina,11.295180722891565
26742,Astileu,11.287288363343187
56666,Caseiu,11.285266457680251
142676,Sanmihaiu Almasului,11.282660332541568
119527,Sanpetru De Campie,11.279520620373635
96147,Ceplenita,11.276499774470004
123914,Raucesti,11.276447337828412
164197,Hoceni,11.271574498062698
79736,Calnic,11.27141568981064
115637,Balauseri,11.27089001165954
95060,Municipiul Iasi,11.268551547980799
109265,Oras Ulmeni,11.2463614712887
29001,Curtuiseni,11.241568823382464
137844,Hodod,11.239669421487603
63937,Borosneu Mare,11.229135053110774
41667,Prejmer,11.226611226611226
104225,Marsa,11.223750905141202
140324,Bocsa,11.219792865362486
148667,Fratautii Noi,11.214953271028037
143487,Cristian,11.20915812067732
136768,Andrid,11.198208286674133
133722,Iordacheanu,11.187768040275966
32483,Oras Beclean,11.187677340899878
104582,Petrachioaia,11.185006045949214
24034,Parava,11.179758752574287
158733,Sanpetru Mare,11.16382919341334
30274,Osorhei,11.158420202613419
115575,Bagaciu,11.158137745286648
87996,Baru,11.155091759625765
42076,Ticusu,11.152416356877323
121297,Bicaz-Chei,11.149228130360205
145667,Seica Mare,11.134453781512605
96717,Dagata,11.131349929164136
60801,Oras Harsova,11.129908289555694
98220,Motca,11.129355956942163
63152,Lumina,11.120535293563284
149290,Marginea,11.120151885001356
32161,Paleu,11.119081779053085
61871,Independenta,11.118378024852845
105972,Vanatorii Mici,11.118238186871926
140379,Buciumi,11.115369873514757
65501,Ulmi,11.108592155973701
74028,Salcuta,11.100832562442184
84415,Frumoasa,11.099365750528541
157004,Foeni,11.098779134295228
90663,Rapoltu Mare,11.094301563287948
165416,Pogana,11.081162024558251
101190,Oras Bolintin-Vale,11.081140191003863
115851,Breaza,11.0803324099723
148006,Oras Dolhasca,11.077191452245966
148202,Dorna Candrenilor,11.071312276131554
147036,Bilca,11.056826947801492
24187,Pancesti,11.055956678700362
153776,Vitanesti,11.055634807417974
104635,Plataresti,11.048158640226628
177469,Reghiu,11.045029736618522
155083,Beciu,11.042944785276074
134648,Posesti,11.041405269761606
115520,Batos,11.040638947615692
137611,Doba,11.040481766477082
71457,Calopar,11.0397946084724
125141,Pancesti,11.03896103896104
73772,Predesti,11.031175059952039
14922,Bughea De Jos,11.028219266947778
179347,Glina,11.01212571145756
76692,Matca,11.003029819805453
23207,Lipova,11.00282929896259
72276,Farcas,10.999521759923482
119242,Oras Sarmasu,10.996659242761693
137675,Dorolt,10.994380649890056
27560,Borod,10.991756182862852
101145,Berceni,10.98335335507122
41621,Poiana Marului,10.982487384980706
33541,Livezile,10.978239560870417
157736,Manastiur,10.97631426920855
160528,Horia,10.973936899862826
39658,Viisoara,10.972568578553616
31262,Suplacu De Barcau,10.97213078779899
74073,Scaesti,10.968049594659037
91688,Turdas,10.9628217349857
70502,Oras Segarcea,10.961634280019931
145603,Slimnic,10.958205912334353
104270,Movilita,10.954616588419405
57225,Ciurila,10.951403148528405
139811,Oras Jibou,10.950430494023239
148293,Dornesti,10.950413223140496
153151,Lunca,10.938399539435808
17851,Pietrosani,10.934744268077601
122828,Garcina,10.926750303520842
94456,Sfantu Gheorghe,10.926118626430801
133214,Filipestii De Targ,10.925681354304238
37618,Hanesti,10.923987255348202
12643,Vinga,10.923390620448588
61808,Garliciu,10.919540229885058
108204,Ieud,10.91901728844404
44505,Viziru,10.918037828694448
43563,Maxineni,10.910134941142694
95293,Tomesti,10.90778614998206
177352,Pufesti,10.904872389791183
96423,Costuleni,10.897203051216854
161856,Oras Negresti,10.88929219600726
135501,Soimari,10.886967659301954
177600,Sihlea,10.871602624179944
161525,I.c.bratianu,10.869565217391305
100834,Afumati,10.864072764022234
40394,Oras Rupea,10.86075538985249
33514,Lesu,10.858500169664065
158181,Pischia,10.855683269476373
131835,Gura Vitioarei,10.85347804637395
30229,Olcea,10.849909584086799
99370,Sipote,10.847204039648402
15108,Calinesti,10.84326552558473
99780,Tibanesti,10.836845273931367
147465,Bunesti,10.834236186348862
21098,Ardeoani,10.830324909747292
85788,Sanmartin,10.828821324448146
147786,Cornu Luncii,10.826904858573556
97241,Grajduri,10.821738613390416
58534,Marisel,10.821133036282623
118281,Oras Miercurea Nirajului,10.809040288241075
176686,Mera,10.804321728691477
179310,Dobroesti,10.803511141120865
21338,Beresti-Tazlau,10.801393728222996
145202,Orlat,10.797840431913617
33122,Chiuza,10.796221322537113
56522,Camarasu,10.795250089960417
32195,Gepiu,10.793308148947652
151585,Poieni-Solca,10.787992495309568
159525,Otelec,10.787486515641856
38982,Suharau,10.78452104038909
178117,Tulnici,10.783608914450037
175509,Chiojdeni,10.782747603833865
31878,Tetchea,10.779180782260548
133330,Floresti,10.76767164935394
38544,Pomarla,10.760667903525047
13276,Bradu,10.75965776510241
160831,Mihai Bravu,10.756676557863502
44863,Amaru,10.75268817204301
119894,Oras Ungheni,10.751260950358375
71910,Cotofenii Din Dos,10.748065348237317
141134,Galgau,10.717230008244023
62397,Oras Negru Voda,10.715520221223644
92177,Zam,10.714285714285714
144303,Blajel,10.712814173877215
144599,Gura Raului,10.712372790573111
34333,Rodna,10.699333229958134
29403,Finis,10.693720866465588
39122,Sendriceni,10.686297791498456
100638,Mitreni,10.686297791498456
111275,Corcova,10.682004930156122
156801,Oras Faget,10.68178821047079
77126,Scanteiesti,10.680379746835444
178750,Vrancioaia,10.67995728017088
58794,Palatca,10.676156583629894
60062,Viisoara,10.668444740790132
103862,Ion Roata,10.666666666666666
150935,Vama,10.664081434803684
100576,Oras Buftea,10.662811186915466
62707,Pestera,10.662177328843995
77028,Priponesti,10.657193605683837
74750,Varvoru De Jos,10.655090765588003
101957,Ciorogarla,10.654751675545626
151497,Cosna,10.652463382157125
95499,Ion Neculce,10.651090877856038
158608,Secas,10.638297872340425
28816,Copacel,10.638297872340425
27383,Batar,10.630758327427356
179631,Treznea,10.628019323671497
155546,Balint,10.618363522798251
158564,Sacalaz,10.617426428159261
155528,Oras Sannicolau Mare,10.614411104307
162194,Banca,10.612803834303321
39942,Lozna,10.612638687891945
31379,Sinteu,10.610079575596817
116395,Cucerdea,10.608203677510609
102035,Clinceni,10.606769614724692
99879,Tiganasi,10.605115408608858
136642,Oras Tasnad,10.604787904241915
143520,Rasinari,10.603163566834695
110456,Balta,10.597302504816955
83749,Oras Vlahita,10.589619558112172
147054,Bogdanesti,10.579466217840826
40928,Dumbravita,10.576923076923077
68627,Oras Racari,10.576333537706928
131899,Adunati,10.566762728146013
30844,Rosia,10.564811052417717
12812,Zarand,10.564663023679417
74536,Unirea,10.562450488513335
62360,Oras Murfatlar,10.558846252897244
73102,Melinesti,10.555415933651672
56014,Belis,10.550113036925396
89240,Certeju De Sus,10.54713249835201
149968,Preutesti,10.54407423028258
95355,Oras Harlau,10.539866441387078
40214,Oras Ghimbav,10.53864168618267
31333,Simian,10.536633178142612
152467,Calmatuiu De Sus,10.53595968850206
62949,Silistea,10.533245556287032
106620,Sarasau,10.530137981118374
103087,Gaiseni,10.528226538391722
167268,Ciocani,10.526315789473685
154665,Tatarastii De Sus,10.51939513477975
145104,Mosna,10.517799352750808
136802,Apa,10.514865844815084
89954,Lapugiu De Jos,10.51156271899089
137229,Calinesti-Oas,10.509926041261192
13301,Oras Mioveni,10.503776150930292
126326,Corbu,10.50328227571116
145792,Sura Mica,10.498687664041995
98505,Popricani,10.498370942439966
158396,Remetea Mare,10.493587252234745
70316,Municipiul Bailesti,10.491606714628297
162595,Bogdana,10.487353485502776
68789,Salcioara,10.477894198824432
4240,Daia Romana,10.476190476190476
66198,Baleni,10.474780826596835
163903,Gagesti,10.468594217347956
102348,Crevedia Mare,10.463684858432499
63045,Topalu,10.462555066079295
148970,Granicesti,10.455431508063088
151905,Oras Videle,10.454738631534212
114417,Sangeorgiu De Mures,10.45467994871289
39266,Todireni,10.45392022008253
99058,Sinesti,10.452961672473867
61167,Cerchezu,10.445682451253482
155591,Banloc,10.443864229765014
179622,Grosii Tiblesului,10.441385856668248
115771,Bichis,10.440835266821345
114603,Albesti,10.440456769983687
106817,Oras Targu Lapus,10.439518874347531
62020,Istria,10.432766615146832
150310,Stroiesti,10.429082240762813
119590,Solovastru,10.427528675703858
76175,Draguseni,10.42556827892668
74907,Ghidici,10.42535446205171
14851,Budeasa,10.416666666666666
90431,Pestisu Mic,10.416666666666666
41925,Sanpetru,10.414858531504947
146995,Balcauti,10.413379615020512
158314,Oras Recas,10.394792104157917
105455,Tamadau Mare,10.391686650679457
63189,Tortoman,10.38961038961039
22718,Ghimes-Faget,10.386965376782078
81987,Schela,10.3866128101558
179551,Oras Voluntari,10.38659857400143
165719,Rebricea,10.372340425531915
41578,Parau,10.36970243462579
100004,Victoria,10.366122629025144
146263,Municipiul Suceava,10.362916359522055
121732,Borlesti,10.359983256592717
156473,Costeiu,10.357327809425168
72640,Goicea,10.356731875719218
111550,Darvari,10.356731875719218
57582,Feleacu,10.355815188528943
131817,Oras Valenii De Munte,10.346345758732022
10346,Carand,10.344827586206897
112245,Eselnita,10.334137099552187
142284,Pericei,10.330578512396695
151709,Ciuperceni,10.32258064516129
176551,Jitia,10.321797207043108
33337,Ilva Mare,10.317460317460318
104083,Luica,10.314111579934364
88047,Bacia,10.303687635574837
33658,Matei,10.301411674933231
124028,Rediu,10.299797682545522
105259,Spantov,10.298444724674233
105026,Sinesti,10.2979036410445
96192,Ciortesti,10.297215071378423
138574,Piscolt,10.29641185647426
67773,Lucieni,10.295582862836268
84558,Joseni,10.29336078229542
161133,Pardina,10.291595197255575
97679,Letcani,10.287797890350307
20359,Letea Veche,10.285383166739098
100969,Balotesti,10.284331518451301
95612,Alexandru I. Cuza,10.28101439342015
179515,Oras Pantelimon,10.275885178152574
130892,Targsoru Vechi,10.271962433965955
128962,Spineni,10.27190332326284
54975,Municipiul Cluj-Napoca,10.26975981311895
178894,Ploscuteni,10.26438569206843
146628,Municipiul Radauti,10.262738134649531
46313,Cislau,10.261780104712042
14405,Berevoesti,10.259333143345682
116590,Eremitu,10.251403465950697
124206,Sabaoani,10.250378087716351
33382,Josenii Bargaului,10.245901639344263
56425,Calarasi,10.245901639344263
56210,Bontida,10.245901639344263
146931,Oras Milisauti,10.245151847786316
97063,Focuri,10.24390243902439
34397,Salva,10.243730130695868
66474,Bucsani,10.240876965238714
105384,Soldanu,10.236911377595789
141447,Hida,10.23391812865497
149227,Oras Liteni,10.23264793899025
31510,Suncuius,10.232558139534884
55160,Mica,10.232300884955752
138084,Mediesu Aurit,10.229431535876078
17824,Oarja,10.229276895943563
94376,Saveni,10.215664018161181
155957,Barna,10.21059349074665
52990,Gradinari,10.204081632653061
37057,Dangeni,10.200723922342876
127625,Morunglav,10.199918400652795
103032,Oras Fundulea,10.199556541019955
179748,Cosoba,10.196374622356496
80365,Glogova,10.193679918450561
133688,Gura Vadului,10.190518387239699
177726,Slobozia Ciorasti,10.184287099903006
91982,Vetel,10.179010179010179
79157,Borascu,10.176593834181382
147937,Darmanesti,10.174665083940987
32394,Municipiul Bistrita,10.169672964727292
42101,Ucea,10.169491525423728
68976,Uliesti,10.167029774872912
114060,Branistea,10.165864098448369
30773,Rieni,10.163934426229508
64194,Cernat,10.163609320773427
179702,Traian,10.163227594702803
72034,Desa,10.16260162601626
143851,Oras Ocna Sibiului,10.156971375807942
100148,Vladeni,10.153429602888087
12340,Simand,10.151139183397248
12037,Semlac,10.151085930122758
21757,Caiuti,10.14760147601476
142499,Rus,10.14760147601476
152797,Dracsenei,10.146561443066517
75258,Munteni,10.145113650956723
160047,Ceatalchioi,10.144927536231885
27908,Buduslau,10.144927536231885
131620,Oras Urlati,10.142685232937941
34770,Sieu-Odorhei,10.139416983523448
146584,Oras Gura Humorului,10.132364999414314
179409,Oras Magurele,10.130246020260492
152038,Babaita,10.12829169480081
102213,Cornetu,10.127016821146585
85626,Siculeni,10.118632240055828
96370,Comarna,10.117145899893504
123013,Icusesti,10.109345987208583
70879,Oras Bechet,10.10797151389846
109354,Valea Chioarului,10.105871029836381
47630,Manzalesti,10.1010101010101
27285,Avram Iancu,10.1010101010101
179383,Jilava,10.099067038568817
157683,Masloc,10.096930533117932
22380,Dofteana,10.083141694675394
3958,Cetatea De Balta,10.078740157480315
71723,Cernatesti,10.078387458006718
63893,Bodoc,10.077519379844961
149539,Moldovita,10.074130393461319
50969,Oras Bocsa,10.073068893528184
118753,Pasareni,10.072747621712367
157585,Margina,10.065645514223196
21123,Asau,10.064299692479732
65048,Zabala,10.061601642710473
25745,Tatarasti,10.060362173038229
41471,Moieciu,10.059931506849315
150524,Todiresti,10.05586592178771
104831,Roata De Jos,10.053369740598237
93101,Ciochina,10.050251256281408
116652,Ernei,10.050251256281408
159482,Valcani,10.050251256281408
159507,Pesac,10.048055919615553
162069,Alexandru Vlahuta,10.043942247332078
70744,Argetoaia,10.039284155390659
70940,Barca,10.039177277179236
159213,Varias,10.037641154328734
107662,Cicarlau,10.033444816053512
37173,Draguseni,10.033444816053512
132271,Baltesti,10.029031406703616
104243,Moara Vlasiei,10.025873221216042
108455,Petrova,10.02004008016032
4008,Ciuruleasa,10.01669449081803
158010,Ortisoara,10.015240583496626
23289,Livezi,10.00893655049151
151157,Vulturesti,10.008340283569641
92587,Modelu,10.00566358316028
81415,Prigoria,10.003334444814937
30014,Madaras,10.0
178947,Obrejita,10.0
41088,Harman,9.99516363050137
84629,Lueta,9.991898460707535
116493,Danes,9.989484752891693
100086,Vanatori,9.989373007438894
70110,Podari,9.988073941562314
159384,Dudestii Noi,9.987893462469733
60687,Oras Ovidiu,9.98719590268886
73068,Malu Mare,9.986382206082615
70414,Oras Filiasi,9.978849178371929
21891,Colonesti,9.97830802603037
12091,Oras Santana,9.97697620874904
120343,Zagar,9.969325153374234
79077,Bolbosi,9.96376811594203
138734,Santau,9.950248756218905
62672,Pecineaga,9.94733762434172
108552,Remeti,9.94715573515698
97517,Horlesti,9.945460378569138
4142,Cricau,9.943181818181818
119661,Suplac,9.93091537132988
143502,Poplaca,9.917355371900827
32544,Oras Nasaud,9.91105463786531
55623,Alunis,9.90916597853014
6048,Noslac,9.906439185470555
61452,Comana,9.905894006934126
9743,Almas,9.904761904761905
164749,Lunca Banului,9.898341359015516
85840,Sansimion,9.898267803134452
103764,Ileana,9.897927621404268
135949,Valea Calugareasca,9.889204285321856
154380,Smardioasa,9.88875154511743
22237,Dealu Morii,9.887005649717514
118824,Pogaceaua,9.881422924901186
103372,Gostinari,9.875483039931302
165274,Perieni,9.869298479594558
179864,Oncesti,9.868421052631579
65105,Mereni,9.863429438543248
36300,Baluseni,9.861932938856016
118995,Raciu,9.857612267250822
111006,Butoiesti,9.85525100092393
85920,Suseni,9.854083759711958
61513,Corbu,9.853782581055308
97009,Erbiceni,9.849663037843442
112334,Ilovita,9.848484848484848
8096,Oras Teius,9.841734273174625
11584,Oras Pecica,9.841404701217785
106746,Oras Borsa,9.839028144975067
123521,Pipirig,9.829909432295118
97811,Mircesti,9.828629032258064
178279,Urechesti,9.825327510917031
18028,Poiana Lacului,9.823484267075978
42464,Sambata De Sus,9.82318271119843
117827,Oras Iernut,9.820971867007673
139704,Municipiul Zalau,9.820060981719799
36569,Copalau,9.810631987223363
107582,Cernesti,9.8065922092073
72506,Giubega,9.803921568627452
63334,Fantanele,9.803921568627452
156311,Cheveresu Mare,9.799554565701559
105874,Varasti,9.79564262793447
117667,Iclanzel,9.794776119402986
22111,Damienesti,9.793814432989691
71885,Cosoveni,9.791921664626683
18331,Ratesti,9.7911227154047
150588,Udesti,9.786700125470514
9397,Vladimirescu,9.782776151594515
116723,Faragau,9.781357882623706
141722,Ip,9.78059740946339
24837,Rachitoasa,9.777958851089835
177557,Ruginesti,9.776536312849162
106684,Oras Baia Sprie,9.771224621145633
103407,Gradinari,9.770992366412214
115147,Alunis,9.766855702583491
145499,Oras Saliste,9.765953864286917
93067,Oras Cazanesti,9.765625
142177,Napradea,9.764918625678119
107350,Bocicoiu Mare,9.760425909494232
31716,Tileagd,9.75816716164616
60632,Limanu,9.757584997713066
108945,Sapanta,9.754562617998742
76745,Movileni,9.75177304964539
109176,Oras Somcuta Mare,9.751218902362796
82895,Oras Rovinari,9.735031474161909
77224,Smardan,9.73323720259553
112469,Izvoru Barzii,9.72972972972973
177405,Racoasa,9.729401033748859
143735,Oras Cisnadie,9.723299715541764
156213,Carpinis,9.720749381406858
117275,Grebenisu De Campie,9.719839908519154
28077,Cabesti,9.713977334052887
94651,Unirea,9.712230215827338
28889,Cristioru De Jos,9.70873786407767
144410,Bruiu,9.70873786407767
166672,Vetrisoaia,9.70873786407767
60570,Agigea,9.701398513292176
83847,Avramesti,9.694793536804308
108669,Rozavlea,9.690528290090654
27436,Biharia,9.68686641135391
10293,Buteni,9.685940710302319
66857,Corbii Mari,9.669021941242097
159847,Beidaud,9.66183574879227
95239,Rediu,9.661044702800066
131069,Oras Boldesti-Scaeni,9.660169052958427
155243,Municipiul Timisoara,9.654572191710933
13392,Oras Stefanesti,9.646935293345583
153623,Plopii-Slavitesti,9.646302250803858
146799,Adancata,9.644087256027554
62486,Oltina,9.640341119762699
178475,Vintileasca,9.63855421686747
34155,Parva,9.637625289128758
101056,Barcanesti,9.636563876651982
39220,Stiubieni,9.635974304068522
109826,Simian,9.632224168126095
123601,Pangarati,9.62936046511628
163734,Dumesti,9.622886866059819
12144,Sagu,9.61769656167348
102286,Crevedia,9.617035892151812
120511,Bereni,9.615384615384615
77587,Poiana,9.615384615384615
142079,Mesesenii De Jos,9.615384615384615
128301,Poboru,9.610520991401113
137540,Culciu,9.608455440787893
178689,Vartescoiu,9.607233681831026
53489,Coronini,9.605662285136502
9459,Oras Chisineu-Cris,9.600568922602822
9654,Oras Pancota,9.598818606940684
108794,Sacalaseni,9.598603839441536
147072,Boroaia,9.595327492699207
83197,Feliceni,9.5952023988006
75515,Barcea,9.594552770040234
33435,Lechinta,9.593859929645028
33989,Nimigea,9.59232613908873
126228,Colonesti,9.59232613908873
100852,Alexeni,9.587328053355565
162693,Bogdanesti,9.586578789694428
83561,Municipiul Gheorgheni,9.585143028306126
22781,Garleni,9.580163426317272
90878,Rau De Mori,9.57972805933251
46251,Cilibia,9.579563597658328
144054,Oras Avrig,9.569988516013781
150178,Sadova,9.569377990430622
107715,Campulung La Tisa,9.56175298804781
135164,Scorteni,9.560229445506693
147526,Cacica,9.558488848429677
123969,Razboieni,9.552757273122015
32201,Toboliu,9.541984732824428
34547,Spermezeu,9.536423841059603
166413,Todiresti,9.53232052427763
37734,Hlipiceni,9.526401741970604
74891,Galiciuica,9.523809523809524
65154,Estelnic,9.523809523809524
74224,Silistea Crucii,9.523809523809524
133508,Gorgota,9.520108801243444
146021,Boita,9.518143961927423
42307,Voila,9.51776649746193
119625,Stanceni,9.51086956521739
72383,Galicea Mare,9.509875640087783
159142,Uivar,9.508196721311476
40492,Oras Zarnesti,9.49984980474617
77260,Smulti,9.49796472184532
58259,Jucu,9.49293818013429
129095,Stoenesti,9.490940465918895
10373,Cermei,9.489051094890511
96334,Coarnele Caprei,9.48642459928034
57083,Chiuiesti,9.486166007905139
85074,Mihaileni,9.485589201021526
161151,Peceneaga,9.481316229782488
155760,Becicherecu Mic,9.475679090334808
141081,Fildu De Jos,9.475218658892128
84237,Danesti,9.472259810554803
78604,Aninoasa,9.470181725108779
64238,Chichis,9.469696969696969
12368,Siria,9.468237366508863
70094,Isalnita,9.466865969108122
36756,Corni,9.46605531726076
166985,Vulturesti,9.45945945945946
137746,Gherta Mica,9.456903539583896
95943,Bivolari,9.455719557195572
121652,Borca,9.453781512605042
154166,Sfintesti,9.450171821305842
122249,Damuc,9.44933202997719
108222,Lapus,9.449244060475163
98774,Ruginoasa,9.448574969021065
108240,Leordina,9.44558521560575
30871,Sacadat,9.444444444444445
130785,Bucov,9.443207126948774
120824,Savinesti,9.44231336677486
35731,Municipiul Botosani,9.441898834464565
53103,Lapusnicu Mare,9.43952802359882
1017,Municipiul Alba Iulia,9.436883270734892
36426,Broscauti,9.436659994280813
172509,Racovita,9.433962264150944
31208,Spinus,9.433962264150944
120316,Voivodeni,9.433962264150944
18162,Popesti,9.433962264150944
64425,Ilieni,9.433962264150944
67906,Lunguletu,9.432251042989298
133018,Draganesti,9.432027885995488
160877,Mihail Kogalniceanu,9.431092181320352
102570,Domnesti,9.42951438000943
94492,Stelnica,9.429020429544265
152948,Furculesti,9.422850412249705
75668,Baleni,9.422367882015568
175126,Andreiasu De Jos,9.419152276295133
136250,Olari,9.419152276295133
33248,Feldru,9.417378201908589
40633,Bran,9.416195856873824
62191,Mihail Kogalniceanu,9.415647447097651
166057,Stefan Cel Mare,9.4151212553495
119386,Sanger,9.414654113794516
105776,Valea Dragului,9.410944579993028
2130,Albac,9.407337723424272
105623,Ulmi,9.406073636119324
175670,Campuri,9.404388714733543
58142,Iclod,9.399358092618066
41346,Lisa,9.39745715865119
58552,Mintiu Gherlii,9.397024275646045
179980,Marculesti,9.39261114589856
95471,Oras Targu Frumos,9.388062769821147
85984,Simonesti,9.386098427194318
50068,Valea Salciei,9.383378016085791
165899,Solesti,9.382329945269742
105534,Tartasesti,9.378663540445487
59942,Vad,9.378084896347483
60507,Oras Navodari,9.378073057827454
122061,Candesti,9.376465072667605
77579,Negrilesti,9.3713393205779
143450,Municipiul Sibiu,9.365434424299506
12055,Sintea Mare,9.365244536940686
27631,Bors,9.359251259899208
56461,Calatele,9.35720097640358
74705,Verbita,9.353078721745907
53755,Sacu,9.351620947630924
121153,Bahna,9.351090960612071
132075,Aricestii Rahtivani,9.350393700787402
179588,Copaceni,9.349289454001497
34985,Teaca,9.348971613122556
63170,Vulturu,9.345794392523365
158528,Satchinez,9.345794392523365
55446,Oras Huedin,9.343853820598007
49545,Smeeni,9.342977697408077
179711,Vladeni,9.33932895191975
81861,Scoarta,9.337676438653638
94330,Salcioara,9.337483325922632
46910,Glodeanu-Silistea,9.33582288610296
14049,Arefu,9.334415584415584
20297,Municipiul Bacau,9.328036805464071
151512,Hantesti,9.326947315351651
162498,Berezeni,9.32582086652419
30988,Salacea,9.321761491481839
13187,Bascov,9.312933574075833
63294,Baraganu,9.31098696461825
57350,Cojocna,9.310097875387921
67121,Costestii Din Vale,9.30888575458392
86366,Zetea,9.308510638297872
71572,Castranova,9.30809804529941
38580,Prajeni,9.305030532131434
60847,Municipiul Medgidia,9.304645816162756
43466,Jirlau,9.296560272699102
149780,Partestii De Jos,9.295673936360386
87638,Municipiul Orastie,9.292857775024338
61372,Cogealac,9.289031797070383
63447,Oras Baraolt,9.28891736066624
105605,Ulmeni,9.279368213228036
49484,Siriu,9.279307145066502
10051,Barsa,9.269356597600872
108963,Oras Seini,9.2660072878709
152617,Crangeni,9.25925925925926
73905,Rast,9.256661991584853
134443,Podenii Noi,9.253547193090684
66768,Contesti,9.246417013407305
13819,Albestii De Arges,9.245501073138517
175885,Cotesti,9.244042728019721
80043,Danciulesti,9.24124513618677
164133,Grivita,9.23913043478261
27686,Bratca,9.236947791164658
41738,Recea,9.236453201970443
157086,Oras Gataia,9.236453201970443
160323,Dorobantu,9.234828496042216
62609,Pantelimon,9.234111895708853
58856,Panticeu,9.232544720138488
102543,1 Decembrie,9.231536926147704
137032,Berveni,9.229098805646037
107190,Basesti,9.226401703335698
93156,Ciulnita,9.222133119486768
104341,Nicolae Balcescu,9.21942224953903
124803,Tibucani,9.21435499515034
3805,Cergau,9.213759213759214
35152,Tarlisua,9.20863309352518
87424,Oras Calan,9.207965264261118
20411,Magura,9.20666013712047
67256,Darmanesti,9.206219312602292
75542,Balabanesti,9.205426356589147
40367,Oras Rasnov,9.201241885407846
25148,Sanduleni,9.197860962566844
108017,Oras Dragomiresti,9.196811771919068
132486,Carbunesti,9.190120620333142
121938,Brusturi,9.185700099304865
130552,Barcanesti,9.178096318449004
74242,Sopot,9.169054441260744
126406,Crampoia,9.166666666666666
24524,Podu Turcului,9.165366614664586
97189,Gorban,9.162303664921465
9280,Fantanele,9.15948275862069
106318,Municipiul Baia Mare,9.155020047735924
31841,Tulca,9.154155986818015
169351,Daesti,9.15032679738562
174860,Municipiul Adjud,9.149754222027546
112879,Patulele,9.14716168953457
73567,Ostroveni,9.14694770332074
96478,Cotnari,9.146723468237063
9026,Bucerdea Granoasa,9.14380714879468
12288,Silindia,9.142857142857142
167071,Zapodeni,9.140767824497258
94125,Alexandru Odobescu,9.137426900584796
179132,Municipiul Bucuresti,9.136855431743111
96815,Deleni,9.13155141253686
172698,Rosiile,9.123363744545815
82243,Stejari,9.12106135986733
137185,Botiz,9.11695754102631
94107,Munteni-Buzau,9.116809116809117
66955,Cornatelu,9.1164095371669
13524,Valea Mare Pravat,9.1164095371669
14584,Bogati,9.113136252500556
43073,Dudesti,9.103078982597054
105295,Stanesti,9.097801364670204
92569,Municipiul Calarasi,9.095002251238181
91535,Toplita,9.090909090909092
157451,Lenauheim,9.088060169225948
9360,Sofronea,9.087604507451836
73709,Plenita,9.083044982698961
80506,Hurezani,9.079903147699758
143922,Apoldu De Jos,9.07715582450832
104136,Oras Mihailesti,9.072978303747535
43019,Ciresu,9.067357512953368
158653,Sanandrei,9.06035364606167
77536,Vladesti,9.055627425614489
39983,Blandesti,9.051929490233444
112263,Ilovat,9.046052631578947
73031,Maglavit,9.04121110176619
49849,Tintesti,9.038800705467372
60598,23-Aug,9.038762384842691
144535,Cartisoara,9.036144578313253
163618,Dranceni,9.029819403611928
28335,Ceica,9.026798307475318
82680,Tantareni,9.024951336046717
102473,Dascalu,9.02464422075668
104387,Niculesti,9.019426456984274
146539,Municipiul Falticeni,9.015563709983551
97090,Golaiesti,9.011264080100124
44532,Zavoaia,9.00900900900901
40241,Municipiul Codlea,9.007282483710235
124117,Oras Roznov,9.005519511958942
48744,Oras Pogoanele,9.00304514762346
142710,Somes-Odorhei,9.002520705797624
74581,Valea Stanciului,9.0023883887562
139287,Valea Vinului,8.995502248875562
58623,Mociu,8.992805755395683
36532,Concesti,8.98995240613432
38321,Mileanca,8.989572096368214
62823,Saraiu,8.98876404494382
11539,Paulis,8.986175115207374
140672,Creaca,8.983111749910169
64871,Turia,8.981267641775725
83525,Oras Cristuru Secuiesc,8.980649939820387
159473,Tomnatic,8.980454305335446
68128,Mogosani,8.979967764218282
36373,Braesti,8.979206049149338
65413,Doicesti,8.978910002088119
63777,Aita Mare,8.976660682226212
66081,Oras Titu,8.97596757069781
98685,Raducaneni,8.97491349480969
133795,Izvoarele,8.973975471133713
16427,Dobresti,8.9736399326977
144553,Darlos,8.9736399326977
167035,Vutcani,8.97308075772682
151344,Zvoristea,8.97226753670473
71787,Cetate,8.971072867081656
150980,Vatra Moldovitei,8.966599417171038
117505,Hodosa,8.964955175224123
143147,Zimbor,8.96414342629482
130348,Ipotesti,8.962868117797695
161053,Nufaru,8.955223880597014
137960,Lazuri,8.951406649616368
77475,Valea Marului,8.947939262472884
93888,Oras Lehliu Gara,8.940545373267769
25629,Strugari,8.938981733385154
75711,Branistea,8.93880357552143
38456,Nicseni,8.938547486033519
179720,Poiana Ilvei,8.934269304403319
23975,Palanca,8.93371757925072
163208,Cretesti,8.93355667225014
127171,Gradinari,8.932196508323184
117783,Ideciu De Jos,8.924377642085487
25825,Targu Trotus,8.923884514435695
145293,Porumbacu De Jos,8.923076923076923
132164,Baba Ana,8.922112370388232
102909,Fratesti,8.921791951404707
76004,Corni,8.920606601248885
47818,Murgesti,8.918617614269788
99290,Scheia,8.9179548156956
35946,Oras Darabani,8.911819887429644
131461,Dumbravesti,8.911693221712126
72677,Goiesti,8.910891089108912
147358,Oras Brosteni,8.910738976801351
178965,Spulber,8.908685968819599
92701,Municipiul Fetesti,8.90849820143885
93021,Bucu,8.906882591093117
93487,Dragalina,8.90614295501256
105106,Singureni,8.905013192612138
144795,Loamnes,8.904109589041095
143771,Oras Copsa Mica,8.900609856601285
173374,Stoilesti,8.898194190002616
101341,Brezoaele,8.893829905503058
64318,Ghelinta,8.892325536439204
76040,Cosmesti,8.89020595643799
158065,Peciu Nou,8.884859474161377
47774,Movila Banului,8.883738895326381
171325,Mihaesti,8.878366380585971
7945,Spring,8.876881512929371
37280,Oras Flamanzi,8.875491919953111
23449,Manastirea Casin,8.873596522998913
16454,Domnesti,8.871989860583016
163057,Coroiesti,8.870214752567694
68431,Poiana,8.86672208367969
15233,Cateasca,8.8638195004029
83133,Municipiul Odorheiu Secuiesc,8.862399585384814
32660,Branistea,8.860759493670885
36453,Oras Bucecea,8.859357696566999
165336,Poienesti,8.858603066439523
26564,Municipiul Oradea,8.853488893874804
151932,Crevenicu,8.849557522123893
152083,Blejesti,8.849557522123893
43929,Scortaru Nou,8.849557522123893
43180,Galbenu,8.84117461319861
101001,Baneasa,8.84066706851517
108400,Ocna Sugatag,8.838987099856665
14272,Balilesti,8.838693837466241
58357,Maguri-Racatau,8.83838383838384
76674,Liesti,8.835048729392476
25861,Traian,8.832807570977918
163681,Duda-Epureni,8.832399827660492
49153,Sahateni,8.831321754489256
131988,Alunis,8.828722778104767
96904,Dolhesti,8.82768361581921
47337,Magura,8.824895494658616
76601,Ivesti,8.820070560564485
94562,Stefan Cel Mare,8.817269686834905
149655,Ostra,8.816120906801007
96637,Cristesti,8.81488736532811
45673,Buda,8.81488736532811
154139,Seaca,8.812421317666807
179882,Ciumesti,8.810572687224669
172153,Perisani,8.810572687224669
175019,Oras Odobesti,8.809203026220334
37958,Manoleasa,8.80540064572938
167222,Ibanesti,8.80503144654088
56354,Caianu,8.801341156747695
159259,Victor Vlad Delamarina,8.79971840901091
138280,Odoreu,8.795669824086604
130311,Ghimpeteni,8.795669824086604
116867,Galesti,8.795411089866157
94312,Roseti,8.793582227707498
11398,Macea,8.791515489813007
145355,Racovita,8.78972278566599
156437,Comlosu Mare,8.784773060029282
175732,Carligele,8.78081729145559
40544,Beclean,8.777062609713283
32027,Oras Valea Lui Mihai,8.775897946258935
101662,Calugareni,8.770359763737247
20821,Oras Comanesti,8.770106820732366
93664,Gradistea,8.770098141574442
38811,Roma,8.769365682548962
175260,Boghesti,8.766437069505322
63198,Amzacea,8.762705923589204
63318,Saligny,8.760402978537012
120496,Sarateni,8.76010781671159
92989,Bordusani,8.759976640062293
44140,Sutesti,8.758812219611194
18778,Stalpeni,8.757961783439491
38633,Radauti-Prut,8.75752599890531
148382,Draguseni,8.751902587519027
72579,Gangiova,8.751902587519027
49206,Sapoca,8.751458576429405
163832,Falciu,8.750437521876094
150070,Radaseni,8.749113265547411
97553,Ipatele,8.74794969928923
76763,Namoloasa,8.747697974217312
157530,Lovrin,8.747044917257684
171539,Muereasca,8.745247148288973
166529,Tutova,8.742607354075599
62538,Ostrov,8.738828202581926
150043,Putna,8.738113595476742
65477,Sotanga,8.736652336707808
76807,Nicoresti,8.735743751516623
167794,Oras Brezoi,8.733019129470474
115076,Adamus,8.732846194974158
101617,Buturugeni,8.732534930139721
126585,Daneasa,8.72885979268958
78329,Oras Targu Carbunesti,8.72660466184407
164393,Ivanesti,8.724832214765101
81095,Pades,8.723879082978291
177799,Straoane,8.719346049046322
178180,Tifesti,8.7141750580945
24631,Poduri,8.71058765795608
6761,Rosia Montana,8.707767328456983
136241,Cocorastii Colt,8.7073007367716
12509,Tarnova,8.705465097533452
11995,Seleus,8.704385671242049
82396,Telesti,8.701957940536621
50399,Valcelele,8.701472556894243
152314,Bujoru,8.700102354145343
102106,Comana,8.695652173913043
37324,Frumusica,8.694225721784777
38241,Mihalaseni,8.69187309865276
55106,Jichisu De Jos,8.688097306689835
101298,Branesti,8.687903764758298
55062,Cuzdrioara,8.686936184430337
158859,Teremia Mare,8.686659772492243
48557,Parscov,8.683324472798157
69900,Municipiul Craiova,8.68127055101227
15741,Corbeni,8.673469387755102
25228,Saucesti,8.66838804869052
110232,Oras Vanju Mare,8.66757307953773
145934,Turnu Rosu,8.666941807676434
67737,I. L. Caragiale,8.66372980910426
137292,Cauas,8.661417322834646
128105,Oras Piatra-Olt,8.661297675125361
164936,Muntenii De Jos,8.65902176456822
60419,Municipiul Constanta,8.657940586337247
43331,Oras Ianca,8.657227883488142
96940,Dumesti,8.651199370821864
31976,Vadu Crisului,8.650519031141869
174156,Vladesti,8.645533141210375
153589,Pietrosani,8.642419877565718
78873,Bengesti-Ciocadia,8.639308855291576
65139,Micfalau,8.639308855291576
84102,Carta,8.636200071968334
1874,Municipiul Sebes,8.632342098795773
131274,Poiana Campina,8.62914296920965
21855,Cleja,8.626687073883401
130614,Berceni,8.623392913138915
92836,Oras Amara,8.622844288927768
78711,Baia De Fier,8.622698671638313
102749,Oras Fierbinti-Targ,8.615119534783545
109096,Sisesti,8.612790910756827
135654,Talea,8.61244019138756
178910,Paulesti,8.611955420466058
129816,Verguleasa,8.611410118406889
94045,Milosesti,8.611007113440659
94731,Valcelele,8.610792192881744
167302,Muntenii De Sus,8.610658599022575
85412,Remetea,8.60719874804382
125169,Negresti,8.60677783754707
74949,Rojiste,8.603031544448996
83632,Municipiul Toplita,8.602418651041017
61559,Crucea,8.602150537634408
155403,Oras Buzias,8.600095556617296
107920,Cupseni,8.598452278589853
148453,Fantanele,8.597190186621933
77153,Schela,8.595988538681949
166235,Tacuta,8.592592592592593
10827,Felnac,8.590518612790328
157497,Liebling,8.588957055214724
50479,Ziduri,8.583690987124463
17496,Mosoaia,8.58293921877737
148729,Frumosu,8.581235697940503
92907,Balaciu,8.57843137254902
146012,Alma,8.577194752774975
65342,Municipiul Targoviste,8.576677418665755
136134,Varbilau,8.574335125708473
40900,Cristian,8.574277168494516
1348,Municipiul Blaj,8.573878250928837
116439,Cuci,8.572869389813414
130534,Municipiul Ploiesti,8.572821929997177
13365,Maracineni,8.571428571428571
79004,Balteni,8.566978193146417
160127,Cerna,8.560311284046692
9538,Oras Ineu,8.558605573530947
42236,Vistea,8.55470508779829
133964,Lipanesti,8.55188141391106
179677,Camin,8.547008547008547
89080,Burjuc,8.547008547008547
60534,Oras Techirghiol,8.543833580980683
149101,Horodnic De Jos,8.54353132628153
99209,Strunga,8.541245223645763
164687,Lipovat,8.540925266903914
67292,Dobra,8.535242290748899
87576,Oras Hateg,8.53445902541984
18554,Salatrucu,8.531656937584193
99165,Stolniceni-Prajescu,8.531493919041568
81264,Plopsoru,8.530380125710865
88261,Beriu,8.526903851808292
20313,Hemeius,8.526850507982584
35884,Stauceni,8.521165475536009
21668,Buhoci,8.515579640023224
74171,Secu,8.514664143803216
38848,Romanesti,8.514664143803216
153473,Olteni,8.514664143803216
13169,Municipiul Pitesti,8.512298999451367
20910,Oras Slanic-Moldova,8.512284774617914
24427,Plopana,8.511887290871735
164829,Malusteni,8.51063829787234
99478,Tatarusi,8.51063829787234
4106,Calnic,8.51063829787234
111685,Floresti,8.507347254447023
118691,Panet,8.505070330389271
114319,Municipiul Targu Mures,8.503786114475067
163379,Delesti,8.503401360544217
94429,Scanteia,8.502963153826334
86501,Satu Mare,8.502598016060462
38063,Mihai Eminescu,8.501459205684558
140547,Cizer,8.49731663685152
66580,Cobia,8.49673202614379
106559,Municipiul Sighetu Marmatiei,8.494733265375467
107485,Botiza,8.494208494208495
132896,Drajna,8.493353028064993
47006,Grebanu,8.491785120915637
93851,Lehliu,8.487654320987655
75203,Municipiul Tecuci,8.485941038098797
132342,Bertea,8.482563619227145
98998,Scobinti,8.47899817375424
75221,Draganesti,8.474576271186441
149414,Moara,8.474576271186441
11502,Olari,8.474576271186441
139937,Agrij,8.474576271186441
172082,Pausesti-Maglasi,8.47246449040618
110571,Bacles,8.470089994706195
70673,Amarastii De Sus,8.469449485783423
104181,Manastirea,8.468468468468469
68921,Tatarani,8.463165993460281
114710,Oras Ludus,8.463023969101442
89687,Gurasada,8.46262341325811
48771,Posta Calnau,8.462164361269325
141946,Marca,8.462104488594555
101163,Bolintin-Deal,8.461047254150703
81576,Runcu,8.457907159716758
152412,Calmatuiu,8.456659619450317
100683,Municipiul Urziceni,8.456659619450317
121386,Bira,8.453505718547985
108366,Oarta De Jos,8.4530853761623
34477,Sanmihaiu De Campie,8.450704225352112
83320,Municipiul Miercurea Ciuc,8.450035604082602
125418,Oras Bals,8.448975738695365
39328,Trusesti,8.447160316319195
176338,Gura Calitei,8.443465491923641
155494,Oras Jimbolia,8.442225811187784
52758,Ezeris,8.43558282208589
156259,Cenad,8.434478502365769
18527,Rucar,8.432539682539682
151549,Hartop,8.43234955921809
55384,Municipiul Gherla,8.431920843192085
130062,Voineasa,8.430913348946136
165979,Stanilesti,8.425959125134456
87139,Oras Uricani,8.42554055425845
68342,Odobesti,8.41816758026625
86810,Municipiul Hunedoara,8.414222054685712
100326,Harmanesti,8.413461538461538
112370,Isverna,8.411214953271028
41113,Harseni,8.4108012394865
52856,Forotic,8.408071748878923
86479,Leliceni,8.407286314806166
100549,Slobozia,8.406893652795292
108151,Giulesti,8.405977584059777
126647,Deveselu,8.405977584059777
119331,Oras Sangeorgiu De Padure,8.404896765941897
160779,Maliuc,8.403361344537815
70566,Almaj,8.403361344537815
140208,Banisor,8.403361344537815
135618,Stefesti,8.399832003359933
109924,Oras Baia De Arama,8.398856325947104
55473,Aghiresu,8.395934600088378
122864,Grinties,8.393285371702637
59657,Suatu,8.393285371702637
111480,Devesel,8.392077878482713
124563,Tasca,8.390541571319604
57902,Gilau,8.386948529411764
68048,Matasaru,8.382549056963231
1071,Ciugud,8.380824673147838
51500,Berzovia,8.375634517766498
105794,Valea Macrisului,8.375209380234505
95667,Andrieseni,8.374830239927569
64096,Bretcu,8.373851971907078
106782,Oras Cavnic,8.372978116079924
9262,Municipiul Arad,8.372638218302587
16472,Dragoslavele,8.37138508371385
102794,Floresti-Stoenesti,8.371119637251482
125347,Municipiul Slatina,8.369486836972326
64602,Ojdula,8.365867261572783
167473,Municipiul Ramnicu Valcea,8.364750235626767
38679,Rauseni,8.363636363636363
21560,Bogdanesti,8.362369337979095
117319,Gurghiu,8.360128617363344
56568,Capusu Mare,8.360128617363344
151246,Zamostea,8.357441337190615
127064,Ganeasa,8.356545961002785
129914,Vitomiresti,8.353808353808354
121108,Agapia,8.350730688935283
40198,Municipiul Brasov,8.348370022855768
75150,Vanatori,8.348134991119005
28610,Ciuhoi,8.347978910369068
34360,Romuli,8.342602892102336
42753,Oras Faurei,8.341511285574093
125178,Boghicea,8.339651250947687
35054,Telciu,8.333333333333334
15901,Cosesti,8.32860117357562
150766,Vadu Moldovei,8.326029798422436
153865,Radoiesti,8.32517140058766
11307,Ignesti,8.321775312066574
154709,Toporu,8.316008316008316
32633,Bistrita Bargaului,8.309005165057265
169404,Danicei,8.308895405669599
138501,Petresti,8.307372793354102
139330,Vama,8.302808302808304
100781,Adunatii-Copaceni,8.30078125
168372,Oras Babeni,8.299638220898064
153277,Maldaeni,8.295804693055226
155350,Municipiul Lugoj,8.295452164987326
52909,Garnic,8.2930200414651
148612,Oras Frasin,8.289374529012811
124661,Timisesti,8.284600389863547
10532,Craiva,8.284432171211598
164543,Ivesti,8.282319049333813
58393,Manastireni,8.281573498964804
158779,Sag,8.27912477823773
127126,Giuvarasti,8.278867102396514
48138,Padina,8.278548819089359
174021,Vaideeni,8.27482447342026
26877,Municipiul Marghita,8.273065965373657
47373,Maracineni,8.265398550724637
10104,Barzava,8.257963035784506
99968,Valea Seaca,8.257772020725389
143021,Varsolt,8.257279443720122
73629,Pielesti,8.25536598789213
72882,Izvoare,8.253968253968255
126718,Dobrosloveni,8.251264306627629
116796,Fantanele,8.247837457252063
137728,Foieni,8.24742268041237
78542,Alimpesti,8.246289169873556
124153,Sagna,8.245877061469265
108632,Rona De Sus,8.242950108459869
151870,Municipiul Rosiori De Vede,8.242179121855562
114854,Oras Sovata,8.240977550440466
148131,Dorna-Arini,8.2389289392379
160305,Daeni,8.236434108527131
122347,Doljesti,8.235294117647058
125622,Oras Draganesti-Olt,8.232163645434891
93995,Mihail Kogalniceanu,8.231707317073171
153062,Gratia,8.23045267489712
37912,Lunca,8.228571428571428
174780,Campineanca,8.227374719521316
123479,Piatra Soimului,8.226161510833043
71055,Bradesti,8.2258781680747
130847,Paulesti,8.225037012666556
109041,Suciu De Sus,8.219178082191782
74411,Teslui,8.217993079584774
68887,Selaru,8.217446270543615
175590,Ciorasti,8.21557673348669
119153,Rusii-Munti,8.215426745778183
61256,Ciobanu,8.215297450424929
100923,Axintele,8.213552361396303
23047,Huruiesti,8.210180623973727
87219,Oras Aninoasa,8.20534399326741
130712,Brazi,8.199686482575666
38731,Ripiceni,8.19672131147541
117177,Gornesti,8.195292066259809
77812,Municipiul Targu Jiu,8.195113895569065
28530,Chislaz,8.194138039710053
26804,Municipiul Beius,8.19029363073974
122613,Faurei,8.18926296633303
102605,Dragomiresti-Vale,8.181632235631008
132574,Cerasu,8.180839612486544
108348,Moisei,8.176438945669714
105160,Snagov,8.174752077191101
35759,Curtesti,8.172362555720653
40035,Adaseni,8.168822328114363
60482,Municipiul Mangalia,8.16819376376163
135896,Tomsani,8.165116806532094
16365,Darmanesti,8.164414414414415
12876,Zimandu Nou,8.16326530612245
138164,Micula,8.161305808929429
155724,Beba Veche,8.160703075957313
42913,Bordei Verde,8.160237388724036
20778,Oras Buhusi,8.158172569344467
87077,Oras Petrila,8.157580580978909
130384,Soparlita,8.156606851549755
135020,Rafov,8.15418828762046
93646,Giurgeni,8.14111261872456
125061,Zanesti,8.139345596614032
94269,Reviga,8.138711960368012
141376,Hereclean,8.138619060120767
96003,Ungheni,8.135593220338983
170792,Lapusata,8.133971291866029
84344,Ditrau,8.131458580382857
1213,Municipiul Aiud,8.131316969374572
122025,Ceahlau,8.130081300813009
31654,Tauteu,8.124725516029864
21196,Balcani,8.121077888519748
17334,Mioarele,8.119925046845722
157362,Jamu Mare,8.111615833874108
126978,Falcoiu,8.108815066701544
165185,Padureni,8.106116433308769
53700,Eftimie Murgu,8.104738154613466
144928,Oras Miercurea Sibiului,8.101371001246365
124723,Trifesti,8.097965633023898
138921,Supur,8.095238095238095
26320,Sarata,8.089887640449438
106979,Oras Viseu De Sus,8.089813438996202
147205,Breaza,8.089607965152458
16132,Cuca,8.087535680304471
59693,Tritenii De Jos,8.08682698446478
93575,Facaeni,8.086253369272237
43279,Gradistea,8.07899461400359
50415,Zarnesti,8.077226162332545
44435,Victoria,8.075370121130552
121466,Bargauani,8.072916666666666
156623,Darova,8.069336521219366
94768,Vlad Tepes,8.064516129032258
93717,Grindu,8.060692271218587
76558,Grivita,8.056133056133056
47300,Luciu,8.056042031523642
40606,Bod,8.055967776128895
34235,Prundu Bargaului,8.055770720371806
10701,Dieci,8.053691275167786
39872,Vorona,8.053353466717
34075,Nuseni,8.050402520126006
172992,Sinesti,8.048289738430583
133090,Dumbrava,8.046490835940993
180091,Racsa,8.045591686221924
120860,Municipiul Roman,8.042743861930541
27070,Abram,8.038585209003216
59880,Unguras,8.03799780781878
128374,Oras Potcoava,8.035561634467431
67522,Glodeni,8.034894398530762
119803,Sincai,8.029647930821495
126825,Dobrun,8.02675585284281
39738,Vladeni,8.025682182985554
45753,Calvini,8.02364864864865
42842,Bertestii De Jos,8.017960230917256
179613,Sieu,8.016877637130802
64005,Brates,8.016032064128256
35839,Rachiti,8.01150369761709
4927,Ighiu,8.00931993592544
51305,Bania,8.009153318077804
85877,Subcetate,8.0042689434365
156357,Oras Ciacova,8.002977852224083
65752,Petresti,8.002845456162191
92658,Municipiul Slobozia,8.001204887324208
158804,Stiuca,8.0
153507,Orbeasca,7.995735607675906
20063,Bughea De Sus,7.994670219853431
121242,Baltatesti,7.992477668077104
110820,Breznita-Ocol,7.992007992007992
139009,Tarna Mare,7.992007992007992
154013,Scrioastea,7.991750451147203
155458,Oras Deta,7.982203611619995
149931,Pojorata,7.981376787495843
76111,Costache Negri,7.976794778825235
138208,Moftin,7.973421926910299
122463,Dulcesti,7.972665148063781
27169,Abramut,7.971938775510204
67407,Dragomiresti,7.968127490039841
179926,Rascaeti,7.968127490039841
8354,Valea Lunga,7.966857871255577
104680,Prundu,7.964394471773249
64130,Catalina,7.962253022707166
72819,Grecesti,7.960808328230251
49073,Sageata,7.956448911222781
145907,Tilisca,7.952286282306163
75114,Sendreni,7.952286282306163
117925,Livezeni,7.951070336391437
12242,Sicula,7.949497311199439
143682,Oras Agnita,7.948335817188276
120888,Cordun,7.941510147485189
123102,Ion Creanga,7.940617987225963
60776,Oras Cernavoda,7.937735168290295
156589,Curtea,7.936507936507937
100308,Draguseni,7.931262392597488
127714,Nicolae Titulescu,7.930214115781126
5700,Mihalt,7.9292467215614515
175983,Dumitresti,7.928005142489822
152252,Branceni,7.927927927927928
49956,Vadu Pasii,7.926703726580193
52062,Copacele,7.922535211267606
120502,Madaras,7.921998781230957
34850,Sieut,7.921539041870992
156712,Dudestii Vechi,7.918552036199095
98337,Plugari,7.918552036199095
156767,Dumbrava,7.916516732637639
136107,Valea Doftanei,7.915173237753883
135789,Telega,7.913669064748201
5103,Jidvei,7.911094368054248
82733,Urdari,7.908889591901297
108106,Farcasa,7.908163265306122
166636,Valeni,7.906700929037359
152902,Draganesti-Vlasca,7.906085289889794
12126,Socodor,7.905138339920948
100736,Manasia,7.904293954283273
116983,Gheorghe Doja,7.903780068728523
55008,Municipiul Dej,7.900271892474222
114809,Municipiul Reghin,7.898109161283574
119206,Saschiz,7.894736842105263
58311,Luna,7.894175378707062
146502,Municipiul Campulung Moldovenesc,7.887687270562556
104519,Oinacu,7.883565797453002
66152,Branistea,7.883420926899188
34422,Silivasu De Campie,7.8817733990147785
159785,Baia,7.875738350470357
75864,Cavadinesti,7.874015748031496
137504,Crucisor,7.868115399025853
161829,Municipiul Husi,7.864726700747149
11842,Savarsin,7.863247863247863
53372,Obreja,7.862550960978451
101564,Butimanu,7.860262008733624
105936,Vidra,7.856207594334008
134559,Poienarii Burchii,7.856109158569361
21454,Barsanesti,7.854485324514262
76255,Fartanesti,7.8529017429611185
82430,Oras Tismana,7.84973366975049
20876,Municipiul Moinesti,7.8494841189560995
104485,Ogrezeni,7.847295864262991
63394,Municipiul Sfantu Gheorghe,7.847292607266808
133278,Fantanele,7.839294463498285
95391,Municipiul Pascani,7.8371712421916415
107314,Barsana,7.8356628547225755
64773,Reci,7.8294910830796
70352,Municipiul Calafat,7.820084133318952
72221,Dranic,7.80608052588332
103960,Jilavele,7.803468208092486
134194,Manesti,7.802668009061163
74859,Carcea,7.802340702210663
85582,Secuieni,7.801418439716312
44060,Stancuta,7.79896013864818
65099,Valea Mare,7.79896013864818
159428,Iecea Mare,7.797994801336799
167286,Dodesti,7.795100222717149
111417,Corlatel,7.79423226812159
39612,Vaculesti,7.793472966390648
179837,Coas,7.790368271954674
82779,Vagiulesti,7.788161993769471
128711,Oras Scornicesti,7.787903893951947
157031,Gavojdia,7.786052809749492
153204,Mavrodin,7.783695206882426
150445,Saru Dornei,7.783018867924528
130295,Calui,7.782101167315175
151530,Balaceana,7.782101167315175
88644,Bretea Romana,7.779349363507779
55918,Baisoara,7.770762506070908
142774,Surduc,7.770632368703108
55357,Municipiul Campia Turzii,7.768910233773571
43117,Frecatei,7.76287932251235
134755,Predeal-Sarari,7.7619663648124195
67327,Dragodana,7.757720423690885
52160,Cornereva,7.754551584625759
134050,Magureni,7.754342431761787
44391,Vadeni,7.753816331475648
69063,Valea Lunga,7.751937984496124
157781,Moravita,7.751937984496124
65431,Razvad,7.750170959653522
176748,Milcovul,7.749792416274564
156277,Cenei,7.749434937035841
28941,Curatele,7.748776508972267
112995,Ponoarele,7.748776508972267
87665,Oras Simeria,7.747489239598278
89428,Dobra,7.747318235995232
64265,Dobarlau,7.744874715261959
176212,Garoafa,7.743825868564253
54500,Varadia,7.741027445460943
146744,Municipiul Vatra Dornei,7.7388572093564525
60455,Oras Eforie,7.737119970872019
46769,Galbinasi,7.7355836849507735
154308,Sarbeni,7.7355836849507735
159437,Parta,7.735281478298238
64639,Ozun,7.733619763694952
109504,Viseu De Jos,7.732456988208003
129111,Stoicanesti,7.731958762886598
100870,Armasesti,7.722007722007722
110027,Obarsia-Closani,7.722007722007722
121796,Botesti,7.720517274657402
79932,Cruset,7.718431614695894
110116,Oras Strehaia,7.7159140727750986
91330,Soimus,7.714285714285714
26289,Zemes,7.712604018672621
7810,Sibot,7.711038961038961
124849,Urecheni,7.710843373493976
16757,Leordeni,7.709830033292448
122668,Gheraesti,7.704845162246259
132681,Ciorani,7.702562583320989
40278,Municipiul Fagaras,7.701925481370343
143067,Zalha,7.700770077007701
153295,Mereni,7.694998251136761
127812,Oboga,7.6923076923076925
8158,Unirea,7.690790771051074
22834,Glavanesti,7.690032534753032
20965,Oras Targu Ocna,7.689964976397137
39792,Vlasinesti,7.689735874289536
53513,Pojejena,7.6896190143306535
122187,Cracaoani,7.687090210264526
100709,Ciocarlia,7.682458386683739
171021,Malaia,7.679648930334613
91447,Tomesti,7.677543186180422
44202,Traian,7.674144037780401
101724,Cascioarele,7.671232876712328
65011,Zagon,7.667851131475594
44300,Tufesti,7.667241709794902
67014,Cornesti,7.660389403127993
136483,Municipiul Satu Mare,7.653394255874674
103194,Gaujani,7.64980875478113
78258,Oras Novaci,7.64685436218283
18858,Stoenesti,7.641921397379913
140583,Coseiu,7.6400679117147705
86222,Ulies,7.6400679117147705
160680,Luncavita,7.637121036797038
143995,Atel,7.633587786259542
54270,Teregova,7.629830174747723
126102,Cezieni,7.629107981220657
96593,Cozmesti,7.625649913344887
164277,Dimitrie Cantemir,7.624857033930613
117998,Lunca,7.62133975130365
89856,Ilia,7.621121393576483
7384,Santimbru,7.618416694269626
152350,Calinesti,7.616629641383688
57546,Dabaca,7.612456747404845
48325,Oras Patarlagele,7.611921042446136
19114,Stefan Cel Mare,7.6109936575052854
17771,Nucsoara,7.607192254495159
125472,Municipiul Caracal,7.606721162579473
59764,Tureni,7.6062639821029085
107234,Bicaz,7.604562737642586
42968,Ciocile,7.604562737642586
9690,Oras Sebis,7.602792862684251
132011,Apostolache,7.597340930674264
178929,Biliesti,7.596961215513795
154996,Nenciulesti,7.594936708860759
107546,Calinesti,7.594936708860759
156669,Denta,7.592534008225245
135146,Salciile,7.592190889370933
108892,Oras Salistea De Sus,7.586072748492511
161348,Stejaru,7.585335018963337
63526,Oras Covasna,7.581768491580711
106461,Oras Tautii-Magheraus,7.576698546764377
83491,Oras Borsec,7.575757575757576
176301,Gugesti,7.574632407544928
75472,Oras Targu Bujor,7.572684246112238
69615,Vulcana-Bai,7.570770243581303
122392,Dragomiresti,7.569011576135352
12224,Sepreus,7.567939456484348
58464,Margau,7.566204287515763
92097,Vorta,7.566204287515763
86687,Municipiul Deva,7.565005109571931
23387,Magiresti,7.5636030254412105
103568,Gurbanesti,7.563025210084033
161302,Somova,7.561823012466789
124634,Tamaseni,7.554391619661564
82555,Turburea,7.5489502241094595
125873,Bobicesti,7.545931758530184
136198,Valcanesti,7.542262678803641
145961,Valea Viilor,7.542147293700089
6547,Radesti,7.535795026375283
76317,Frumusita,7.534983853606028
87291,Municipiul Brad,7.529647988956516
138538,Pir,7.52823086574655
159339,Voiteg,7.52823086574655
136919,Batarci,7.524649714582252
1936,Oras Zlatna,7.524454477050414
112600,Livezile,7.518796992481203
13668,Oras Costesti,7.517383950385266
68404,Pietrosita,7.509386733416771
75098,Municipiul Galati,7.507960999310594
66438,Buciumeni,7.50551876379691
93931,Lupsanu,7.5046904315197
146655,Oras Siret,7.501027538018906
80846,Matasari,7.500468779298706
179828,Rosiori,7.5
106363,Grosi,7.5
77331,Tulucesti,7.499353504008275
130981,Oras Baicoi,7.497116493656286
6930,Rosia De Secas,7.495315427857589
97606,Lespezi,7.495003331112591
73736,Poiana Mare,7.494145199063232
50889,Oras Anina,7.4922401798137646
55776,Aschileu,7.49063670411985
98603,Prisacani,7.488479262672811
4366,Galda De Jos,7.486388384754991
138351,Orasu Nou,7.483870967741935
33015,Chiochis,7.482993197278912
92961,Borcea,7.482500603427468
121055,Oras Targu Neamt,7.48027926375918
69250,Vacaresti,7.479861910241657
108268,Miresu Mare,7.479742364429669
153124,Lisa,7.479102507699076
22576,Filipesti,7.477034821619312
80613,Jupanesti,7.4766355140186915
76157,Cudalbi,7.476390346274921
163002,Codaesti,7.475813544415128
52936,Glimboca,7.474639615589963
121340,Bicazu Ardelean,7.472300953362535
55311,Sandulesti,7.47011952191235
124616,Tazlau,7.467994310099574
68280,Nucet,7.467911318553092
87059,Municipiul Lupeni,7.467078643419407
126772,Dobroteasa,7.462686567164179
10649,Dezna,7.462686567164179
174496,Titesti,7.462686567164179
127019,Farcasele,7.459593866556154
178607,Vanatori,7.457008065743418
178938,Gologanu,7.455429497568882
107519,Budesti,7.455429497568882
71858,Ciupercenii Noi,7.4498567335243555
75819,Buciumeni,7.448059584476676
91795,Vata De Jos,7.446221731936018
153240,Magura,7.4460163812360385
74931,Plesoi,7.4460163812360385
3039,Bistra,7.439553626782393
127901,Optasi-Magura,7.43801652892562
16613,Harsesti,7.436570428696413
10943,Gurahont,7.435897435897436
86133,Tulghes,7.432641684732115
125098,Dochia,7.430582714118107
139250,Urziceni,7.427413909520594
174744,Municipiul Focsani,7.420030907974681
107733,Copalnic-Manastur,7.416563658838072
130286,Balteni,7.416563658838072
116938,Ganesti,7.415545179895633
14673,Boteni,7.410456978180322
105222,Sohatu,7.410151908114116
6164,Ohaba,7.407407407407407
88788,Buces,7.407407407407407
51010,Municipiul Caransebes,7.4032823402234085
97394,Grozesti,7.403189066059226
124233,Secuieni,7.402837754472547
36006,Municipiul Dorohoi,7.4024440828307965
20466,Margineni,7.401399168609957
155109,Dracea,7.393715341959335
4302,Farau,7.393715341959335
142006,Maeriste,7.382550335570469
20607,Gura Vaii,7.377979568671964
100610,Municipiul Oltenita,7.376297028305216
9627,Oras Nadlac,7.373156710822294
165069,Oltenesti,7.371913011426465
44818,Municipiul Buzau,7.371260927894325
37397,George Enescu,7.371007371007371
129763,Valeni,7.369196757553427
50102,Vernesti,7.361828370508736
18242,Priboieni,7.361268403171008
167295,Feresti,7.359705611775529
94223,Perisoru,7.3584905660377355
75953,Corod,7.357686846521234
52035,Ciudanovita,7.352941176470588
150114,Rasca,7.352941176470588
177842,Suraia,7.348138471587198
129246,Serbanesti,7.3477956613016095
43652,Movila Miresii,7.344231224828239
165817,Rosiesti,7.341694707861731
99441,Tansa,7.341576506955178
53425,Paltinis,7.337953526294333
49233,Sarulesti,7.336757153338224
47186,Lopatari,7.336200354161396
72052,Diosti,7.333333333333333
44257,Tudor Vladimirescu,7.329363261566652
49439,Scutelnici,7.321274763135229
43313,Gropeni,7.320644216691069
152528,Ciolanesti,7.320644216691069
44845,Municipiul Ramnicu Sarat,7.3189239468337695
178377,Vidra,7.317073170731708
120726,Municipiul Piatra-Neamt,7.315656718875955
130302,Gavanesti,7.3145245559038665
104546,Peris,7.3133710500896925
81497,Rosia De Amaradia,7.3131955484896665
172279,Pesceana,7.312614259597806
47854,Naeni,7.303370786516854
43867,Salcia Tudor,7.302075326671791
36809,Cotusca,7.299270072992701
31921,Uileacu De Beius,7.2957198443579765
160261,Crisan,7.293354943273906
180055,Crivat,7.292173067574137
95792,Baltati,7.290184921763869
49894,Ulmeni,7.287705956907478
41033,Halchiu,7.282563462338743
151488,Fantana Mare,7.282483710233806
75356,Beresti-Meria,7.280291211648466
16739,Izvoru,7.276034561164166
119750,Saulia,7.274490785645005
138618,Pomi,7.2727272727272725
114514,Municipiul Sighisoara,7.2700729927007295
98257,Movileni,7.269279393173198
114079,Vrata,7.268951194184839
35269,Uriu,7.267833109017497
32153,Tamaseu,7.267441860465116
26840,Oras Stei,7.263922518159807
159366,Birda,7.263922518159807
69170,Valea Mare,7.259528130671506
97465,Helesteni,7.259528130671506
160617,Jijila,7.25792175606302
66223,Barbuletu,7.2562358276643995
103693,Iepuresti,7.253886010362694
78668,Arcani,7.2522159548751
46019,Cernatesti,7.250268528464018
58990,Ploscos,7.246376811594203
71812,Cioroiasi,7.2416063199473335
1794,Oras Ocna Mures,7.239942626869749
125150,Gadinti,7.237635705669481
40465,Oras Victoria,7.237362885898451
119723,Suseni,7.237122179650915
70726,Apele Vii,7.23589001447178
75613,Balasesti,7.23404255319149
133562,Gornet,7.2338959696865315
175368,Bolotesti,7.22543352601156
76282,Foltesti,7.2245635159542445
84594,Lazarea,7.2242289524868015
30336,Pietroasa,7.223618090452261
168675,Berislavesti,7.222824124232575
87175,Municipiul Vulcan,7.218844984802431
72409,Ghercesti,7.215874924834636
130954,Oras Azuga,7.215007215007215
123175,Margineni,7.214635403246586
179999,Moldoveni,7.21370604147881
91232,Santamaria-Orlea,7.201001878522229
138663,Sanislau,7.2
126433,Curtisoara,7.194244604316546
11637,Peregu Mare,7.194244604316546
74322,Teasc,7.191892775416803
37100,Dobarceni,7.188800605372682
126674,Dobretu,7.18849840255591
80980,Negomir,7.184305056645482
167179,Zorleni,7.1833265884257385
15064,Caldararu,7.182087029995775
166770,Vinderei,7.180469123982767
74135,Seaca De Padure,7.17948717948718
161231,Sfantu Gheorghe,7.177033492822966
49643,Tisau,7.172353836122582
113153,Poroina Mare,7.164790174002047
164598,Laza,7.164179104477612
111444,Cujmir,7.164179104477612
175938,Dumbraveni,7.162041181736795
162871,Botesti,7.156488549618321
140958,Dobrin,7.155635062611807
162924,Bunesti-Averesti,7.150922092585623
130678,Blejoi,7.149341806627326
33364,Ilva Mica,7.144898542440697
30470,Pomezeu,7.142857142857143
38161,Mihaileni,7.142857142857143
127322,Icoana,7.1389346512905
69526,Voinesti,7.138114209827357
154754,Trivalea-Mosteni,7.137490608564988
134390,Plopu,7.136859781696054
73335,Motatei,7.133864876206462
144991,Micasasa,7.133303611234953
151683,Municipiul Turnu Magurele,7.130005997201306
59041,Poieni,7.1258907363420425
21597,Brusturoasa,7.122507122507122
51840,Carbunari,7.121057985757884
124938,Alexandru Cel Bun,7.119205298013245
109773,Municipiul Drobeta-Turnu Severin,7.117470154014399
168960,Bunesti,7.117437722419929
64345,Ghidfalau,7.10811821922933
9574,Oras Lipova,7.107757107757108
161482,Valea Nucarilor,7.104290991759022
132226,Balta Doamnei,7.10405348934392
121607,Bodesti,7.102569458951327
115600,Bala,7.1022727272727275
100282,Costesti,7.099945385035499
73317,Marsani,7.099827882960413
38893,Santa Mare,7.094714437743881
22898,Helegiu,7.0932466380966455
126077,Bucinisu,7.092198581560283
11236,Hasmas,7.092198581560283
41417,Mandra,7.089804186360567
65379,Aninoasa,7.084205441957817
5167,Livezile,7.081038552321007
46867,Glodeanu Sarat,7.078810759792355
57831,Geaca,7.078507078507078
135315,Starchiojd,7.077326343381389
5755,Miraslau,7.0688030160226205
62878,Sacele,7.065669160432253
46484,Costesti,7.063572149344097
5309,Lunca Muresului,7.0588235294117645
152332,Buzescu,7.048658481127785
98827,Schitu Duca,7.045675413022352
55259,Municipiul Turda,7.04556948780105
175466,Brosteni,7.045354469396742
129184,Studina,7.044864664441972
162559,Blagesti,7.042253521126761
152868,Draganesti De Vede,7.0389488503050215
86339,Voslabeni,7.038712921065862
33952,Monor,7.037297677691766
143959,Arpasu De Jos,7.037297677691766
17968,Poienarii De Muscel,7.036059806508355
86990,Municipiul Petrosani,7.0339434045211595
49625,Stalpu,7.033248081841432
110063,Municipiul Orsova,7.033001004714429
112129,Husnicioara,7.03125
47159,Largu,7.0287539936102235
76969,Pechea,7.027406886858749
82617,Oras Turceni,7.022298878896144
114925,Municipiul Tarnaveni,7.018867924528302
102240,Cosereni,7.016005262003946
152993,Frumoasa,7.014028056112225
176150,Fitionesti,7.008483954260421
17913,Poienarii De Arges,7.007007007007007
72150,Dragotesti,7.006071929005138
98738,Romanesti,7.004310344827586
87843,Balsa,7.001166861143524
9798,Apateu,6.995045176333431
151816,Nanov,6.991051454138702
24711,Racova,6.98714365567356
179757,Herasti,6.986027944111776
103513,Gruiu,6.984866123399302
127144,Gostavatu,6.980802792321117
75686,Baneasa,6.9799906933457425
88546,Branisca,6.979695431472082
170952,Lungesti,6.979695431472082
168041,Oras Horezu,6.979062811565304
72007,Oras Dabuleni,6.978080617354897
67595,Gura Ocnitei,6.974835886214442
78141,Municipiul Motru,6.973196774896492
169547,Dragoesti,6.972111553784861
155118,Fantanele,6.97084917617237
77313,Tudor Vladimirescu,6.969297419476361
161794,Municipiul Barlad,6.965965499273236
46554,Cozieni,6.965174129353234
139740,Oras Cehu Silvaniei,6.960556844547564
27971,Buntesti,6.955351133049136
120968,Oras Bicaz,6.952491309385863
63740,Municipiul Targu Secuiesc,6.952319905330112
136526,Municipiul Carei,6.950936953782366
177986,Tataranu,6.948968512486428
50549,Unguriu,6.9474598349978285
106648,Vadu Izei,6.946856547412296
32187,Rosiori,6.946741647370162
6397,Ponor,6.944444444444445
47453,Merei,6.93931787981692
161286,Smardan,6.9384215091066785
87246,Banita,6.9384215091066785
171209,Madulari,6.934812760055478
154790,Troianul,6.93000693000693
43625,Mircea Voda,6.92979813196746
94688,Valea Ciorii,6.929637526652452
43992,Silistea,6.929637526652452
159883,C.a. Rosetti,6.928406466512702
112076,Hinova,6.927606511950121
178901,Popesti,6.923837784371909
28415,Cetariu,6.918819188191882
44113,Surdila-Gaiseanca,6.916192026037429
155911,Biled,6.915287725364287
123674,Podoleni,6.912044237083117
160724,Mahmudia,6.911604219716261
65681,Oras Gaesti,6.9073374169164605
158243,Racovita,6.906077348066298
152270,Bujoreni,6.903353057199211
132752,Colceag,6.896551724137931
104788,Rasuceni,6.887645286267757
98300,Oteleni,6.887417218543046
60721,Tuzla,6.886858749121574
151790,Municipiul Alexandria,6.885969118634315
175055,Oras Panciu,6.885422270037655
179659,Negrilesti,6.879805746661271
14165,Baiculesti,6.873977086743044
54163,Sopotu Nou,6.8728522336769755
111818,Godeanu,6.8728522336769755
53639,Ramna,6.870705808869457
80560,Ionesti,6.866952789699571
116046,Chetani,6.862371330537552
19695,Valea Iasului,6.861682918020946
18411,Recea,6.861682918020946
7767,Stremt,6.857603872529245
19007,Suseni,6.847081838930551
120771,Dumbrava Rosie,6.8452023537888795
96664,Cucuteni,6.844106463878327
70986,Brabova,6.844106463878327
157898,Nadrag,6.842285323297982
164892,Miclesti,6.83453237410072
10417,Chisindia,6.83371298405467
128052,Perieti,6.829268292682927
28763,Cociuba Mare,6.828269033799931
110875,Brosteni,6.827164929931729
106407,Recea,6.824829379265519
91624,Totesti,6.820566631689402
45815,C.a. Rosetti,6.817562039814562
131256,Municipiul Campina,6.8132219087667005
136599,Oras Negresti-Oas,6.810375458960086
131933,Albesti-Paleologu,6.808815624440064
148514,Forasti,6.805614632071459
80766,Logresti,6.805293005671078
126148,Cilieni,6.804825239715434
51751,Bucosnita,6.802721088435374
178821,Vulturu,6.801152737752162
168559,Barbatesti,6.800709639266706
171628,Nicolae Balcescu,6.78066037735849
81656,Samarinesti,6.775832862789384
109005,Stramtura,6.769564040075819
25068,Sascut,6.768189509306261
107047,Arinis,6.763285024154589
71634,Celaru,6.7598017124831005
39391,Tudora,6.758061401815022
85760,Sandominic,6.757818639006758
17398,Mirosi,6.756756756756757
29519,Hidiselu De Sus,6.750241080038573
107975,Desesti,6.748207507380852
153936,Salcia,6.74409891345073
170346,Gradistea,6.741573033707865
125542,Oras Corabia,6.734559789750328
69964,Bucovat,6.730769230769231
43411,Oras Insuratei,6.730229949523276
12778,Zabrani,6.728890818319948
179935,Persinari,6.723283793347488
68324,Ocnita,6.721935917544252
24338,Parjol,6.721662083715246
51804,Carasova,6.720430107526882
100521,Municipiul Giurgiu,6.714420085377324
118637,Papiu Ilarian,6.7114093959731544
93325,Dichiseni,6.7114093959731544
92872,Andrasesti,6.7114093959731544
168791,Budesti,6.70690811535882
144232,Barghis,6.702412868632708
74923,Intorsura,6.702412868632708
68529,Produlesti,6.701631701631702
76585,Independenta,6.701570680628272
158966,Topolovatu Mare,6.700827749310209
68253,Morteni,6.692497358224727
79585,Catunele,6.691449814126394
148916,Gramesti,6.684491978609626
93735,Grivita,6.674405107370864
26379,Itesti,6.6711140760507
46180,Chiojdu,6.6705336426914155
71126,Bralostita,6.668444918644972
75917,Certesti,6.661115736885928
161106,Ostrov,6.660323501427212
153026,Galateni,6.65680473372781
35312,Urmenis,6.653019447287615
1696,Oras Cugir,6.64973102211596
11352,Iratosu,6.648416112631991
168602,Oras Berbesti,6.642728904847397
26029,Urechesti,6.638343069569835
51056,Oras Moldova Noua,6.6371681415929205
159393,Fibis,6.630500301386378
132459,Calugareni,6.628003314001657
5210,Lopadea Noua,6.62739322533137
65921,Oras Pucioasa,6.622946561911564
168309,Amarasti,6.622516556291391
19631,Valea Danului,6.622516556291391
9930,Beliu,6.6115702479338845
10872,Ghioroc,6.611165523996083
151834,Poroschia,6.610841780520053
13490,Municipiul Campulung,6.602624813962928
15830,Corbi,6.593406593406593
71199,Bratovoesti,6.589268904926263
31057,Sambata,6.588579795021962
134853,Provita De Jos,6.587615283267457
54350,Tarnova,6.586826347305389
66330,Bezdead,6.578947368421052
160172,Chilia Veche,6.575857209957727
167696,Oras Baile Olanesti,6.574621959237344
137899,Homoroade,6.571741511500548
26920,Oras Nucet,6.569685593618019
161552,Bestepe,6.568144499178982
43493,Marasu,6.567576909782233
81380,Polovragi,6.562158220925993
29948,Lunca,6.559766763848397
134096,Maneciu,6.556148730916925
178885,Negrilesti,6.5554231227651965
14085,Babana,6.553984132459469
45003,Beceni,6.543321299638989
79308,Oras Bumbesti-Jiu,6.542426645519429
128588,Rusanesti,6.537473733364465
17575,Mozaceni,6.5359477124183005
172581,Roesti,6.532897806812879
1151,Oras Abrud,6.530019952838745
53023,Iablanita,6.529850746268656
43242,Gemenele,6.528835690968444
134942,Puchenii Mari,6.528189910979228
25488,Solont,6.521739130434782
110535,Balacita,6.521739130434782
139982,Almasu,6.520726595249185
23797,Oituz,6.52013881585866
20563,Municipiul Onesti,6.516081232546211
57449,Cornesti,6.512301013024602
169039,Cernisoara,6.505828137706696
113466,Rogova,6.502890173410405
54485,Valiug,6.501950585175552
93236,Cosambesti,6.4935064935064934
173855,Tetoiu,6.4935064935064934
144116,Axente Sever,6.492000927428704
175206,Balesti,6.487025948103793
4525,Garda De Sus,6.485849056603773
67675,Hulubesti,6.4854848672019765
36649,Cordareni,6.482982171799027
10195,Bocsig,6.478209658421672
151996,Balaci,6.474396703943496
57948,Garbau,6.471095772217429
51546,Bolvasnita,6.4701653486700215
74108,Seaca De Camp,6.4655172413793105
53345,Naidas,6.463527239150507
13757,Oras Topoloveni,6.462548998834622
163137,Costesti,6.458191706322229
132510,Ceptura,6.457167455876022
74616,Vela,6.455083378160301
98051,Miroslovesti,6.454484754061874
51877,Constantin Daicoviciu,6.453926138400861
123790,Poiana Teiului,6.449012494961709
127288,Iancu Jianu,6.448641179180101
112806,Padina,6.446414182111201
123228,Moldoveni,6.4427059364933275
80285,Farcasesti,6.439742410303588
51118,Oras Oravita,6.4366439637751665
170612,Lalosu,6.436041834271923
86461,Ciceu,6.435466571326421
102071,Colibasi,6.4338235294117645
44934,Balta Alba,6.430868167202572
83464,Oras Balan,6.430462741142353
88350,Blajeni,6.4279155188246095
159419,Gottlob,6.422364941443143
47916,Oras Nehoiu,6.421691045308598
161179,Sarichioi,6.420545746388443
154521,Talpa,6.4171122994652405
143619,Municipiul Medias,6.41561588206187
31128,Sarbi,6.412825651302605
2577,Avram Iancu,6.410256410256411
131336,Oras Comarnic,6.410256410256411
130231,Vulturesti,6.410256410256411
56773,Catina,6.410256410256411
88868,Bucuresci,6.402048655569782
50790,Municipiul Resita,6.398609684809227
14352,Beleti-Negresti,6.389776357827476
120922,Horia,6.387605327534656
42708,Chiscani,6.387018815812187
150221,Siminicea,6.38655462184874
167981,Municipiul Dragasani,6.385209187077099
160458,Grindu,6.382978723404255
160092,Ceamurlia De Jos,6.382130035899482
53167,Lupac,6.381381381381382
93441,Dorobantu,6.3807160581354125
171806,Olanu,6.3801208865010075
4981,Intregalde,6.379585326953748
49313,Scortoasa,6.376195536663125
122702,Girov,6.366968936909126
14940,Buzoesti,6.36604774535809
32955,Ciceu-Giurgesti,6.365372374283895
13935,Albota,6.362942224484602
155154,Uda-Clocociov,6.357279084551812
154585,Tatarastii De Jos,6.356544351343542
174511,Lacusteni,6.3559322033898304
42480,Dragus,6.352087114337568
36499,Calarasi,6.351836509251588
149584,Musenita,6.342494714587738
115236,Atintis,6.341154090044388
79834,Crasna,6.330406371247703
29760,Lazuri De Beius,6.329113924050633
131103,Oras Breaza,6.32231897888584
128221,Plesoiu,6.3113604488078545
156927,Fardea,6.310958118187034
31609,Tarcaia,6.310679611650485
137130,Bogdand,6.309148264984227
160387,Frecatei,6.306553331505347
65707,Gura Foii,6.306306306306307
6271,Poiana Vadului,6.306306306306307
77377,Tepu,6.301693580149665
152760,Dobrotesti,6.300630063006301
26975,Municipiul Salonta,6.288335652801402
37823,Ibanesti,6.287726358148894
65841,Municipiul Moreni,6.285324498148509
86936,Teliucu Inferior,6.284367635506677
131443,Oras Plopeni,6.276841757515692
12402,Sistarovat,6.269592476489028
60169,Negreni,6.268282490597576
43698,Racovita,6.266786034019695
78926,Berlesti,6.265060240963855
30568,Popesti,6.257039169065198
21007,Agas,6.254008980115459
16908,Leresti,6.25
179640,Vulcana-Pandele,6.248779535247022
72463,Gighera,6.24783061437001
104323,Nana,6.237006237006237
43812,Rosiori,6.236243580337491
80249,Dragotesti,6.2329567588624855
74509,Tuglui,6.232686980609419
163789,Epureni,6.231551328304362
52115,Cornea,6.22524052065648
28709,Campani,6.224066390041494
98168,Mogosesti-Siret,6.2208398133748055
101804,Chirnogi,6.220419202163624
158895,Tomesti,6.220095693779904
125659,Babiciu,6.217120994739359
153829,Putineiu,6.217120994739359
90994,Romos,6.2157221206581355
12912,Dorobanti,6.215040397762586
81816,Saulesti,6.213936972924989
170220,Golesti,6.213592233009709
113206,Pristol,6.211180124223603
180000,Platonesti,6.211180124223603
167909,Oras Calimanesti,6.209777577057695
32090,Varciorog,6.20821394460363
20048,Raca,6.205673758865248
103283,Garbovi,6.204756980351603
77910,Balesti,6.201968450856142
177236,Paunesti,6.198347107438017
154852,Vedea,6.198347107438017
90208,Luncoiu De Jos,6.197183098591549
169681,Fartatesti,6.196746707978312
58721,Moldovenesti,6.195786864931846
110946,Burila Mare,6.1845861084681255
174824,Golesti,6.181015452538631
107154,Baiut,6.180469715698393
46377,Cochirleanca,6.1773255813953485
154932,Vartoape,6.1773255813953485
174502,Diculesti,6.1760164693772515
14726,Botesti,6.172839506172839
75338,Oras Beresti,6.169212690951821
76497,Gohor,6.165590135055784
131210,Oras Busteni,6.157262541637226
162014,Albesti,6.156837329876863
177003,Nistoresti,6.151142355008787
151978,Oras Zimnicea,6.150857882809971
120076,Vargata,6.1443932411674345
76353,Fundeni,6.139677666922487
133394,Fulga,6.12369871402327
7446,Sohodol,6.121313299944352
57742,Frata,6.119951040391677
162149,Arsura,6.119951040391677
56844,Ceanu Mare,6.111535523300229
179891,Raciu,6.110601894286587
111220,Ciresu,6.109979633401222
149682,Panaci,6.102877070619006
71956,Daneti,6.097560975609756
44989,Balaceanu,6.0938452163315056
129380,Teslui,6.087662337662338
122285,Dobreni,6.087437742114001
68716,Runcu,6.086564472497746
125846,Barza,6.083650190114068
80908,Musetesti,6.079027355623101
90538,Pui,6.077606358111267
84148,Corbu,6.0728744939271255
91116,Salasu De Sus,6.068487212830516
93281,Cuza Voda,6.06826801517067
48487,Pietroasele,6.067961165048544
103470,Greaca,6.065857885615252
51207,Oras Otelu Rosu,6.065380070894053
66526,Candesti,6.0649304316803425
100754,Adancata,6.063055780113177
77595,Cuza Voda,6.058446186742694
79237,Branesti,6.055363321799308
88449,Bosorod,6.054490413723512
73503,Orodel,6.05143721633888
82314,Stoina,6.047516198704104
36060,Oras Saveni,6.047143033444403
53069,Lapusnicel,6.042296072507553
73246,Mischii,6.042296072507553
59826,Taga,6.040637012630423
154497,Storobaneasa,6.037496027963139
8425,Vidra,6.031363088057901
89561,Oras Geoagiu,6.030507272082299
67470,Finta,6.025548324897565
127983,Osica De Sus,6.025348015790567
110296,Bala,6.024096385542169
56096,Bobalna,6.016042780748663
94081,Movila,6.015037593984962
88092,Baita,6.010303377218088
168130,Oras Ocnele Mari,6.003430531732419
50923,Oras Baile Herculane,5.9996129281981805
154228,Silistea,5.995717344753747
127493,Maruntei,5.989518342899925
59327,Savadisla,5.986590038314176
50022,Valea Ramnicului,5.984861820102095
128178,Parscoveni,5.982053838484546
43787,Romanu,5.978260869565218
129629,Urzica,5.977011494252873
137407,Certeze,5.976775956284153
15493,Ciofrangeni,5.959982971477224
49769,Topliceni,5.956471935853379
62985,Targusor,5.9523809523809526
64997,Varghis,5.945945945945946
103639,Hotarele,5.9405940594059405
42682,Municipiul Braila,5.9373798641664175
157193,Ghizela,5.937234944868533
145738,Seica Mica,5.936319481921209
63553,Comandau,5.9347181008902075
22460,Faraoani,5.934184499190793
68565,Pucheni,5.926724137931035
17423,Moraresti,5.923532579429187
93771,Independenta,5.922165820642978
50564,Florica,5.921539600296077
77180,Slobozia Conachi,5.914467697907188
154914,Viisoara,5.91016548463357
127536,Mihaesti,5.909389363099146
152564,Contesti,5.906123717749456
107403,Bogdan Voda,5.897771952817824
19212,Teiu,5.895357406042741
38492,Paltinis,5.886200130804447
166137,Suletea,5.884825556956704
94161,Perieti,5.883926183471517
152172,Botoroaga,5.88119976475201
65609,Oras Fieni,5.8808154730789335
105909,Vedea,5.867253392005868
7865,Sona,5.865102639296188
94606,Ulmu,5.86080586080586
78472,Albeni,5.85802894555479
48021,Odaile,5.85480093676815
84086,Ciumani,5.8545372663814454
151736,Islaz,5.853474320241692
60099,Vultureni,5.852231163130944
132315,Banesti,5.848989719957462
142550,Salatig,5.837285662167092
160644,Jurilovca,5.836575875486381
13622,Municipiul Curtea De Arges,5.8315141003020425
127689,Movileni,5.830903790087463
137069,Bixad,5.828586567757319
101243,Brazii,5.828476269775187
122953,Hangu,5.827210539650367
69394,Visinesti,5.823186871360508
23644,Negri,5.821917808219178
8229,Vadu Motilor,5.818181818181818
173132,Stanesti,5.813953488372093
179953,Ciceu- Mihaiesti,5.809128630705394
97438,Halaucesti,5.806010928961749
130339,Gura Padinii,5.803830528148578
125757,Barasti,5.8013052936910805
133919,Lapos,5.79950289975145
86438,Madaras,5.7958091841284
81184,Pestisani,5.795574288724974
56265,Borsa,5.792903692976104
135850,Tinosu,5.792304509722797
152582,Cosmesti,5.7915057915057915
44328,Ulmu,5.7894736842105265
127938,Orlea,5.785491766800178
130357,Osica De Jos,5.784061696658098
23350,Luizi-Calugara,5.782503264316359
70174,Simnicu De Sus,5.780346820809249
125132,Draganesti,5.780346820809249
72926,Leu,5.774165953806673
130375,Visina Noua,5.770340450086555
168452,Oras Balcesti,5.767012687427912
128882,Samburesti,5.763688760806916
54699,Zorlentu Mare,5.76036866359447
153561,Piatra,5.756315957787017
51243,Armenis,5.754212905877518
179793,Buesti,5.752636625119846
64568,Moacsa,5.751848808545604
76718,Mastacani,5.751685838952796
52785,Farliug,5.750431282346176
108874,Sacel,5.735589331803843
79497,Capreni,5.733397037744864
145220,Pauca,5.730659025787966
76139,Cuca,5.729396209784046
155127,Frasinet,5.728314238952537
113625,Sisesti,5.720823798627002
135226,Secaria,5.718954248366013
180046,Gura Ialomitei,5.71864277544796
102703,Dridu,5.714285714285714
82047,Slivilesti,5.71256764882742
19141,Suici,5.711954304365565
39967,Candesti,5.7115659209900045
170514,Ionesti,5.710206995003569
22488,Filipeni,5.706760316066725
15448,Cicanesti,5.7034220532319395
17619,Musatesti,5.700325732899023
79406,Bustuchin,5.693736889421636
127251,Ianca,5.686433793663688
148765,Fundu Moldovei,5.679012345679013
135725,Teisani,5.6787452677122765
153972,Saceni,5.672609400324149
58008,Iara,5.660841742554762
51984,Ciuchici,5.660377358490566
129040,Sprancenata,5.656565656565657
159035,Tormac,5.649717514124294
122908,Grumazesti,5.64868804664723
94535,Suditi,5.6417489421720735
76932,Oancea,5.6417489421720735
6468,Posaga,5.633802816901408
54056,Slatina-Timis,5.631003643590593
16506,Draganu,5.626598465473146
51573,Bozovici,5.623552762156798
132716,Cocorastii Mislii,5.622965374371116
153543,Peretu,5.613247263541959
19392,Uda,5.612244897959184
51948,Ciclova Romana,5.607476635514018
159767,Oras Sulina,5.601558694593278
136553,Capleni,5.584858827179646
154184,Segarcea-Vale,5.5847568988173455
172894,Salatrucel,5.583992554676594
46803,Gheraseni,5.5734819595189204
172457,Prundeni,5.5690072639225185
39532,Unteni,5.563282336578581
135431,Sirna,5.550986842105263
7348,Sancel,5.549389567147614
172947,Scundu,5.544354838709677
21720,Casin,5.541561712846348
176613,Maicanesti,5.535448158398978
18581,Sapata,5.535055350553505
50987,Ocna De Fier,5.524861878453039
127858,Oporelu,5.519779208831647
39694,Varfu Campului,5.518443218123729
74915,Ghindeni,5.512679162072767
139143,Tarsolt,5.512321660181582
94580,Stefan Voda,5.508474576271187
14753,Bradulet,5.506607929515418
159730,Oras Macin,5.495495495495495
69330,Visina,5.490391814324932
152662,Crangu,5.486968449931413
30416,Pocola,5.483207676490747
154736,Traian,5.482456140350878
148097,Dolhesti,5.473025801407349
137363,Cehal,5.47112462006079
87745,Baia De Cris,5.470887065259867
92783,Albesti,5.46021840873635
179739,Malu,5.45950864422202
23715,Nicolae Balcescu,5.455807955559965
109425,Vima Mica,5.453306066802999
179800,Maia,5.451241671714112
132404,Brebu,5.4499720514253776
18741,Slobozia,5.447307772889168
91731,General Berthelot,5.446623093681917
34903,Sintereag,5.443658138268916
127563,Milcov,5.438477226376614
155136,Purani,5.431093007467753
90805,Ribita,5.426356589147287
176793,Movilita,5.4221533694810224
118931,Rastolita,5.417118093174431
76638,Jorasti,5.417118093174431
80711,Licurici,5.415162454873646
102446,Daia,5.4116737533822965
59416,Sic,5.405405405405405
78016,Dragutesti,5.4043234587670135
169182,Copaceni,5.403458213256484
48842,Puiesti,5.401234567901234
66731,Comisani,5.400192864030858
153437,Necsesti,5.390835579514825
131577,Oras Slanic,5.3862986029288
153384,Mosteni,5.383580080753701
1455,Oras Campeni,5.374229912177219
176855,Nanesti,5.3696819496076005
159400,Ghilad,5.368472425573451
37547,Havarna,5.365958360163125
144866,Ludos,5.361930294906166
93815,Jegalia,5.356311131811831
112904,Dubova,5.353319057815845
127224,Grojdibodu,5.349500713266762
55277,Mihai Viteazu,5.349439171699741
2988,Berghin,5.347593582887701
113698,Sovarna,5.347593582887701
135404,Surani,5.344735435595938
83428,Oras Baile Tusnad,5.344418052256532
125374,Slatioara,5.343197698314838
126380,Coteana,5.342831700801424
16551,Godeni,5.326231691078562
53274,Mehadia,5.315293549166466
108035,Dumbravita,5.310551835603786
48682,Podgoria,5.302557704304429
174520,Mitrofani,5.296610169491525
166182,Tanacu,5.2935514918190565
133615,Gornet-Cricov,5.29333921482135
46108,Chiliile,5.291005291005291
131540,Oras Sinaia,5.285961871750433
76996,Piscu,5.277044854881266
153400,Nasturelu,5.275056518462698
3397,Blandiana,5.274261603375527
104975,Schitu,5.269320843091335
42771,Surdila-Greci,5.266622778143516
29038,Derna,5.2651372696502445
148872,Galanesti,5.26131182041389
46830,Ghergheasa,5.26085050416484
65645,Motaieni,5.260640841702535
19793,Vedea,5.260243632336656
85528,Sarmas,5.255255255255255
45101,Berca,5.253540429419826
169253,Costesti,5.253399258343634
125999,Brebeni,5.237560793116349
159516,Bucovat,5.2356020942408374
83936,Bilbor,5.227781926811053
79656,Ciuperceni,5.221932114882507
153605,Plosca,5.221023320570832
168229,Alunu,5.216602404173282
136269,Vadu Sapat,5.214368482039397
67942,Malu Cu Flori,5.210594876248372
129745,Vadastrita,5.206738131699847
113849,Vanatori,5.202913631633715
113607,Svinita,5.202913631633715
45959,Catina,5.2
71536,Carpen,5.197055002165439
51626,Brebu,5.194805194805195
159446,Padureni,5.1933064050779
171931,Otesani,5.185185185185185
161464,Turcoaia,5.182839044054132
80123,Danesti,5.179934569247546
65147,Dalnic,5.170630816959669
170872,Livezi,5.167958656330749
79362,Bumbesti-Pitic,5.164319248826291
45619,Breaza,5.156537753222836
167259,Pogonesti,5.154639175257732
160564,Izvoarele,5.152224824355972
111097,Cazanesti,5.149812734082397
53728,Rusca Montana,5.141388174807198
54573,Vrani,5.132591958939265
61826,Ghindaresti,5.131964809384164
4188,Craciunelu De Jos,5.121042830540037
126166,Carlogani,5.1107325383304945
90342,Orastioara De Sus,5.097312326227989
93085,Ciocanesti,5.097087378640777
40991,Fundata,5.095541401273885
170685,Ladesti,5.090497737556561
90066,Lelese,5.089058524173028
126503,Cungrea,5.089058524173028
3761,Cenade,5.0864699898270604
177879,Tanasoaia,5.0831792975970425
66009,Branesti,5.080831408775982
174218,Voicesti,5.0761421319796955
12920,Frumuseni,5.063291139240507
125588,Garcov,5.061155630535639
163324,Deleni,5.059021922428331
51449,Berzasca,5.05050505050505
125490,Draghiceni,5.047672462142456
169896,Francesti,5.046728971962617
171067,Mateesti,5.0346129641283826
82831,Vladimir,5.028735632183908
50228,Vintila Voda,5.02680965147453
111587,Dumbrava,5.025125628140704
40303,Oras Predeal,5.022213637241646
36676,Corlateni,5.013673655423883
124750,Tupilati,5.011389521640091
42824,Baraganul,5.009392611145898
4268,Dostat,5.005005005005005
130124,Vulpeni,4.984141368373358
156534,Criciova,4.975124378109452
69303,Valeni-Dambovita,4.973221117061974
141786,Letca,4.969630038652678
174085,Valea Mare,4.969418960244648
96888,Dobrovat,4.968944099378882
14450,Barla,4.968675739900626
179908,Pietrari,4.9648324369052546
48227,Panatau,4.9648324369052546
154978,Zambreasca,4.964539007092198
179695,Simisna,4.95458298926507
71340,Bulzesti,4.9504950495049505
152724,Didesti,4.9464138499587795
45888,Canesti,4.938271604938271
72604,Gogosu,4.934210526315789
53130,Luncavita,4.916018025399427
157969,Ohaba Lunga,4.911591355599215
113929,Vladaia,4.9079754601226995
129460,Tia Mare,4.901960784313726
119974,Valea Larga,4.898758981058132
10239,Brazii,4.893964110929853
108614,Rona De Jos,4.892367906066537
132841,Cosminele,4.878048780487805
124073,Romani,4.876915931258709
87362,Criscior,4.8742945100051305
124493,Tarcau,4.866876610363584
153339,Marzanesti,4.854368932038835
12849,Zerind,4.851004851004851
44462,Visani,4.842615012106537
151451,Ciocanesti,4.834254143646409
154068,Scurtu Mare,4.833836858006042
53577,Prigor,4.832863471606927
78828,Barbatesti,4.828002414001207
70520,Afumati,4.827330115113257
45334,Blajani,4.826254826254826
173935,Tomsani,4.821859094562014
124411,Stefan Cel Mare,4.796929964822514
55598,Aiton,4.793863854266539
169583,Fauresti,4.784688995215311
73013,Macesu De Sus,4.77326968973747
89801,Harau,4.7664442326024785
73594,Perisor,4.761904761904762
69447,Varfuri,4.759386567953464
4767,Horea,4.757373929590866
93628,Gheorghe Lazar,4.751619870410368
89348,Densus,4.745762711864407
127368,Izbiceni,4.740357681534152
112959,Podeni,4.733727810650888
63286,Costinesti,4.7303689687795645
9887,Bata,4.721435316336166
137103,Barsau,4.721030042918455
113974,Voloiac,4.716981132075472
103354,Gostinu,4.704652378463147
158136,Pietroasa,4.6992481203007515
64504,Malnas,4.690431519699812
113233,Prunisor,4.6875
53853,Sichevita,4.686035613870666
59238,Risca,4.685408299866131
125677,Baldovinesti,4.677268475210477
27935,Bulz,4.675081813931744
132805,Cornu,4.664179104477612
2309,Almasu Mare,4.662004662004662
100335,Rachiteni,4.652515266065717
167311,Pochidia,4.648460197559558
149138,Iacobeni,4.644681839294009
129585,Tufeni,4.642857142857143
19560,Ungheni,4.642857142857143
113493,Salcia,4.641199571581578
159945,Carcaliu,4.640371229698376
27757,Brusturi,4.637206764866339
126905,Fagetelu,4.634994206257242
113518,Stangaceaua,4.6260601387818046
161259,Slava Cercheza,4.619907601847963
155797,Belint,4.61716044632551
172377,Popesti,4.606778545574202
54387,Toplet,4.594180704441041
71607,Calarasi,4.576271186440678
112664,Malovat,4.564473183720046
126022,Brancoveni,4.555808656036446
129567,Traian,4.548408057179987
155092,Beuca,4.531722054380665
179766,Isvoarele,4.53074433656958
122132,Costisa,4.527447651386531
137274,Camarzana,4.521167283189478
171272,Maldaresti,4.520341536916122
6976,Salciua,4.519044544867657
90119,Lunca Cernii De Jos,4.509582863585118
153106,Izvoarele,4.506349856616141
112744,Obarsia De Camp,4.501969611705121
74359,Terpezita,4.4987146529562985
170097,Ghioroiu,4.492939666238768
176506,Jaristea,4.490664145592058
39051,Sulita,4.468560485157996
134014,Magurele,4.447268106734435
16944,Lunca Corbului,4.441154700222058
45496,Bradeanu,4.4372730939895115
29243,Draganesti,4.430811179277437
152500,Cervenia,4.423273222184417
104751,Radovanu,4.41717791411043
152234,Bragadiru,4.416731618602235
2915,Oras Baia De Aries,4.416094210009813
86749,Carjiti,4.411764705882353
45361,Boldu,4.407227853680035
172340,Pietrari,4.400812457684496
65121,Bixad,4.393190554640308
128560,Rotunda,4.371584699453552
28193,Carpinet,4.359673024523161
73923,Robanesti,4.3591979075850045
15554,Ciomagesti,4.3591979075850045
59498,Sanmartin,4.335260115606936
16329,Dambovicioara,4.324324324324325
179971,Colelia,4.32152117545376
128472,Radomiresti,4.320987654320987
47079,Gura Teghii,4.320276497695852
173230,Stoenesti,4.311583788444955
53327,Mehadica,4.310344827586207
11762,Plescuta,4.306632213608958
174290,Zatreni,4.299226139294927
129139,Strejesti,4.297520661157025
78748,Balanesti,4.293893129770993
127411,Leleasca,4.267425320056899
63278,Horia,4.262574595055414
70968,Botosesti-Paia,4.219409282700422
171995,Pausesti,4.212945231711988
25291,Scorteni,4.211208292840946
159071,Traian Vuia,4.193849021435228
77601,Suhurlui,4.1928721174004195
154834,Tiganesti,4.190780283376571
154344,Slobozia Mandra,4.184100418410042
110740,Breznita-Motru,4.178272980501393
52570,Dalboset,4.176610978520286
125105,Ruginoasa,4.175365344467641
12572,Varadia De Mures,4.154302670623146
173061,Slatioara,4.144464179988159
102525,Darasti-Ilfov,4.1368935690109065
141884,Lozna,4.1365046535677354
91937,Valisoara,4.132231404958677
27007,Oras Vascau,4.116920543433512
54617,Zavoi,4.103306782524741
5336,Lupsa,4.095778197857593
170444,Gusoeni,4.081632653061225
178956,Rastoaca,4.0733197556008145
171469,Milcoiu,4.071661237785016
161543,Vacareni,4.054054054054054
166315,Tatarani,4.0358744394618835
173793,Susani,4.034761018001242
178313,Valea Sarii,4.034291477559254
125962,Brastavatu,4.014272970561998
53791,Sasca Montana,4.005340453938585
30648,Rabagani,4.0
140770,Cristolt,3.9872408293460926
177762,Soveja,3.9858281665190436
90262,Martinesti,3.9800995024875623
74956,Talpas,3.971405877680699
134899,Provita De Sus,3.958436417615042
78454,Oras Ticleni,3.937007874015748
96110,Butea,3.936096318592267
18938,Stolnici,3.9138943248532287
54537,Vermes,3.911342894393742
56327,Buza,3.90625
77288,Suceveni,3.895381190873678
33881,Milas,3.8940809968847354
58918,Petrestii De Jos,3.8935756002595716
3841,Ceru-Bacainti,3.8910505836575875
156106,Boldur,3.875968992248062
58204,Izvoru Crisului,3.8585209003215435
174254,Voineasa,3.8314176245210727
52721,Domasnea,3.819709702062643
86883,Ghelari,3.814973772055317
171879,Orlesti,3.8141470180305133
168755,Boisoara,3.808073115003808
44177,Tichilesti,3.7796976241900646
140477,Carastelec,3.770028275212064
32045,Viisoara,3.762227238525207
72098,Dobresti,3.7593984962406015
140084,Babeni,3.7220843672456576
128864,Seaca,3.717472118959108
37011,Dersca,3.714020427112349
10006,Birchis,3.7056643726839598
133866,Jugureni,3.7037037037037037
5826,Mogos,3.6945812807881775
6627,Ramet,3.690036900369004
45389,Bozioru,3.686635944700461
173597,Sutesti,3.684937816674344
173533,Stroesti,3.621876131836291
154282,Silistea-Gumesti,3.6188178528347406
152127,Bogdana,3.6117381489841986
12457,Taut,3.6036036036036037
169306,Creteni,3.598740440845704
129718,Vadastra,3.5919540229885056
84460,Galautas,3.587086488640893
80427,Godinesti,3.575076608784474
112771,Oprisor,3.5746201966041107
128524,Redea,3.5701535166012137
170168,Glavile,3.5587188612099645
179917,Rau Alb,3.5486160397444997
88920,Bulzestii De Sus,3.5460992907801416
155145,Saelele,3.5335689045936394
105348,Stoenesti,3.5122930255895635
51332,Bautar,3.4978624174115818
80677,Lelesti,3.468208092485549
129317,Tatulesti,3.4522439585730726
51699,Buchin,3.4414945919370696
26361,Prajesti,3.4261241970021414
127750,Obarsia,3.419452887537994
128659,Schitu,3.411675511751327
93600,Gheorghe Doja,3.411675511751327
179604,Poienile Izei,3.3936651583710407
49046,Rusetu,3.390714658320292
6119,Ocolis,3.389830508474576
73371,Murgasi,3.3812341504649197
28139,Capalna,3.3738191632928474
173748,Stefanesti,3.3680342927127986
91054,Sarmizegetusa,3.36417157275021
51662,Brebu Nou,3.3557046979865772
116340,Craiesti,3.3076074972436604
110688,Balvanesti,3.285870755750274
115897,Brancovenesti,3.2418952618453867
162452,Balteni,3.225806451612903
57163,Ciucea,3.186743148502231
59434,Sancraiu,3.1806615776081424
13891,Albestii De Muscel,3.1766200762388817
9019,Cut,3.1520882584712373
72980,Macesu De Jos,3.1446540880503147
132645,Chiojdeanca,3.1426775612822127
15983,Cotmeana,3.141361256544503
82136,Stanesti,3.137606454504706
15313,Cepari,3.1305903398926653
169994,Galicea,3.12256049960968
89026,Bunila,3.0959752321981426
52650,Doclin,3.0927835051546393
48922,Racoviteni,3.041825095057034
74883,Dobrotesti,3.033980582524272
160476,Hamcearca,2.969561989606533
129987,Valcele,2.943650126156434
11664,Petris,2.894356005788712
6592,Rametea,2.8544243577545196
171101,Maciuca,2.8457598178713717
129282,Stefan Cel Mare,2.824858757062147
18475,Rociu,2.7955271565495208
167641,Oras Baile Govora,2.789400278940028
175224,Barsesti,2.7874564459930316
99922,Tutora,2.786809103576405
166707,Viisoara,2.7517886626307098
53210,Marga,2.73972602739726
130320,Gradinile,2.7266530334014996
77082,Rediu,2.7124773960216997
154460,Suhaia,2.697841726618705
130366,Sarbii - Magura,2.6371308016877637
3459,Bucium,2.6143790849673203
173686,Sirineasa,2.542372881355932
48165,Pardosi,2.5
17726,Negrasi,2.442598925256473
2381,Arieseni,2.3228803716608595
135681,Tataru,2.244668911335578
12689,Varfurile,2.237970906378217
154415,Stejaru,2.232142857142857
11478,Moneasa,2.1739130434782608
172812,Runcu,2.1390374331550803
60026,Valea Ierii,2.134471718249733
129898,Visina,2.0935101186322402
81754,Sacelu,2.063273727647868
128436,Priseaca,1.8575851393188854
11058,Halmagiu,1.8076644974692697
107430,Boiu Mare,1.7761989342806395
145382,Rau Sadului,1.6366612111292962
47417,Margaritesti,1.545595054095827
151763,Lita,1.5308075009567548
135128,Salcia,0.9587727708533078
160911,Murighiol,0.28328611898017
161384,Topolog,0.21308331557639038
161035,Niculitel,0.20618556701030927
160430,Greci,0.1889287738522577
159650,Oras Babadag,0.18768768768768768
159614,Municipiul Tulcea,0.03342730119112616
