Siruta,Localitate,Judet,Categorie
1017,Municipiul Alba Iulia,ab,Femei_45-64
1071,Ciugud,ab,Femei_45-64
1151,Oras Abrud,ab,Barbati_45-64
1213,Municipiul Aiud,ab,Barbati_45-64
1348,Municipiul Blaj,ab,Femei_45-64
1455,Oras Campeni,ab,Barbati_45-64
1696,Oras Cugir,ab,Femei_45-64
1794,Oras Ocna Mures,ab,Barbati_45-64
1874,Municipiul Sebes,ab,Femei_45-64
1936,Oras Zlatna,ab,Barbati_45-64
2130,Albac,ab,Barbati_45-64
2309,Almasu Mare,ab,Barbati_45-64
2381,Arieseni,ab,Barbati_45-64
2577,Avram Iancu,ab,Barbati_45-64
2915,Oras Baia De Aries,ab,Barbati_45-64
2988,Berghin,ab,Barbati_45-64
3039,Bistra,ab,Barbati_45-64
3397,Blandiana,ab,Barbati_45-64
3459,Bucium,ab,Barbati_45-64
3761,Cenade,ab,Barbati_45-64
3805,Cergau,ab,Barbati_45-64
3841,Ceru-Bacainti,ab,Barbati_45-64
3958,Cetatea De Balta,ab,Barbati_45-64
4008,Ciuruleasa,ab,Barbati_45-64
4106,Calnic,ab,Barbati_45-64
4142,Cricau,ab,Barbati_45-64
4188,Craciunelu De Jos,ab,Barbati_45-64
4240,Daia Romana,ab,Barbati_45-64
4268,Dostat,ab,Barbati_45-64
4302,Farau,ab,Barbati_45-64
4366,Galda De Jos,ab,Barbati_45-64
4482,Garbova,ab,Barbati_45-64
4525,Garda De Sus,ab,Barbati_45-64
4703,Hoparta,ab,Barbati_45-64
4767,Horea,ab,Barbati_45-64
4927,Ighiu,ab,Barbati_45-64
4981,Intregalde,ab,Barbati_45-64
5103,Jidvei,ab,Barbati_45-64
5167,Livezile,ab,Barbati_45-64
5210,Lopadea Noua,ab,Barbati_45-64
5309,Lunca Muresului,ab,Barbati_45-64
5336,Lupsa,ab,Barbati_45-64
5577,Metes,ab,Barbati_45-64
5700,Mihalt,ab,Barbati_45-64
5755,Miraslau,ab,Barbati_45-64
5826,Mogos,ab,Barbati_45-64
6048,Noslac,ab,Barbati_45-64
6119,Ocolis,ab,Barbati_45-64
6164,Ohaba,ab,Femei_65_
6217,Pianu,ab,Barbati_45-64
6271,Poiana Vadului,ab,Barbati_45-64
6397,Ponor,ab,Barbati_45-64
6468,Posaga,ab,Femei_45-64
6547,Radesti,ab,Barbati_45-64
6592,Rametea,ab,Femei_45-64
6627,Ramet,ab,Femei_45-64
6761,Rosia Montana,ab,Barbati_45-64
6930,Rosia De Secas,ab,Barbati_45-64
6976,Salciua,ab,Barbati_45-64
7044,Salistea,ab,Barbati_45-64
7099,Sasciori,ab,Barbati_45-64
7197,Scarisoara,ab,Barbati_45-64
7348,Sancel,ab,Barbati_45-64
7384,Santimbru,ab,Femei_45-64
7446,Sohodol,ab,Barbati_45-64
7767,Stremt,ab,Barbati_45-64
7810,Sibot,ab,Barbati_45-64
7865,Sona,ab,Barbati_45-64
7945,Spring,ab,Barbati_45-64
8014,Sugag,ab,Barbati_45-64
8096,Oras Teius,ab,Barbati_45-64
8158,Unirea,ab,Barbati_45-64
8229,Vadu Motilor,ab,Barbati_45-64
8354,Valea Lunga,ab,Barbati_45-64
8425,Vidra,ab,Barbati_45-64
8826,Vintu De Jos,ab,Barbati_45-64
9019,Cut,ab,Barbati_45-64
9026,Bucerdea Granoasa,ab,Barbati_45-64
9262,Municipiul Arad,ar,Barbati_45-64
9280,Fantanele,ar,Barbati_45-64
9333,Livada,ar,Barbati_45-64
9360,Sofronea,ar,Barbati_45-64
9397,Vladimirescu,ar,Barbati_45-64
9459,Oras Chisineu-Cris,ar,Barbati_45-64
9495,Oras Curtici,ar,Barbati_45-64
9538,Oras Ineu,ar,Barbati_45-64
9574,Oras Lipova,ar,Barbati_45-64
9627,Oras Nadlac,ar,Femei_45-64
9654,Oras Pancota,ar,Barbati_45-64
9690,Oras Sebis,ar,Barbati_45-64
9743,Almas,ar,Barbati_45-64
9798,Apateu,ar,Barbati_45-64
9832,Archis,ar,Barbati_45-64
9887,Bata,ar,Barbati_45-64
9930,Beliu,ar,Barbati_45-64
10006,Birchis,ar,Barbati_45-64
10051,Barsa,ar,Barbati_45-64
10104,Barzava,ar,Barbati_45-64
10195,Bocsig,ar,Barbati_45-64
10239,Brazii,ar,Barbati_45-64
10293,Buteni,ar,Barbati_45-64
10346,Carand,ar,Barbati_45-64
10373,Cermei,ar,Barbati_45-64
10417,Chisindia,ar,Barbati_45-64
10453,Conop,ar,Femei_45-64
10514,Covasint,ar,Barbati_45-64
10532,Craiva,ar,Barbati_45-64
10649,Dezna,ar,Femei_45-64
10701,Dieci,ar,Femei_45-64
10765,Ususau,ar,Barbati_45-64
10827,Felnac,ar,Barbati_45-64
10872,Ghioroc,ar,Barbati_45-64
10916,Graniceri,ar,Barbati_45-64
10943,Gurahont,ar,Barbati_45-64
11058,Halmagiu,ar,Barbati_45-64
11174,Halmagel,ar,Barbati_45-64
11236,Hasmas,ar,Barbati_45-64
11307,Ignesti,ar,Barbati_45-64
11352,Iratosu,ar,Barbati_45-64
11398,Macea,ar,Barbati_45-64
11423,Misca,ar,Barbati_45-64
11478,Moneasa,ar,Barbati_45-64
11502,Olari,ar,Barbati_45-64
11539,Paulis,ar,Barbati_45-64
11584,Oras Pecica,ar,Barbati_45-64
11637,Peregu Mare,ar,Barbati_45-64
11664,Petris,ar,Barbati_45-64
11735,Pilu,ar,Barbati_45-64
11762,Plescuta,ar,Barbati_45-64
11842,Savarsin,ar,Barbati_45-64
11940,Secusigiu,ar,Barbati_45-64
11995,Seleus,ar,Barbati_45-64
12037,Semlac,ar,Barbati_45-64
12055,Sintea Mare,ar,Barbati_45-64
12091,Oras Santana,ar,Barbati_45-64
12126,Socodor,ar,Barbati_45-64
12144,Sagu,ar,Barbati_45-64
12206,Seitin,ar,Barbati_45-64
12224,Sepreus,ar,Barbati_45-64
12242,Sicula,ar,Barbati_45-64
12288,Silindia,ar,Barbati_45-64
12340,Simand,ar,Barbati_45-64
12368,Siria,ar,Barbati_45-64
12402,Sistarovat,ar,Barbati_45-64
12457,Taut,ar,Barbati_45-64
12509,Tarnova,ar,Barbati_45-64
12572,Varadia De Mures,ar,Barbati_45-64
12643,Vinga,ar,Barbati_45-64
12689,Varfurile,ar,Barbati_45-64
12778,Zabrani,ar,Barbati_45-64
12812,Zarand,ar,Barbati_45-64
12849,Zerind,ar,Femei_45-64
12876,Zimandu Nou,ar,Barbati_45-64
12912,Dorobanti,ar,Barbati_45-64
12920,Frumuseni,ar,Barbati_45-64
12938,Zadareni,ar,Barbati_45-64
13169,Municipiul Pitesti,ag,Femei_45-64
13187,Bascov,ag,Barbati_45-64
13276,Bradu,ag,Barbati_45-64
13301,Oras Mioveni,ag,Barbati_45-64
13365,Maracineni,ag,Femei_45-64
13392,Oras Stefanesti,ag,Barbati_45-64
13490,Municipiul Campulung,ag,Femei_45-64
13524,Valea Mare Pravat,ag,Barbati_45-64
13622,Municipiul Curtea De Arges,ag,Femei_45-64
13668,Oras Costesti,ag,Barbati_45-64
13757,Oras Topoloveni,ag,Barbati_45-64
13819,Albestii De Arges,ag,Barbati_45-64
13891,Albestii De Muscel,ag,Barbati_45-64
13935,Albota,ag,Barbati_45-64
13999,Aninoasa,ag,Barbati_45-64
14049,Arefu,ag,Barbati_45-64
14085,Babana,ag,Barbati_45-64
14165,Baiculesti,ag,Barbati_45-64
14272,Balilesti,ag,Barbati_45-64
14352,Beleti-Negresti,ag,Barbati_45-64
14405,Berevoesti,ag,Barbati_45-64
14450,Barla,ag,Barbati_45-64
14584,Bogati,ag,Barbati_45-64
14673,Boteni,ag,Barbati_45-64
14726,Botesti,ag,Barbati_45-64
14753,Bradulet,ag,Femei_45-64
14851,Budeasa,ag,Barbati_45-64
14922,Bughea De Jos,ag,Barbati_45-64
14940,Buzoesti,ag,Barbati_45-64
15064,Caldararu,ag,Barbati_45-64
15108,Calinesti,ag,Barbati_45-64
15233,Cateasca,ag,Barbati_45-64
15313,Cepari,ag,Barbati_45-64
15402,Cetateni,ag,Barbati_45-64
15448,Cicanesti,ag,Barbati_45-64
15493,Ciofrangeni,ag,Barbati_45-64
15554,Ciomagesti,ag,Barbati_45-64
15652,Cocu,ag,Barbati_45-64
15741,Corbeni,ag,Barbati_45-64
15830,Corbi,ag,Femei_45-64
15901,Cosesti,ag,Barbati_45-64
15983,Cotmeana,ag,Barbati_45-64
16132,Cuca,ag,Barbati_45-64
16285,Davidesti,ag,Barbati_45-64
16329,Dambovicioara,ag,Barbati_45-64
16365,Darmanesti,ag,Barbati_45-64
16427,Dobresti,ag,Barbati_45-64
16454,Domnesti,ag,Barbati_45-64
16472,Dragoslavele,ag,Barbati_45-64
16506,Draganu,ag,Barbati_45-64
16551,Godeni,ag,Barbati_45-64
16613,Harsesti,ag,Barbati_45-64
16659,Hartiesti,ag,Barbati_45-64
16739,Izvoru,ag,Barbati_45-64
16757,Leordeni,ag,Barbati_45-64
16908,Leresti,ag,Barbati_45-64
16944,Lunca Corbului,ag,Barbati_45-64
17049,Malureni,ag,Barbati_45-64
17101,Merisani,ag,Barbati_45-64
17209,Micesti,ag,Barbati_45-64
17254,Mihaesti,ag,Barbati_45-64
17334,Mioarele,ag,Barbati_45-64
17398,Mirosi,ag,Barbati_45-64
17423,Moraresti,ag,Barbati_45-64
17496,Mosoaia,ag,Barbati_45-64
17575,Mozaceni,ag,Barbati_45-64
17619,Musatesti,ag,Barbati_45-64
17726,Negrasi,ag,Barbati_45-64
17771,Nucsoara,ag,Barbati_45-64
17824,Oarja,ag,Barbati_45-64
17851,Pietrosani,ag,Barbati_45-64
17913,Poienarii De Arges,ag,Femei_45-64
17968,Poienarii De Muscel,ag,Barbati_45-64
18028,Poiana Lacului,ag,Barbati_45-64
18162,Popesti,ag,Barbati_45-64
18242,Priboieni,ag,Barbati_45-64
18331,Ratesti,ag,Barbati_45-64
18411,Recea,ag,Barbati_45-64
18475,Rociu,ag,Femei_65_
18527,Rucar,ag,Barbati_45-64
18554,Salatrucu,ag,Femei_45-64
18581,Sapata,ag,Barbati_45-64
18670,Schitu Golesti,ag,Barbati_45-64
18741,Slobozia,ag,Barbati_45-64
18778,Stalpeni,ag,Barbati_45-64
18858,Stoenesti,ag,Barbati_45-64
18938,Stolnici,ag,Barbati_45-64
19007,Suseni,ag,Barbati_45-64
19114,Stefan Cel Mare,ag,Barbati_45-64
19141,Suici,ag,Femei_45-64
19212,Teiu,ag,Barbati_45-64
19249,Tigveni,ag,Barbati_45-64
19338,Titesti,ag,Barbati_45-64
19392,Uda,ag,Barbati_45-64
19560,Ungheni,ag,Barbati_45-64
19631,Valea Danului,ag,Barbati_45-64
19695,Valea Iasului,ag,Barbati_45-64
19793,Vedea,ag,Barbati_45-64
19999,Vladesti,ag,Barbati_45-64
20048,Raca,ag,Barbati_45-64
20055,Vulturesti,ag,Barbati_45-64
20063,Bughea De Sus,ag,Barbati_45-64
20297,Municipiul Bacau,bc,Femei_45-64
20313,Hemeius,bc,Barbati_45-64
20359,Letea Veche,bc,Barbati_45-64
20411,Magura,bc,Barbati_45-64
20466,Margineni,bc,Barbati_45-64
20563,Municipiul Onesti,bc,Femei_45-64
20607,Gura Vaii,bc,Barbati_45-64
20670,Stefan Cel Mare,bc,Barbati_45-64
20778,Oras Buhusi,bc,Femei_45-64
20821,Oras Comanesti,bc,Femei_45-64
20876,Municipiul Moinesti,bc,Barbati_45-64
20910,Oras Slanic-Moldova,bc,Barbati_45-64
20965,Oras Targu Ocna,bc,Femei_45-64
21007,Agas,bc,Barbati_45-64
21098,Ardeoani,bc,Barbati_45-64
21123,Asau,bc,Barbati_45-64
21196,Balcani,bc,Barbati_45-64
21249,Beresti-Bistrita,bc,Barbati_45-64
21338,Beresti-Tazlau,bc,Barbati_45-64
21418,Berzunti,bc,Barbati_45-64
21454,Barsanesti,bc,Barbati_45-64
21506,Blagesti,bc,Barbati_45-64
21560,Bogdanesti,bc,Barbati_45-64
21597,Brusturoasa,bc,Barbati_45-64
21668,Buhoci,bc,Barbati_45-64
21720,Casin,bc,Barbati_45-64
21757,Caiuti,bc,Barbati_45-64
21855,Cleja,bc,Barbati_45-64
21891,Colonesti,bc,Barbati_45-64
21971,Corbasca,bc,Barbati_45-64
22059,Cotofanesti,bc,Barbati_45-64
22111,Damienesti,bc,Barbati_45-64
22166,Oras Darmanesti,bc,Femei_45-64
22237,Dealu Morii,bc,Barbati_45-64
22380,Dofteana,bc,Barbati_45-64
22460,Faraoani,bc,Femei_45-64
22488,Filipeni,bc,Barbati_45-64
22576,Filipesti,bc,Barbati_45-64
22665,Gaiceana,bc,Barbati_45-64
22718,Ghimes-Faget,bc,Barbati_45-64
22781,Garleni,bc,Femei_45-64
22834,Glavanesti,bc,Barbati_45-64
22898,Helegiu,bc,Barbati_45-64
22941,Horgesti,bc,Barbati_45-64
23047,Huruiesti,bc,Barbati_45-64
23127,Izvoru Berheciului,bc,Barbati_45-64
23207,Lipova,bc,Barbati_45-64
23289,Livezi,bc,Barbati_45-64
23350,Luizi-Calugara,bc,Barbati_45-64
23387,Magiresti,bc,Barbati_45-64
23449,Manastirea Casin,bc,Barbati_45-64
23494,Motoseni,bc,Barbati_45-64
23644,Negri,bc,Barbati_45-64
23715,Nicolae Balcescu,bc,Barbati_45-64
23797,Oituz,bc,Barbati_45-64
23868,Oncesti,bc,Barbati_45-64
23948,Orbeni,bc,Barbati_45-64
23975,Palanca,bc,Barbati_45-64
24034,Parava,bc,Barbati_45-64
24089,Parincea,bc,Barbati_45-64
24187,Pancesti,bc,Barbati_45-64
24276,Pargaresti,bc,Barbati_45-64
24338,Parjol,bc,Barbati_45-64
24427,Plopana,bc,Barbati_45-64
24524,Podu Turcului,bc,Barbati_45-64
24631,Poduri,bc,Barbati_45-64
24711,Racova,bc,Barbati_45-64
24766,Racaciuni,bc,Barbati_45-64
24837,Rachitoasa,bc,Barbati_45-64
24999,Rosiori,bc,Barbati_45-64
25068,Sascut,bc,Barbati_45-64
25148,Sanduleni,bc,Barbati_45-64
25228,Saucesti,bc,Barbati_45-64
25291,Scorteni,bc,Barbati_45-64
25362,Secuieni,bc,Barbati_45-64
25488,Solont,bc,Barbati_45-64
25521,Stanisesti,bc,Barbati_45-64
25629,Strugari,bc,Barbati_45-64
25692,Tamasi,bc,Barbati_45-64
25745,Tatarasti,bc,Barbati_45-64
25825,Targu Trotus,bc,Barbati_45-64
25861,Traian,bc,Barbati_45-64
25932,Ungureni,bc,Barbati_45-64
26029,Urechesti,bc,Barbati_45-64
26083,Valea Seaca,bc,Barbati_45-64
26118,Vultureni,bc,Barbati_45-64
26289,Zemes,bc,Barbati_45-64
26320,Sarata,bc,Barbati_45-64
26338,Buciumi,bc,Barbati_45-64
26346,Gioseni,bc,Barbati_45-64
26353,Odobesti,bc,Barbati_45-64
26361,Prajesti,bc,Barbati_45-64
26379,Itesti,bc,Barbati_45-64
26564,Municipiul Oradea,bh,Femei_45-64
26582,Sanmartin,bh,Barbati_45-64
26653,Santandrei,bh,Barbati_45-64
26699,Oras Alesd,bh,Barbati_45-64
26742,Astileu,bh,Barbati_45-64
26804,Municipiul Beius,bh,Femei_45-64
26840,Oras Stei,bh,Barbati_45-64
26877,Municipiul Marghita,bh,Femei_45-64
26920,Oras Nucet,bh,Barbati_45-64
26975,Municipiul Salonta,bh,Femei_45-64
27007,Oras Vascau,bh,Femei_45-64
27070,Abram,bh,Barbati_45-64
27169,Abramut,bh,Femei_45-64
27212,Auseu,bh,Barbati_45-64
27285,Avram Iancu,bh,Barbati_45-64
27329,Balc,bh,Barbati_45-64
27383,Batar,bh,Barbati_45-64
27436,Biharia,bh,Femei_45-64
27506,Boianu Mare,bh,Barbati_45-64
27560,Borod,bh,Barbati_45-64
27631,Bors,bh,Barbati_45-64
27686,Bratca,bh,Barbati_45-64
27757,Brusturi,bh,Barbati_45-64
27846,Budureasa,bh,Barbati_45-64
27908,Buduslau,bh,Barbati_45-64
27935,Bulz,bh,Barbati_45-64
27971,Buntesti,bh,Barbati_45-64
28077,Cabesti,bh,Barbati_45-64
28139,Capalna,bh,Femei_65_
28193,Carpinet,bh,Barbati_45-64
28246,Cefa,bh,Barbati_45-64
28335,Ceica,bh,Barbati_45-64
28415,Cetariu,bh,Femei_45-64
28497,Cherechiu,bh,Barbati_45-64
28530,Chislaz,bh,Barbati_45-64
28610,Ciuhoi,bh,Barbati_45-64
28665,Ciumeghiu,bh,Barbati_45-64
28709,Campani,bh,Femei_45-64
28763,Cociuba Mare,bh,Barbati_45-64
28816,Copacel,bh,Barbati_45-64
28889,Cristioru De Jos,bh,Barbati_45-64
28941,Curatele,bh,Barbati_45-64
29001,Curtuiseni,bh,Barbati_45-64
29038,Derna,bh,Barbati_45-64
29092,Diosig,bh,Femei_45-64
29154,Dobresti,bh,Barbati_45-64
29243,Draganesti,bh,Barbati_45-64
29341,Dragesti,bh,Femei_45-64
29403,Finis,bh,Barbati_45-64
29467,Girisu De Cris,bh,Barbati_45-64
29519,Hidiselu De Sus,bh,Barbati_45-64
29573,Holod,bh,Barbati_45-64
29662,Husasau De Tinca,bh,Barbati_45-64
29724,Ineu,bh,Barbati_45-64
29760,Lazuri De Beius,bh,Barbati_45-64
29813,Lazareni,bh,Barbati_45-64
29902,Lugasu De Jos,bh,Barbati_45-64
29948,Lunca,bh,Barbati_45-64
30014,Madaras,bh,Barbati_45-64
30069,Magesti,bh,Barbati_45-64
30149,Nojorid,bh,Barbati_45-64
30229,Olcea,bh,Barbati_45-64
30274,Osorhei,bh,Barbati_45-64
30336,Pietroasa,bh,Barbati_45-64
30416,Pocola,bh,Barbati_45-64
30470,Pomezeu,bh,Barbati_45-64
30568,Popesti,bh,Barbati_45-64
30648,Rabagani,bh,Barbati_45-64
30719,Remetea,bh,Barbati_45-64
30773,Rieni,bh,Barbati_45-64
30844,Rosia,bh,Barbati_45-64
30871,Sacadat,bh,Barbati_45-64
30915,Oras Sacueni,bh,Barbati_45-64
30988,Salacea,bh,Femei_45-64
31011,Salard,bh,Barbati_45-64
31057,Sambata,bh,Barbati_45-64
31128,Sarbi,bh,Barbati_45-64
31208,Spinus,bh,Femei_45-64
31262,Suplacu De Barcau,bh,Barbati_45-64
31333,Simian,bh,Barbati_45-64
31379,Sinteu,bh,Femei_45-64
31422,Soimi,bh,Barbati_45-64
31510,Suncuius,bh,Barbati_45-64
31565,Tarcea,bh,Femei_45-64
31609,Tarcaia,bh,Barbati_45-64
31654,Tauteu,bh,Barbati_45-64
31716,Tileagd,bh,Barbati_45-64
31789,Tinca,bh,Barbati_45-64
31841,Tulca,bh,Femei_45-64
31878,Tetchea,bh,Barbati_45-64
31921,Uileacu De Beius,bh,Barbati_45-64
31976,Vadu Crisului,bh,Barbati_45-64
32027,Oras Valea Lui Mihai,bh,Femei_45-64
32045,Viisoara,bh,Barbati_45-64
32090,Varciorog,bh,Barbati_45-64
32153,Tamaseu,bh,Barbati_45-64
32161,Paleu,bh,Barbati_45-64
32179,Sannicolau Roman,bh,Barbati_45-64
32187,Rosiori,bh,Barbati_45-64
32195,Gepiu,bh,Barbati_45-64
32201,Toboliu,bh,Barbati_45-64
32394,Municipiul Bistrita,bn,Femei_45-64
32483,Oras Beclean,bn,Femei_45-64
32544,Oras Nasaud,bn,Femei_45-64
32599,Oras Sangeorz-Bai,bn,Femei_45-64
32633,Bistrita Bargaului,bn,Femei_45-64
32660,Branistea,bn,Barbati_45-64
32704,Budacu De Jos,bn,Barbati_45-64
32768,Budesti,bn,Barbati_45-64
32811,Caianu Mic,bn,Femei_65_
32884,Cetate,bn,Barbati_45-64
32955,Ciceu-Giurgesti,bn,Barbati_45-64
33015,Chiochis,bn,Barbati_45-64
33122,Chiuza,bn,Barbati_45-64
33177,Cosbuc,bn,Barbati_45-64
33202,Dumitra,bn,Barbati_45-64
33248,Feldru,bn,Barbati_45-64
33275,Galatii Bistritei,bn,Barbati_45-64
33337,Ilva Mare,bn,Barbati_45-64
33364,Ilva Mica,bn,Barbati_45-64
33382,Josenii Bargaului,bn,Barbati_45-64
33435,Lechinta,bn,Barbati_45-64
33514,Lesu,bn,Barbati_45-64
33541,Livezile,bn,Barbati_45-64
33603,Lunca Ilvei,bn,Barbati_45-64
33621,Maieru,bn,Barbati_45-64
33658,Matei,bn,Barbati_45-64
33729,Magura Ilvei,bn,Barbati_45-64
33765,Mariselu,bn,Barbati_45-64
33845,Micestii De Campie,bn,Barbati_45-64
33881,Milas,bn,Barbati_45-64
33952,Monor,bn,Barbati_45-64
33989,Nimigea,bn,Barbati_45-64
34075,Nuseni,bn,Barbati_45-64
34155,Parva,bn,Barbati_45-64
34173,Petru Rares,bn,Barbati_45-64
34235,Prundu Bargaului,bn,Barbati_45-64
34262,Rebra,bn,Femei_45-64
34280,Rebrisoara,bn,Barbati_45-64
34333,Rodna,bn,Barbati_45-64
34360,Romuli,bn,Barbati_45-64
34397,Salva,bn,Femei_45-64
34422,Silivasu De Campie,bn,Barbati_45-64
34477,Sanmihaiu De Campie,bn,Barbati_45-64
34547,Spermezeu,bn,Barbati_45-64
34618,Sant,bn,Femei_45-64
34645,Sieu,bn,Femei_45-64
34690,Sieu-Magherus,bn,Barbati_45-64
34770,Sieu-Odorhei,bn,Barbati_45-64
34850,Sieut,bn,Barbati_45-64
34903,Sintereag,bn,Barbati_45-64
34985,Teaca,bn,Barbati_45-64
35054,Telciu,bn,Barbati_45-64
35090,Tiha Bargaului,bn,Barbati_45-64
35152,Tarlisua,bn,Barbati_45-64
35269,Uriu,bn,Barbati_45-64
35312,Urmenis,bn,Barbati_45-64
35429,Zagra,bn,Barbati_45-64
35731,Municipiul Botosani,bt,Femei_45-64
35759,Curtesti,bt,Barbati_45-64
35839,Rachiti,bt,Barbati_45-64
35884,Stauceni,bt,Barbati_45-64
35946,Oras Darabani,bt,Barbati_45-64
36006,Municipiul Dorohoi,bt,Femei_45-64
36060,Oras Saveni,bt,Barbati_45-64
36131,Albesti,bt,Barbati_45-64
36202,Avrameni,bt,Barbati_45-64
36300,Baluseni,bt,Barbati_45-64
36373,Braesti,bt,Barbati_45-64
36426,Broscauti,bt,Barbati_45-64
36453,Oras Bucecea,bt,Barbati_45-64
36499,Calarasi,bt,Barbati_45-64
36532,Concesti,bt,Barbati_45-64
36569,Copalau,bt,Barbati_45-64
36649,Cordareni,bt,Barbati_45-64
36676,Corlateni,bt,Barbati_45-64
36756,Corni,bt,Barbati_45-64
36809,Cotusca,bt,Barbati_45-64
36907,Cristesti,bt,Barbati_45-64
36952,Cristinesti,bt,Barbati_45-64
37011,Dersca,bt,Barbati_45-64
37057,Dangeni,bt,Barbati_45-64
37100,Dobarceni,bt,Barbati_45-64
37173,Draguseni,bt,Barbati_45-64
37217,Durnesti,bt,Barbati_45-64
37280,Oras Flamanzi,bt,Barbati_45-64
37324,Frumusica,bt,Barbati_45-64
37397,George Enescu,bt,Barbati_45-64
37459,Gorbanesti,bt,Barbati_45-64
37547,Havarna,bt,Barbati_45-64
37618,Hanesti,bt,Barbati_45-64
37672,Hiliseu-Horia,bt,Barbati_45-64
37734,Hlipiceni,bt,Barbati_45-64
37770,Hudesti,bt,Barbati_45-64
37823,Ibanesti,bt,Barbati_45-64
37850,Leorda,bt,Barbati_45-64
37912,Lunca,bt,Femei_65_
37958,Manoleasa,bt,Barbati_45-64
38063,Mihai Eminescu,bt,Barbati_45-64
38161,Mihaileni,bt,Barbati_45-64
38241,Mihalaseni,bt,Barbati_45-64
38321,Mileanca,bt,Barbati_45-64
38376,Mitoc,bt,Barbati_45-64
38456,Nicseni,bt,Barbati_45-64
38492,Paltinis,bt,Barbati_45-64
38544,Pomarla,bt,Barbati_45-64
38580,Prajeni,bt,Barbati_45-64
38633,Radauti-Prut,bt,Barbati_45-64
38679,Rauseni,bt,Barbati_45-64
38731,Ripiceni,bt,Barbati_45-64
38811,Roma,bt,Barbati_45-64
38848,Romanesti,bt,Barbati_45-64
38893,Santa Mare,bt,Barbati_45-64
38982,Suharau,bt,Barbati_45-64
39051,Sulita,bt,Barbati_45-64
39122,Sendriceni,bt,Barbati_45-64
39168,Oras Stefanesti,bt,Barbati_45-64
39220,Stiubieni,bt,Femei_65_
39266,Todireni,bt,Barbati_45-64
39328,Trusesti,bt,Barbati_45-64
39391,Tudora,bt,Barbati_45-64
39417,Ungureni,bt,Barbati_45-64
39532,Unteni,bt,Barbati_45-64
39612,Vaculesti,bt,Barbati_45-64
39658,Viisoara,bt,Barbati_45-64
39694,Varfu Campului,bt,Barbati_45-64
39738,Vladeni,bt,Barbati_45-64
39792,Vlasinesti,bt,Barbati_45-64
39836,Vorniceni,bt,Barbati_45-64
39872,Vorona,bt,Barbati_45-64
39942,Lozna,bt,Barbati_45-64
39959,Dimacheni,bt,Barbati_45-64
39967,Candesti,bt,Barbati_45-64
39975,Cosula,bt,Barbati_45-64
39983,Blandesti,bt,Barbati_65_
40035,Adaseni,bt,Barbati_45-64
40198,Municipiul Brasov,bv,Femei_45-64
40214,Oras Ghimbav,bv,Barbati_45-64
40241,Municipiul Codlea,bv,Barbati_45-64
40278,Municipiul Fagaras,bv,Femei_45-64
40303,Oras Predeal,bv,Femei_45-64
40367,Oras Rasnov,bv,Barbati_45-64
40394,Oras Rupea,bv,Barbati_45-64
40438,Municipiul Sacele,bv,Femei_45-64
40465,Oras Victoria,bv,Femei_45-64
40492,Oras Zarnesti,bv,Femei_45-64
40526,Apata,bv,Barbati_45-64
40544,Beclean,bv,Barbati_45-64
40606,Bod,bv,Femei_45-64
40633,Bran,bv,Femei_45-64
40688,Budila,bv,Barbati_45-64
40704,Bunesti,bv,Femei_45-64
40768,Cata,bv,Barbati_45-64
40820,Cincu,bv,Barbati_45-64
40857,Comana,bv,Barbati_45-64
40900,Cristian,bv,Barbati_45-64
40928,Dumbravita,bv,Barbati_45-64
40955,Feldioara,bv,Barbati_45-64
40991,Fundata,bv,Barbati_45-64
41033,Halchiu,bv,Femei_45-64
41088,Harman,bv,Barbati_45-64
41113,Harseni,bv,Barbati_65_
41177,Hoghiz,bv,Barbati_45-64
41248,Homorod,bv,Barbati_45-64
41284,Jibert,bv,Barbati_45-64
41346,Lisa,bv,Barbati_45-64
41382,Maierus,bv,Barbati_45-64
41417,Mandra,bv,Barbati_45-64
41471,Moieciu,bv,Barbati_45-64
41541,Ormenis,bv,Barbati_45-64
41578,Parau,bv,Barbati_45-64
41621,Poiana Marului,bv,Barbati_45-64
41667,Prejmer,bv,Femei_45-64
41701,Racos,bv,Barbati_45-64
41738,Recea,bv,Barbati_45-64
41818,Sercaia,bv,Barbati_45-64
41854,Sinca,bv,Barbati_45-64
41925,Sanpetru,bv,Barbati_45-64
41943,Soars,bv,Femei_45-64
42003,Tarlungeni,bv,Barbati_45-64
42058,Teliu,bv,Femei_45-64
42076,Ticusu,bv,Barbati_45-64
42101,Ucea,bv,Barbati_45-64
42156,Ungra,bv,Barbati_45-64
42183,Vama Buzaului,bv,Barbati_45-64
42236,Vistea,bv,Barbati_45-64
42307,Voila,bv,Barbati_45-64
42398,Vulcan,bv,Barbati_45-64
42449,Sinca Noua,bv,Barbati_45-64
42456,Crizbav,bv,Femei_45-64
42464,Sambata De Sus,bv,Barbati_45-64
42472,Holbav,bv,Barbati_45-64
42480,Dragus,bv,Barbati_45-64
42498,Augustin,bv,Barbati_45-64
42682,Municipiul Braila,br,Femei_45-64
42708,Chiscani,br,Barbati_45-64
42753,Oras Faurei,br,Barbati_45-64
42771,Surdila-Greci,br,Barbati_45-64
42824,Baraganul,br,Barbati_45-64
42842,Bertestii De Jos,br,Barbati_45-64
42913,Bordei Verde,br,Barbati_45-64
42968,Ciocile,br,Barbati_45-64
43019,Ciresu,br,Barbati_45-64
43073,Dudesti,br,Barbati_45-64
43117,Frecatei,br,Barbati_45-64
43180,Galbenu,br,Barbati_45-64
43242,Gemenele,br,Barbati_45-64
43279,Gradistea,br,Barbati_45-64
43313,Gropeni,br,Barbati_45-64
43331,Oras Ianca,br,Barbati_45-64
43411,Oras Insuratei,br,Barbati_45-64
43466,Jirlau,br,Barbati_45-64
43493,Marasu,br,Barbati_45-64
43563,Maxineni,br,Barbati_45-64
43625,Mircea Voda,br,Barbati_45-64
43652,Movila Miresii,br,Barbati_45-64
43698,Racovita,br,Barbati_45-64
43732,Ramnicelu,br,Barbati_45-64
43787,Romanu,br,Barbati_45-64
43812,Rosiori,br,Barbati_45-64
43867,Salcia Tudor,br,Barbati_45-64
43929,Scortaru Nou,br,Barbati_45-64
43992,Silistea,br,Barbati_45-64
44060,Stancuta,br,Barbati_45-64
44113,Surdila-Gaiseanca,br,Barbati_45-64
44140,Sutesti,br,Barbati_45-64
44177,Tichilesti,br,Barbati_45-64
44202,Traian,br,Barbati_45-64
44257,Tudor Vladimirescu,br,Barbati_45-64
44300,Tufesti,br,Barbati_45-64
44328,Ulmu,br,Barbati_45-64
44355,Unirea,br,Barbati_45-64
44391,Vadeni,br,Barbati_45-64
44435,Victoria,br,Barbati_45-64
44462,Visani,br,Barbati_45-64
44505,Viziru,br,Barbati_45-64
44532,Zavoaia,br,Barbati_45-64
44560,Cazasu,br,Barbati_45-64
44818,Municipiul Buzau,bz,Femei_45-64
44845,Municipiul Ramnicu Sarat,bz,Femei_45-64
44863,Amaru,bz,Barbati_45-64
44934,Balta Alba,bz,Barbati_45-64
44989,Balaceanu,bz,Barbati_45-64
45003,Beceni,bz,Femei_45-64
45101,Berca,bz,Barbati_45-64
45245,Bisoca,bz,Barbati_45-64
45334,Blajani,bz,Femei_65_
45361,Boldu,bz,Barbati_45-64
45389,Bozioru,bz,Barbati_45-64
45496,Bradeanu,bz,Barbati_45-64
45539,Braesti,bz,Barbati_45-64
45619,Breaza,bz,Barbati_45-64
45673,Buda,bz,Barbati_45-64
45753,Calvini,bz,Barbati_45-64
45815,C.a. Rosetti,bz,Barbati_45-64
45888,Canesti,bz,Femei_65_
45959,Catina,bz,Barbati_45-64
46019,Cernatesti,bz,Barbati_45-64
46108,Chiliile,bz,Femei_65_
46180,Chiojdu,bz,Barbati_45-64
46251,Cilibia,bz,Barbati_45-64
46313,Cislau,bz,Barbati_45-64
46377,Cochirleanca,bz,Barbati_45-64
46439,Colti,bz,Barbati_45-64
46484,Costesti,bz,Barbati_45-64
46554,Cozieni,bz,Barbati_45-64
46769,Galbinasi,bz,Barbati_45-64
46803,Gheraseni,bz,Barbati_45-64
46830,Ghergheasa,bz,Barbati_45-64
46867,Glodeanu Sarat,bz,Barbati_45-64
46910,Glodeanu-Silistea,bz,Barbati_45-64
47006,Grebanu,bz,Barbati_45-64
47079,Gura Teghii,bz,Barbati_45-64
47159,Largu,bz,Barbati_45-64
47186,Lopatari,bz,Barbati_45-64
47300,Luciu,bz,Barbati_45-64
47337,Magura,bz,Barbati_45-64
47373,Maracineni,bz,Barbati_45-64
47417,Margaritesti,bz,Barbati_45-64
47453,Merei,bz,Barbati_45-64
47578,Mihailesti,bz,Barbati_45-64
47630,Manzalesti,bz,Barbati_45-64
47774,Movila Banului,bz,Barbati_45-64
47818,Murgesti,bz,Femei_65_
47854,Naeni,bz,Barbati_45-64
47916,Oras Nehoiu,bz,Barbati_45-64
48021,Odaile,bz,Barbati_45-64
48138,Padina,bz,Barbati_45-64
48165,Pardosi,bz,Barbati_65_
48227,Panatau,bz,Barbati_45-64
48325,Oras Patarlagele,bz,Barbati_45-64
48487,Pietroasele,bz,Barbati_45-64
48557,Parscov,bz,Barbati_45-64
48682,Podgoria,bz,Barbati_45-64
48744,Oras Pogoanele,bz,Barbati_45-64
48771,Posta Calnau,bz,Barbati_45-64
48842,Puiesti,bz,Barbati_45-64
48922,Racoviteni,bz,Barbati_45-64
48968,Ramnicelu,bz,Barbati_45-64
49019,Robeasca,bz,Femei_65_
49046,Rusetu,bz,Barbati_45-64
49073,Sageata,bz,Barbati_45-64
49153,Sahateni,bz,Barbati_45-64
49206,Sapoca,bz,Barbati_45-64
49233,Sarulesti,bz,Barbati_45-64
49313,Scortoasa,bz,Barbati_45-64
49439,Scutelnici,bz,Barbati_45-64
49484,Siriu,bz,Femei_45-64
49545,Smeeni,bz,Barbati_45-64
49625,Stalpu,bz,Barbati_45-64
49643,Tisau,bz,Barbati_45-64
49769,Topliceni,bz,Barbati_45-64
49849,Tintesti,bz,Barbati_45-64
49894,Ulmeni,bz,Barbati_45-64
49956,Vadu Pasii,bz,Barbati_45-64
50022,Valea Ramnicului,bz,Barbati_45-64
50068,Valea Salciei,bz,Barbati_45-64
50102,Vernesti,bz,Barbati_45-64
50228,Vintila Voda,bz,Barbati_45-64
50326,Viperesti,bz,Barbati_45-64
50399,Valcelele,bz,Femei_65_
50415,Zarnesti,bz,Barbati_45-64
50479,Ziduri,bz,Barbati_45-64
50549,Unguriu,bz,Barbati_45-64
50564,Florica,bz,Barbati_45-64
50790,Municipiul Resita,cs,Barbati_45-64
50889,Oras Anina,cs,Barbati_45-64
50923,Oras Baile Herculane,cs,Barbati_45-64
50969,Oras Bocsa,cs,Barbati_45-64
50987,Ocna De Fier,cs,Barbati_45-64
51010,Municipiul Caransebes,cs,Barbati_45-64
51056,Oras Moldova Noua,cs,Barbati_45-64
51118,Oras Oravita,cs,Barbati_45-64
51207,Oras Otelu Rosu,cs,Barbati_45-64
51243,Armenis,cs,Barbati_45-64
51305,Bania,cs,Femei_45-64
51332,Bautar,cs,Barbati_45-64
51387,Berliste,cs,Barbati_45-64
51449,Berzasca,cs,Barbati_45-64
51500,Berzovia,cs,Barbati_45-64
51546,Bolvasnita,cs,Barbati_45-64
51573,Bozovici,cs,Barbati_45-64
51626,Brebu,cs,Barbati_45-64
51662,Brebu Nou,cs,Barbati_45-64
51699,Buchin,cs,Barbati_45-64
51751,Bucosnita,cs,Barbati_45-64
51804,Carasova,cs,Barbati_45-64
51840,Carbunari,cs,Barbati_45-64
51877,Constantin Daicoviciu,cs,Barbati_45-64
51948,Ciclova Romana,cs,Barbati_45-64
51984,Ciuchici,cs,Barbati_45-64
52035,Ciudanovita,cs,Barbati_45-64
52062,Copacele,cs,Barbati_45-64
52115,Cornea,cs,Barbati_45-64
52160,Cornereva,cs,Barbati_45-64
52570,Dalboset,cs,Barbati_45-64
52650,Doclin,cs,Barbati_45-64
52696,Dognecea,cs,Barbati_45-64
52721,Domasnea,cs,Barbati_45-64
52758,Ezeris,cs,Barbati_45-64
52785,Farliug,cs,Barbati_45-64
52856,Forotic,cs,Barbati_45-64
52909,Garnic,cs,Barbati_45-64
52936,Glimboca,cs,Femei_45-64
52954,Goruia,cs,Barbati_45-64
52990,Gradinari,cs,Barbati_45-64
53023,Iablanita,cs,Barbati_45-64
53069,Lapusnicel,cs,Femei_65_
53103,Lapusnicu Mare,cs,Femei_65_
53130,Luncavita,cs,Barbati_45-64
53167,Lupac,cs,Barbati_45-64
53210,Marga,cs,Barbati_45-64
53247,Maureni,cs,Barbati_45-64
53274,Mehadia,cs,Barbati_45-64
53327,Mehadica,cs,Barbati_65_
53345,Naidas,cs,Barbati_45-64
53372,Obreja,cs,Barbati_45-64
53425,Paltinis,cs,Barbati_45-64
53489,Coronini,cs,Barbati_45-64
53513,Pojejena,cs,Barbati_45-64
53577,Prigor,cs,Barbati_45-64
53639,Ramna,cs,Barbati_45-64
53675,Racasdia,cs,Barbati_45-64
53700,Eftimie Murgu,cs,Barbati_45-64
53728,Rusca Montana,cs,Barbati_45-64
53755,Sacu,cs,Barbati_45-64
53791,Sasca Montana,cs,Barbati_45-64
53853,Sichevita,cs,Barbati_45-64
54056,Slatina-Timis,cs,Barbati_45-64
54109,Socol,cs,Barbati_45-64
54163,Sopotu Nou,cs,Barbati_45-64
54270,Teregova,cs,Barbati_45-64
54305,Ticvaniu Mare,cs,Barbati_45-64
54350,Tarnova,cs,Barbati_45-64
54387,Toplet,cs,Barbati_45-64
54412,Turnu Ruieni,cs,Barbati_45-64
54485,Valiug,cs,Barbati_45-64
54500,Varadia,cs,Barbati_45-64
54537,Vermes,cs,Barbati_45-64
54573,Vrani,cs,Barbati_45-64
54617,Zavoi,cs,Barbati_45-64
54699,Zorlentu Mare,cs,Barbati_45-64
54975,Municipiul Cluj-Napoca,cj,Femei_45-64
55008,Municipiul Dej,cj,Barbati_45-64
55062,Cuzdrioara,cj,Barbati_45-64
55106,Jichisu De Jos,cj,Barbati_45-64
55160,Mica,cj,Barbati_45-64
55259,Municipiul Turda,cj,Barbati_45-64
55277,Mihai Viteazu,cj,Barbati_45-64
55311,Sandulesti,cj,Barbati_45-64
55357,Municipiul Campia Turzii,cj,Barbati_45-64
55384,Municipiul Gherla,cj,Barbati_45-64
55446,Oras Huedin,cj,Femei_45-64
55473,Aghiresu,cj,Barbati_45-64
55598,Aiton,cj,Barbati_45-64
55623,Alunis,cj,Barbati_45-64
55687,Apahida,cj,Barbati_45-64
55776,Aschileu,cj,Barbati_45-64
55838,Baciu,cj,Barbati_45-64
55918,Baisoara,cj,Barbati_45-64
56014,Belis,cj,Barbati_45-64
56096,Bobalna,cj,Barbati_45-64
56210,Bontida,cj,Barbati_45-64
56265,Borsa,cj,Barbati_45-64
56327,Buza,cj,Barbati_45-64
56354,Caianu,cj,Barbati_45-64
56425,Calarasi,cj,Barbati_45-64
56461,Calatele,cj,Barbati_45-64
56522,Camarasu,cj,Barbati_45-64
56568,Capusu Mare,cj,Barbati_45-64
56666,Caseiu,cj,Barbati_45-64
56773,Catina,cj,Barbati_45-64
56844,Ceanu Mare,cj,Barbati_45-64
56988,Chinteni,cj,Barbati_45-64
57083,Chiuiesti,cj,Barbati_45-64
57163,Ciucea,cj,Barbati_45-64
57225,Ciurila,cj,Barbati_45-64
57314,Catcau,cj,Barbati_45-64
57350,Cojocna,cj,Barbati_45-64
57449,Cornesti,cj,Barbati_45-64
57546,Dabaca,cj,Barbati_45-64
57582,Feleacu,cj,Barbati_45-64
57644,Fizesu Gherlii,cj,Barbati_45-64
57706,Floresti,cj,Barbati_35-44
57742,Frata,cj,Barbati_45-64
57831,Geaca,cj,Barbati_45-64
57902,Gilau,cj,Barbati_45-64
57948,Garbau,cj,Barbati_45-64
58008,Iara,cj,Barbati_45-64
58142,Iclod,cj,Barbati_45-64
58204,Izvoru Crisului,cj,Femei_45-64
58259,Jucu,cj,Barbati_45-64
58311,Luna,cj,Barbati_45-64
58357,Maguri-Racatau,cj,Barbati_45-64
58393,Manastireni,cj,Barbati_45-64
58464,Margau,cj,Barbati_45-64
58534,Marisel,cj,Barbati_45-64
58552,Mintiu Gherlii,cj,Barbati_45-64
58623,Mociu,cj,Barbati_45-64
58721,Moldovenesti,cj,Barbati_45-64
58794,Palatca,cj,Barbati_45-64
58856,Panticeu,cj,Barbati_45-64
58918,Petrestii De Jos,cj,Barbati_45-64
58990,Ploscos,cj,Barbati_45-64
59041,Poieni,cj,Barbati_45-64
59130,Recea-Cristur,cj,Barbati_45-64
59238,Risca,cj,Femei_45-64
59283,Sacuieu,cj,Barbati_45-64
59327,Savadisla,cj,Barbati_45-64
59416,Sic,cj,Barbati_45-64
59434,Sancraiu,cj,Barbati_45-64
59498,Sanmartin,cj,Femei_65_
59586,Sanpaul,cj,Barbati_45-64
59657,Suatu,cj,Barbati_45-64
59693,Tritenii De Jos,cj,Barbati_45-64
59764,Tureni,cj,Barbati_45-64
59826,Taga,cj,Barbati_45-64
59880,Unguras,cj,Barbati_45-64
59942,Vad,cj,Femei_65_
60026,Valea Ierii,cj,Barbati_45-64
60062,Viisoara,cj,Barbati_45-64
60099,Vultureni,cj,Barbati_45-64
60169,Negreni,cj,Barbati_45-64
60419,Municipiul Constanta,ct,Femei_45-64
60455,Oras Eforie,ct,Femei_45-64
60482,Municipiul Mangalia,ct,Femei_45-64
60507,Oras Navodari,ct,Femei_45-64
60534,Oras Techirghiol,ct,Femei_45-64
60570,Agigea,ct,Barbati_45-64
60598,2020-08-23 00:00:00,ct,Barbati_45-64
60632,Limanu,ct,Barbati_45-64
60687,Oras Ovidiu,ct,Barbati_45-64
60721,Tuzla,ct,Barbati_45-64
60776,Oras Cernavoda,ct,Barbati_45-64
60801,Oras Harsova,ct,Femei_45-64
60847,Municipiul Medgidia,ct,Femei_45-64
60883,Adamclisi,ct,Barbati_45-64
60945,Albesti,ct,Barbati_45-64
61005,Aliman,ct,Barbati_45-64
61069,Oras Baneasa,ct,Barbati_45-64
61121,Castelu,ct,Barbati_45-64
61167,Cerchezu,ct,Barbati_45-64
61210,Chirnogeni,ct,Barbati_45-64
61256,Ciobanu,ct,Barbati_45-64
61283,Ciocarlia,ct,Barbati_45-64
61318,Cobadin,ct,Barbati_45-64
61372,Cogealac,ct,Barbati_45-64
61452,Comana,ct,Barbati_45-64
61513,Corbu,ct,Barbati_45-64
61559,Crucea,ct,Barbati_45-64
61620,Cumpana,ct,Barbati_45-64
61675,Deleni,ct,Barbati_45-64
61737,Dobromir,ct,Barbati_45-64
61808,Garliciu,ct,Barbati_45-64
61826,Ghindaresti,ct,Barbati_45-64
61871,Independenta,ct,Barbati_45-64
61951,Ion Corvin,ct,Barbati_45-64
62020,Istria,ct,Barbati_45-64
62057,Lipnita,ct,Barbati_45-64
62137,Mereni,ct,Barbati_45-64
62191,Mihail Kogalniceanu,ct,Barbati_45-64
62253,Mihai Viteazu,ct,Barbati_45-64
62280,Mircea Voda,ct,Barbati_45-64
62360,Oras Murfatlar,ct,Barbati_45-64
62397,Oras Negru Voda,ct,Barbati_45-64
62440,Nicolae Balcescu,ct,Barbati_45-64
62486,Oltina,ct,Barbati_45-64
62538,Ostrov,ct,Barbati_45-64
62609,Pantelimon,ct,Barbati_45-64
62672,Pecineaga,ct,Barbati_45-64
62707,Pestera,ct,Barbati_45-64
62761,Poarta Alba,ct,Barbati_45-64
62798,Rasova,ct,Barbati_45-64
62823,Saraiu,ct,Barbati_45-64
62878,Sacele,ct,Barbati_45-64
62903,Seimeni,ct,Barbati_45-64
62949,Silistea,ct,Barbati_45-64
62985,Targusor,ct,Barbati_45-64
63045,Topalu,ct,Femei_45-64
63072,Topraisar,ct,Barbati_45-64
63125,Valu Lui Traian,ct,Barbati_45-64
63152,Lumina,ct,Barbati_45-64
63161,Dumbraveni,ct,Barbati_45-64
63170,Vulturu,ct,Barbati_45-64
63189,Tortoman,ct,Barbati_45-64
63198,Amzacea,ct,Barbati_45-64
63278,Horia,ct,Barbati_45-64
63286,Costinesti,ct,Barbati_45-64
63294,Baraganu,ct,Femei_45-64
63300,Cuza Voda,ct,Barbati_45-64
63318,Saligny,ct,Barbati_45-64
63326,Gradina,ct,Barbati_45-64
63334,Fantanele,ct,Barbati_45-64
63394,Municipiul Sfantu Gheorghe,cv,Femei_45-64
63447,Oras Baraolt,cv,Femei_45-64
63526,Oras Covasna,cv,Femei_45-64
63553,Comandau,cv,Femei_45-64
63580,Oras Intorsura Buzaului,cv,Barbati_45-64
63633,Barcani,cv,Barbati_45-64
63688,Sita Buzaului,cv,Barbati_45-64
63740,Municipiul Targu Secuiesc,cv,Femei_45-64
63777,Aita Mare,cv,Femei_45-64
63802,Batani,cv,Barbati_45-64
63866,Belin,cv,Barbati_45-64
63893,Bodoc,cv,Barbati_45-64
63937,Borosneu Mare,cv,Barbati_45-64
64005,Brates,cv,Femei_45-64
64041,Bradut,cv,Femei_45-64
64096,Bretcu,cv,Barbati_45-64
64130,Catalina,cv,Barbati_45-64
64194,Cernat,cv,Femei_45-64
64238,Chichis,cv,Barbati_45-64
64265,Dobarlau,cv,Barbati_45-64
64318,Ghelinta,cv,Barbati_45-64
64345,Ghidfalau,cv,Barbati_45-64
64390,Haghig,cv,Barbati_65_
64425,Ilieni,cv,Barbati_45-64
64461,Lemnia,cv,Femei_65_
64504,Malnas,cv,Femei_45-64
64568,Moacsa,cv,Barbati_45-64
64602,Ojdula,cv,Femei_45-64
64639,Ozun,cv,Barbati_45-64
64719,Poian,cv,Barbati_45-64
64773,Reci,cv,Femei_45-64
64826,Sanzieni,cv,Femei_45-64
64871,Turia,cv,Femei_45-64
64906,Valea Crisului,cv,Femei_45-64
64942,Valcele,cv,Barbati_45-64
64997,Varghis,cv,Barbati_45-64
65011,Zagon,cv,Barbati_45-64
65048,Zabala,cv,Barbati_45-64
65099,Valea Mare,cv,Barbati_45-64
65105,Mereni,cv,Barbati_45-64
65113,Arcus,cv,Barbati_45-64
65121,Bixad,cv,Femei_45-64
65139,Micfalau,cv,Femei_45-64
65147,Dalnic,cv,Barbati_45-64
65154,Estelnic,cv,Barbati_45-64
65342,Municipiul Targoviste,db,Femei_45-64
65379,Aninoasa,db,Barbati_45-64
65413,Doicesti,db,Barbati_45-64
65431,Razvad,db,Barbati_45-64
65477,Sotanga,db,Barbati_45-64
65501,Ulmi,db,Barbati_45-64
65609,Oras Fieni,db,Femei_45-64
65645,Motaieni,db,Barbati_45-64
65681,Oras Gaesti,db,Femei_45-64
65707,Gura Foii,db,Barbati_45-64
65752,Petresti,db,Barbati_45-64
65841,Municipiul Moreni,db,Femei_45-64
65869,Iedera,db,Barbati_45-64
65921,Oras Pucioasa,db,Femei_45-64
66009,Branesti,db,Femei_45-64
66081,Oras Titu,db,Barbati_45-64
66152,Branistea,db,Barbati_45-64
66198,Baleni,db,Barbati_45-64
66223,Barbuletu,db,Barbati_45-64
66330,Bezdead,db,Barbati_45-64
66401,Bilciuresti,db,Barbati_45-64
66438,Buciumeni,db,Femei_45-64
66474,Bucsani,db,Barbati_45-64
66526,Candesti,db,Barbati_45-64
66580,Cobia,db,Barbati_45-64
66697,Cojasca,db,Barbati_45-64
66731,Comisani,db,Barbati_45-64
66768,Contesti,db,Barbati_45-64
66857,Corbii Mari,db,Barbati_45-64
66955,Cornatelu,db,Barbati_45-64
67014,Cornesti,db,Barbati_45-64
67121,Costestii Din Vale,db,Barbati_45-64
67167,Crangurile,db,Barbati_45-64
67256,Darmanesti,db,Barbati_45-64
67292,Dobra,db,Barbati_45-64
67327,Dragodana,db,Barbati_45-64
67407,Dragomiresti,db,Barbati_45-64
67470,Finta,db,Barbati_45-64
67522,Glodeni,db,Barbati_45-64
67595,Gura Ocnitei,db,Barbati_45-64
67648,Gura Sutii,db,Barbati_45-64
67675,Hulubesti,db,Barbati_45-64
67737,I. L. Caragiale,db,Barbati_45-64
67773,Lucieni,db,Barbati_45-64
67835,Ludesti,db,Barbati_45-64
67906,Lunguletu,db,Barbati_45-64
67942,Malu Cu Flori,db,Barbati_45-64
68002,Manesti,db,Barbati_45-64
68048,Matasaru,db,Barbati_45-64
68128,Mogosani,db,Barbati_45-64
68182,Moroeni,db,Barbati_45-64
68253,Morteni,db,Barbati_45-64
68280,Nucet,db,Femei_45-64
68324,Ocnita,db,Barbati_45-64
68342,Odobesti,db,Barbati_45-64
68404,Pietrosita,db,Barbati_45-64
68431,Poiana,db,Barbati_45-64
68468,Potlogi,db,Barbati_45-64
68529,Produlesti,db,Barbati_45-64
68565,Pucheni,db,Barbati_45-64
68627,Oras Racari,db,Barbati_45-64
68716,Runcu,db,Barbati_45-64
68789,Salcioara,db,Barbati_45-64
68887,Selaru,db,Barbati_45-64
68921,Tatarani,db,Barbati_45-64
68976,Uliesti,db,Barbati_45-64
69063,Valea Lunga,db,Barbati_45-64
69170,Valea Mare,db,Barbati_45-64
69250,Vacaresti,db,Barbati_45-64
69303,Valeni-Dambovita,db,Barbati_45-64
69330,Visina,db,Barbati_45-64
69394,Visinesti,db,Barbati_45-64
69447,Varfuri,db,Barbati_45-64
69526,Voinesti,db,Barbati_45-64
69615,Vulcana-Bai,db,Femei_45-64
69900,Municipiul Craiova,dj,Barbati_45-64
69964,Bucovat,dj,Barbati_45-64
70094,Isalnita,dj,Barbati_45-64
70110,Podari,dj,Barbati_45-64
70174,Simnicu De Sus,dj,Barbati_45-64
70316,Municipiul Bailesti,dj,Barbati_45-64
70352,Municipiul Calafat,dj,Barbati_45-64
70414,Oras Filiasi,dj,Barbati_45-64
70502,Oras Segarcea,dj,Barbati_45-64
70520,Afumati,dj,Barbati_45-64
70566,Almaj,dj,Barbati_45-64
70637,Amarastii De Jos,dj,Femei_45-64
70673,Amarastii De Sus,dj,Barbati_45-64
70726,Apele Vii,dj,Barbati_45-64
70744,Argetoaia,dj,Barbati_45-64
70879,Oras Bechet,dj,Barbati_45-64
70897,Bistret,dj,Barbati_45-64
70940,Barca,dj,Barbati_45-64
70968,Botosesti-Paia,dj,Femei_65_
70986,Brabova,dj,Barbati_45-64
71055,Bradesti,dj,Barbati_45-64
71126,Bralostita,dj,Barbati_45-64
71199,Bratovoesti,dj,Barbati_45-64
71260,Breasta,dj,Barbati_45-64
71340,Bulzesti,dj,Barbati_45-64
71457,Calopar,dj,Barbati_45-64
71518,Caraula,dj,Barbati_45-64
71536,Carpen,dj,Barbati_45-64
71572,Castranova,dj,Barbati_45-64
71607,Calarasi,dj,Barbati_45-64
71634,Celaru,dj,Barbati_45-64
71698,Cerat,dj,Barbati_45-64
71723,Cernatesti,dj,Barbati_45-64
71787,Cetate,dj,Barbati_45-64
71812,Cioroiasi,dj,Barbati_45-64
71858,Ciupercenii Noi,dj,Barbati_45-64
71885,Cosoveni,dj,Barbati_45-64
71910,Cotofenii Din Dos,dj,Femei_45-64
71956,Daneti,dj,Barbati_45-64
72007,Oras Dabuleni,dj,Barbati_45-64
72034,Desa,dj,Barbati_45-64
72052,Diosti,dj,Barbati_45-64
72098,Dobresti,dj,Barbati_45-64
72150,Dragotesti,dj,Barbati_45-64
72221,Dranic,dj,Barbati_45-64
72276,Farcas,dj,Barbati_45-64
72383,Galicea Mare,dj,Barbati_45-64
72409,Ghercesti,dj,Barbati_45-64
72463,Gighera,dj,Barbati_45-64
72506,Giubega,dj,Barbati_45-64
72533,Giurgita,dj,Barbati_45-64
72579,Gangiova,dj,Barbati_45-64
72604,Gogosu,dj,Femei_65_
72640,Goicea,dj,Femei_65_
72677,Goiesti,dj,Barbati_45-64
72819,Grecesti,dj,Barbati_45-64
72882,Izvoare,dj,Barbati_45-64
72926,Leu,dj,Barbati_45-64
72953,Lipovu,dj,Barbati_45-64
72980,Macesu De Jos,dj,Barbati_45-64
73013,Macesu De Sus,dj,Femei_65_
73031,Maglavit,dj,Barbati_45-64
73068,Malu Mare,dj,Barbati_45-64
73102,Melinesti,dj,Barbati_45-64
73246,Mischii,dj,Barbati_45-64
73317,Marsani,dj,Barbati_45-64
73335,Motatei,dj,Barbati_45-64
73371,Murgasi,dj,Barbati_45-64
73460,Negoi,dj,Barbati_45-64
73503,Orodel,dj,Barbati_45-64
73567,Ostroveni,dj,Barbati_45-64
73594,Perisor,dj,Femei_45-64
73629,Pielesti,dj,Barbati_45-64
73665,Piscu Vechi,dj,Barbati_45-64
73709,Plenita,dj,Barbati_45-64
73736,Poiana Mare,dj,Barbati_45-64
73772,Predesti,dj,Barbati_45-64
73852,Radovan,dj,Barbati_45-64
73905,Rast,dj,Barbati_45-64
73923,Robanesti,dj,Barbati_45-64
73996,Sadova,dj,Barbati_45-64
74028,Salcuta,dj,Barbati_45-64
74073,Scaesti,dj,Femei_45-64
74108,Seaca De Camp,dj,Barbati_45-64
74135,Seaca De Padure,dj,Femei_65_
74171,Secu,dj,Barbati_45-64
74224,Silistea Crucii,dj,Barbati_65_
74242,Sopot,dj,Barbati_45-64
74322,Teasc,dj,Barbati_45-64
74359,Terpezita,dj,Barbati_45-64
74411,Teslui,dj,Barbati_45-64
74509,Tuglui,dj,Barbati_45-64
74536,Unirea,dj,Barbati_45-64
74554,Urzicuta,dj,Barbati_45-64
74581,Valea Stanciului,dj,Barbati_45-64
74616,Vela,dj,Barbati_45-64
74705,Verbita,dj,Barbati_45-64
74732,Vartop,dj,Barbati_45-64
74750,Varvoru De Jos,dj,Barbati_45-64
74842,Catane,dj,Femei_65_
74859,Carcea,dj,Barbati_45-64
74867,Carna,dj,Barbati_45-64
74875,Cotofenii Din Fata,dj,Barbati_45-64
74883,Dobrotesti,dj,Barbati_45-64
74891,Galiciuica,dj,Barbati_45-64
74907,Ghidici,dj,Femei_65_
74915,Ghindeni,dj,Barbati_45-64
74923,Intorsura,dj,Barbati_45-64
74931,Plesoi,dj,Barbati_45-64
74949,Rojiste,dj,Barbati_45-64
74956,Talpas,dj,Barbati_45-64
75098,Municipiul Galati,gl,Femei_45-64
75114,Sendreni,gl,Barbati_45-64
75150,Vanatori,gl,Barbati_45-64
75203,Municipiul Tecuci,gl,Barbati_45-64
75221,Draganesti,gl,Barbati_45-64
75258,Munteni,gl,Barbati_45-64
75338,Oras Beresti,gl,Barbati_45-64
75356,Beresti-Meria,gl,Barbati_45-64
75472,Oras Targu Bujor,gl,Barbati_45-64
75515,Barcea,gl,Barbati_45-64
75542,Balabanesti,gl,Barbati_45-64
75613,Balasesti,gl,Barbati_45-64
75668,Baleni,gl,Barbati_45-64
75686,Baneasa,gl,Barbati_45-64
75711,Branistea,gl,Barbati_45-64
75766,Brahasesti,gl,Barbati_45-64
75819,Buciumeni,gl,Barbati_45-64
75864,Cavadinesti,gl,Barbati_45-64
75917,Certesti,gl,Barbati_45-64
75953,Corod,gl,Barbati_45-64
76004,Corni,gl,Barbati_45-64
76040,Cosmesti,gl,Barbati_45-64
76111,Costache Negri,gl,Barbati_45-64
76139,Cuca,gl,Barbati_45-64
76157,Cudalbi,gl,Barbati_45-64
76175,Draguseni,gl,Barbati_45-64
76255,Fartanesti,gl,Barbati_45-64
76282,Foltesti,gl,Barbati_45-64
76317,Frumusita,gl,Barbati_45-64
76353,Fundeni,gl,Barbati_45-64
76406,Ghidigeni,gl,Barbati_45-64
76497,Gohor,gl,Barbati_45-64
76558,Grivita,gl,Barbati_45-64
76585,Independenta,gl,Barbati_45-64
76601,Ivesti,gl,Barbati_45-64
76638,Jorasti,gl,Barbati_45-64
76674,Liesti,gl,Barbati_45-64
76692,Matca,gl,Barbati_45-64
76718,Mastacani,gl,Barbati_45-64
76745,Movileni,gl,Barbati_45-64
76763,Namoloasa,gl,Barbati_45-64
76807,Nicoresti,gl,Barbati_45-64
76932,Oancea,gl,Barbati_45-64
76969,Pechea,gl,Barbati_45-64
76996,Piscu,gl,Barbati_45-64
77028,Priponesti,gl,Barbati_45-64
77082,Rediu,gl,Femei_65_
77126,Scanteiesti,gl,Barbati_45-64
77153,Schela,gl,Barbati_45-64
77180,Slobozia Conachi,gl,Barbati_45-64
77224,Smardan,gl,Barbati_45-64
77260,Smulti,gl,Barbati_45-64
77288,Suceveni,gl,Barbati_45-64
77313,Tudor Vladimirescu,gl,Barbati_45-64
77331,Tulucesti,gl,Barbati_45-64
77377,Tepu,gl,Barbati_45-64
77402,Umbraresti,gl,Barbati_45-64
77475,Valea Marului,gl,Barbati_45-64
77509,Varlezi,gl,Barbati_45-64
77536,Vladesti,gl,Barbati_45-64
77561,Radesti,gl,Barbati_45-64
77579,Negrilesti,gl,Barbati_45-64
77587,Poiana,gl,Barbati_45-64
77595,Cuza Voda,gl,Barbati_45-64
77601,Suhurlui,gl,Barbati_45-64
77812,Municipiul Targu Jiu,gj,Barbati_45-64
77910,Balesti,gj,Barbati_45-64
78016,Dragutesti,gj,Barbati_45-64
78089,Turcinesti,gj,Barbati_45-64
78141,Municipiul Motru,gj,Barbati_45-64
78258,Oras Novaci,gj,Barbati_45-64
78329,Oras Targu Carbunesti,gj,Barbati_45-64
78454,Oras Ticleni,gj,Barbati_45-64
78472,Albeni,gj,Barbati_45-64
78542,Alimpesti,gj,Barbati_45-64
78604,Aninoasa,gj,Barbati_45-64
78668,Arcani,gj,Barbati_45-64
78711,Baia De Fier,gj,Barbati_45-64
78748,Balanesti,gj,Barbati_45-64
78828,Barbatesti,gj,Barbati_45-64
78873,Bengesti-Ciocadia,gj,Barbati_45-64
78926,Berlesti,gj,Barbati_45-64
79004,Balteni,gj,Barbati_45-64
79077,Bolbosi,gj,Barbati_45-64
79157,Borascu,gj,Barbati_45-64
79237,Branesti,gj,Barbati_45-64
79308,Oras Bumbesti-Jiu,gj,Barbati_45-64
79362,Bumbesti-Pitic,gj,Barbati_45-64
79406,Bustuchin,gj,Barbati_45-64
79497,Capreni,gj,Barbati_45-64
79585,Catunele,gj,Barbati_45-64
79656,Ciuperceni,gj,Barbati_45-64
79736,Calnic,gj,Barbati_45-64
79834,Crasna,gj,Barbati_45-64
79932,Cruset,gj,Barbati_45-64
80043,Danciulesti,gj,Barbati_45-64
80123,Danesti,gj,Barbati_45-64
80249,Dragotesti,gj,Barbati_45-64
80285,Farcasesti,gj,Barbati_45-64
80365,Glogova,gj,Barbati_45-64
80427,Godinesti,gj,Barbati_45-64
80506,Hurezani,gj,Barbati_45-64
80560,Ionesti,gj,Barbati_45-64
80613,Jupanesti,gj,Barbati_45-64
80677,Lelesti,gj,Barbati_45-64
80711,Licurici,gj,Barbati_45-64
80766,Logresti,gj,Barbati_45-64
80846,Matasari,gj,Barbati_45-64
80908,Musetesti,gj,Barbati_45-64
80980,Negomir,gj,Barbati_45-64
81095,Pades,gj,Barbati_45-64
81184,Pestisani,gj,Barbati_45-64
81264,Plopsoru,gj,Barbati_45-64
81380,Polovragi,gj,Barbati_45-64
81415,Prigoria,gj,Barbati_45-64
81497,Rosia De Amaradia,gj,Barbati_45-64
81576,Runcu,gj,Barbati_45-64
81656,Samarinesti,gj,Barbati_45-64
81754,Sacelu,gj,Barbati_45-64
81816,Saulesti,gj,Barbati_45-64
81861,Scoarta,gj,Barbati_45-64
81987,Schela,gj,Barbati_45-64
82047,Slivilesti,gj,Barbati_45-64
82136,Stanesti,gj,Barbati_45-64
82243,Stejari,gj,Barbati_45-64
82314,Stoina,gj,Barbati_45-64
82396,Telesti,gj,Barbati_45-64
82430,Oras Tismana,gj,Barbati_45-64
82555,Turburea,gj,Barbati_45-64
82617,Oras Turceni,gj,Barbati_45-64
82680,Tantareni,gj,Barbati_45-64
82733,Urdari,gj,Barbati_45-64
82779,Vagiulesti,gj,Barbati_45-64
82831,Vladimir,gj,Barbati_45-64
82895,Oras Rovinari,gj,Barbati_45-64
83133,Municipiul Odorheiu Secuiesc,hr,Femei_45-64
83151,Bradesti,hr,Barbati_45-64
83197,Feliceni,hr,Barbati_45-64
83320,Municipiul Miercurea Ciuc,hr,Femei_45-64
83375,Pauleni-Ciuc,hr,Femei_45-64
83428,Oras Baile Tusnad,hr,Femei_45-64
83464,Oras Balan,hr,Femei_45-64
83491,Oras Borsec,hr,Barbati_45-64
83525,Oras Cristuru Secuiesc,hr,Femei_45-64
83561,Municipiul Gheorgheni,hr,Femei_45-64
83632,Municipiul Toplita,hr,Barbati_45-64
83749,Oras Vlahita,hr,Barbati_45-64
83785,Atid,hr,Femei_45-64
83847,Avramesti,hr,Barbati_45-64
83936,Bilbor,hr,Femei_45-64
83963,Capalnita,hr,Barbati_45-64
83981,Ciucsangeorgiu,hr,Femei_45-64
84086,Ciumani,hr,Barbati_45-64
84102,Carta,hr,Femei_45-64
84148,Corbu,hr,Barbati_45-64
84175,Corund,hr,Barbati_45-64
84237,Danesti,hr,Femei_45-64
84264,Dealu,hr,Femei_45-64
84344,Ditrau,hr,Femei_45-64
84380,Darjiu,hr,Femei_45-64
84415,Frumoasa,hr,Femei_45-64
84460,Galautas,hr,Femei_45-64
84558,Joseni,hr,Femei_45-64
84594,Lazarea,hr,Barbati_45-64
84629,Lueta,hr,Barbati_45-64
84656,Lunca De Jos,hr,Femei_45-64
84754,Lunca De Sus,hr,Barbati_45-64
84825,Lupeni,hr,Barbati_45-64
84923,Martinis,hr,Barbati_45-64
85056,Meresti,hr,Femei_65_
85074,Mihaileni,hr,Femei_45-64
85127,Mugeni,hr,Barbati_45-64
85243,Ocland,hr,Barbati_45-64
85289,Plaiesii De Jos,hr,Femei_45-64
85341,Praid,hr,Barbati_45-64
85412,Remetea,hr,Femei_45-64
85467,Sacel,hr,Barbati_45-64
85528,Sarmas,hr,Barbati_45-64
85582,Secuieni,hr,Barbati_45-64
85626,Siculeni,hr,Femei_45-64
85680,Sancraieni,hr,Femei_45-64
85760,Sandominic,hr,Femei_45-64
85788,Sanmartin,hr,Femei_45-64
85840,Sansimion,hr,Femei_45-64
85877,Subcetate,hr,Barbati_45-64
85920,Suseni,hr,Barbati_45-64
85984,Simonesti,hr,Barbati_45-64
86133,Tulghes,hr,Barbati_45-64
86188,Tusnad,hr,Femei_45-64
86222,Ulies,hr,Barbati_45-64
86311,Varsag,hr,Barbati_45-64
86339,Voslabeni,hr,Barbati_45-64
86366,Zetea,hr,Barbati_45-64
86438,Madaras,hr,Femei_65_
86446,Cozmeni,hr,Femei_45-64
86453,Tomesti,hr,Barbati_45-64
86461,Ciceu,hr,Barbati_45-64
86479,Leliceni,hr,Barbati_45-64
86487,Porumbeni,hr,Femei_45-64
86495,Racu,hr,Femei_45-64
86501,Satu Mare,hr,Femei_45-64
86519,Santimbru,hr,Femei_45-64
86687,Municipiul Deva,hd,Femei_45-64
86749,Carjiti,hd,Barbati_45-64
86810,Municipiul Hunedoara,hd,Barbati_45-64
86883,Ghelari,hd,Barbati_45-64
86936,Teliucu Inferior,hd,Barbati_45-64
86990,Municipiul Petrosani,hd,Barbati_45-64
87059,Municipiul Lupeni,hd,Barbati_45-64
87077,Oras Petrila,hd,Barbati_45-64
87139,Oras Uricani,hd,Barbati_45-64
87175,Municipiul Vulcan,hd,Barbati_45-64
87219,Oras Aninoasa,hd,Barbati_45-64
87246,Banita,hd,Barbati_45-64
87291,Municipiul Brad,hd,Barbati_45-64
87362,Criscior,hd,Barbati_45-64
87424,Oras Calan,hd,Barbati_45-64
87576,Oras Hateg,hd,Femei_45-64
87638,Municipiul Orastie,hd,Femei_45-64
87665,Oras Simeria,hd,Barbati_45-64
87745,Baia De Cris,hd,Barbati_45-64
87843,Balsa,hd,Barbati_45-64
87996,Baru,hd,Barbati_45-64
88047,Bacia,hd,Barbati_45-64
88092,Baita,hd,Barbati_45-64
88216,Batrana,hd,Barbati_65_
88261,Beriu,hd,Barbati_45-64
88350,Blajeni,hd,Barbati_45-64
88449,Bosorod,hd,Barbati_45-64
88546,Branisca,hd,Barbati_45-64
88644,Bretea Romana,hd,Barbati_45-64
88788,Buces,hd,Barbati_45-64
88868,Bucuresci,hd,Femei_45-64
88920,Bulzestii De Sus,hd,Barbati_45-64
89026,Bunila,hd,Barbati_45-64
89080,Burjuc,hd,Barbati_45-64
89151,Cerbal,hd,Barbati_45-64
89240,Certeju De Sus,hd,Barbati_45-64
89348,Densus,hd,Barbati_45-64
89428,Dobra,hd,Barbati_45-64
89561,Oras Geoagiu,hd,Barbati_45-64
89687,Gurasada,hd,Barbati_45-64
89801,Harau,hd,Barbati_45-64
89856,Ilia,hd,Barbati_45-64
89954,Lapugiu De Jos,hd,Barbati_45-64
90066,Lelese,hd,Barbati_45-64
90119,Lunca Cernii De Jos,hd,Barbati_45-64
90208,Luncoiu De Jos,hd,Barbati_45-64
90262,Martinesti,hd,Barbati_45-64
90342,Orastioara De Sus,hd,Barbati_45-64
90431,Pestisu Mic,hd,Femei_45-64
90538,Pui,hd,Barbati_45-64
90663,Rapoltu Mare,hd,Barbati_45-64
90725,Rachitova,hd,Barbati_45-64
90805,Ribita,hd,Barbati_45-64
90878,Rau De Mori,hd,Barbati_45-64
90994,Romos,hd,Barbati_45-64
91054,Sarmizegetusa,hd,Barbati_45-64
91116,Salasu De Sus,hd,Barbati_45-64
91232,Santamaria-Orlea,hd,Barbati_45-64
91330,Soimus,hd,Barbati_45-64
91447,Tomesti,hd,Barbati_45-64
91535,Toplita,hd,Barbati_45-64
91624,Totesti,hd,Femei_45-64
91688,Turdas,hd,Barbati_45-64
91731,General Berthelot,hd,Femei_45-64
91795,Vata De Jos,hd,Barbati_45-64
91937,Valisoara,hd,Barbati_45-64
91982,Vetel,hd,Barbati_45-64
92097,Vorta,hd,Femei_45-64
92177,Zam,hd,Barbati_45-64
92569,Municipiul Calarasi,cl,Femei_45-64
92587,Modelu,cl,Barbati_45-64
92658,Municipiul Slobozia,il,Femei_45-64
92701,Municipiul Fetesti,il,Barbati_45-64
92765,Oras Tandarei,il,Barbati_45-64
92783,Albesti,il,Barbati_45-64
92836,Oras Amara,il,Barbati_45-64
92872,Andrasesti,il,Barbati_45-64
92907,Balaciu,il,Barbati_45-64
92961,Borcea,cl,Barbati_45-64
92989,Bordusani,il,Barbati_45-64
93021,Bucu,il,Barbati_45-64
93067,Oras Cazanesti,il,Barbati_45-64
93085,Ciocanesti,cl,Barbati_45-64
93101,Ciochina,il,Barbati_45-64
93156,Ciulnita,il,Barbati_45-64
93209,Cocora,il,Barbati_45-64
93236,Cosambesti,il,Barbati_45-64
93281,Cuza Voda,cl,Barbati_45-64
93325,Dichiseni,cl,Barbati_45-64
93370,Dor Marunt,cl,Barbati_45-64
93441,Dorobantu,cl,Barbati_45-64
93487,Dragalina,cl,Barbati_45-64
93539,Dragos Voda,cl,Barbati_45-64
93575,Facaeni,il,Barbati_45-64
93600,Gheorghe Doja,il,Barbati_45-64
93628,Gheorghe Lazar,il,Barbati_45-64
93646,Giurgeni,il,Barbati_45-64
93664,Gradistea,cl,Barbati_45-64
93717,Grindu,il,Barbati_45-64
93735,Grivita,il,Barbati_45-64
93771,Independenta,cl,Barbati_45-64
93815,Jegalia,cl,Barbati_45-64
93851,Lehliu,cl,Barbati_45-64
93888,Oras Lehliu Gara,cl,Barbati_45-64
93931,Lupsanu,cl,Barbati_45-64
93995,Mihail Kogalniceanu,il,Barbati_45-64
94045,Milosesti,il,Barbati_45-64
94081,Movila,il,Barbati_45-64
94107,Munteni-Buzau,il,Barbati_45-64
94125,Alexandru Odobescu,cl,Barbati_45-64
94161,Perieti,il,Barbati_45-64
94223,Perisoru,cl,Barbati_45-64
94269,Reviga,il,Barbati_45-64
94312,Roseti,cl,Barbati_45-64
94330,Salcioara,il,Barbati_45-64
94376,Saveni,il,Barbati_45-64
94429,Scanteia,il,Barbati_45-64
94456,Sfantu Gheorghe,il,Barbati_45-64
94492,Stelnica,il,Barbati_45-64
94535,Suditi,il,Barbati_45-64
94562,Stefan Cel Mare,cl,Barbati_45-64
94580,Stefan Voda,cl,Barbati_45-64
94606,Ulmu,cl,Femei_65_
94651,Unirea,cl,Barbati_45-64
94688,Valea Ciorii,il,Barbati_45-64
94731,Valcelele,cl,Barbati_45-64
94768,Vlad Tepes,cl,Barbati_45-64
94795,Vladeni,il,Barbati_45-64
95060,Municipiul Iasi,is,Femei_45-64
95088,Barnova,is,Barbati_45-64
95159,Holboca,is,Barbati_45-64
95239,Rediu,is,Barbati_45-64
95293,Tomesti,is,Barbati_45-64
95355,Oras Harlau,is,Barbati_45-64
95391,Municipiul Pascani,is,Barbati_45-64
95471,Oras Targu Frumos,is,Barbati_45-64
95499,Ion Neculce,is,Barbati_45-64
95612,Alexandru I. Cuza,is,Barbati_45-64
95667,Andrieseni,is,Barbati_45-64
95747,Aroneanu,is,Barbati_45-64
95792,Baltati,is,Barbati_45-64
95872,Belcesti,is,Barbati_45-64
95943,Bivolari,is,Barbati_45-64
96003,Ungheni,is,Barbati_45-64
96058,Braesti,is,Barbati_45-64
96110,Butea,is,Barbati_45-64
96147,Ceplenita,is,Barbati_45-64
96192,Ciortesti,is,Barbati_45-64
96254,Ciurea,is,Barbati_45-64
96334,Coarnele Caprei,is,Barbati_45-64
96370,Comarna,is,Barbati_45-64
96423,Costuleni,is,Barbati_45-64
96478,Cotnari,is,Barbati_45-64
96593,Cozmesti,is,Barbati_45-64
96637,Cristesti,is,Barbati_45-64
96664,Cucuteni,is,Barbati_45-64
96717,Dagata,is,Barbati_45-64
96815,Deleni,is,Femei_45-64
96888,Dobrovat,is,Barbati_45-64
96904,Dolhesti,is,Barbati_45-64
96940,Dumesti,is,Barbati_45-64
97009,Erbiceni,is,Barbati_45-64
97063,Focuri,is,Barbati_45-64
97090,Golaiesti,is,Barbati_45-64
97189,Gorban,is,Barbati_45-64
97241,Grajduri,is,Barbati_45-64
97321,Gropnita,is,Barbati_45-64
97394,Grozesti,is,Barbati_45-64
97438,Halaucesti,is,Barbati_45-64
97465,Helesteni,is,Barbati_45-64
97517,Horlesti,is,Barbati_45-64
97553,Ipatele,is,Barbati_45-64
97606,Lespezi,is,Barbati_45-64
97679,Letcani,is,Barbati_45-64
97722,Lungani,is,Barbati_45-64
97777,Madarjac,is,Barbati_45-64
97811,Mircesti,is,Barbati_45-64
97875,Mironeasa,is,Barbati_45-64
97919,Miroslava,is,Barbati_45-64
98051,Miroslovesti,is,Barbati_45-64
98113,Mogosesti,is,Barbati_45-64
98168,Mogosesti-Siret,is,Barbati_45-64
98202,Mosna,is,Barbati_45-64
98220,Motca,is,Barbati_45-64
98257,Movileni,is,Barbati_45-64
98300,Oteleni,is,Barbati_45-64
98337,Plugari,is,Barbati_45-64
98373,Oras Podu Iloaiei,is,Barbati_45-64
98435,Popesti,is,Barbati_45-64
98505,Popricani,is,Barbati_45-64
98603,Prisacani,is,Barbati_45-64
98649,Probota,is,Barbati_45-64
98685,Raducaneni,is,Barbati_45-64
98738,Romanesti,is,Barbati_45-64
98774,Ruginoasa,is,Barbati_45-64
98827,Schitu Duca,is,Barbati_45-64
98916,Scanteia,is,Barbati_45-64
98998,Scobinti,is,Barbati_45-64
99058,Sinesti,is,Barbati_45-64
99101,Siretel,is,Barbati_45-64
99165,Stolniceni-Prajescu,is,Barbati_45-64
99209,Strunga,is,Barbati_45-64
99290,Scheia,is,Barbati_45-64
99370,Sipote,is,Barbati_45-64
99441,Tansa,is,Barbati_45-64
99478,Tatarusi,is,Barbati_45-64
99539,Todiresti,is,Barbati_45-64
99600,Trifesti,is,Barbati_45-64
99673,Tibana,is,Barbati_45-64
99780,Tibanesti,is,Barbati_45-64
99879,Tiganasi,is,Barbati_45-64
99922,Tutora,is,Barbati_45-64
99968,Valea Seaca,is,Barbati_45-64
100004,Victoria,is,Barbati_45-64
100086,Vanatori,is,Barbati_45-64
100148,Vladeni,is,Barbati_45-64
100219,Voinesti,is,Barbati_45-64
100273,Bals,is,Barbati_45-64
100282,Costesti,is,Barbati_45-64
100308,Draguseni,is,Barbati_45-64
100317,Fantanele,is,Barbati_45-64
100326,Harmanesti,is,Barbati_45-64
100335,Rachiteni,is,Barbati_45-64
100344,Roscani,is,Barbati_45-64
100353,Valea Lupului,is,Barbati_35-44
100362,Ciohorani,is,Barbati_45-64
100521,Municipiul Giurgiu,gr,Barbati_45-64
100549,Slobozia,gr,Barbati_45-64
100576,Oras Buftea,if,Femei_45-64
100610,Municipiul Oltenita,cl,Barbati_45-64
100638,Mitreni,cl,Barbati_45-64
100683,Municipiul Urziceni,il,Barbati_45-64
100709,Ciocarlia,il,Barbati_45-64
100736,Manasia,il,Barbati_45-64
100754,Adancata,il,Barbati_45-64
100781,Adunatii-Copaceni,gr,Barbati_45-64
100834,Afumati,if,Barbati_45-64
100852,Alexeni,il,Barbati_45-64
100870,Armasesti,il,Barbati_45-64
100923,Axintele,il,Barbati_45-64
100969,Balotesti,if,Barbati_45-64
101001,Baneasa,gr,Barbati_45-64
101056,Barcanesti,il,Barbati_45-64
101083,Belciugatele,cl,Barbati_45-64
101145,Berceni,if,Barbati_45-64
101163,Bolintin-Deal,gr,Barbati_45-64
101190,Oras Bolintin-Vale,gr,Barbati_45-64
101243,Brazii,il,Barbati_45-64
101298,Branesti,if,Barbati_45-64
101341,Brezoaele,db,Barbati_45-64
101378,Bucsani,gr,Barbati_45-64
101458,Oras Budesti,cl,Barbati_45-64
101519,Bulbucata,gr,Barbati_45-64
101564,Butimanu,db,Barbati_45-64
101617,Buturugeni,gr,Barbati_45-64
101662,Calugareni,gr,Barbati_45-64
101724,Cascioarele,cl,Barbati_45-64
101742,Cernica,if,Barbati_45-64
101804,Chirnogi,cl,Barbati_45-64
101822,Chiselet,cl,Barbati_45-64
101840,Ciocanesti,db,Barbati_45-64
101902,Ciolpani,if,Barbati_45-64
101957,Ciorogarla,if,Barbati_45-64
101984,Clejani,gr,Barbati_45-64
102035,Clinceni,if,Barbati_45-64
102071,Colibasi,gr,Barbati_45-64
102106,Comana,gr,Barbati_45-64
102160,Corbeanca,if,Barbati_45-64
102213,Cornetu,if,Barbati_45-64
102240,Cosereni,il,Barbati_45-64
102286,Crevedia,db,Barbati_45-64
102348,Crevedia Mare,gr,Barbati_45-64
102419,Curcani,cl,Barbati_45-64
102446,Daia,gr,Barbati_45-64
102473,Dascalu,if,Barbati_45-64
102525,Darasti-Ilfov,if,Barbati_45-64
102543,1 Decembrie,if,Barbati_45-64
102570,Domnesti,if,Barbati_45-64
102605,Dragomiresti-Vale,if,Barbati_45-64
102641,Dragoesti,il,Barbati_45-64
102703,Dridu,il,Barbati_45-64
102749,Oras Fierbinti-Targ,il,Barbati_45-64
102794,Floresti-Stoenesti,gr,Barbati_45-64
102838,Frasinet,cl,Barbati_45-64
102909,Fratesti,gr,Barbati_45-64
102945,Frumusani,cl,Barbati_45-64
103014,Fundeni,cl,Barbati_45-64
103032,Oras Fundulea,cl,Barbati_45-64
103087,Gaiseni,gr,Barbati_45-64
103130,Ganeasa,if,Barbati_45-64
103194,Gaujani,gr,Barbati_45-64
103238,Ghimpati,gr,Femei_65_
103283,Garbovi,il,Barbati_45-64
103309,Gogosari,gr,Barbati_45-64
103354,Gostinu,gr,Femei_65_
103372,Gostinari,gr,Barbati_45-64
103407,Gradinari,gr,Barbati_45-64
103443,Gradistea,if,Barbati_45-64
103470,Greaca,gr,Barbati_45-64
103513,Gruiu,if,Barbati_45-64
103568,Gurbanesti,cl,Barbati_45-64
103639,Hotarele,gr,Barbati_45-64
103693,Iepuresti,gr,Barbati_45-64
103764,Ileana,cl,Barbati_45-64
103862,Ion Roata,il,Barbati_45-64
103899,Izvoarele,gr,Barbati_45-64
103960,Jilavele,il,Barbati_45-64
103997,Joita,gr,Barbati_45-64
104047,Letca Noua,gr,Barbati_45-64
104083,Luica,cl,Barbati_45-64
104118,Mihai Bravu,gr,Femei_45-64
104136,Oras Mihailesti,gr,Barbati_45-64
104181,Manastirea,cl,Barbati_45-64
104225,Marsa,gr,Barbati_45-64
104243,Moara Vlasiei,if,Barbati_45-64
104270,Movilita,il,Barbati_45-64
104323,Nana,cl,Barbati_45-64
104341,Nicolae Balcescu,cl,Barbati_45-64
104387,Niculesti,db,Barbati_45-64
104421,Nuci,if,Barbati_45-64
104485,Ogrezeni,gr,Barbati_45-64
104519,Oinacu,gr,Barbati_45-64
104546,Peris,if,Barbati_45-64
104582,Petrachioaia,if,Barbati_45-64
104635,Plataresti,cl,Barbati_45-64
104680,Prundu,gr,Barbati_45-64
104715,Putineiu,gr,Femei_45-64
104751,Radovanu,cl,Barbati_45-64
104788,Rasuceni,gr,Femei_65_
104831,Roata De Jos,gr,Barbati_45-64
104886,Sarulesti,cl,Barbati_45-64
104975,Schitu,gr,Barbati_45-64
105026,Sinesti,il,Barbati_45-64
105106,Singureni,gr,Barbati_45-64
105142,Slobozia Moara,db,Barbati_45-64
105160,Snagov,if,Barbati_45-64
105222,Sohatu,cl,Barbati_45-64
105259,Spantov,cl,Barbati_45-64
105295,Stanesti,gr,Barbati_45-64
105348,Stoenesti,gr,Barbati_45-64
105384,Soldanu,cl,Barbati_45-64
105419,Stefanestii De Jos,if,Barbati_45-64
105455,Tamadau Mare,cl,Barbati_45-64
105534,Tartasesti,db,Barbati_45-64
105570,Tunari,if,Barbati_45-64
105605,Ulmeni,cl,Barbati_45-64
105623,Ulmi,gr,Barbati_45-64
105712,Valea Argovei,cl,Barbati_45-64
105776,Valea Dragului,gr,Barbati_45-64
105794,Valea Macrisului,il,Barbati_65_
105829,Vasilati,cl,Barbati_45-64
105874,Varasti,gr,Barbati_45-64
105909,Vedea,gr,Barbati_45-64
105936,Vidra,if,Barbati_45-64
105972,Vanatorii Mici,gr,Barbati_45-64
106318,Municipiul Baia Mare,mm,Femei_45-64
106363,Grosi,mm,Barbati_45-64
106407,Recea,mm,Barbati_45-64
106461,Oras Tautii-Magheraus,mm,Barbati_45-64
106559,Municipiul Sighetu Marmatiei,mm,Barbati_45-64
106620,Sarasau,mm,Barbati_45-64
106648,Vadu Izei,mm,Barbati_45-64
106684,Oras Baia Sprie,mm,Barbati_45-64
106746,Oras Borsa,mm,Barbati_45-64
106782,Oras Cavnic,mm,Barbati_45-64
106817,Oras Targu Lapus,mm,Barbati_45-64
106979,Oras Viseu De Sus,mm,Barbati_45-64
107001,Ardusat,mm,Barbati_45-64
107047,Arinis,mm,Femei_45-64
107083,Asuaju De Sus,mm,Barbati_45-64
107118,Baita De Sub Codru,mm,Barbati_45-64
107154,Baiut,mm,Barbati_45-64
107190,Basesti,mm,Barbati_45-64
107234,Bicaz,mm,Barbati_45-64
107270,Bistra,mm,Barbati_45-64
107314,Barsana,mm,Barbati_45-64
107350,Bocicoiu Mare,mm,Barbati_45-64
107403,Bogdan Voda,mm,Barbati_65_
107430,Boiu Mare,mm,Barbati_45-64
107485,Botiza,mm,Barbati_45-64
107519,Budesti,mm,Barbati_45-64
107546,Calinesti,mm,Barbati_45-64
107582,Cernesti,mm,Barbati_45-64
107662,Cicarlau,mm,Barbati_45-64
107715,Campulung La Tisa,mm,Barbati_45-64
107733,Copalnic-Manastur,mm,Barbati_45-64
107868,Coroieni,mm,Barbati_45-64
107920,Cupseni,mm,Barbati_45-64
107975,Desesti,mm,Femei_45-64
108017,Oras Dragomiresti,mm,Barbati_45-64
108035,Dumbravita,mm,Barbati_45-64
108106,Farcasa,mm,Barbati_45-64
108151,Giulesti,mm,Barbati_45-64
108204,Ieud,mm,Barbati_45-64
108222,Lapus,mm,Barbati_45-64
108240,Leordina,mm,Barbati_45-64
108268,Miresu Mare,mm,Barbati_45-64
108348,Moisei,mm,Barbati_45-64
108366,Oarta De Jos,mm,Barbati_45-64
108400,Ocna Sugatag,mm,Barbati_45-64
108455,Petrova,mm,Barbati_45-64
108473,Poienile De Sub Munte,mm,Barbati_45-64
108491,Remetea Chioarului,mm,Barbati_45-64
108552,Remeti,mm,Barbati_45-64
108598,Repedea,mm,Barbati_45-64
108614,Rona De Jos,mm,Barbati_45-64
108632,Rona De Sus,mm,Barbati_45-64
108669,Rozavlea,mm,Barbati_45-64
108696,Ruscova,mm,Barbati_45-64
108712,Satulung,mm,Barbati_45-64
108794,Sacalaseni,mm,Barbati_45-64
108874,Sacel,mm,Barbati_45-64
108892,Oras Salistea De Sus,mm,Barbati_45-64
108918,Salsig,mm,Barbati_45-64
108945,Sapanta,mm,Barbati_45-64
108963,Oras Seini,mm,Barbati_45-64
109005,Stramtura,mm,Barbati_45-64
109041,Suciu De Sus,mm,Barbati_45-64
109096,Sisesti,mm,Barbati_45-64
109176,Oras Somcuta Mare,mm,Barbati_45-64
109265,Oras Ulmeni,mm,Femei_45-64
109354,Valea Chioarului,mm,Barbati_45-64
109425,Vima Mica,mm,Barbati_45-64
109504,Viseu De Jos,mm,Barbati_45-64
109773,Municipiul Drobeta-Turnu Severin,mh,Femei_45-64
109826,Simian,mh,Barbati_45-64
109924,Oras Baia De Arama,mh,Barbati_45-64
110027,Obarsia-Closani,mh,Barbati_45-64
110063,Municipiul Orsova,mh,Barbati_45-64
110116,Oras Strehaia,mh,Barbati_45-64
110232,Oras Vanju Mare,mh,Barbati_45-64
110296,Bala,mh,Barbati_45-64
110456,Balta,mh,Femei_45-64
110535,Balacita,mh,Barbati_45-64
110571,Bacles,mh,Femei_65_
110688,Balvanesti,mh,Barbati_45-64
110740,Breznita-Motru,mh,Barbati_45-64
110820,Breznita-Ocol,mh,Barbati_45-64
110875,Brosteni,mh,Barbati_45-64
110946,Burila Mare,mh,Barbati_45-64
111006,Butoiesti,mh,Barbati_45-64
111097,Cazanesti,mh,Barbati_45-64
111220,Ciresu,mh,Barbati_45-64
111275,Corcova,mh,Barbati_45-64
111417,Corlatel,mh,Barbati_45-64
111444,Cujmir,mh,Barbati_45-64
111480,Devesel,mh,Barbati_45-64
111550,Darvari,mh,Barbati_45-64
111587,Dumbrava,mh,Barbati_45-64
111685,Floresti,mh,Barbati_45-64
111783,Garla Mare,mh,Barbati_45-64
111818,Godeanu,mh,Barbati_45-64
111863,Gogosu,mh,Barbati_45-64
111916,Greci,mh,Barbati_45-64
111989,Grozesti,mh,Barbati_45-64
112030,Gruia,mh,Barbati_45-64
112076,Hinova,mh,Barbati_45-64
112129,Husnicioara,mh,Barbati_45-64
112245,Eselnita,mh,Barbati_45-64
112263,Ilovat,mh,Barbati_45-64
112334,Ilovita,mh,Barbati_45-64
112370,Isverna,mh,Barbati_45-64
112469,Izvoru Barzii,mh,Barbati_45-64
112548,Jiana,mh,Barbati_45-64
112600,Livezile,mh,Barbati_45-64
112664,Malovat,mh,Barbati_45-64
112744,Obarsia De Camp,mh,Barbati_45-64
112771,Oprisor,mh,Barbati_45-64
112806,Padina,mh,Barbati_45-64
112879,Patulele,mh,Barbati_45-64
112904,Dubova,mh,Barbati_45-64
112959,Podeni,mh,Barbati_45-64
112995,Ponoarele,mh,Barbati_45-64
113153,Poroina Mare,mh,Barbati_45-64
113206,Pristol,mh,Femei_65_
113233,Prunisor,mh,Barbati_45-64
113395,Punghina,mh,Barbati_45-64
113466,Rogova,mh,Barbati_45-64
113493,Salcia,mh,Barbati_45-64
113518,Stangaceaua,mh,Barbati_45-64
113607,Svinita,mh,Barbati_45-64
113625,Sisesti,mh,Barbati_45-64
113698,Sovarna,mh,Barbati_45-64
113732,Tamna,mh,Barbati_45-64
113849,Vanatori,mh,Barbati_45-64
113894,Vanjulet,mh,Barbati_45-64
113929,Vladaia,mh,Barbati_45-64
113974,Voloiac,mh,Barbati_45-64
114060,Branistea,mh,Barbati_45-64
114079,Vrata,mh,Barbati_45-64
114319,Municipiul Targu Mures,ms,Femei_45-64
114355,Cristesti,ms,Barbati_45-64
114382,Sancraiu De Mures,ms,Barbati_45-64
114417,Sangeorgiu De Mures,ms,Barbati_45-64
114453,Santana De Mures,ms,Femei_45-64
114514,Municipiul Sighisoara,ms,Barbati_45-64
114603,Albesti,ms,Barbati_45-64
114710,Oras Ludus,ms,Barbati_45-64
114809,Municipiul Reghin,ms,Barbati_45-64
114854,Oras Sovata,ms,Barbati_45-64
114925,Municipiul Tarnaveni,ms,Barbati_45-64
114970,Acatari,ms,Femei_45-64
115076,Adamus,ms,Barbati_45-64
115147,Alunis,ms,Barbati_45-64
115183,Apold,ms,Barbati_45-64
115236,Atintis,ms,Barbati_45-64
115307,Bahnea,ms,Barbati_45-64
115389,Band,ms,Barbati_45-64
115520,Batos,ms,Barbati_45-64
115575,Bagaciu,ms,Barbati_45-64
115600,Bala,ms,Barbati_45-64
115637,Balauseri,ms,Barbati_45-64
115708,Beica De Jos,ms,Barbati_45-64
115771,Bichis,ms,Barbati_45-64
115824,Bogata,ms,Barbati_45-64
115851,Breaza,ms,Barbati_45-64
115897,Brancovenesti,ms,Barbati_45-64
115959,Ceuasu De Campie,ms,Barbati_45-64
116046,Chetani,ms,Barbati_45-64
116126,Chiheru De Jos,ms,Barbati_45-64
116171,Coroisanmartin,ms,Barbati_45-64
116224,Cozma,ms,Barbati_45-64
116288,Craciunesti,ms,Barbati_45-64
116340,Craiesti,ms,Barbati_45-64
116395,Cucerdea,ms,Barbati_45-64
116439,Cuci,ms,Barbati_45-64
116493,Danes,ms,Barbati_45-64
116545,Deda,ms,Barbati_45-64
116590,Eremitu,ms,Femei_45-64
116652,Ernei,ms,Barbati_45-64
116723,Faragau,ms,Barbati_45-64
116796,Fantanele,ms,Barbati_45-64
116867,Galesti,ms,Barbati_45-64
116938,Ganesti,ms,Femei_45-64
116983,Gheorghe Doja,ms,Barbati_45-64
117042,Ghindari,ms,Barbati_45-64
117113,Glodeni,ms,Barbati_45-64
117177,Gornesti,ms,Barbati_45-64
117275,Grebenisu De Campie,ms,Barbati_45-64
117319,Gurghiu,ms,Barbati_45-64
117426,Hodac,ms,Barbati_45-64
117505,Hodosa,ms,Barbati_45-64
117550,Ibanesti,ms,Barbati_45-64
117667,Iclanzel,ms,Barbati_45-64
117783,Ideciu De Jos,ms,Barbati_45-64
117827,Oras Iernut,ms,Barbati_45-64
117925,Livezeni,ms,Barbati_45-64
117998,Lunca,ms,Barbati_45-64
118058,Lunca Bradului,ms,Barbati_45-64
118094,Magherani,ms,Femei_65_
118209,Mica,ms,Barbati_45-64
118281,Oras Miercurea Nirajului,ms,Femei_45-64
118370,Mihesu De Campie,ms,Barbati_45-64
118469,Nades,ms,Barbati_45-64
118511,Neaua,ms,Femei_45-64
118575,Ogra,ms,Barbati_45-64
118637,Papiu Ilarian,ms,Barbati_45-64
118691,Panet,ms,Barbati_45-64
118753,Pasareni,ms,Barbati_45-64
118799,Petelea,ms,Barbati_45-64
118824,Pogaceaua,ms,Barbati_45-64
118931,Rastolita,ms,Barbati_45-64
118995,Raciu,ms,Barbati_45-64
119153,Rusii-Munti,ms,Barbati_45-64
119206,Saschiz,ms,Barbati_45-64
119242,Oras Sarmasu,ms,Barbati_45-64
119331,Oras Sangeorgiu De Padure,ms,Barbati_45-64
119386,Sanger,ms,Barbati_45-64
119466,Sanpaul,ms,Barbati_45-64
119527,Sanpetru De Campie,ms,Barbati_45-64
119590,Solovastru,ms,Barbati_45-64
119625,Stanceni,ms,Barbati_45-64
119661,Suplac,ms,Barbati_45-64
119723,Suseni,ms,Femei_45-64
119750,Saulia,ms,Barbati_45-64
119803,Sincai,ms,Barbati_45-64
119858,Taureni,ms,Barbati_45-64
119894,Oras Ungheni,ms,Barbati_45-64
119974,Valea Larga,ms,Barbati_45-64
120076,Vargata,ms,Barbati_45-64
120138,Vatava,ms,Barbati_45-64
120174,Vetca,ms,Femei_65_
120218,Viisoara,ms,Barbati_45-64
120254,Vanatori,ms,Femei_45-64
120316,Voivodeni,ms,Barbati_45-64
120343,Zagar,ms,Barbati_45-64
120370,Zau De Campie,ms,Barbati_45-64
120478,Chibed,ms,Barbati_45-64
120487,Corunca,ms,Barbati_45-64
120496,Sarateni,ms,Barbati_45-64
120502,Madaras,ms,Barbati_45-64
120511,Bereni,ms,Barbati_45-64
120726,Municipiul Piatra-Neamt,nt,Femei_45-64
120771,Dumbrava Rosie,nt,Barbati_45-64
120824,Savinesti,nt,Femei_45-64
120860,Municipiul Roman,nt,Femei_45-64
120888,Cordun,nt,Femei_45-64
120922,Horia,nt,Barbati_45-64
120968,Oras Bicaz,nt,Barbati_45-64
121055,Oras Targu Neamt,nt,Femei_45-64
121108,Agapia,nt,Femei_45-64
121153,Bahna,nt,Barbati_45-64
121242,Baltatesti,nt,Barbati_45-64
121297,Bicaz-Chei,nt,Barbati_45-64
121340,Bicazu Ardelean,nt,Barbati_45-64
121386,Bira,nt,Barbati_45-64
121466,Bargauani,nt,Barbati_45-64
121607,Bodesti,nt,Barbati_45-64
121652,Borca,nt,Barbati_45-64
121732,Borlesti,nt,Barbati_45-64
121796,Botesti,nt,Barbati_45-64
121876,Bozieni,nt,Barbati_45-64
121938,Brusturi,nt,Barbati_45-64
122025,Ceahlau,nt,Barbati_45-64
122061,Candesti,nt,Barbati_45-64
122132,Costisa,nt,Barbati_45-64
122187,Cracaoani,nt,Barbati_45-64
122249,Damuc,nt,Barbati_45-64
122285,Dobreni,nt,Barbati_45-64
122347,Doljesti,nt,Barbati_45-64
122392,Dragomiresti,nt,Barbati_45-64
122463,Dulcesti,nt,Barbati_45-64
122551,Farcasa,nt,Barbati_45-64
122613,Faurei,nt,Barbati_45-64
122668,Gheraesti,nt,Barbati_45-64
122702,Girov,nt,Barbati_45-64
122828,Garcina,nt,Barbati_45-64
122864,Grinties,nt,Barbati_45-64
122908,Grumazesti,nt,Barbati_45-64
122953,Hangu,nt,Barbati_45-64
123013,Icusesti,nt,Barbati_45-64
123102,Ion Creanga,nt,Barbati_45-64
123175,Margineni,nt,Barbati_45-64
123228,Moldoveni,nt,Barbati_45-64
123255,Oniceni,nt,Barbati_45-64
123371,Pastraveni,nt,Barbati_45-64
123424,Petricani,nt,Barbati_45-64
123479,Piatra Soimului,nt,Barbati_45-64
123521,Pipirig,nt,Barbati_45-64
123601,Pangarati,nt,Barbati_45-64
123674,Podoleni,nt,Barbati_45-64
123709,Poienari,nt,Barbati_45-64
123790,Poiana Teiului,nt,Barbati_45-64
123914,Raucesti,nt,Barbati_45-64
123969,Razboieni,nt,Barbati_45-64
124028,Rediu,nt,Barbati_45-64
124073,Romani,nt,Barbati_45-64
124117,Oras Roznov,nt,Barbati_45-64
124153,Sagna,nt,Barbati_45-64
124206,Sabaoani,nt,Barbati_45-64
124233,Secuieni,nt,Barbati_45-64
124331,Stanita,nt,Barbati_45-64
124411,Stefan Cel Mare,nt,Barbati_45-64
124493,Tarcau,nt,Barbati_45-64
124563,Tasca,nt,Femei_45-64
124616,Tazlau,nt,Barbati_45-64
124634,Tamaseni,nt,Femei_45-64
124661,Timisesti,nt,Barbati_45-64
124723,Trifesti,nt,Barbati_45-64
124750,Tupilati,nt,Barbati_45-64
124803,Tibucani,nt,Barbati_45-64
124849,Urecheni,nt,Barbati_45-64
124885,Valea Ursului,nt,Barbati_45-64
124938,Alexandru Cel Bun,nt,Barbati_45-64
125016,Vanatori-Neamt,nt,Barbati_45-64
125061,Zanesti,nt,Barbati_45-64
125098,Dochia,nt,Barbati_45-64
125105,Ruginoasa,nt,Barbati_45-64
125114,Ghindaoani,nt,Barbati_45-64
125123,Valeni,nt,Barbati_45-64
125132,Draganesti,nt,Barbati_45-64
125141,Pancesti,nt,Barbati_45-64
125150,Gadinti,nt,Barbati_45-64
125169,Negresti,nt,Barbati_45-64
125178,Boghicea,nt,Barbati_45-64
125347,Municipiul Slatina,ot,Femei_45-64
125374,Slatioara,ot,Barbati_45-64
125418,Oras Bals,ot,Femei_45-64
125472,Municipiul Caracal,ot,Barbati_45-64
125490,Draghiceni,ot,Barbati_45-64
125542,Oras Corabia,ot,Barbati_45-64
125588,Garcov,ot,Barbati_45-64
125622,Oras Draganesti-Olt,ot,Barbati_45-64
125659,Babiciu,ot,Barbati_45-64
125677,Baldovinesti,ot,Barbati_45-64
125757,Barasti,ot,Barbati_45-64
125846,Barza,ot,Barbati_45-64
125873,Bobicesti,ot,Barbati_45-64
125962,Brastavatu,ot,Barbati_45-64
125999,Brebeni,ot,Barbati_45-64
126022,Brancoveni,ot,Barbati_45-64
126077,Bucinisu,ot,Barbati_45-64
126102,Cezieni,ot,Barbati_45-64
126148,Cilieni,ot,Barbati_45-64
126166,Carlogani,ot,Barbati_45-64
126228,Colonesti,ot,Barbati_45-64
126326,Corbu,ot,Barbati_45-64
126380,Coteana,ot,Barbati_45-64
126406,Crampoia,ot,Barbati_45-64
126433,Curtisoara,ot,Barbati_45-64
126503,Cungrea,ot,Barbati_45-64
126585,Daneasa,ot,Barbati_45-64
126647,Deveselu,ot,Barbati_45-64
126674,Dobretu,ot,Barbati_45-64
126718,Dobrosloveni,ot,Barbati_45-64
126772,Dobroteasa,ot,Barbati_45-64
126825,Dobrun,ot,Barbati_45-64
126905,Fagetelu,ot,Barbati_45-64
126978,Falcoiu,ot,Barbati_45-64
127019,Farcasele,ot,Barbati_45-64
127064,Ganeasa,ot,Barbati_45-64
127126,Giuvarasti,ot,Barbati_45-64
127144,Gostavatu,ot,Barbati_45-64
127171,Gradinari,ot,Barbati_45-64
127224,Grojdibodu,ot,Barbati_45-64
127251,Ianca,ot,Barbati_45-64
127288,Iancu Jianu,ot,Barbati_45-64
127322,Icoana,ot,Barbati_45-64
127368,Izbiceni,ot,Barbati_45-64
127386,Izvoarele,ot,Barbati_45-64
127411,Leleasca,ot,Barbati_45-64
127493,Maruntei,ot,Barbati_45-64
127536,Mihaesti,ot,Barbati_45-64
127563,Milcov,ot,Barbati_45-64
127625,Morunglav,ot,Barbati_45-64
127689,Movileni,ot,Barbati_45-64
127714,Nicolae Titulescu,ot,Femei_65_
127750,Obarsia,ot,Barbati_45-64
127812,Oboga,ot,Barbati_45-64
127858,Oporelu,ot,Barbati_45-64
127901,Optasi-Magura,ot,Barbati_45-64
127938,Orlea,ot,Barbati_45-64
127983,Osica De Sus,ot,Barbati_45-64
128052,Perieti,ot,Barbati_45-64
128105,Oras Piatra-Olt,ot,Barbati_45-64
128178,Parscoveni,ot,Barbati_45-64
128221,Plesoiu,ot,Barbati_45-64
128301,Poboru,ot,Barbati_45-64
128374,Oras Potcoava,ot,Barbati_45-64
128436,Priseaca,ot,Barbati_45-64
128472,Radomiresti,ot,Barbati_45-64
128524,Redea,ot,Barbati_45-64
128560,Rotunda,ot,Barbati_45-64
128588,Rusanesti,ot,Barbati_45-64
128613,Scarisoara,ot,Barbati_45-64
128659,Schitu,ot,Barbati_45-64
128711,Oras Scornicesti,ot,Barbati_45-64
128864,Seaca,ot,Barbati_45-64
128882,Samburesti,ot,Barbati_45-64
128962,Spineni,ot,Barbati_45-64
129040,Sprancenata,ot,Barbati_45-64
129095,Stoenesti,ot,Barbati_45-64
129111,Stoicanesti,ot,Barbati_45-64
129139,Strejesti,ot,Barbati_45-64
129184,Studina,ot,Barbati_45-64
129246,Serbanesti,ot,Barbati_45-64
129282,Stefan Cel Mare,ot,Femei_65_
129317,Tatulesti,ot,Barbati_45-64
129380,Teslui,ot,Barbati_45-64
129460,Tia Mare,ot,Barbati_45-64
129503,Topana,ot,Femei_65_
129567,Traian,ot,Barbati_45-64
129585,Tufeni,ot,Barbati_45-64
129629,Urzica,ot,Barbati_45-64
129656,Valea Mare,ot,Barbati_45-64
129718,Vadastra,ot,Barbati_45-64
129745,Vadastrita,ot,Barbati_45-64
129763,Valeni,ot,Barbati_45-64
129816,Verguleasa,ot,Barbati_45-64
129898,Visina,ot,Barbati_45-64
129914,Vitomiresti,ot,Barbati_45-64
129987,Valcele,ot,Barbati_45-64
130026,Vladila,ot,Barbati_45-64
130062,Voineasa,ot,Barbati_45-64
130124,Vulpeni,ot,Barbati_45-64
130231,Vulturesti,ot,Barbati_45-64
130286,Balteni,ot,Barbati_45-64
130295,Calui,ot,Femei_45-64
130302,Gavanesti,ot,Femei_45-64
130311,Ghimpeteni,ot,Barbati_45-64
130320,Gradinile,ot,Barbati_45-64
130339,Gura Padinii,ot,Barbati_45-64
130348,Ipotesti,ot,Barbati_45-64
130357,Osica De Jos,ot,Barbati_45-64
130366,Sarbii - Magura,ot,Barbati_45-64
130375,Visina Noua,ot,Barbati_45-64
130384,Soparlita,ot,Barbati_45-64
130534,Municipiul Ploiesti,ph,Femei_45-64
130552,Barcanesti,ph,Barbati_45-64
130614,Berceni,ph,Barbati_45-64
130678,Blejoi,ph,Barbati_45-64
130712,Brazi,ph,Barbati_45-64
130785,Bucov,ph,Barbati_45-64
130847,Paulesti,ph,Barbati_45-64
130892,Targsoru Vechi,ph,Barbati_45-64
130954,Oras Azuga,ph,Femei_45-64
130981,Oras Baicoi,ph,Barbati_45-64
131069,Oras Boldesti-Scaeni,ph,Barbati_45-64
131103,Oras Breaza,ph,Femei_45-64
131210,Oras Busteni,ph,Barbati_45-64
131256,Municipiul Campina,ph,Femei_45-64
131274,Poiana Campina,ph,Femei_45-64
131336,Oras Comarnic,ph,Barbati_45-64
131407,Oras Mizil,ph,Femei_45-64
131443,Oras Plopeni,ph,Barbati_45-64
131461,Dumbravesti,ph,Barbati_45-64
131540,Oras Sinaia,ph,Femei_45-64
131577,Oras Slanic,ph,Barbati_45-64
131620,Oras Urlati,ph,Barbati_45-64
131817,Oras Valenii De Munte,ph,Femei_45-64
131835,Gura Vitioarei,ph,Barbati_45-64
131899,Adunati,ph,Barbati_45-64
131933,Albesti-Paleologu,ph,Barbati_45-64
131988,Alunis,ph,Barbati_45-64
132011,Apostolache,ph,Barbati_45-64
132075,Aricestii Rahtivani,ph,Barbati_45-64
132137,Aricestii Zeletin,ph,Barbati_45-64
132164,Baba Ana,ph,Barbati_45-64
132226,Balta Doamnei,ph,Barbati_45-64
132271,Baltesti,ph,Barbati_45-64
132315,Banesti,ph,Barbati_45-64
132342,Bertea,ph,Femei_45-64
132379,Boldesti-Gradistea,ph,Barbati_45-64
132404,Brebu,ph,Femei_45-64
132459,Calugareni,ph,Barbati_45-64
132486,Carbunesti,ph,Barbati_45-64
132510,Ceptura,ph,Barbati_45-64
132574,Cerasu,ph,Barbati_45-64
132645,Chiojdeanca,ph,Barbati_45-64
132681,Ciorani,ph,Barbati_45-64
132716,Cocorastii Mislii,ph,Barbati_45-64
132752,Colceag,ph,Barbati_45-64
132805,Cornu,ph,Femei_45-64
132841,Cosminele,ph,Barbati_45-64
132896,Drajna,ph,Barbati_45-64
133018,Draganesti,ph,Barbati_45-64
133090,Dumbrava,ph,Barbati_45-64
133161,Filipestii De Padure,ph,Barbati_45-64
133214,Filipestii De Targ,ph,Barbati_45-64
133278,Fantanele,ph,Barbati_45-64
133330,Floresti,ph,Femei_45-64
133394,Fulga,ph,Barbati_45-64
133429,Gherghita,ph,Barbati_45-64
133508,Gorgota,ph,Barbati_45-64
133562,Gornet,ph,Barbati_45-64
133615,Gornet-Cricov,ph,Barbati_45-64
133688,Gura Vadului,ph,Femei_45-64
133722,Iordacheanu,ph,Barbati_45-64
133795,Izvoarele,ph,Femei_45-64
133866,Jugureni,ph,Femei_65_
133919,Lapos,ph,Barbati_45-64
133964,Lipanesti,ph,Barbati_45-64
134014,Magurele,ph,Barbati_45-64
134050,Magureni,ph,Femei_45-64
134096,Maneciu,ph,Barbati_45-64
134194,Manesti,ph,Barbati_45-64
134336,Pacureti,ph,Barbati_45-64
134390,Plopu,ph,Barbati_45-64
134443,Podenii Noi,ph,Barbati_45-64
134559,Poienarii Burchii,ph,Barbati_45-64
134648,Posesti,ph,Barbati_45-64
134755,Predeal-Sarari,ph,Barbati_45-64
134853,Provita De Jos,ph,Barbati_45-64
134899,Provita De Sus,ph,Barbati_45-64
134942,Puchenii Mari,ph,Barbati_45-64
135020,Rafov,ph,Barbati_45-64
135128,Salcia,ph,Barbati_45-64
135146,Salciile,ph,Femei_65_
135164,Scorteni,ph,Barbati_45-64
135226,Secaria,ph,Barbati_45-64
135244,Sangeru,ph,Barbati_45-64
135315,Starchiojd,ph,Barbati_45-64
135404,Surani,ph,Barbati_45-64
135431,Sirna,ph,Barbati_45-64
135501,Soimari,ph,Barbati_45-64
135547,Sotrile,ph,Barbati_45-64
135618,Stefesti,ph,Barbati_45-64
135654,Talea,ph,Femei_45-64
135681,Tataru,ph,Barbati_45-64
135725,Teisani,ph,Barbati_45-64
135789,Telega,ph,Barbati_45-64
135850,Tinosu,ph,Barbati_45-64
135896,Tomsani,ph,Barbati_45-64
135949,Valea Calugareasca,ph,Barbati_45-64
136107,Valea Doftanei,ph,Barbati_45-64
136134,Varbilau,ph,Barbati_45-64
136198,Valcanesti,ph,Barbati_45-64
136241,Cocorastii Colt,ph,Barbati_45-64
136250,Olari,ph,Barbati_45-64
136269,Vadu Sapat,ph,Barbati_45-64
136278,Batrani,ph,Barbati_45-64
136483,Municipiul Satu Mare,sm,Femei_45-64
136526,Municipiul Carei,sm,Femei_45-64
136553,Capleni,sm,Femei_45-64
136599,Oras Negresti-Oas,sm,Femei_45-64
136642,Oras Tasnad,sm,Femei_45-64
136713,Acas,sm,Barbati_45-64
136768,Andrid,sm,Barbati_45-64
136802,Apa,sm,Barbati_45-64
136848,Oras Ardud,sm,Barbati_45-64
136919,Batarci,sm,Femei_45-64
136964,Beltiug,sm,Barbati_45-64
137032,Berveni,sm,Barbati_45-64
137069,Bixad,sm,Barbati_45-64
137103,Barsau,sm,Barbati_45-64
137130,Bogdand,sm,Barbati_45-64
137185,Botiz,sm,Barbati_45-64
137229,Calinesti-Oas,sm,Barbati_45-64
137274,Camarzana,sm,Barbati_45-64
137292,Cauas,sm,Barbati_45-64
137363,Cehal,sm,Barbati_45-64
137407,Certeze,sm,Barbati_45-64
137443,Craidorolt,sm,Barbati_45-64
137504,Crucisor,sm,Barbati_45-64
137540,Culciu,sm,Barbati_45-64
137611,Doba,sm,Barbati_45-64
137675,Dorolt,sm,Barbati_45-64
137728,Foieni,sm,Femei_45-64
137746,Gherta Mica,sm,Femei_45-64
137764,Halmeu,sm,Barbati_45-64
137844,Hodod,sm,Barbati_45-64
137899,Homoroade,sm,Barbati_45-64
137960,Lazuri,sm,Barbati_45-64
138039,Oras Livada,sm,Barbati_45-64
138084,Mediesu Aurit,sm,Barbati_45-64
138164,Micula,sm,Barbati_45-64
138208,Moftin,sm,Barbati_45-64
138280,Odoreu,sm,Barbati_45-64
138351,Orasu Nou,sm,Barbati_45-64
138431,Paulesti,sm,Barbati_45-64
138501,Petresti,sm,Femei_45-64
138538,Pir,sm,Barbati_45-64
138574,Piscolt,sm,Barbati_45-64
138618,Pomi,sm,Barbati_45-64
138663,Sanislau,sm,Barbati_45-64
138734,Santau,sm,Barbati_45-64
138770,Sacaseni,sm,Femei_45-64
138805,Sauca,sm,Barbati_45-64
138869,Socond,sm,Barbati_45-64
138921,Supur,sm,Barbati_45-64
139009,Tarna Mare,sm,Barbati_45-64
139054,Terebesti,sm,Barbati_45-64
139107,Tiream,sm,Barbati_45-64
139143,Tarsolt,sm,Femei_45-64
139170,Turt,sm,Barbati_45-64
139214,Turulung,sm,Barbati_45-64
139250,Urziceni,sm,Femei_45-64
139287,Valea Vinului,sm,Barbati_45-64
139330,Vama,sm,Barbati_45-64
139358,Vetis,sm,Barbati_45-64
139394,Viile Satu Mare,sm,Barbati_45-64
139704,Municipiul Zalau,sj,Femei_45-64
139740,Oras Cehu Silvaniei,sj,Barbati_45-64
139811,Oras Jibou,sj,Barbati_45-64
139884,Oras Simleu Silvaniei,sj,Barbati_45-64
139937,Agrij,sj,Barbati_45-64
139982,Almasu,sj,Barbati_45-64
140084,Babeni,sj,Barbati_45-64
140146,Balan,sj,Barbati_45-64
140208,Banisor,sj,Barbati_45-64
140244,Benesat,sj,Barbati_45-64
140280,Bobota,sj,Barbati_45-64
140324,Bocsa,sj,Barbati_45-64
140379,Buciumi,sj,Barbati_45-64
140440,Camar,sj,Femei_45-64
140477,Carastelec,sj,Femei_65_
140501,Chiesd,sj,Barbati_45-64
140547,Cizer,sj,Barbati_65_
140583,Coseiu,sj,Barbati_45-64
140627,Crasna,sj,Femei_45-64
140672,Creaca,sj,Barbati_45-64
140770,Cristolt,sj,Barbati_45-64
140823,Criseni,sj,Barbati_45-64
140869,Cuzaplac,sj,Barbati_45-64
140958,Dobrin,sj,Barbati_45-64
141027,Dragu,sj,Barbati_45-64
141081,Fildu De Jos,sj,Barbati_45-64
141134,Galgau,sj,Barbati_45-64
141232,Garbou,sj,Barbati_45-64
141312,Halmasd,sj,Barbati_45-64
141376,Hereclean,sj,Barbati_45-64
141447,Hida,sj,Barbati_45-64
141535,Horoatu Crasnei,sj,Barbati_45-64
141580,Ileanda,sj,Barbati_45-64
141722,Ip,sj,Barbati_45-64
141786,Letca,sj,Barbati_45-64
141884,Lozna,sj,Femei_65_
141946,Marca,sj,Barbati_45-64
142006,Maeriste,sj,Barbati_45-64
142079,Mesesenii De Jos,sj,Barbati_45-64
142122,Mirsid,sj,Barbati_45-64
142177,Napradea,sj,Barbati_45-64
142239,Nusfalau,sj,Femei_45-64
142284,Pericei,sj,Barbati_45-64
142337,Plopis,sj,Barbati_45-64
142373,Poiana Blenchii,sj,Barbati_45-64
142426,Romanasi,sj,Barbati_45-64
142499,Rus,sj,Barbati_45-64
142550,Salatig,sj,Femei_45-64
142612,Sag,sj,Barbati_45-64
142676,Sanmihaiu Almasului,sj,Barbati_45-64
142710,Somes-Odorhei,sj,Barbati_45-64
142774,Surduc,sj,Barbati_45-64
142854,Samsud,sj,Barbati_45-64
142881,Sarmasag,sj,Barbati_45-64
142952,Valcau De Jos,sj,Barbati_45-64
143021,Varsolt,sj,Barbati_45-64
143067,Zalha,sj,Barbati_45-64
143147,Zimbor,sj,Barbati_25-34
143450,Municipiul Sibiu,sb,Femei_45-64
143487,Cristian,sb,Barbati_45-64
143502,Poplaca,sb,Barbati_45-64
143520,Rasinari,sb,Barbati_45-64
143557,Selimbar,sb,Barbati_35-44
143619,Municipiul Medias,sb,Barbati_45-64
143646,Tarnava,sb,Barbati_45-64
143682,Oras Agnita,sb,Barbati_45-64
143735,Oras Cisnadie,sb,Barbati_45-64
143771,Oras Copsa Mica,sb,Barbati_45-64
143806,Oras Dumbraveni,sb,Barbati_45-64
143851,Oras Ocna Sibiului,sb,Barbati_45-64
143888,Altina,sb,Barbati_45-64
143922,Apoldu De Jos,sb,Barbati_45-64
143959,Arpasu De Jos,sb,Barbati_45-64
143995,Atel,sb,Barbati_45-64
144054,Oras Avrig,sb,Barbati_45-64
144116,Axente Sever,sb,Barbati_45-64
144152,Bazna,sb,Barbati_45-64
144198,Biertan,sb,Barbati_45-64
144232,Barghis,sb,Barbati_45-64
144303,Blajel,sb,Barbati_45-64
144349,Brateiu,sb,Femei_45-64
144376,Bradeni,sb,Barbati_45-64
144410,Bruiu,sb,Barbati_45-64
144456,Chirpar,sb,Barbati_45-64
144508,Carta,sb,Femei_45-64
144535,Cartisoara,sb,Barbati_45-64
144553,Darlos,sb,Barbati_45-64
144599,Gura Raului,sb,Barbati_45-64
144615,Hoghilag,sb,Barbati_45-64
144651,Iacobeni,sb,Barbati_45-64
144713,Jina,sb,Barbati_45-64
144731,Laslea,sb,Barbati_45-64
144795,Loamnes,sb,Barbati_45-64
144866,Ludos,sb,Barbati_45-64
144893,Marpod,sb,Barbati_45-64
144928,Oras Miercurea Sibiului,sb,Barbati_45-64
144964,Merghindeal,sb,Barbati_45-64
144991,Micasasa,sb,Barbati_45-64
145042,Mihaileni,sb,Barbati_45-64
145104,Mosna,sb,Barbati_45-64
145140,Nocrich,sb,Barbati_45-64
145202,Orlat,sb,Barbati_45-64
145220,Pauca,sb,Barbati_45-64
145275,Poiana Sibiului,sb,Femei_45-64
145293,Porumbacu De Jos,sb,Barbati_45-64
145355,Racovita,sb,Barbati_45-64
145382,Rau Sadului,sb,Femei_45-64
145408,Rosia,sb,Barbati_45-64
145471,Sadu,sb,Femei_45-64
145499,Oras Saliste,sb,Barbati_45-64
145603,Slimnic,sb,Barbati_45-64
145667,Seica Mare,sb,Barbati_45-64
145738,Seica Mica,sb,Barbati_45-64
145765,Sura Mare,sb,Barbati_45-64
145792,Sura Mica,sb,Barbati_45-64
145827,Oras Talmaciu,sb,Barbati_45-64
145907,Tilisca,sb,Barbati_45-64
145934,Turnu Rosu,sb,Femei_45-64
145961,Valea Viilor,sb,Femei_45-64
145998,Vurpar,sb,Barbati_45-64
146012,Alma,sb,Barbati_45-64
146021,Boita,sb,Barbati_45-64
146263,Municipiul Suceava,sv,Femei_45-64
146281,Ipotesti,sv,Barbati_45-64
146325,Mitocu Dragomirnei,sv,Barbati_45-64
146370,Oras Salcea,sv,Barbati_45-64
146432,Scheia,sv,Barbati_45-64
146502,Municipiul Campulung Moldovenesc,sv,Femei_45-64
146539,Municipiul Falticeni,sv,Femei_45-64
146584,Oras Gura Humorului,sv,Femei_45-64
146628,Municipiul Radauti,sv,Femei_45-64
146655,Oras Siret,sv,Barbati_45-64
146708,Oras Solca,sv,Barbati_45-64
146744,Municipiul Vatra Dornei,sv,Femei_45-64
146799,Adancata,sv,Barbati_45-64
146860,Arbore,sv,Barbati_45-64
146904,Baia,sv,Femei_45-64
146931,Oras Milisauti,sv,Barbati_45-64
146995,Balcauti,sv,Barbati_45-64
147036,Bilca,sv,Barbati_45-64
147054,Bogdanesti,sv,Barbati_45-64
147072,Boroaia,sv,Barbati_45-64
147134,Bosanci,sv,Barbati_45-64
147161,Botosana,sv,Barbati_45-64
147205,Breaza,sv,Barbati_45-64
147241,Brodina,sv,Barbati_45-64
147358,Oras Brosteni,sv,Barbati_45-64
147465,Bunesti,sv,Barbati_45-64
147526,Cacica,sv,Femei_45-64
147580,Calafindesti,sv,Barbati_45-64
147633,Oras Cajvana,sv,Barbati_45-64
147660,Ilisesti,sv,Barbati_45-64
147713,Carlibaba,sv,Barbati_45-64
147786,Cornu Luncii,sv,Femei_45-64
147884,Crucea,sv,Barbati_45-64
147937,Darmanesti,sv,Barbati_45-64
148006,Oras Dolhasca,sv,Barbati_45-64
148097,Dolhesti,sv,Barbati_45-64
148131,Dorna-Arini,sv,Barbati_45-64
148202,Dorna Candrenilor,sv,Barbati_45-64
148293,Dornesti,sv,Barbati_45-64
148328,Dragoiesti,sv,Barbati_45-64
148382,Draguseni,sv,Barbati_45-64
148426,Dumbraveni,sv,Barbati_45-64
148453,Fantanele,sv,Barbati_45-64
148514,Forasti,sv,Barbati_45-64
148612,Oras Frasin,sv,Barbati_45-64
148667,Fratautii Noi,sv,Barbati_45-64
148694,Fratautii Vechi,sv,Barbati_45-64
148729,Frumosu,sv,Barbati_45-64
148765,Fundu Moldovei,sv,Barbati_45-64
148872,Galanesti,sv,Barbati_45-64
148916,Gramesti,sv,Barbati_45-64
148970,Granicesti,sv,Barbati_45-64
149049,Horodniceni,sv,Barbati_45-64
149101,Horodnic De Jos,sv,Barbati_45-64
149138,Iacobeni,sv,Barbati_45-64
149183,Izvoarele Sucevei,sv,Barbati_45-64
149227,Oras Liteni,sv,Barbati_45-64
149290,Marginea,sv,Barbati_45-64
149316,Malini,sv,Barbati_45-64
149370,Manastirea Humorului,sv,Barbati_45-64
149414,Moara,sv,Barbati_45-64
149502,Moldova-Sulita,sv,Barbati_45-64
149539,Moldovita,sv,Barbati_45-64
149584,Musenita,sv,Barbati_45-64
149655,Ostra,sv,Femei_45-64
149682,Panaci,sv,Barbati_45-64
149753,Paltinoasa,sv,Barbati_45-64
149780,Partestii De Jos,sv,Barbati_45-64
149833,Patrauti,sv,Barbati_45-64
149851,Poiana Stampei,sv,Barbati_45-64
149931,Pojorata,sv,Barbati_45-64
149968,Preutesti,sv,Barbati_45-64
150043,Putna,sv,Barbati_45-64
150070,Radaseni,sv,Barbati_45-64
150114,Rasca,sv,Barbati_45-64
150178,Sadova,sv,Barbati_45-64
150196,Satu Mare,sv,Barbati_45-64
150221,Siminicea,sv,Barbati_45-64
150258,Slatina,sv,Barbati_45-64
150294,Straja,sv,Femei_45-64
150310,Stroiesti,sv,Barbati_45-64
150356,Stulpicani,sv,Barbati_45-64
150418,Sucevita,sv,Femei_45-64
150445,Saru Dornei,sv,Barbati_45-64
150524,Todiresti,sv,Barbati_45-64
150588,Udesti,sv,Barbati_45-64
150702,Ulma,sv,Barbati_45-64
150766,Vadu Moldovei,sv,Femei_45-64
150891,Valea Moldovei,sv,Barbati_45-64
150935,Vama,sv,Barbati_45-64
150980,Vatra Moldovitei,sv,Barbati_45-64
151022,Veresti,sv,Barbati_45-64
151077,Vicovu De Jos,sv,Barbati_45-64
151095,Oras Vicovu De Sus,sv,Barbati_45-64
151120,Volovat,sv,Barbati_45-64
151157,Vulturesti,sv,Barbati_45-64
151246,Zamostea,sv,Barbati_45-64
151344,Zvoristea,sv,Barbati_45-64
151433,Comanesti,sv,Barbati_45-64
151442,Iaslovat,sv,Barbati_45-64
151451,Ciocanesti,sv,Barbati_45-64
151460,Serbauti,sv,Barbati_45-64
151479,Horodnic De Sus,sv,Barbati_45-64
151488,Fantana Mare,sv,Barbati_45-64
151497,Cosna,sv,Barbati_45-64
151503,Capu Campului,sv,Barbati_45-64
151512,Hantesti,sv,Barbati_45-64
151521,Burla,sv,Barbati_45-64
151530,Balaceana,sv,Barbati_45-64
151549,Hartop,sv,Barbati_45-64
151558,Voitinel,sv,Barbati_45-64
151567,Ciprian Porumbescu,sv,Barbati_45-64
151576,Berchisesti,sv,Barbati_45-64
151585,Poieni-Solca,sv,Barbati_45-64
151683,Municipiul Turnu Magurele,tr,Barbati_45-64
151709,Ciuperceni,tr,Femei_65_
151736,Islaz,tr,Barbati_45-64
151763,Lita,tr,Barbati_45-64
151790,Municipiul Alexandria,tr,Barbati_45-64
151816,Nanov,tr,Barbati_45-64
151834,Poroschia,tr,Barbati_45-64
151870,Municipiul Rosiori De Vede,tr,Barbati_45-64
151905,Oras Videle,tr,Barbati_45-64
151932,Crevenicu,tr,Barbati_45-64
151978,Oras Zimnicea,tr,Femei_45-64
151996,Balaci,tr,Femei_65_
152038,Babaita,tr,Barbati_45-64
152083,Blejesti,tr,Barbati_45-64
152127,Bogdana,tr,Femei_65_
152172,Botoroaga,tr,Femei_65_
152234,Bragadiru,tr,Barbati_45-64
152252,Branceni,tr,Barbati_45-64
152270,Bujoreni,tr,Barbati_45-64
152314,Bujoru,tr,Barbati_45-64
152332,Buzescu,tr,Barbati_45-64
152350,Calinesti,tr,Femei_65_
152412,Calmatuiu,tr,Barbati_45-64
152467,Calmatuiu De Sus,tr,Barbati_45-64
152500,Cervenia,tr,Barbati_65_
152528,Ciolanesti,tr,Femei_65_
152564,Contesti,tr,Femei_65_
152582,Cosmesti,tr,Barbati_45-64
152617,Crangeni,tr,Barbati_45-64
152662,Crangu,tr,Barbati_45-64
152724,Didesti,tr,Barbati_45-64
152760,Dobrotesti,tr,Barbati_45-64
152797,Dracsenei,tr,Femei_65_
152868,Draganesti De Vede,tr,Barbati_45-64
152902,Draganesti-Vlasca,tr,Barbati_45-64
152948,Furculesti,tr,Barbati_45-64
152993,Frumoasa,tr,Barbati_45-64
153026,Galateni,tr,Barbati_45-64
153062,Gratia,tr,Barbati_45-64
153106,Izvoarele,tr,Barbati_45-64
153124,Lisa,tr,Barbati_45-64
153151,Lunca,tr,Barbati_45-64
153204,Mavrodin,tr,Barbati_45-64
153240,Magura,tr,Barbati_45-64
153277,Maldaeni,tr,Barbati_45-64
153295,Mereni,tr,Barbati_45-64
153339,Marzanesti,tr,Barbati_45-64
153384,Mosteni,tr,Femei_65_
153400,Nasturelu,tr,Barbati_45-64
153437,Necsesti,tr,Femei_65_
153473,Olteni,tr,Barbati_45-64
153507,Orbeasca,tr,Barbati_45-64
153543,Peretu,tr,Barbati_45-64
153561,Piatra,tr,Barbati_45-64
153589,Pietrosani,tr,Barbati_45-64
153605,Plosca,tr,Barbati_45-64
153623,Plopii-Slavitesti,tr,Femei_65_
153696,Poeni,tr,Barbati_45-64
153776,Vitanesti,tr,Barbati_45-64
153829,Putineiu,tr,Barbati_45-64
153865,Radoiesti,tr,Barbati_45-64
153909,Rasmiresti,tr,Barbati_45-64
153936,Salcia,tr,Femei_65_
153972,Saceni,tr,Femei_65_
154013,Scrioastea,tr,Barbati_45-64
154068,Scurtu Mare,tr,Barbati_45-64
154139,Seaca,tr,Barbati_45-64
154166,Sfintesti,tr,Barbati_45-64
154184,Segarcea-Vale,tr,Barbati_45-64
154228,Silistea,tr,Barbati_45-64
154282,Silistea-Gumesti,tr,Barbati_45-64
154308,Sarbeni,tr,Barbati_45-64
154344,Slobozia Mandra,tr,Barbati_65_
154380,Smardioasa,tr,Barbati_45-64
154415,Stejaru,tr,Femei_65_
154460,Suhaia,tr,Barbati_45-64
154497,Storobaneasa,tr,Barbati_65_
154521,Talpa,tr,Femei_65_
154585,Tatarastii De Jos,tr,Barbati_45-64
154665,Tatarastii De Sus,tr,Barbati_45-64
154709,Toporu,gr,Femei_65_
154736,Traian,tr,Femei_65_
154754,Trivalea-Mosteni,tr,Barbati_45-64
154790,Troianul,tr,Barbati_45-64
154834,Tiganesti,tr,Barbati_45-64
154852,Vedea,tr,Barbati_45-64
154914,Viisoara,tr,Barbati_45-64
154932,Vartoape,tr,Barbati_45-64
154978,Zambreasca,tr,Barbati_65_
154996,Nenciulesti,tr,Barbati_45-64
155083,Beciu,tr,Barbati_45-64
155092,Beuca,tr,Barbati_45-64
155109,Dracea,tr,Femei_65_
155118,Fantanele,tr,Barbati_45-64
155127,Frasinet,tr,Barbati_45-64
155136,Purani,tr,Barbati_45-64
155145,Saelele,tr,Barbati_45-64
155154,Uda-Clocociov,tr,Femei_65_
155243,Municipiul Timisoara,tm,Barbati_45-64
155261,Dumbravita,tm,Barbati_35-44
155289,Ghiroda,tm,Barbati_45-64
155314,Giroc,tm,Barbati_35-44
155350,Municipiul Lugoj,tm,Barbati_45-64
155403,Oras Buzias,tm,Barbati_45-64
155458,Oras Deta,tm,Barbati_45-64
155494,Oras Jimbolia,tm,Barbati_45-64
155528,Oras Sannicolau Mare,tm,Barbati_45-64
155546,Balint,tm,Barbati_45-64
155591,Banloc,tm,Barbati_45-64
155662,Bara,tm,Femei_45-64
155724,Beba Veche,tm,Barbati_45-64
155760,Becicherecu Mic,tm,Barbati_45-64
155797,Belint,tm,Barbati_45-64
155840,Bethausen,tm,Barbati_45-64
155911,Biled,tm,Barbati_45-64
155957,Barna,tm,Barbati_45-64
156035,Bogda,tm,Femei_65_
156106,Boldur,tm,Barbati_45-64
156151,Brestovat,tm,Barbati_45-64
156213,Carpinis,tm,Barbati_45-64
156259,Cenad,tm,Barbati_45-64
156277,Cenei,tm,Barbati_45-64
156311,Cheveresu Mare,tm,Barbati_45-64
156357,Oras Ciacova,tm,Barbati_45-64
156437,Comlosu Mare,tm,Barbati_45-64
156473,Costeiu,tm,Barbati_45-64
156534,Criciova,tm,Barbati_45-64
156589,Curtea,tm,Femei_45-64
156623,Darova,tm,Barbati_45-64
156669,Denta,tm,Barbati_45-64
156712,Dudestii Vechi,tm,Barbati_45-64
156767,Dumbrava,tm,Barbati_45-64
156801,Oras Faget,tm,Barbati_45-64
156927,Fardea,tm,Barbati_45-64
157004,Foeni,tm,Barbati_45-64
157031,Gavojdia,tm,Barbati_45-64
157086,Oras Gataia,tm,Barbati_45-64
157193,Ghizela,tm,Barbati_45-64
157246,Giarmata,tm,Barbati_45-64
157273,Giera,tm,Barbati_45-64
157317,Giulvaz,tm,Barbati_45-64
157362,Jamu Mare,tm,Barbati_45-64
157424,Jebel,tm,Barbati_45-64
157451,Lenauheim,tm,Barbati_45-64
157497,Liebling,tm,Barbati_45-64
157530,Lovrin,tm,Barbati_45-64
157585,Margina,tm,Barbati_45-64
157683,Masloc,tm,Barbati_45-64
157736,Manastiur,tm,Barbati_45-64
157781,Moravita,tm,Barbati_45-64
157834,Mosnita Noua,tm,Barbati_35-44
157898,Nadrag,tm,Barbati_45-64
157923,Nitchidorf,tm,Barbati_45-64
157969,Ohaba Lunga,tm,Femei_45-64
158010,Ortisoara,tm,Barbati_45-64
158065,Peciu Nou,tm,Barbati_45-64
158109,Periam,tm,Barbati_45-64
158136,Pietroasa,tm,Barbati_45-64
158181,Pischia,tm,Barbati_45-64
158243,Racovita,tm,Barbati_45-64
158314,Oras Recas,tm,Barbati_45-64
158396,Remetea Mare,tm,Barbati_45-64
158449,Sacosu Turcesc,tm,Barbati_45-64
158528,Satchinez,tm,Barbati_45-64
158564,Sacalaz,tm,Barbati_45-64
158608,Secas,tm,Barbati_45-64
158653,Sanandrei,tm,Barbati_45-64
158699,Sanmihaiu Roman,tm,Barbati_45-64
158733,Sanpetru Mare,tm,Barbati_45-64
158779,Sag,tm,Barbati_45-64
158804,Stiuca,tm,Barbati_45-64
158859,Teremia Mare,tm,Barbati_45-64
158895,Tomesti,tm,Barbati_45-64
158966,Topolovatu Mare,tm,Barbati_45-64
159035,Tormac,tm,Barbati_45-64
159071,Traian Vuia,tm,Barbati_45-64
159142,Uivar,tm,Barbati_45-64
159213,Varias,tm,Barbati_45-64
159259,Victor Vlad Delamarina,tm,Barbati_45-64
159339,Voiteg,tm,Barbati_45-64
159366,Birda,tm,Barbati_45-64
159375,Checea,tm,Barbati_45-64
159384,Dudestii Noi,tm,Barbati_45-64
159393,Fibis,tm,Barbati_45-64
159400,Ghilad,tm,Barbati_45-64
159419,Gottlob,tm,Barbati_45-64
159428,Iecea Mare,tm,Barbati_45-64
159437,Parta,tm,Barbati_45-64
159446,Padureni,tm,Barbati_45-64
159455,Saravale,tm,Barbati_45-64
159464,Sandra,tm,Barbati_45-64
159473,Tomnatic,tm,Barbati_45-64
159482,Valcani,tm,Barbati_45-64
159491,Livezile,tm,Femei_45-64
159507,Pesac,tm,Barbati_45-64
159516,Bucovat,tm,Barbati_45-64
159525,Otelec,tm,Barbati_45-64
159614,Municipiul Tulcea,tl,Femei_45-64
159650,Oras Babadag,tl,Barbati_45-64
159687,Oras Isaccea,tl,Femei_45-64
159730,Oras Macin,tl,Barbati_45-64
159767,Oras Sulina,tl,Barbati_45-64
159785,Baia,tl,Barbati_45-64
159847,Beidaud,tl,Barbati_45-64
159883,C.a. Rosetti,tl,Barbati_45-64
159945,Carcaliu,tl,Barbati_65_
159963,Casimcea,tl,Barbati_45-64
160047,Ceatalchioi,tl,Barbati_45-64
160092,Ceamurlia De Jos,tl,Barbati_45-64
160127,Cerna,tl,Barbati_45-64
160172,Chilia Veche,tl,Barbati_45-64
160225,Ciucurova,tl,Barbati_45-64
160261,Crisan,tl,Barbati_45-64
160305,Daeni,tl,Barbati_45-64
160323,Dorobantu,tl,Barbati_45-64
160387,Frecatei,tl,Barbati_45-64
160430,Greci,tl,Barbati_45-64
160458,Grindu,tl,Barbati_45-64
160476,Hamcearca,tl,Barbati_45-64
160528,Horia,tl,Barbati_45-64
160564,Izvoarele,tl,Barbati_65_
160617,Jijila,tl,Barbati_45-64
160644,Jurilovca,tl,Barbati_45-64
160680,Luncavita,tl,Barbati_45-64
160724,Mahmudia,tl,Barbati_45-64
160779,Maliuc,tl,Barbati_45-64
160831,Mihai Bravu,tl,Barbati_45-64
160877,Mihail Kogalniceanu,tl,Barbati_45-64
160911,Murighiol,tl,Femei_45-64
160993,Nalbant,tl,Barbati_45-64
161035,Niculitel,tl,Barbati_45-64
161053,Nufaru,tl,Barbati_45-64
161106,Ostrov,tl,Barbati_45-64
161133,Pardina,tl,Barbati_45-64
161151,Peceneaga,tl,Barbati_45-64
161179,Sarichioi,tl,Barbati_45-64
161231,Sfantu Gheorghe,tl,Barbati_45-64
161259,Slava Cercheza,tl,Barbati_45-64
161286,Smardan,tl,Barbati_45-64
161302,Somova,tl,Barbati_45-64
161348,Stejaru,tl,Barbati_45-64
161384,Topolog,tl,Barbati_45-64
161464,Turcoaia,tl,Barbati_45-64
161482,Valea Nucarilor,tl,Barbati_45-64
161525,I.c.bratianu,tl,Barbati_45-64
161543,Vacareni,tl,Barbati_45-64
161552,Bestepe,tl,Barbati_45-64
161561,Valea Teilor,tl,Barbati_45-64
161794,Municipiul Barlad,vs,Femei_45-64
161829,Municipiul Husi,vs,Femei_45-64
161856,Oras Negresti,vs,Barbati_45-64
161945,Municipiul Vaslui,vs,Femei_45-64
162014,Albesti,vs,Barbati_45-64
162069,Alexandru Vlahuta,vs,Barbati_45-64
162149,Arsura,vs,Barbati_45-64
162194,Banca,vs,Barbati_45-64
162327,Bacani,vs,Barbati_45-64
162381,Bacesti,vs,Barbati_45-64
162452,Balteni,vs,Barbati_45-64
162498,Berezeni,vs,Barbati_45-64
162559,Blagesti,vs,Barbati_45-64
162595,Bogdana,vs,Barbati_45-64
162693,Bogdanesti,vs,Barbati_45-64
162791,Bogdanita,vs,Barbati_45-64
162871,Botesti,vs,Barbati_45-64
162924,Bunesti-Averesti,vs,Barbati_45-64
163002,Codaesti,vs,Barbati_45-64
163057,Coroiesti,vs,Barbati_45-64
163137,Costesti,vs,Barbati_45-64
163208,Cretesti,vs,Barbati_45-64
163253,Danesti,vs,Barbati_45-64
163324,Deleni,vs,Barbati_45-64
163379,Delesti,vs,Barbati_45-64
163486,Dragomiresti,vs,Barbati_45-64
163618,Dranceni,vs,Barbati_45-64
163681,Duda-Epureni,vs,Barbati_45-64
163734,Dumesti,vs,Barbati_45-64
163789,Epureni,vs,Barbati_45-64
163832,Falciu,vs,Barbati_45-64
163903,Gagesti,vs,Barbati_45-64
163967,Gherghesti,vs,Barbati_45-64
164062,Garceni,vs,Barbati_45-64
164133,Grivita,vs,Barbati_45-64
164197,Hoceni,vs,Barbati_45-64
164277,Dimitrie Cantemir,vs,Barbati_45-64
164339,Iana,vs,Barbati_45-64
164393,Ivanesti,vs,Barbati_45-64
164543,Ivesti,vs,Barbati_45-64
164598,Laza,vs,Barbati_45-64
164687,Lipovat,vs,Barbati_45-64
164749,Lunca Banului,vs,Barbati_45-64
164829,Malusteni,vs,Barbati_45-64
164892,Miclesti,vs,Barbati_45-64
164936,Muntenii De Jos,vs,Barbati_45-64
164981,Oras Murgeni,vs,Barbati_45-64
165069,Oltenesti,vs,Barbati_45-64
165130,Osesti,vs,Barbati_45-64
165185,Padureni,vs,Barbati_45-64
165274,Perieni,vs,Barbati_45-64
165336,Poienesti,vs,Barbati_45-64
165416,Pogana,vs,Barbati_45-64
165470,Puiesti,vs,Barbati_45-64
165611,Pungesti,vs,Barbati_45-64
165719,Rebricea,vs,Barbati_45-64
165817,Rosiesti,vs,Barbati_45-64
165899,Solesti,vs,Barbati_45-64
165979,Stanilesti,vs,Barbati_45-64
166057,Stefan Cel Mare,vs,Barbati_45-64
166137,Suletea,vs,Barbati_45-64
166182,Tanacu,vs,Barbati_45-64
166235,Tacuta,vs,Barbati_45-64
166315,Tatarani,vs,Barbati_45-64
166413,Todiresti,vs,Barbati_45-64
166529,Tutova,vs,Barbati_45-64
166636,Valeni,vs,Barbati_45-64
166672,Vetrisoaia,vs,Femei_65_
166707,Viisoara,vs,Barbati_45-64
166770,Vinderei,vs,Barbati_45-64
166869,Voinesti,vs,Barbati_45-64
166985,Vulturesti,vs,Barbati_45-64
167035,Vutcani,vs,Barbati_45-64
167071,Zapodeni,vs,Barbati_45-64
167179,Zorleni,vs,Barbati_45-64
167222,Ibanesti,vs,Barbati_45-64
167231,Fruntiseni,vs,Barbati_45-64
167240,Rafaila,vs,Barbati_45-64
167259,Pogonesti,vs,Barbati_45-64
167268,Ciocani,vs,Barbati_45-64
167277,Cozmesti,vs,Barbati_45-64
167286,Dodesti,vs,Barbati_45-64
167295,Feresti,vs,Barbati_45-64
167302,Muntenii De Sus,vs,Barbati_45-64
167311,Pochidia,vs,Barbati_45-64
167320,Puscasi,vs,Barbati_45-64
167473,Municipiul Ramnicu Valcea,vl,Femei_45-64
167641,Oras Baile Govora,vl,Barbati_45-64
167696,Oras Baile Olanesti,vl,Barbati_45-64
167794,Oras Brezoi,vl,Barbati_45-64
167909,Oras Calimanesti,vl,Femei_45-64
167981,Municipiul Dragasani,vl,Femei_45-64
168041,Oras Horezu,vl,Femei_45-64
168130,Oras Ocnele Mari,vl,Barbati_45-64
168229,Alunu,vl,Barbati_45-64
168309,Amarasti,vl,Barbati_45-64
168372,Oras Babeni,vl,Barbati_45-64
168452,Oras Balcesti,vl,Barbati_45-64
168559,Barbatesti,vl,Barbati_45-64
168602,Oras Berbesti,vl,Barbati_45-64
168675,Berislavesti,vl,Barbati_45-64
168755,Boisoara,vl,Barbati_45-64
168791,Budesti,vl,Barbati_45-64
168880,Bujoreni,vl,Barbati_45-64
168960,Bunesti,vl,Barbati_45-64
169039,Cernisoara,vl,Barbati_45-64
169119,Caineni,vl,Barbati_45-64
169182,Copaceni,vl,Barbati_45-64
169253,Costesti,vl,Barbati_45-64
169306,Creteni,vl,Barbati_45-64
169351,Daesti,vl,Barbati_45-64
169404,Danicei,vl,Barbati_45-64
169547,Dragoesti,vl,Barbati_45-64
169583,Fauresti,vl,Barbati_45-64
169681,Fartatesti,vl,Barbati_45-64
169896,Francesti,vl,Barbati_45-64
169994,Galicea,vl,Barbati_45-64
170097,Ghioroiu,vl,Barbati_45-64
170168,Glavile,vl,Barbati_65_
170220,Golesti,vl,Barbati_45-64
170346,Gradistea,vl,Barbati_45-64
170444,Gusoeni,vl,Barbati_45-64
170514,Ionesti,vl,Barbati_45-64
170612,Lalosu,vl,Barbati_45-64
170685,Ladesti,vl,Barbati_45-64
170792,Lapusata,vl,Barbati_45-64
170872,Livezi,vl,Barbati_45-64
170952,Lungesti,vl,Barbati_45-64
171021,Malaia,vl,Barbati_45-64
171067,Mateesti,vl,Barbati_45-64
171101,Maciuca,vl,Barbati_45-64
171209,Madulari,vl,Femei_65_
171272,Maldaresti,vl,Barbati_45-64
171325,Mihaesti,vl,Barbati_45-64
171469,Milcoiu,vl,Barbati_45-64
171539,Muereasca,vl,Barbati_45-64
171628,Nicolae Balcescu,vl,Barbati_45-64
171806,Olanu,vl,Barbati_45-64
171879,Orlesti,vl,Barbati_45-64
171931,Otesani,vl,Barbati_45-64
171995,Pausesti,vl,Barbati_45-64
172082,Pausesti-Maglasi,vl,Barbati_45-64
172153,Perisani,vl,Barbati_45-64
172279,Pesceana,vl,Barbati_45-64
172340,Pietrari,vl,Barbati_45-64
172377,Popesti,vl,Barbati_45-64
172457,Prundeni,vl,Barbati_45-64
172509,Racovita,vl,Barbati_45-64
172581,Roesti,vl,Barbati_45-64
172698,Rosiile,vl,Barbati_45-64
172812,Runcu,vl,Barbati_45-64
172894,Salatrucel,vl,Barbati_45-64
172947,Scundu,vl,Barbati_45-64
172992,Sinesti,vl,Barbati_45-64
173061,Slatioara,vl,Barbati_45-64
173132,Stanesti,vl,Barbati_45-64
173230,Stoenesti,vl,Barbati_45-64
173374,Stoilesti,vl,Barbati_45-64
173533,Stroesti,vl,Barbati_45-64
173597,Sutesti,vl,Barbati_45-64
173686,Sirineasa,vl,Barbati_45-64
173748,Stefanesti,vl,Barbati_45-64
173793,Susani,vl,Barbati_45-64
173855,Tetoiu,vl,Barbati_45-64
173935,Tomsani,vl,Barbati_45-64
174021,Vaideeni,vl,Barbati_45-64
174085,Valea Mare,vl,Barbati_45-64
174156,Vladesti,vl,Barbati_45-64
174218,Voicesti,vl,Barbati_45-64
174254,Voineasa,vl,Barbati_45-64
174290,Zatreni,vl,Barbati_45-64
174496,Titesti,vl,Femei_65_
174502,Diculesti,vl,Barbati_45-64
174511,Lacusteni,vl,Barbati_45-64
174520,Mitrofani,vl,Barbati_45-64
174744,Municipiul Focsani,vn,Femei_45-64
174780,Campineanca,vn,Barbati_45-64
174824,Golesti,vn,Barbati_45-64
174860,Municipiul Adjud,vn,Femei_45-64
174922,Oras Marasesti,vn,Barbati_45-64
175019,Oras Odobesti,vn,Femei_45-64
175055,Oras Panciu,vn,Femei_45-64
175126,Andreiasu De Jos,vn,Barbati_45-64
175206,Balesti,vn,Femei_65_
175224,Barsesti,vn,Femei_65_
175260,Boghesti,vn,Barbati_45-64
175368,Bolotesti,vn,Barbati_45-64
175439,Bordesti,vn,Barbati_45-64
175466,Brosteni,vn,Barbati_45-64
175509,Chiojdeni,vn,Barbati_45-64
175590,Ciorasti,vn,Femei_65_
175670,Campuri,vn,Barbati_45-64
175732,Carligele,vn,Barbati_45-64
175787,Corbita,vn,Barbati_45-64
175885,Cotesti,vn,Barbati_45-64
175938,Dumbraveni,vn,Barbati_45-64
175983,Dumitresti,vn,Barbati_45-64
176150,Fitionesti,vn,Barbati_45-64
176212,Garoafa,vn,Barbati_45-64
176301,Gugesti,vn,Barbati_45-64
176338,Gura Calitei,vn,Barbati_45-64
176445,Homocea,vn,Barbati_45-64
176506,Jaristea,vn,Barbati_45-64
176551,Jitia,vn,Barbati_45-64
176613,Maicanesti,vn,Femei_65_
176686,Mera,vn,Barbati_45-64
176748,Milcovul,vn,Barbati_45-64
176793,Movilita,vn,Barbati_45-64
176855,Nanesti,vn,Barbati_45-64
176891,Naruja,vn,Barbati_45-64
176944,Nereju,vn,Barbati_45-64
177003,Nistoresti,vn,Barbati_45-64
177101,Paltin,vn,Barbati_45-64
177236,Paunesti,vn,Barbati_45-64
177263,Poiana Cristei,vn,Barbati_45-64
177352,Pufesti,vn,Barbati_45-64
177405,Racoasa,vn,Barbati_45-64
177469,Reghiu,vn,Barbati_45-64
177557,Ruginesti,vn,Barbati_45-64
177600,Sihlea,vn,Barbati_45-64
177655,Slobozia Bradului,vn,Barbati_45-64
177726,Slobozia Ciorasti,vn,Femei_45-64
177762,Soveja,vn,Femei_45-64
177799,Straoane,vn,Barbati_45-64
177842,Suraia,vn,Femei_45-64
177879,Tanasoaia,vn,Barbati_45-64
177986,Tataranu,vn,Barbati_45-64
178046,Tamboesti,vn,Barbati_45-64
178117,Tulnici,vn,Barbati_45-64
178180,Tifesti,vn,Barbati_45-64
178279,Urechesti,vn,Femei_45-64
178313,Valea Sarii,vn,Femei_45-64
178377,Vidra,vn,Barbati_45-64
178475,Vintileasca,vn,Barbati_45-64
178545,Vizantea-Livezi,vn,Femei_65_
178607,Vanatori,vn,Barbati_45-64
178689,Vartescoiu,vn,Barbati_45-64
178750,Vrancioaia,vn,Barbati_45-64
178821,Vulturu,vn,Barbati_65_
178885,Negrilesti,vn,Femei_65_
178894,Ploscuteni,vn,Barbati_45-64
178901,Popesti,vn,Barbati_45-64
178910,Paulesti,vn,Barbati_65_
178929,Biliesti,vn,Barbati_45-64
178938,Gologanu,vn,Barbati_45-64
178947,Obrejita,vn,Barbati_45-64
178956,Rastoaca,vn,Barbati_45-64
178965,Spulber,vn,Barbati_45-64
179132,Municipiul Bucuresti,b,Femei_45-64
179221,Oras Bragadiru,if,Barbati_45-64
179249,Chiajna,if,Barbati_35-44
179285,Oras Chitila,if,Barbati_45-64
179310,Dobroesti,if,Barbati_45-64
179347,Glina,if,Barbati_45-64
179383,Jilava,if,Barbati_45-64
179409,Oras Magurele,if,Barbati_45-64
179463,Mogosoaia,if,Barbati_45-64
179481,Oras Otopeni,if,Barbati_45-64
179515,Oras Pantelimon,if,Barbati_45-64
179533,Oras Popesti Leordeni,if,Barbati_45-64
179551,Oras Voluntari,if,Barbati_45-64
179588,Copaceni,if,Barbati_45-64
179604,Poienile Izei,mm,Barbati_45-64
179613,Sieu,mm,Barbati_45-64
179622,Grosii Tiblesului,mm,Barbati_45-64
179631,Treznea,sj,Femei_45-64
179640,Vulcana-Pandele,db,Femei_45-64
179659,Negrilesti,bn,Barbati_45-64
179677,Camin,sm,Femei_45-64
179686,Dumitrita,bn,Barbati_45-64
179695,Simisna,sj,Femei_65_
179702,Traian,il,Barbati_45-64
179711,Vladeni,db,Barbati_45-64
179720,Poiana Ilvei,bn,Barbati_45-64
179739,Malu,gr,Barbati_45-64
179748,Cosoba,gr,Barbati_45-64
179757,Herasti,gr,Barbati_45-64
179766,Isvoarele,gr,Barbati_45-64
179775,Sabareni,gr,Barbati_45-64
179784,Boranesti,il,Barbati_45-64
179793,Buesti,il,Barbati_45-64
179800,Maia,il,Barbati_45-64
179819,Ograda,il,Barbati_45-64
179828,Rosiori,il,Barbati_45-64
179837,Coas,mm,Barbati_45-64
179846,Coltau,mm,Barbati_45-64
179855,Gardani,mm,Barbati_45-64
179864,Oncesti,mm,Barbati_45-64
179873,Agris,sm,Barbati_45-64
179882,Ciumesti,sm,Barbati_45-64
179891,Raciu,db,Barbati_45-64
179908,Pietrari,db,Barbati_45-64
179917,Rau Alb,db,Barbati_45-64
179926,Rascaeti,db,Barbati_45-64
179935,Persinari,db,Barbati_45-64
179944,Runcu Salvei,bn,Barbati_45-64
179953,Ciceu- Mihaiesti,bn,Barbati_45-64
179962,Galbinasi,cl,Barbati_45-64
179971,Colelia,il,Femei_65_
179980,Marculesti,il,Barbati_45-64
179999,Moldoveni,il,Barbati_45-64
180000,Platonesti,il,Barbati_45-64
180019,Sarateni,il,Barbati_45-64
180028,Porumbesti,sm,Barbati_45-64
180037,Boghis,sj,Femei_45-64
180046,Gura Ialomitei,il,Barbati_45-64
180055,Crivat,cl,Barbati_45-64
180064,Barbulesti,il,Barbati_45-64
180091,Racsa,sm,Femei_45-64
