Siruta,Localitate,Barbati_25-34,Barbati_35-44,Barbati_45-64,Barbati_65_,Femei_18-24,Femei_35-44,Femei_45-64,Femei_65_,Barbati_25-34,Barbati_35-44,Barbati_45-64,Barbati_65_,Femei_18-24,Femei_35-44,Femei_45-64,Femei_65_
1017,Municipiul Alba Iulia,1142.45,1142.45,37141.5,3741.5,14866,7428.3,1142.45,141.5,1142.45,1142.45,37141.5,3741.5,14866,7428.3,1142.45,141.5
1071,Ciugud,447.45,447.45,1491.5,1491.5,200000,298.3,447.45,14.5,447.45,447.45,1491.5,1491.5,200000,298.3,447.45,14.5
1151,Oras Abrud,826.95,826.95,2756.5,2756.5,11026,551.3,826.95,2756.5,826.95,826.95,2756.5,2756.5,11026,551.3,826.95,2756.5
1213,Municipiul Aiud,3947.7,3947.7,13159.0,13159.0,52636,2631.8,3947.7,13159.0,3947.7,3947.7,13159.0,13159.0,52636,2631.8,3947.7,13159.0
1348,Municipiul Blaj,3149.1,3149.1,10497.0,10497.0,41988,2099.4,3149.1,10497.0,3149.1,3149.1,10497.0,10497.0,41988,2099.4,3149.1,10497.0
1455,Oras Campeni,1144.35,1144.35,3814.5,3814.5,15258,762.9,1144.35,3814.5,1144.35,1144.35,3814.5,3814.5,15258,762.9,1144.35,3814.5
1696,Oras Cugir,4015.2,4015.2,13384.0,13384.0,53536,2676.8,4015.2,13384.0,4015.2,4015.2,13384.0,13384.0,53536,2676.8,4015.2,13384.0
1794,Oras Ocna Mures,2196.15,2196.15,7320.5,7320.5,29282,1464.1,2196.15,7320.5,2196.15,2196.15,7320.5,7320.5,29282,1464.1,2196.15,7320.5
1874,Municipiul Sebes,4882.8,4882.8,16276.0,16276.0,65104,3255.2,4882.8,16276.0,4882.8,4882.8,16276.0,16276.0,65104,3255.2,4882.8,16276.0
1936,Oras Zlatna,1196.1,1196.1,3987.0,3987.0,15948,797.4,1196.1,3987.0,1196.1,1196.1,3987.0,3987.0,15948,797.4,1196.1,3987.0
2130,Albac,318.9,318.9,1063.0,1063.0,4252,212.6,318.9,1063.0,318.9,318.9,1063.0,1063.0,4252,212.6,318.9,1063.0
2309,Almasu Mare,193.05,193.05,643.5,643.5,2574,128.7,193.05,643.5,193.05,193.05,643.5,643.5,2574,128.7,193.05,643.5
2381,Arieseni,258.3,258.3,861.0,861.0,3444,172.2,258.3,861.0,258.3,258.3,861.0,861.0,3444,172.2,258.3,861.0
2577,Avram Iancu,234.0,234.0,780.0,780.0,3120,156.0,234.0,780.0,234.0,234.0,780.0,780.0,3120,156.0,234.0,780.0
2915,Oras Baia De Aries,611.4,611.4,2038.0,2038.0,8152,100000.0,611.4,2038.0,611.4,611.4,2038.0,2038.0,8152,100000.0,611.4,2038.0
2988,Berghin,308.55,308.55,1028.5,1028.5,4114,205.7,308.55,1028.5,308.55,308.55,1028.5,1028.5,4114,205.7,308.55,1028.5
3039,Bistra,725.85,725.85,2419.5,2419.5,9678,483.9,725.85,2419.5,725.85,725.85,2419.5,2419.5,9678,483.9,725.85,2419.5
3397,Blandiana,142.2,142.2,474.0,474.0,1896,94.8,142.2,474.0,142.2,142.2,474.0,474.0,1896,94.8,142.2,474.0
3459,Bucium,229.5,229.5,765.0,765.0,3060,153.0,229.5,765.0,229.5,229.5,765.0,765.0,3060,153.0,229.5,765.0
3761,Cenade,147.45,147.45,491.5,491.5,1966,98.3,147.45,491.5,147.45,147.45,491.5,491.5,1966,98.3,147.45,491.5
3805,Cergau,244.2,244.2,814.0,814.0,3256,162.8,244.2,814.0,244.2,244.2,814.0,814.0,3256,162.8,244.2,814.0
3841,Ceru-Bacainti,38.55,38.55,128.5,128.5,514,25.7,38.55,128.5,38.55,38.55,128.5,128.5,514,25.7,38.55,128.5
3958,Cetatea De Balta,476.25,476.25,1587.5,1587.5,6350,317.5,476.25,1587.5,476.25,476.25,1587.5,1587.5,6350,317.5,476.25,1587.5
4008,Ciuruleasa,179.7,179.7,599.0,599.0,2396,119.8,179.7,599.0,179.7,179.7,599.0,599.0,2396,119.8,179.7,599.0
4106,Calnic,282.0,282.0,940.0,940.0,3760,188.0,282.0,940.0,282.0,282.0,940.0,940.0,3760,188.0,282.0,940.0
4142,Cricau,316.8,316.8,1056.0,1056.0,4224,211.2,316.8,1056.0,316.8,316.8,1056.0,1056.0,4224,211.2,316.8,1056.0
4188,Craciunelu De Jos,322.2,322.2,1074.0,1074.0,4296,214.8,322.2,1074.0,322.2,322.2,1074.0,1074.0,4296,214.8,322.2,1074.0
4240,Daia Romana,472.5,472.5,1575.0,1575.0,6300,315.0,472.5,1575.0,472.5,472.5,1575.0,1575.0,6300,315.0,472.5,1575.0
4268,Dostat,149.85,149.85,499.5,499.5,1998,99.9,149.85,499.5,149.85,149.85,499.5,499.5,1998,99.9,149.85,499.5
4302,Farau,243.45,243.45,811.5,811.5,3246,162.3,243.45,811.5,243.45,243.45,811.5,811.5,3246,162.3,243.45,811.5
4366,Galda De Jos,661.2,661.2,2204.0,2204.0,8816,440.8,661.2,2204.0,661.2,661.2,2204.0,2204.0,8816,440.8,661.2,2204.0
4482,Garbova,317.85,317.85,1059.5,1059.5,4238,211.9,317.85,1059.5,317.85,317.85,1059.5,1059.5,4238,211.9,317.85,1059.5
4525,Garda De Sus,254.4,254.4,848.0,848.0,3392,169.6,254.4,848.0,254.4,254.4,848.0,848.0,3392,169.6,254.4,848.0
4703,Hoparta,179.55,179.55,598.5,598.5,2394,119.7,179.55,598.5,179.55,179.55,598.5,598.5,2394,119.7,179.55,598.5
4767,Horea,315.3,315.3,1051.0,1051.0,4204,210.2,315.3,1051.0,315.3,315.3,1051.0,1051.0,4204,210.2,315.3,1051.0
4927,Ighiu,1030.05,1030.05,3433.5,3433.5,13734,686.7,1030.05,3433.5,1030.05,1030.05,3433.5,3433.5,13734,686.7,1030.05,3433.5
4981,Intregalde,94.05,94.05,313.5,313.5,1254,62.7,94.05,313.5,94.05,94.05,313.5,313.5,1254,62.7,94.05,313.5
5103,Jidvei,796.35,796.35,2654.5,2654.5,10618,530.9,796.35,2654.5,796.35,796.35,2654.5,2654.5,10618,530.9,796.35,2654.5
5167,Livezile,190.65,190.65,635.5,635.5,2542,127.1,190.65,635.5,190.65,190.65,635.5,635.5,2542,127.1,190.65,635.5
5210,Lopadea Noua,407.4,407.4,1358.0,1358.0,5432,271.6,407.4,1358.0,407.4,407.4,1358.0,1358.0,5432,271.6,407.4,1358.0
5309,Lunca Muresului,382.5,382.5,1275.0,1275.0,5100,255.0,382.5,1275.0,382.5,382.5,1275.0,1275.0,5100,255.0,382.5,1275.0
5336,Lupsa,476.1,476.1,1587.0,1587.0,6348,317.4,476.1,1587.0,476.1,476.1,1587.0,1587.0,6348,317.4,476.1,1587.0
5577,Metes,424.95,424.95,1416.5,1416.5,5666,283.3,424.95,1416.5,424.95,424.95,1416.5,1416.5,5666,283.3,424.95,1416.5
5700,Mihalt,491.85,491.85,1639.5,1639.5,6558,327.9,491.85,1639.5,491.85,491.85,1639.5,1639.5,6558,327.9,491.85,1639.5
5755,Miraslau,318.3,318.3,1061.0,1061.0,4244,212.2,318.3,1061.0,318.3,318.3,1061.0,1061.0,4244,212.2,318.3,1061.0
5826,Mogos,121.8,121.8,406.0,406.0,1624,81.2,121.8,406.0,121.8,121.8,406.0,406.0,1624,81.2,121.8,406.0
6048,Noslac,272.55,272.55,908.5,908.5,3634,181.7,272.55,908.5,272.55,272.55,908.5,908.5,3634,181.7,272.55,908.5
6119,Ocolis,88.5,88.5,295.0,295.0,1180,59.0,88.5,295.0,88.5,88.5,295.0,295.0,1180,59.0,88.5,295.0
6164,Ohaba,101.25,101.25,337.5,337.5,1350,67.5,101.25,337.5,101.25,101.25,337.5,337.5,1350,67.5,101.25,337.5
6217,Pianu,541.65,541.65,1805.5,1805.5,7222,361.1,541.65,1805.5,541.65,541.65,1805.5,1805.5,7222,361.1,541.65,1805.5
6271,Poiana Vadului,166.5,166.5,555.0,555.0,2220,111.0,166.5,555.0,166.5,166.5,555.0,555.0,2220,111.0,166.5,555.0
6397,Ponor,86.4,86.4,288.0,288.0,1152,57.6,86.4,288.0,86.4,86.4,288.0,288.0,1152,57.6,86.4,288.0
6468,Posaga,159.75,159.75,532.5,532.5,2130,106.5,159.75,532.5,159.75,159.75,532.5,532.5,2130,106.5,159.75,532.5
6547,Radesti,199.05,199.05,663.5,663.5,2654,132.7,199.05,663.5,199.05,199.05,663.5,663.5,2654,132.7,199.05,663.5
6592,Rametea,157.65,157.65,525.5,525.5,2102,105.1,157.65,525.5,157.65,157.65,525.5,525.5,2102,105.1,157.65,525.5
6627,Ramet,81.3,81.3,271.0,271.0,1084,54.2,81.3,271.0,81.3,81.3,271.0,271.0,1084,54.2,81.3,271.0
6761,Rosia Montana,430.65,430.65,1435.5,1435.5,5742,287.1,430.65,1435.5,430.65,430.65,1435.5,1435.5,5742,287.1,430.65,1435.5
6930,Rosia De Secas,240.15,240.15,800.5,800.5,3202,160.1,240.15,800.5,240.15,240.15,800.5,800.5,3202,160.1,240.15,800.5
6976,Salciua,232.35,232.35,774.5,774.5,3098,154.9,232.35,774.5,232.35,232.35,774.5,774.5,3098,154.9,232.35,774.5
7044,Salistea,353.1,353.1,1177.0,1177.0,4708,235.4,353.1,1177.0,353.1,353.1,1177.0,1177.0,4708,235.4,353.1,1177.0
7099,Sasciori,962.85,962.85,3209.5,3209.5,12838,641.9,962.85,3209.5,962.85,962.85,3209.5,3209.5,12838,641.9,962.85,3209.5
7197,Scarisoara,252.3,252.3,841.0,841.0,3364,168.2,252.3,841.0,252.3,252.3,841.0,841.0,3364,168.2,252.3,841.0
7348,Sancel,405.45,405.45,1351.5,1351.5,5406,270.3,405.45,1351.5,405.45,405.45,1351.5,1351.5,5406,270.3,405.45,1351.5
7384,Santimbru,452.85,452.85,1509.5,1509.5,6038,301.9,452.85,1509.5,452.85,452.85,1509.5,1509.5,6038,301.9,452.85,1509.5
7446,Sohodol,269.55,269.55,898.5,898.5,3594,179.7,269.55,898.5,269.55,269.55,898.5,898.5,3594,179.7,269.55,898.5
7767,Stremt,371.85,371.85,1239.5,1239.5,4958,247.9,371.85,1239.5,371.85,371.85,1239.5,1239.5,4958,247.9,371.85,1239.5
7810,Sibot,369.6,369.6,1232.0,1232.0,4928,246.4,369.6,1232.0,369.6,369.6,1232.0,1232.0,4928,246.4,369.6,1232.0
7865,Sona,664.95,664.95,2216.5,2216.5,8866,443.3,664.95,2216.5,664.95,664.95,2216.5,2216.5,8866,443.3,664.95,2216.5
7945,Spring,388.65,388.65,1295.5,1295.5,5182,259.1,388.65,1295.5,388.65,388.65,1295.5,1295.5,5182,259.1,388.65,1295.5
8014,Sugag,436.95,436.95,1456.5,1456.5,5826,291.3,436.95,1456.5,436.95,436.95,1456.5,1456.5,5826,291.3,436.95,1456.5
8096,Oras Teius,1127.85,1127.85,3759.5,3759.5,15038,751.9,1127.85,3759.5,1127.85,1127.85,3759.5,3759.5,15038,751.9,1127.85,3759.5
8158,Unirea,760.65,760.65,2535.5,2535.5,10142,507.1,760.65,2535.5,760.65,760.65,2535.5,2535.5,10142,507.1,760.65,2535.5
8229,Vadu Motilor,206.25,206.25,687.5,687.5,2750,137.5,206.25,687.5,206.25,206.25,687.5,687.5,2750,137.5,206.25,687.5
8354,Valea Lunga,470.7,470.7,1569.0,1569.0,6276,313.8,470.7,1569.0,470.7,470.7,1569.0,1569.0,6276,313.8,470.7,1569.0
8425,Vidra,248.7,248.7,829.0,829.0,3316,165.8,248.7,829.0,248.7,248.7,829.0,829.0,3316,165.8,248.7,829.0
8826,Vintu De Jos,821.25,821.25,2737.5,2737.5,10950,547.5,821.25,2737.5,821.25,821.25,2737.5,2737.5,10950,547.5,821.25,2737.5
9019,Cut,190.35,190.35,634.5,634.5,2538,126.9,190.35,634.5,190.35,190.35,634.5,634.5,2538,126.9,190.35,634.5
9026,Bucerdea Granoasa,360.9,360.9,1203.0,1203.0,4812,240.6,360.9,1203.0,360.9,360.9,1203.0,1203.0,4812,240.6,360.9,1203.0
9262,Municipiul Arad,26873.25,26873.25,89577.5,89577.5,358310,17915.5,26873.25,89577.5,26873.25,26873.25,89577.5,89577.5,358310,17915.5,26873.25,89577.5
9280,Fantanele,556.8,556.8,1856.0,1856.0,7424,371.2,556.8,1856.0,556.8,556.8,1856.0,1856.0,7424,371.2,556.8,1856.0
9333,Livada,521.1,521.1,1737.0,1737.0,6948,347.4,521.1,1737.0,521.1,521.1,1737.0,1737.0,6948,347.4,521.1,1737.0
9360,Sofronea,412.65,412.65,1375.5,1375.5,5502,275.1,412.65,1375.5,412.65,412.65,1375.5,1375.5,5502,275.1,412.65,1375.5
9397,Vladimirescu,1947.3,1947.3,6491.0,6491.0,25964,1298.2,1947.3,6491.0,1947.3,1947.3,6491.0,6491.0,25964,1298.2,1947.3,6491.0
9459,Oras Chisineu-Cris,1265.55,1265.55,4218.5,4218.5,16874,843.7,1265.55,4218.5,1265.55,1265.55,4218.5,4218.5,16874,843.7,1265.55,4218.5
9495,Oras Curtici,1307.4,1307.4,4358.0,4358.0,17432,871.6,1307.4,4358.0,1307.4,1307.4,4358.0,4358.0,17432,871.6,1307.4,4358.0
9538,Oras Ineu,1437.15,1437.15,4790.5,4790.5,19162,958.1,1437.15,4790.5,1437.15,1437.15,4790.5,4790.5,19162,958.1,1437.15,4790.5
9574,Oras Lipova,1709.4,1709.4,5698.0,5698.0,22792,1139.6,1709.4,5698.0,1709.4,1709.4,5698.0,5698.0,22792,1139.6,1709.4,5698.0
9627,Oras Nadlac,1200.3,1200.3,4001.0,4001.0,16004,800.2,1200.3,4001.0,1200.3,1200.3,4001.0,4001.0,16004,800.2,1200.3,4001.0
9654,Oras Pancota,1218.9,1218.9,4063.0,4063.0,16252,812.6,1218.9,4063.0,1218.9,1218.9,4063.0,4063.0,16252,812.6,1218.9,4063.0
9690,Oras Sebis,966.75,966.75,3222.5,3222.5,12890,644.5,966.75,3222.5,966.75,966.75,3222.5,3222.5,12890,644.5,966.75,3222.5
9743,Almas,393.75,393.75,1312.5,1312.5,5250,262.5,393.75,1312.5,393.75,393.75,1312.5,1312.5,5250,262.5,393.75,1312.5
9798,Apateu,514.65,514.65,1715.5,1715.5,6862,343.1,514.65,1715.5,514.65,514.65,1715.5,1715.5,6862,343.1,514.65,1715.5
9832,Archis,231.75,231.75,772.5,772.5,3090,154.5,231.75,772.5,231.75,231.75,772.5,772.5,3090,154.5,231.75,772.5
9887,Bata,158.85,158.85,529.5,529.5,2118,105.9,158.85,529.5,158.85,158.85,529.5,529.5,2118,105.9,158.85,529.5
9930,Beliu,453.75,453.75,1512.5,1512.5,6050,302.5,453.75,1512.5,453.75,453.75,1512.5,1512.5,6050,302.5,453.75,1512.5
10006,Birchis,283.35,283.35,944.5,944.5,3778,188.9,283.35,944.5,283.35,283.35,944.5,944.5,3778,188.9,283.35,944.5
10051,Barsa,275.1,275.1,917.0,917.0,3668,183.4,275.1,917.0,275.1,275.1,917.0,917.0,3668,183.4,275.1,917.0
10104,Barzava,381.45,381.45,1271.5,1271.5,5086,254.3,381.45,1271.5,381.45,381.45,1271.5,1271.5,5086,254.3,381.45,1271.5
10195,Bocsig,509.4,509.4,1698.0,1698.0,6792,339.6,509.4,1698.0,509.4,509.4,1698.0,1698.0,6792,339.6,509.4,1698.0
10239,Brazii,183.9,183.9,613.0,613.0,2452,122.6,183.9,613.0,183.9,183.9,613.0,613.0,2452,122.6,183.9,613.0
10293,Buteni,511.05,511.05,1703.5,1703.5,6814,340.7,511.05,1703.5,511.05,511.05,1703.5,1703.5,6814,340.7,511.05,1703.5
10346,Carand,174.0,174.0,580.0,580.0,2320,116.0,174.0,580.0,174.0,174.0,580.0,580.0,2320,116.0,174.0,580.0
10373,Cermei,411.0,411.0,1370.0,1370.0,5480,274.0,411.0,1370.0,411.0,411.0,1370.0,1370.0,5480,274.0,411.0,1370.0
10417,Chisindia,197.55,197.55,658.5,658.5,2634,131.7,197.55,658.5,197.55,197.55,658.5,658.5,2634,131.7,197.55,658.5
10453,Conop,342.0,342.0,1140.0,1140.0,4560,228.0,342.0,1140.0,342.0,342.0,1140.0,1140.0,4560,228.0,342.0,1140.0
10514,Covasint,408.15,408.15,1360.5,1360.5,5442,272.1,408.15,1360.5,408.15,408.15,1360.5,1360.5,5442,272.1,408.15,1360.5
10532,Craiva,434.55,434.55,1448.5,1448.5,5794,289.7,434.55,1448.5,434.55,434.55,1448.5,1448.5,5794,289.7,434.55,1448.5
10649,Dezna,180.9,180.9,603.0,603.0,2412,120.6,180.9,603.0,180.9,180.9,603.0,603.0,2412,120.6,180.9,603.0
10701,Dieci,223.5,223.5,745.0,745.0,2980,149.0,223.5,745.0,223.5,223.5,745.0,745.0,2980,149.0,223.5,745.0
10765,Ususau,213.0,213.0,710.0,710.0,2840,142.0,213.0,710.0,213.0,213.0,710.0,710.0,2840,142.0,213.0,710.0
10827,Felnac,471.45,471.45,1571.5,1571.5,6286,314.3,471.45,1571.5,471.45,471.45,1571.5,1571.5,6286,314.3,471.45,1571.5
10872,Ghioroc,612.6,612.6,2042.0,2042.0,8168,408.4,612.6,2042.0,612.6,612.6,2042.0,2042.0,8168,408.4,612.6,2042.0
10916,Graniceri,381.75,381.75,1272.5,1272.5,5090,254.5,381.75,1272.5,381.75,381.75,1272.5,1272.5,5090,254.5,381.75,1272.5
10943,Gurahont,585.0,585.0,1950.0,1950.0,7800,390.0,585.0,1950.0,585.0,585.0,1950.0,1950.0,7800,390.0,585.0,1950.0
11058,Halmagiu,414.9,414.9,1383.0,1383.0,5532,276.6,414.9,1383.0,414.9,414.9,1383.0,1383.0,5532,276.6,414.9,1383.0
11174,Halmagel,183.9,183.9,613.0,613.0,2452,122.6,183.9,613.0,183.9,183.9,613.0,613.0,2452,122.6,183.9,613.0
11236,Hasmas,190.35,190.35,634.5,634.5,2538,126.9,190.35,634.5,190.35,190.35,634.5,634.5,2538,126.9,190.35,634.5
11307,Ignesti,108.15,108.15,360.5,360.5,1442,72.1,108.15,360.5,108.15,108.15,360.5,360.5,1442,72.1,108.15,360.5
11352,Iratosu,383.55,383.55,1278.5,1278.5,5114,255.7,383.55,1278.5,383.55,383.55,1278.5,1278.5,5114,255.7,383.55,1278.5
11398,Macea,1074.9,1074.9,3583.0,3583.0,14332,716.6,1074.9,3583.0,1074.9,1074.9,3583.0,3583.0,14332,716.6,1074.9,3583.0
11423,Misca,568.05,568.05,1893.5,1893.5,7574,378.7,568.05,1893.5,568.05,568.05,1893.5,1893.5,7574,378.7,568.05,1893.5
11478,Moneasa,138.0,138.0,460.0,460.0,1840,92.0,138.0,460.0,138.0,138.0,460.0,460.0,1840,92.0,138.0,460.0
11502,Olari,300.9,300.9,1003.0,1003.0,4012,200.6,300.9,1003.0,300.9,300.9,1003.0,1003.0,4012,200.6,300.9,1003.0
11539,Paulis,651.0,651.0,2170.0,2170.0,8680,434.0,651.0,2170.0,651.0,651.0,2170.0,2170.0,8680,434.0,651.0,2170.0
11584,Oras Pecica,2118.6,2118.6,7062.0,7062.0,28248,1412.4,2118.6,7062.0,2118.6,2118.6,7062.0,7062.0,28248,1412.4,2118.6,7062.0
11637,Peregu Mare,271.05,271.05,903.5,903.5,3614,180.7,271.05,903.5,271.05,271.05,903.5,903.5,3614,180.7,271.05,903.5
11664,Petris,207.3,207.3,691.0,691.0,2764,138.2,207.3,691.0,207.3,207.3,691.0,691.0,2764,138.2,207.3,691.0
11735,Pilu,327.45,327.45,1091.5,1091.5,4366,218.3,327.45,1091.5,327.45,327.45,1091.5,1091.5,4366,218.3,327.45,1091.5
11762,Plescuta,174.15,174.15,580.5,580.5,2322,116.1,174.15,580.5,174.15,174.15,580.5,580.5,2322,116.1,174.15,580.5
11842,Savarsin,438.75,438.75,1462.5,1462.5,5850,292.5,438.75,1462.5,438.75,438.75,1462.5,1462.5,5850,292.5,438.75,1462.5
11940,Secusigiu,932.4,932.4,3108.0,3108.0,12432,621.6,932.4,3108.0,932.4,932.4,3108.0,3108.0,12432,621.6,932.4,3108.0
11995,Seleus,448.05,448.05,1493.5,1493.5,5974,298.7,448.05,1493.5,448.05,448.05,1493.5,1493.5,5974,298.7,448.05,1493.5
12037,Semlac,635.4,635.4,2118.0,2118.0,8472,423.6,635.4,2118.0,635.4,635.4,2118.0,2118.0,8472,423.6,635.4,2118.0
12055,Sintea Mare,576.6,576.6,1922.0,1922.0,7688,384.4,576.6,1922.0,576.6,576.6,1922.0,1922.0,7688,384.4,576.6,1922.0
12091,Oras Santana,2345.4,2345.4,7818.0,7818.0,31272,1563.6,2345.4,7818.0,2345.4,2345.4,7818.0,7818.0,31272,1563.6,2345.4,7818.0
12126,Socodor,341.55,341.55,1138.5,1138.5,4554,227.7,341.55,1138.5,341.55,341.55,1138.5,1138.5,4554,227.7,341.55,1138.5
12144,Sagu,623.85,623.85,2079.5,2079.5,8318,415.9,623.85,2079.5,623.85,623.85,2079.5,2079.5,8318,415.9,623.85,2079.5
12206,Seitin,463.65,463.65,1545.5,1545.5,6182,309.1,463.65,1545.5,463.65,463.65,1545.5,1545.5,6182,309.1,463.65,1545.5
12224,Sepreus,436.05,436.05,1453.5,1453.5,5814,290.7,436.05,1453.5,436.05,436.05,1453.5,1453.5,5814,290.7,436.05,1453.5
12242,Sicula,641.55,641.55,2138.5,2138.5,8554,427.7,641.55,2138.5,641.55,641.55,2138.5,2138.5,8554,427.7,641.55,2138.5
12288,Silindia,131.25,131.25,437.5,437.5,1750,87.5,131.25,437.5,131.25,131.25,437.5,437.5,1750,87.5,131.25,437.5
12340,Simand,664.95,664.95,2216.5,2216.5,8866,443.3,664.95,2216.5,664.95,664.95,2216.5,2216.5,8866,443.3,664.95,2216.5
12368,Siria,1362.45,1362.45,4541.5,4541.5,18166,908.3,1362.45,4541.5,1362.45,1362.45,4541.5,4541.5,18166,908.3,1362.45,4541.5
12402,Sistarovat,47.85,47.85,159.5,159.5,638,31.9,47.85,159.5,47.85,47.85,159.5,159.5,638,31.9,47.85,159.5
12457,Taut,249.75,249.75,832.5,832.5,3330,166.5,249.75,832.5,249.75,249.75,832.5,832.5,3330,166.5,249.75,832.5
12509,Tarnova,930.45,930.45,3101.5,3101.5,12406,620.3,930.45,3101.5,930.45,930.45,3101.5,3101.5,12406,620.3,930.45,3101.5
12572,Varadia De Mures,252.75,252.75,842.5,842.5,3370,168.5,252.75,842.5,252.75,252.75,842.5,842.5,3370,168.5,252.75,842.5
12643,Vinga,1029.9,1029.9,3433.0,3433.0,13732,686.6,1029.9,3433.0,1029.9,1029.9,3433.0,3433.0,13732,686.6,1029.9,3433.0
12689,Varfurile,402.15,402.15,1340.5,1340.5,5362,268.1,402.15,1340.5,402.15,402.15,1340.5,1340.5,5362,268.1,402.15,1340.5
12778,Zabrani,691.05,691.05,2303.5,2303.5,9214,460.7,691.05,2303.5,691.05,691.05,2303.5,2303.5,9214,460.7,691.05,2303.5
12812,Zarand,411.75,411.75,1372.5,1372.5,5490,274.5,411.75,1372.5,411.75,411.75,1372.5,1372.5,5490,274.5,411.75,1372.5
12849,Zerind,216.45,216.45,721.5,721.5,2886,144.3,216.45,721.5,216.45,216.45,721.5,721.5,2886,144.3,216.45,721.5
12876,Zimandu Nou,735.0,735.0,2450.0,2450.0,9800,490.0,735.0,2450.0,735.0,735.0,2450.0,2450.0,9800,490.0,735.0,2450.0
12912,Dorobanti,241.35,241.35,804.5,804.5,3218,160.9,241.35,804.5,241.35,241.35,804.5,804.5,3218,160.9,241.35,804.5
12920,Frumuseni,414.75,414.75,1382.5,1382.5,5530,276.5,414.75,1382.5,414.75,414.75,1382.5,1382.5,5530,276.5,414.75,1382.5
12938,Zadareni,425.7,425.7,1419.0,1419.0,5676,283.8,425.7,1419.0,425.7,425.7,1419.0,1419.0,5676,283.8,425.7,1419.0
13169,Municipiul Pitesti,26520.45,26520.45,88401.5,88401.5,353606,17680.3,26520.45,88401.5,26520.45,26520.45,88401.5,88401.5,353606,17680.3,26520.45,88401.5
13187,Bascov,1578.45,1578.45,5261.5,5261.5,21046,1052.3,1578.45,5261.5,1578.45,1578.45,5261.5,5261.5,21046,1052.3,1578.45,5261.5
13276,Bradu,1157.1,1157.1,3857.0,3857.0,15428,771.4,1157.1,3857.0,1157.1,1157.1,3857.0,3857.0,15428,771.4,1157.1,3857.0
13301,Oras Mioveni,5183.85,5183.85,17279.5,17279.5,69118,3455.9,5183.85,17279.5,5183.85,5183.85,17279.5,17279.5,69118,3455.9,5183.85,17279.5
13365,Maracineni,787.5,787.5,2625.0,2625.0,10500,525.0,787.5,2625.0,787.5,787.5,2625.0,2625.0,10500,525.0,787.5,2625.0
13392,Oras Stefanesti,2285.7,2285.7,7619.0,7619.0,30476,1523.8,2285.7,7619.0,2285.7,2285.7,7619.0,7619.0,30476,1523.8,2285.7,7619.0
13490,Municipiul Campulung,5543.25,5543.25,18477.5,18477.5,73910,3695.5,5543.25,18477.5,5543.25,5543.25,18477.5,18477.5,73910,3695.5,5543.25,18477.5
13524,Valea Mare Pravat,641.7,641.7,2139.0,2139.0,8556,427.8,641.7,2139.0,641.7,641.7,2139.0,2139.0,8556,427.8,641.7,2139.0
13622,Municipiul Curtea De Arges,5015.85,5015.85,16719.5,16719.5,66878,3343.9,5015.85,16719.5,5015.85,5015.85,16719.5,16719.5,66878,3343.9,5015.85,16719.5
13668,Oras Costesti,1596.3,1596.3,5321.0,5321.0,21284,1064.2,1596.3,5321.0,1596.3,1596.3,5321.0,5321.0,21284,1064.2,1596.3,5321.0
13757,Oras Topoloveni,1415.85,1415.85,4719.5,4719.5,18878,943.9,1415.85,4719.5,1415.85,1415.85,4719.5,4719.5,18878,943.9,1415.85,4719.5
13819,Albestii De Arges,908.55,908.55,3028.5,3028.5,12114,605.7,908.55,3028.5,908.55,908.55,3028.5,3028.5,12114,605.7,908.55,3028.5
13891,Albestii De Muscel,236.1,236.1,787.0,787.0,3148,157.4,236.1,787.0,236.1,236.1,787.0,787.0,3148,157.4,236.1,787.0
13935,Albota,589.35,589.35,1964.5,1964.5,7858,392.9,589.35,1964.5,589.35,589.35,1964.5,1964.5,7858,392.9,589.35,1964.5
13999,Aninoasa,502.5,502.5,1675.0,1675.0,6700,335.0,502.5,1675.0,502.5,502.5,1675.0,1675.0,6700,335.0,502.5,1675.0
14049,Arefu,369.6,369.6,1232.0,1232.0,4928,246.4,369.6,1232.0,369.6,369.6,1232.0,1232.0,4928,246.4,369.6,1232.0
14085,Babana,434.85,434.85,1449.5,1449.5,5798,289.9,434.85,1449.5,434.85,434.85,1449.5,1449.5,5798,289.9,434.85,1449.5
14165,Baiculesti,916.5,916.5,3055.0,3055.0,12220,611.0,916.5,3055.0,916.5,916.5,3055.0,3055.0,12220,611.0,916.5,3055.0
14272,Balilesti,610.95,610.95,2036.5,2036.5,8146,407.3,610.95,2036.5,610.95,610.95,2036.5,2036.5,8146,407.3,610.95,2036.5
14352,Beleti-Negresti,281.7,281.7,939.0,939.0,3756,187.8,281.7,939.0,281.7,281.7,939.0,939.0,3756,187.8,281.7,939.0
14405,Berevoesti,526.35,526.35,1754.5,1754.5,7018,350.9,526.35,1754.5,526.35,526.35,1754.5,1754.5,7018,350.9,526.35,1754.5
14450,Barla,694.35,694.35,2314.5,2314.5,9258,462.9,694.35,2314.5,694.35,694.35,2314.5,2314.5,9258,462.9,694.35,2314.5
14584,Bogati,674.85,674.85,2249.5,2249.5,8998,449.9,674.85,2249.5,674.85,674.85,2249.5,2249.5,8998,449.9,674.85,2249.5
14673,Boteni,364.35,364.35,1214.5,1214.5,4858,242.9,364.35,1214.5,364.35,364.35,1214.5,1214.5,4858,242.9,364.35,1214.5
14726,Botesti,170.1,170.1,567.0,567.0,2268,113.4,170.1,567.0,170.1,170.1,567.0,567.0,2268,113.4,170.1,567.0
14753,Bradulet,272.4,272.4,908.0,908.0,3632,181.6,272.4,908.0,272.4,272.4,908.0,908.0,3632,181.6,272.4,908.0
14851,Budeasa,619.2,619.2,2064.0,2064.0,8256,412.8,619.2,2064.0,619.2,619.2,2064.0,2064.0,8256,412.8,619.2,2064.0
14922,Bughea De Jos,462.45,462.45,1541.5,1541.5,6166,308.3,462.45,1541.5,462.45,462.45,1541.5,1541.5,6166,308.3,462.45,1541.5
14940,Buzoesti,848.25,848.25,2827.5,2827.5,11310,565.5,848.25,2827.5,848.25,848.25,2827.5,2827.5,11310,565.5,848.25,2827.5
15064,Caldararu,355.05,355.05,1183.5,1183.5,4734,236.7,355.05,1183.5,355.05,355.05,1183.5,1183.5,4734,236.7,355.05,1183.5
15108,Calinesti,1673.85,1673.85,5579.5,5579.5,22318,1115.9,1673.85,5579.5,1673.85,1673.85,5579.5,5579.5,22318,1115.9,1673.85,5579.5
15233,Cateasca,558.45,558.45,1861.5,1861.5,7446,372.3,558.45,1861.5,558.45,558.45,1861.5,1861.5,7446,372.3,558.45,1861.5
15313,Cepari,335.4,335.4,1118.0,1118.0,4472,223.6,335.4,1118.0,335.4,335.4,1118.0,1118.0,4472,223.6,335.4,1118.0
15402,Cetateni,451.2,451.2,1504.0,1504.0,6016,300.8,451.2,1504.0,451.2,451.2,1504.0,1504.0,6016,300.8,451.2,1504.0
15448,Cicanesti,315.6,315.6,1052.0,1052.0,4208,210.4,315.6,1052.0,315.6,315.6,1052.0,1052.0,4208,210.4,315.6,1052.0
15493,Ciofrangeni,352.35,352.35,1174.5,1174.5,4698,234.9,352.35,1174.5,352.35,352.35,1174.5,1174.5,4698,234.9,352.35,1174.5
15554,Ciomagesti,172.05,172.05,573.5,573.5,2294,114.7,172.05,573.5,172.05,172.05,573.5,573.5,2294,114.7,172.05,573.5
15652,Cocu,347.85,347.85,1159.5,1159.5,4638,231.9,347.85,1159.5,347.85,347.85,1159.5,1159.5,4638,231.9,347.85,1159.5
15741,Corbeni,882.0,882.0,2940.0,2940.0,11760,588.0,882.0,2940.0,882.0,882.0,2940.0,2940.0,11760,588.0,882.0,2940.0
15830,Corbi,614.25,614.25,2047.5,2047.5,8190,409.5,614.25,2047.5,614.25,614.25,2047.5,2047.5,8190,409.5,614.25,2047.5
15901,Cosesti,792.45,792.45,2641.5,2641.5,10566,528.3,792.45,2641.5,792.45,792.45,2641.5,2641.5,10566,528.3,792.45,2641.5
15983,Cotmeana,286.5,286.5,955.0,955.0,3820,191.0,286.5,955.0,286.5,286.5,955.0,955.0,3820,191.0,286.5,955.0
16132,Cuca,315.3,315.3,1051.0,1051.0,4204,210.2,315.3,1051.0,315.3,315.3,1051.0,1051.0,4204,210.2,315.3,1051.0
16285,Davidesti,466.5,466.5,1555.0,1555.0,6220,311.0,466.5,1555.0,466.5,466.5,1555.0,1555.0,6220,311.0,466.5,1555.0
16329,Dambovicioara,138.75,138.75,462.5,462.5,1850,92.5,138.75,462.5,138.75,138.75,462.5,462.5,1850,92.5,138.75,462.5
16365,Darmanesti,532.8,532.8,1776.0,1776.0,7104,355.2,532.8,1776.0,532.8,532.8,1776.0,1776.0,7104,355.2,532.8,1776.0
16427,Dobresti,267.45,267.45,891.5,891.5,3566,178.3,267.45,891.5,267.45,267.45,891.5,891.5,3566,178.3,267.45,891.5
16454,Domnesti,473.4,473.4,1578.0,1578.0,6312,315.6,473.4,1578.0,473.4,473.4,1578.0,1578.0,6312,315.6,473.4,1578.0
16472,Dragoslavele,394.2,394.2,1314.0,1314.0,5256,262.8,394.2,1314.0,394.2,394.2,1314.0,1314.0,5256,262.8,394.2,1314.0
16506,Draganu,293.25,293.25,977.5,977.5,3910,195.5,293.25,977.5,293.25,293.25,977.5,977.5,3910,195.5,293.25,977.5
16551,Godeni,450.6,450.6,1502.0,1502.0,6008,300.4,450.6,1502.0,450.6,450.6,1502.0,1502.0,6008,300.4,450.6,1502.0
16613,Harsesti,342.9,342.9,1143.0,1143.0,4572,228.6,342.9,1143.0,342.9,342.9,1143.0,1143.0,4572,228.6,342.9,1143.0
16659,Hartiesti,343.5,343.5,1145.0,1145.0,4580,229.0,343.5,1145.0,343.5,343.5,1145.0,1145.0,4580,229.0,343.5,1145.0
16739,Izvoru,329.85,329.85,1099.5,1099.5,4398,219.9,329.85,1099.5,329.85,329.85,1099.5,1099.5,4398,219.9,329.85,1099.5
16757,Leordeni,856.05,856.05,2853.5,2853.5,11414,570.7,856.05,2853.5,856.05,856.05,2853.5,2853.5,11414,570.7,856.05,2853.5
16908,Leresti,696.0,696.0,2320.0,2320.0,9280,464.0,696.0,2320.0,696.0,696.0,2320.0,2320.0,9280,464.0,696.0,2320.0
16944,Lunca Corbului,405.3,405.3,1351.0,1351.0,5404,270.2,405.3,1351.0,405.3,405.3,1351.0,1351.0,5404,270.2,405.3,1351.0
17049,Malureni,702.9,702.9,2343.0,2343.0,9372,468.6,702.9,2343.0,702.9,702.9,2343.0,2343.0,9372,468.6,702.9,2343.0
17101,Merisani,696.45,696.45,2321.5,2321.5,9286,464.3,696.45,2321.5,696.45,696.45,2321.5,2321.5,9286,464.3,696.45,2321.5
17209,Micesti,693.6,693.6,2312.0,2312.0,9248,462.4,693.6,2312.0,693.6,693.6,2312.0,2312.0,9248,462.4,693.6,2312.0
17254,Mihaesti,918.9,918.9,3063.0,3063.0,12252,612.6,918.9,3063.0,918.9,918.9,3063.0,3063.0,12252,612.6,918.9,3063.0
17334,Mioarele,240.15,240.15,800.5,800.5,3202,160.1,240.15,800.5,240.15,240.15,800.5,800.5,3202,160.1,240.15,800.5
17398,Mirosi,355.2,355.2,1184.0,1184.0,4736,236.8,355.2,1184.0,355.2,355.2,1184.0,1184.0,4736,236.8,355.2,1184.0
17423,Moraresti,278.55,278.55,928.5,928.5,3714,185.7,278.55,928.5,278.55,278.55,928.5,928.5,3714,185.7,278.55,928.5
17496,Mosoaia,856.35,856.35,2854.5,2854.5,11418,570.9,856.35,2854.5,856.35,856.35,2854.5,2854.5,11418,570.9,856.35,2854.5
17575,Mozaceni,321.3,321.3,1071.0,1071.0,4284,214.2,321.3,1071.0,321.3,321.3,1071.0,1071.0,4284,214.2,321.3,1071.0
17619,Musatesti,552.6,552.6,1842.0,1842.0,7368,368.4,552.6,1842.0,552.6,552.6,1842.0,1842.0,7368,368.4,552.6,1842.0
17726,Negrasi,307.05,307.05,1023.5,1023.5,4094,204.7,307.05,1023.5,307.05,307.05,1023.5,1023.5,4094,204.7,307.05,1023.5
17771,Nucsoara,216.9,216.9,723.0,723.0,2892,144.6,216.9,723.0,216.9,216.9,723.0,723.0,2892,144.6,216.9,723.0
17824,Oarja,425.25,425.25,1417.5,1417.5,5670,283.5,425.25,1417.5,425.25,425.25,1417.5,1417.5,5670,283.5,425.25,1417.5
17851,Pietrosani,850.5,850.5,2835.0,2835.0,11340,567.0,850.5,2835.0,850.5,850.5,2835.0,2835.0,11340,567.0,850.5,2835.0
17913,Poienarii De Arges,149.85,149.85,499.5,499.5,1998,99.9,149.85,499.5,149.85,149.85,499.5,499.5,1998,99.9,149.85,499.5
17968,Poienarii De Muscel,511.65,511.65,1705.5,1705.5,6822,341.1,511.65,1705.5,511.65,511.65,1705.5,1705.5,6822,341.1,511.65,1705.5
18028,Poiana Lacului,977.25,977.25,3257.5,3257.5,13030,651.5,977.25,3257.5,977.25,977.25,3257.5,3257.5,13030,651.5,977.25,3257.5
18162,Popesti,302.1,302.1,1007.0,1007.0,4028,201.4,302.1,1007.0,302.1,302.1,1007.0,1007.0,4028,201.4,302.1,1007.0
18242,Priboieni,529.8,529.8,1766.0,1766.0,7064,353.2,529.8,1766.0,529.8,529.8,1766.0,1766.0,7064,353.2,529.8,1766.0
18331,Ratesti,459.6,459.6,1532.0,1532.0,6128,306.4,459.6,1532.0,459.6,459.6,1532.0,1532.0,6128,306.4,459.6,1532.0
18411,Recea,415.35,415.35,1384.5,1384.5,5538,276.9,415.35,1384.5,415.35,415.35,1384.5,1384.5,5538,276.9,415.35,1384.5
18475,Rociu,375.6,375.6,1252.0,1252.0,5008,250.4,375.6,1252.0,375.6,375.6,1252.0,1252.0,5008,250.4,375.6,1252.0
18527,Rucar,907.2,907.2,3024.0,3024.0,12096,604.8,907.2,3024.0,907.2,907.2,3024.0,3024.0,12096,604.8,907.2,3024.0
18554,Salatrucu,334.05,334.05,1113.5,1113.5,4454,222.7,334.05,1113.5,334.05,334.05,1113.5,1113.5,4454,222.7,334.05,1113.5
18581,Sapata,243.9,243.9,813.0,813.0,3252,162.6,243.9,813.0,243.9,243.9,813.0,813.0,3252,162.6,243.9,813.0
18670,Schitu Golesti,761.25,761.25,2537.5,2537.5,10150,507.5,761.25,2537.5,761.25,761.25,2537.5,2537.5,10150,507.5,761.25,2537.5
18741,Slobozia,715.95,715.95,2386.5,2386.5,9546,477.3,715.95,2386.5,715.95,715.95,2386.5,2386.5,9546,477.3,715.95,2386.5
18778,Stalpeni,753.6,753.6,2512.0,2512.0,10048,502.4,753.6,2512.0,753.6,753.6,2512.0,2512.0,10048,502.4,753.6,2512.0
18858,Stoenesti,687.0,687.0,2290.0,2290.0,9160,458.0,687.0,2290.0,687.0,687.0,2290.0,2290.0,9160,458.0,687.0,2290.0
18938,Stolnici,459.9,459.9,1533.0,1533.0,6132,306.6,459.9,1533.0,459.9,459.9,1533.0,1533.0,6132,306.6,459.9,1533.0
19007,Suseni,460.05,460.05,1533.5,1533.5,6134,306.7,460.05,1533.5,460.05,460.05,1533.5,1533.5,6134,306.7,460.05,1533.5
19114,Stefan Cel Mare,354.75,354.75,1182.5,1182.5,4730,236.5,354.75,1182.5,354.75,354.75,1182.5,1182.5,4730,236.5,354.75,1182.5
19141,Suici,367.65,367.65,1225.5,1225.5,4902,245.1,367.65,1225.5,367.65,367.65,1225.5,1225.5,4902,245.1,367.65,1225.5
19212,Teiu,203.55,203.55,678.5,678.5,2714,135.7,203.55,678.5,203.55,203.55,678.5,678.5,2714,135.7,203.55,678.5
19249,Tigveni,524.25,524.25,1747.5,1747.5,6990,349.5,524.25,1747.5,524.25,524.25,1747.5,1747.5,6990,349.5,524.25,1747.5
19338,Titesti,769.35,769.35,2564.5,2564.5,10258,512.9,769.35,2564.5,769.35,769.35,2564.5,2564.5,10258,512.9,769.35,2564.5
19392,Uda,294.0,294.0,980.0,980.0,3920,196.0,294.0,980.0,294.0,294.0,980.0,980.0,3920,196.0,294.0,980.0
19560,Ungheni,420.0,420.0,1400.0,1400.0,5600,280.0,420.0,1400.0,420.0,420.0,1400.0,1400.0,5600,280.0,420.0,1400.0
19631,Valea Danului,453.0,453.0,1510.0,1510.0,6040,302.0,453.0,1510.0,453.0,453.0,1510.0,1510.0,6040,302.0,453.0,1510.0
19695,Valea Iasului,415.35,415.35,1384.5,1384.5,5538,276.9,415.35,1384.5,415.35,415.35,1384.5,1384.5,5538,276.9,415.35,1384.5
19793,Vedea,541.8,541.8,1806.0,1806.0,7224,361.2,541.8,1806.0,541.8,541.8,1806.0,1806.0,7224,361.2,541.8,1806.0
19999,Vladesti,483.45,483.45,1611.5,1611.5,6446,322.3,483.45,1611.5,483.45,483.45,1611.5,1611.5,6446,322.3,483.45,1611.5
20048,Raca,169.2,169.2,564.0,564.0,2256,112.8,169.2,564.0,169.2,169.2,564.0,564.0,2256,112.8,169.2,564.0
20055,Vulturesti,421.8,421.8,1406.0,1406.0,5624,281.2,421.8,1406.0,421.8,421.8,1406.0,1406.0,5624,281.2,421.8,1406.0
20063,Bughea De Sus,450.3,450.3,1501.0,1501.0,6004,300.2,450.3,1501.0,450.3,450.3,1501.0,1501.0,6004,300.2,450.3,1501.0
20297,Municipiul Bacau,29604.3,29604.3,98681.0,98681.0,394724,19736.2,29604.3,98681.0,29604.3,29604.3,98681.0,98681.0,394724,19736.2,29604.3,98681.0
20313,Hemeius,826.8,826.8,2756.0,2756.0,11024,551.2,826.8,2756.0,826.8,826.8,2756.0,2756.0,11024,551.2,826.8,2756.0
20359,Letea Veche,1035.45,1035.45,3451.5,3451.5,13806,690.3,1035.45,3451.5,1035.45,1035.45,3451.5,3451.5,13806,690.3,1035.45,3451.5
20411,Magura,765.75,765.75,2552.5,2552.5,10210,510.5,765.75,2552.5,765.75,765.75,2552.5,2552.5,10210,510.5,765.75,2552.5
20466,Margineni,1479.45,1479.45,4931.5,4931.5,19726,986.3,1479.45,4931.5,1479.45,1479.45,4931.5,4931.5,19726,986.3,1479.45,4931.5
20563,Municipiul Onesti,7895.85,7895.85,26319.5,26319.5,105278,5263.9,7895.85,26319.5,7895.85,7895.85,26319.5,26319.5,105278,5263.9,7895.85,26319.5
20607,Gura Vaii,792.9,792.9,2643.0,2643.0,10572,528.6,792.9,2643.0,792.9,792.9,2643.0,2643.0,10572,528.6,792.9,2643.0
20670,Stefan Cel Mare,788.55,788.55,2628.5,2628.5,10514,525.7,788.55,2628.5,788.55,788.55,2628.5,2628.5,10514,525.7,788.55,2628.5
20778,Oras Buhusi,3125.7,3125.7,10419.0,10419.0,41676,2083.8,3125.7,10419.0,3125.7,3125.7,10419.0,10419.0,41676,2083.8,3125.7,10419.0
20821,Oras Comanesti,3608.85,3608.85,12029.5,12029.5,48118,2405.9,3608.85,12029.5,3608.85,3608.85,12029.5,12029.5,48118,2405.9,3608.85,12029.5
20876,Municipiul Moinesti,3707.25,3707.25,12357.5,12357.5,49430,2471.5,3707.25,12357.5,3707.25,3707.25,12357.5,12357.5,49430,2471.5,3707.25,12357.5
20910,Oras Slanic-Moldova,775.35,775.35,2584.5,2584.5,10338,516.9,775.35,2584.5,775.35,775.35,2584.5,2584.5,10338,516.9,775.35,2584.5
20965,Oras Targu Ocna,1970.1,1970.1,6567.0,6567.0,26268,1313.4,1970.1,6567.0,1970.1,1970.1,6567.0,6567.0,26268,1313.4,1970.1,6567.0
21007,Agas,935.4,935.4,3118.0,3118.0,12472,623.6,935.4,3118.0,935.4,935.4,3118.0,3118.0,12472,623.6,935.4,3118.0
21098,Ardeoani,373.95,373.95,1246.5,1246.5,4986,249.3,373.95,1246.5,373.95,373.95,1246.5,1246.5,4986,249.3,373.95,1246.5
21123,Asau,1073.1,1073.1,3577.0,3577.0,14308,715.4,1073.1,3577.0,1073.1,1073.1,3577.0,3577.0,14308,715.4,1073.1,3577.0
21196,Balcani,1219.05,1219.05,4063.5,4063.5,16254,812.7,1219.05,4063.5,1219.05,1219.05,4063.5,4063.5,16254,812.7,1219.05,4063.5
21249,Beresti-Bistrita,336.9,336.9,1123.0,1123.0,4492,224.6,336.9,1123.0,336.9,336.9,1123.0,1123.0,4492,224.6,336.9,1123.0
21338,Beresti-Tazlau,861.0,861.0,2870.0,2870.0,11480,574.0,861.0,2870.0,861.0,861.0,2870.0,2870.0,11480,574.0,861.0,2870.0
21418,Berzunti,806.7,806.7,2689.0,2689.0,10756,537.8,806.7,2689.0,806.7,806.7,2689.0,2689.0,10756,537.8,806.7,2689.0
21454,Barsanesti,725.7,725.7,2419.0,2419.0,9676,483.8,725.7,2419.0,725.7,725.7,2419.0,2419.0,9676,483.8,725.7,2419.0
21506,Blagesti,1147.35,1147.35,3824.5,3824.5,15298,764.9,1147.35,3824.5,1147.35,1147.35,3824.5,3824.5,15298,764.9,1147.35,3824.5
21560,Bogdanesti,430.5,430.5,1435.0,1435.0,5740,287.0,430.5,1435.0,430.5,430.5,1435.0,1435.0,5740,287.0,430.5,1435.0
21597,Brusturoasa,526.5,526.5,1755.0,1755.0,7020,351.0,526.5,1755.0,526.5,526.5,1755.0,1755.0,7020,351.0,526.5,1755.0
21668,Buhoci,775.05,775.05,2583.5,2583.5,10334,516.7,775.05,2583.5,775.05,775.05,2583.5,2583.5,10334,516.7,775.05,2583.5
21720,Casin,595.5,595.5,1985.0,1985.0,7940,397.0,595.5,1985.0,595.5,595.5,1985.0,1985.0,7940,397.0,595.5,1985.0
21757,Caiuti,813.0,813.0,2710.0,2710.0,10840,542.0,813.0,2710.0,813.0,813.0,2710.0,2710.0,10840,542.0,813.0,2710.0
21855,Cleja,1078.05,1078.05,3593.5,3593.5,14374,718.7,1078.05,3593.5,1078.05,1078.05,3593.5,3593.5,14374,718.7,1078.05,3593.5
21891,Colonesti,345.75,345.75,1152.5,1152.5,4610,230.5,345.75,1152.5,345.75,345.75,1152.5,1152.5,4610,230.5,345.75,1152.5
21971,Corbasca,837.45,837.45,2791.5,2791.5,11166,558.3,837.45,2791.5,837.45,837.45,2791.5,2791.5,11166,558.3,837.45,2791.5
22059,Cotofanesti,543.75,543.75,1812.5,1812.5,7250,362.5,543.75,1812.5,543.75,543.75,1812.5,1812.5,7250,362.5,543.75,1812.5
22111,Damienesti,291.0,291.0,970.0,970.0,3880,194.0,291.0,970.0,291.0,291.0,970.0,970.0,3880,194.0,291.0,970.0
22166,Oras Darmanesti,2216.55,2216.55,7388.5,7388.5,29554,1477.7,2216.55,7388.5,2216.55,2216.55,7388.5,7388.5,29554,1477.7,2216.55,7388.5
22237,Dealu Morii,424.8,424.8,1416.0,1416.0,5664,283.2,424.8,1416.0,424.8,424.8,1416.0,1416.0,5664,283.2,424.8,1416.0
22380,Dofteana,1695.9,1695.9,5653.0,5653.0,22612,1130.6,1695.9,5653.0,1695.9,1695.9,5653.0,5653.0,22612,1130.6,1695.9,5653.0
22460,Faraoani,834.15,834.15,2780.5,2780.5,11122,556.1,834.15,2780.5,834.15,834.15,2780.5,2780.5,11122,556.1,834.15,2780.5
22488,Filipeni,341.7,341.7,1139.0,1139.0,4556,227.8,341.7,1139.0,341.7,341.7,1139.0,1139.0,4556,227.8,341.7,1139.0
22576,Filipesti,702.15,702.15,2340.5,2340.5,9362,468.1,702.15,2340.5,702.15,702.15,2340.5,2340.5,9362,468.1,702.15,2340.5
22665,Gaiceana,434.1,434.1,1447.0,1447.0,5788,289.4,434.1,1447.0,434.1,434.1,1447.0,1447.0,5788,289.4,434.1,1447.0
22718,Ghimes-Faget,736.5,736.5,2455.0,2455.0,9820,491.0,736.5,2455.0,736.5,736.5,2455.0,2455.0,9820,491.0,736.5,2455.0
22781,Garleni,1064.7,1064.7,3549.0,3549.0,14196,709.8,1064.7,3549.0,1064.7,1064.7,3549.0,3549.0,14196,709.8,1064.7,3549.0
22834,Glavanesti,507.15,507.15,1690.5,1690.5,6762,338.1,507.15,1690.5,507.15,507.15,1690.5,1690.5,6762,338.1,507.15,1690.5
22898,Helegiu,1015.05,1015.05,3383.5,3383.5,13534,676.7,1015.05,3383.5,1015.05,1015.05,3383.5,3383.5,13534,676.7,1015.05,3383.5
22941,Horgesti,837.9,837.9,2793.0,2793.0,11172,558.6,837.9,2793.0,837.9,837.9,2793.0,2793.0,11172,558.6,837.9,2793.0
23047,Huruiesti,365.4,365.4,1218.0,1218.0,4872,243.6,365.4,1218.0,365.4,365.4,1218.0,1218.0,4872,243.6,365.4,1218.0
23127,Izvoru Berheciului,253.2,253.2,844.0,844.0,3376,168.8,253.2,844.0,253.2,253.2,844.0,844.0,3376,168.8,253.2,844.0
23207,Lipova,477.15,477.15,1590.5,1590.5,6362,318.1,477.15,1590.5,477.15,477.15,1590.5,1590.5,6362,318.1,477.15,1590.5
23289,Livezi,839.25,839.25,2797.5,2797.5,11190,559.5,839.25,2797.5,839.25,839.25,2797.5,2797.5,11190,559.5,839.25,2797.5
23350,Luizi-Calugara,804.15,804.15,2680.5,2680.5,10722,536.1,804.15,2680.5,804.15,804.15,2680.5,2680.5,10722,536.1,804.15,2680.5
23387,Magiresti,654.45,654.45,2181.5,2181.5,8726,436.3,654.45,2181.5,654.45,654.45,2181.5,2181.5,8726,436.3,654.45,2181.5
23449,Manastirea Casin,828.3,828.3,2761.0,2761.0,11044,552.2,828.3,2761.0,828.3,828.3,2761.0,2761.0,11044,552.2,828.3,2761.0
23494,Motoseni,519.3,519.3,1731.0,1731.0,6924,346.2,519.3,1731.0,519.3,519.3,1731.0,1731.0,6924,346.2,519.3,1731.0
23644,Negri,438.0,438.0,1460.0,1460.0,5840,292.0,438.0,1460.0,438.0,438.0,1460.0,1460.0,5840,292.0,438.0,1460.0
23715,Nicolae Balcescu,1512.15,1512.15,5040.5,5040.5,20162,1008.1,1512.15,5040.5,1512.15,1512.15,5040.5,5040.5,20162,1008.1,1512.15,5040.5
23797,Oituz,1426.35,1426.35,4754.5,4754.5,19018,950.9,1426.35,4754.5,1426.35,1426.35,4754.5,4754.5,19018,950.9,1426.35,4754.5
23868,Oncesti,250.65,250.65,835.5,835.5,3342,167.1,250.65,835.5,250.65,250.65,835.5,835.5,3342,167.1,250.65,835.5
23948,Orbeni,594.3,594.3,1981.0,1981.0,7924,396.2,594.3,1981.0,594.3,594.3,1981.0,1981.0,7924,396.2,594.3,1981.0
23975,Palanca,520.5,520.5,1735.0,1735.0,6940,347.0,520.5,1735.0,520.5,520.5,1735.0,1735.0,6940,347.0,520.5,1735.0
24034,Parava,509.85,509.85,1699.5,1699.5,6798,339.9,509.85,1699.5,509.85,509.85,1699.5,1699.5,6798,339.9,509.85,1699.5
24089,Parincea,586.65,586.65,1955.5,1955.5,7822,391.1,586.65,1955.5,586.65,586.65,1955.5,1955.5,7822,391.1,586.65,1955.5
24187,Pancesti,664.8,664.8,2216.0,2216.0,8864,443.2,664.8,2216.0,664.8,664.8,2216.0,2216.0,8864,443.2,664.8,2216.0
24276,Pargaresti,730.95,730.95,2436.5,2436.5,9746,487.3,730.95,2436.5,730.95,730.95,2436.5,2436.5,9746,487.3,730.95,2436.5
24338,Parjol,981.9,981.9,3273.0,3273.0,13092,654.6,981.9,3273.0,981.9,981.9,3273.0,3273.0,13092,654.6,981.9,3273.0
24427,Plopana,511.05,511.05,1703.5,1703.5,6814,340.7,511.05,1703.5,511.05,511.05,1703.5,1703.5,6814,340.7,511.05,1703.5
24524,Podu Turcului,769.2,769.2,2564.0,2564.0,10256,512.8,769.2,2564.0,769.2,769.2,2564.0,2564.0,10256,512.8,769.2,2564.0
24631,Poduri,1222.65,1222.65,4075.5,4075.5,16302,815.1,1222.65,4075.5,1222.65,1222.65,4075.5,4075.5,16302,815.1,1222.65,4075.5
24711,Racova,536.7,536.7,1789.0,1789.0,7156,357.8,536.7,1789.0,536.7,536.7,1789.0,1789.0,7156,357.8,536.7,1789.0
24766,Racaciuni,1256.85,1256.85,4189.5,4189.5,16758,837.9,1256.85,4189.5,1256.85,1256.85,4189.5,4189.5,16758,837.9,1256.85,4189.5
24837,Rachitoasa,736.35,736.35,2454.5,2454.5,9818,490.9,736.35,2454.5,736.35,736.35,2454.5,2454.5,9818,490.9,736.35,2454.5
24999,Rosiori,357.3,357.3,1191.0,1191.0,4764,238.2,357.3,1191.0,357.3,357.3,1191.0,1191.0,4764,238.2,357.3,1191.0
25068,Sascut,1507.05,1507.05,5023.5,5023.5,20094,1004.7,1507.05,5023.5,1507.05,1507.05,5023.5,5023.5,20094,1004.7,1507.05,5023.5
25148,Sanduleni,701.25,701.25,2337.5,2337.5,9350,467.5,701.25,2337.5,701.25,701.25,2337.5,2337.5,9350,467.5,701.25,2337.5
25228,Saucesti,813.3,813.3,2711.0,2711.0,10844,542.2,813.3,2711.0,813.3,813.3,2711.0,2711.0,10844,542.2,813.3,2711.0
25291,Scorteni,463.05,463.05,1543.5,1543.5,6174,308.7,463.05,1543.5,463.05,463.05,1543.5,1543.5,6174,308.7,463.05,1543.5
25362,Secuieni,346.2,346.2,1154.0,1154.0,4616,230.8,346.2,1154.0,346.2,346.2,1154.0,1154.0,4616,230.8,346.2,1154.0
25488,Solont,552.0,552.0,1840.0,1840.0,7360,368.0,552.0,1840.0,552.0,552.0,1840.0,1840.0,7360,368.0,552.0,1840.0
25521,Stanisesti,711.75,711.75,2372.5,2372.5,9490,474.5,711.75,2372.5,711.75,711.75,2372.5,2372.5,9490,474.5,711.75,2372.5
25629,Strugari,385.95,385.95,1286.5,1286.5,5146,257.3,385.95,1286.5,385.95,385.95,1286.5,1286.5,5146,257.3,385.95,1286.5
25692,Tamasi,465.15,465.15,1550.5,1550.5,6202,310.1,465.15,1550.5,465.15,465.15,1550.5,1550.5,6202,310.1,465.15,1550.5
25745,Tatarasti,372.75,372.75,1242.5,1242.5,4970,248.5,372.75,1242.5,372.75,372.75,1242.5,1242.5,4970,248.5,372.75,1242.5
25825,Targu Trotus,857.25,857.25,2857.5,2857.5,11430,571.5,857.25,2857.5,857.25,857.25,2857.5,2857.5,11430,571.5,857.25,2857.5
25861,Traian,475.5,475.5,1585.0,1585.0,6340,317.0,475.5,1585.0,475.5,475.5,1585.0,1585.0,6340,317.0,475.5,1585.0
25932,Ungureni,587.7,587.7,1959.0,1959.0,7836,391.8,587.7,1959.0,587.7,587.7,1959.0,1959.0,7836,391.8,587.7,1959.0
26029,Urechesti,564.9,564.9,1883.0,1883.0,7532,376.6,564.9,1883.0,564.9,564.9,1883.0,1883.0,7532,376.6,564.9,1883.0
26083,Valea Seaca,650.85,650.85,2169.5,2169.5,8678,433.9,650.85,2169.5,650.85,650.85,2169.5,2169.5,8678,433.9,650.85,2169.5
26118,Vultureni,315.15,315.15,1050.5,1050.5,4202,210.1,315.15,1050.5,315.15,315.15,1050.5,1050.5,4202,210.1,315.15,1050.5
26289,Zemes,739.05,739.05,2463.5,2463.5,9854,492.7,739.05,2463.5,739.05,739.05,2463.5,2463.5,9854,492.7,739.05,2463.5
26320,Sarata,333.75,333.75,1112.5,1112.5,4450,222.5,333.75,1112.5,333.75,333.75,1112.5,1112.5,4450,222.5,333.75,1112.5
26338,Buciumi,486.3,486.3,1621.0,1621.0,6484,324.2,486.3,1621.0,486.3,486.3,1621.0,1621.0,6484,324.2,486.3,1621.0
26346,Gioseni,630.45,630.45,2101.5,2101.5,8406,420.3,630.45,2101.5,630.45,630.45,2101.5,2101.5,8406,420.3,630.45,2101.5
26353,Odobesti,368.85,368.85,1229.5,1229.5,4918,245.9,368.85,1229.5,368.85,368.85,1229.5,1229.5,4918,245.9,368.85,1229.5
26361,Prajesti,350.25,350.25,1167.5,1167.5,4670,233.5,350.25,1167.5,350.25,350.25,1167.5,1167.5,4670,233.5,350.25,1167.5
26379,Itesti,224.85,224.85,749.5,749.5,2998,149.9,224.85,749.5,224.85,224.85,749.5,749.5,2998,149.9,224.85,749.5
26564,Municipiul Oradea,33427.5,33427.5,111425.0,111425.0,445700,22285.0,33427.5,111425.0,33427.5,33427.5,111425.0,111425.0,445700,22285.0,33427.5,111425.0
26582,Sanmartin,1622.1,1622.1,5407.0,5407.0,21628,1081.4,1622.1,5407.0,1622.1,1622.1,5407.0,5407.0,21628,1081.4,1622.1,5407.0
26653,Santandrei,858.9,858.9,2863.0,2863.0,11452,572.6,858.9,2863.0,858.9,858.9,2863.0,2863.0,11452,572.6,858.9,2863.0
26699,Oras Alesd,1693.95,1693.95,5646.5,5646.5,22586,1129.3,1693.95,5646.5,1693.95,1693.95,5646.5,5646.5,22586,1129.3,1693.95,5646.5
26742,Astileu,558.15,558.15,1860.5,1860.5,7442,372.1,558.15,1860.5,558.15,558.15,1860.5,1860.5,7442,372.1,558.15,1860.5
26804,Municipiul Beius,1721.55,1721.55,5738.5,5738.5,22954,1147.7,1721.55,5738.5,1721.55,1721.55,5738.5,5738.5,22954,1147.7,1721.55,5738.5
26840,Oras Stei,1115.1,1115.1,3717.0,3717.0,14868,743.4,1115.1,3717.0,1115.1,1115.1,3717.0,3717.0,14868,743.4,1115.1,3717.0
26877,Municipiul Marghita,2737.8,2737.8,9126.0,9126.0,36504,1825.2,2737.8,9126.0,2737.8,2737.8,9126.0,9126.0,36504,1825.2,2737.8,9126.0
26920,Oras Nucet,319.65,319.65,1065.5,1065.5,4262,213.1,319.65,1065.5,319.65,319.65,1065.5,1065.5,4262,213.1,319.65,1065.5
26975,Municipiul Salonta,2910.15,2910.15,9700.5,9700.5,38802,1940.1,2910.15,9700.5,2910.15,2910.15,9700.5,9700.5,38802,1940.1,2910.15,9700.5
27007,Oras Vascau,364.35,364.35,1214.5,1214.5,4858,242.9,364.35,1214.5,364.35,364.35,1214.5,1214.5,4858,242.9,364.35,1214.5
27070,Abram,466.5,466.5,1555.0,1555.0,6220,311.0,466.5,1555.0,466.5,466.5,1555.0,1555.0,6220,311.0,466.5,1555.0
27169,Abramut,470.4,470.4,1568.0,1568.0,6272,313.6,470.4,1568.0,470.4,470.4,1568.0,1568.0,6272,313.6,470.4,1568.0
27212,Auseu,447.3,447.3,1491.0,1491.0,5964,298.2,447.3,1491.0,447.3,447.3,1491.0,1491.0,5964,298.2,447.3,1491.0
27285,Avram Iancu,519.75,519.75,1732.5,1732.5,6930,346.5,519.75,1732.5,519.75,519.75,1732.5,1732.5,6930,346.5,519.75,1732.5
27329,Balc,501.15,501.15,1670.5,1670.5,6682,334.1,501.15,1670.5,501.15,501.15,1670.5,1670.5,6682,334.1,501.15,1670.5
27383,Batar,846.6,846.6,2822.0,2822.0,11288,564.4,846.6,2822.0,846.6,846.6,2822.0,2822.0,11288,564.4,846.6,2822.0
27436,Biharia,665.85,665.85,2219.5,2219.5,8878,443.9,665.85,2219.5,665.85,665.85,2219.5,2219.5,8878,443.9,665.85,2219.5
27506,Boianu Mare,199.8,199.8,666.0,666.0,2664,133.2,199.8,666.0,199.8,199.8,666.0,666.0,2664,133.2,199.8,666.0
27560,Borod,600.45,600.45,2001.5,2001.5,8006,400.3,600.45,2001.5,600.45,600.45,2001.5,2001.5,8006,400.3,600.45,2001.5
27631,Bors,625.05,625.05,2083.5,2083.5,8334,416.7,625.05,2083.5,625.05,625.05,2083.5,2083.5,8334,416.7,625.05,2083.5
27686,Bratca,747.0,747.0,2490.0,2490.0,9960,498.0,747.0,2490.0,747.0,747.0,2490.0,2490.0,9960,498.0,747.0,2490.0
27757,Brusturi,549.9,549.9,1833.0,1833.0,7332,366.6,549.9,1833.0,549.9,549.9,1833.0,1833.0,7332,366.6,549.9,1833.0
27846,Budureasa,405.3,405.3,1351.0,1351.0,5404,270.2,405.3,1351.0,405.3,405.3,1351.0,1351.0,5404,270.2,405.3,1351.0
27908,Buduslau,310.5,310.5,1035.0,1035.0,4140,207.0,310.5,1035.0,310.5,310.5,1035.0,1035.0,4140,207.0,310.5,1035.0
27935,Bulz,320.85,320.85,1069.5,1069.5,4278,213.9,320.85,1069.5,320.85,320.85,1069.5,1069.5,4278,213.9,320.85,1069.5
27971,Buntesti,668.55,668.55,2228.5,2228.5,8914,445.7,668.55,2228.5,668.55,668.55,2228.5,2228.5,8914,445.7,668.55,2228.5
28077,Cabesti,277.95,277.95,926.5,926.5,3706,185.3,277.95,926.5,277.95,277.95,926.5,926.5,3706,185.3,277.95,926.5
28139,Capalna,222.3,222.3,741.0,741.0,2964,148.2,222.3,741.0,222.3,222.3,741.0,741.0,2964,148.2,222.3,741.0
28193,Carpinet,275.25,275.25,917.5,917.5,3670,183.5,275.25,917.5,275.25,275.25,917.5,917.5,3670,183.5,275.25,917.5
28246,Cefa,354.75,354.75,1182.5,1182.5,4730,236.5,354.75,1182.5,354.75,354.75,1182.5,1182.5,4730,236.5,354.75,1182.5
28335,Ceica,531.75,531.75,1772.5,1772.5,7090,354.5,531.75,1772.5,531.75,531.75,1772.5,1772.5,7090,354.5,531.75,1772.5
28415,Cetariu,325.2,325.2,1084.0,1084.0,4336,216.8,325.2,1084.0,325.2,325.2,1084.0,1084.0,4336,216.8,325.2,1084.0
28497,Cherechiu,373.35,373.35,1244.5,1244.5,4978,248.9,373.35,1244.5,373.35,373.35,1244.5,1244.5,4978,248.9,373.35,1244.5
28530,Chislaz,475.95,475.95,1586.5,1586.5,6346,317.3,475.95,1586.5,475.95,475.95,1586.5,1586.5,6346,317.3,475.95,1586.5
28610,Ciuhoi,341.4,341.4,1138.0,1138.0,4552,227.6,341.4,1138.0,341.4,341.4,1138.0,1138.0,4552,227.6,341.4,1138.0
28665,Ciumeghiu,689.25,689.25,2297.5,2297.5,9190,459.5,689.25,2297.5,689.25,689.25,2297.5,2297.5,9190,459.5,689.25,2297.5
28709,Campani,361.5,361.5,1205.0,1205.0,4820,241.0,361.5,1205.0,361.5,361.5,1205.0,1205.0,4820,241.0,361.5,1205.0
28763,Cociuba Mare,439.35,439.35,1464.5,1464.5,5858,292.9,439.35,1464.5,439.35,439.35,1464.5,1464.5,5858,292.9,439.35,1464.5
28816,Copacel,324.3,324.3,1081.0,1081.0,4324,216.2,324.3,1081.0,324.3,324.3,1081.0,1081.0,4324,216.2,324.3,1081.0
28889,Cristioru De Jos,200.85,200.85,669.5,669.5,2678,133.9,200.85,669.5,200.85,200.85,669.5,669.5,2678,133.9,200.85,669.5
28941,Curatele,367.8,367.8,1226.0,1226.0,4904,245.2,367.8,1226.0,367.8,367.8,1226.0,1226.0,4904,245.2,367.8,1226.0
29001,Curtuiseni,600.45,600.45,2001.5,2001.5,8006,400.3,600.45,2001.5,600.45,600.45,2001.5,2001.5,8006,400.3,600.45,2001.5
29038,Derna,398.85,398.85,1329.5,1329.5,5318,265.9,398.85,1329.5,398.85,398.85,1329.5,1329.5,5318,265.9,398.85,1329.5
29092,Diosig,1060.05,1060.05,3533.5,3533.5,14134,706.7,1060.05,3533.5,1060.05,1060.05,3533.5,3533.5,14134,706.7,1060.05,3533.5
29154,Dobresti,818.4,818.4,2728.0,2728.0,10912,545.6,818.4,2728.0,818.4,818.4,2728.0,2728.0,10912,545.6,818.4,2728.0
29243,Draganesti,440.1,440.1,1467.0,1467.0,5868,293.4,440.1,1467.0,440.1,440.1,1467.0,1467.0,5868,293.4,440.1,1467.0
29341,Dragesti,391.05,391.05,1303.5,1303.5,5214,260.7,391.05,1303.5,391.05,391.05,1303.5,1303.5,5214,260.7,391.05,1303.5
29403,Finis,547.05,547.05,1823.5,1823.5,7294,364.7,547.05,1823.5,547.05,547.05,1823.5,1823.5,7294,364.7,547.05,1823.5
29467,Girisu De Cris,579.45,579.45,1931.5,1931.5,7726,386.3,579.45,1931.5,579.45,579.45,1931.5,1931.5,7726,386.3,579.45,1931.5
29519,Hidiselu De Sus,466.65,466.65,1555.5,1555.5,6222,311.1,466.65,1555.5,466.65,466.65,1555.5,1555.5,6222,311.1,466.65,1555.5
29573,Holod,481.05,481.05,1603.5,1603.5,6414,320.7,481.05,1603.5,481.05,481.05,1603.5,1603.5,6414,320.7,481.05,1603.5
29662,Husasau De Tinca,349.65,349.65,1165.5,1165.5,4662,233.1,349.65,1165.5,349.65,349.65,1165.5,1165.5,4662,233.1,349.65,1165.5
29724,Ineu,717.9,717.9,2393.0,2393.0,9572,478.6,717.9,2393.0,717.9,717.9,2393.0,2393.0,9572,478.6,717.9,2393.0
29760,Lazuri De Beius,237.0,237.0,790.0,790.0,3160,158.0,237.0,790.0,237.0,237.0,790.0,790.0,3160,158.0,237.0,790.0
29813,Lazareni,481.35,481.35,1604.5,1604.5,6418,320.9,481.35,1604.5,481.35,481.35,1604.5,1604.5,6418,320.9,481.35,1604.5
29902,Lugasu De Jos,547.95,547.95,1826.5,1826.5,7306,365.3,547.95,1826.5,547.95,547.95,1826.5,1826.5,7306,365.3,547.95,1826.5
29948,Lunca,411.6,411.6,1372.0,1372.0,5488,274.4,411.6,1372.0,411.6,411.6,1372.0,1372.0,5488,274.4,411.6,1372.0
30014,Madaras,420.0,420.0,1400.0,1400.0,5600,280.0,420.0,1400.0,420.0,420.0,1400.0,1400.0,5600,280.0,420.0,1400.0
30069,Magesti,408.45,408.45,1361.5,1361.5,5446,272.3,408.45,1361.5,408.45,408.45,1361.5,1361.5,5446,272.3,408.45,1361.5
30149,Nojorid,807.15,807.15,2690.5,2690.5,10762,538.1,807.15,2690.5,807.15,807.15,2690.5,2690.5,10762,538.1,807.15,2690.5
30229,Olcea,414.75,414.75,1382.5,1382.5,5530,276.5,414.75,1382.5,414.75,414.75,1382.5,1382.5,5530,276.5,414.75,1382.5
30274,Osorhei,1021.65,1021.65,3405.5,3405.5,13622,681.1,1021.65,3405.5,1021.65,1021.65,3405.5,3405.5,13622,681.1,1021.65,3405.5
30336,Pietroasa,477.6,477.6,1592.0,1592.0,6368,318.4,477.6,1592.0,477.6,477.6,1592.0,1592.0,6368,318.4,477.6,1592.0
30416,Pocola,218.85,218.85,729.5,729.5,2918,145.9,218.85,729.5,218.85,218.85,729.5,729.5,2918,145.9,218.85,729.5
30470,Pomezeu,420.0,420.0,1400.0,1400.0,5600,280.0,420.0,1400.0,420.0,420.0,1400.0,1400.0,5600,280.0,420.0,1400.0
30568,Popesti,1198.65,1198.65,3995.5,3995.5,15982,799.1,1198.65,3995.5,1198.65,1198.65,3995.5,3995.5,15982,799.1,1198.65,3995.5
30648,Rabagani,300.0,300.0,1000.0,1000.0,4000,200.0,300.0,1000.0,300.0,300.0,1000.0,1000.0,4000,200.0,300.0,1000.0
30719,Remetea,431.85,431.85,1439.5,1439.5,5758,287.9,431.85,1439.5,431.85,431.85,1439.5,1439.5,5758,287.9,431.85,1439.5
30773,Rieni,457.5,457.5,1525.0,1525.0,6100,305.0,457.5,1525.0,457.5,457.5,1525.0,1525.0,6100,305.0,457.5,1525.0
30844,Rosia,369.15,369.15,1230.5,1230.5,4922,246.1,369.15,1230.5,369.15,369.15,1230.5,1230.5,4922,246.1,369.15,1230.5
30871,Sacadat,270.0,270.0,900.0,900.0,3600,180.0,270.0,900.0,270.0,270.0,900.0,900.0,3600,180.0,270.0,900.0
30915,Oras Sacueni,1902.75,1902.75,6342.5,6342.5,25370,1268.5,1902.75,6342.5,1902.75,1902.75,6342.5,6342.5,25370,1268.5,1902.75,6342.5
30988,Salacea,466.65,466.65,1555.5,1555.5,6222,311.1,466.65,1555.5,466.65,466.65,1555.5,1555.5,6222,311.1,466.65,1555.5
31011,Salard,674.7,674.7,2249.0,2249.0,8996,449.8,674.7,2249.0,674.7,674.7,2249.0,2249.0,8996,449.8,674.7,2249.0
31057,Sambata,204.9,204.9,683.0,683.0,2732,136.6,204.9,683.0,204.9,204.9,683.0,683.0,2732,136.6,204.9,683.0
31128,Sarbi,374.25,374.25,1247.5,1247.5,4990,249.5,374.25,1247.5,374.25,374.25,1247.5,1247.5,4990,249.5,374.25,1247.5
31208,Spinus,174.9,174.9,583.0,583.0,2332,116.6,174.9,583.0,174.9,174.9,583.0,583.0,2332,116.6,174.9,583.0
31262,Suplacu De Barcau,683.55,683.55,2278.5,2278.5,9114,455.7,683.55,2278.5,683.55,683.55,2278.5,2278.5,9114,455.7,683.55,2278.5
31333,Simian,612.15,612.15,2040.5,2040.5,8162,408.1,612.15,2040.5,612.15,612.15,2040.5,2040.5,8162,408.1,612.15,2040.5
31379,Sinteu,169.65,169.65,565.5,565.5,2262,113.1,169.65,565.5,169.65,169.65,565.5,565.5,2262,113.1,169.65,565.5
31422,Soimi,379.35,379.35,1264.5,1264.5,5058,252.9,379.35,1264.5,379.35,379.35,1264.5,1264.5,5058,252.9,379.35,1264.5
31510,Suncuius,483.75,483.75,1612.5,1612.5,6450,322.5,483.75,1612.5,483.75,483.75,1612.5,1612.5,6450,322.5,483.75,1612.5
31565,Tarcea,412.2,412.2,1374.0,1374.0,5496,274.8,412.2,1374.0,412.2,412.2,1374.0,1374.0,5496,274.8,412.2,1374.0
31609,Tarcaia,309.0,309.0,1030.0,1030.0,4120,206.0,309.0,1030.0,309.0,309.0,1030.0,1030.0,4120,206.0,309.0,1030.0
31654,Tauteu,683.1,683.1,2277.0,2277.0,9108,455.4,683.1,2277.0,683.1,683.1,2277.0,2277.0,9108,455.4,683.1,2277.0
31716,Tileagd,1060.65,1060.65,3535.5,3535.5,14142,707.1,1060.65,3535.5,1060.65,1060.65,3535.5,3535.5,14142,707.1,1060.65,3535.5
31789,Tinca,1253.55,1253.55,4178.5,4178.5,16714,835.7,1253.55,4178.5,1253.55,1253.55,4178.5,4178.5,16714,835.7,1253.55,4178.5
31841,Tulca,409.65,409.65,1365.5,1365.5,5462,273.1,409.65,1365.5,409.65,409.65,1365.5,1365.5,5462,273.1,409.65,1365.5
31878,Tetchea,487.05,487.05,1623.5,1623.5,6494,324.7,487.05,1623.5,487.05,487.05,1623.5,1623.5,6494,324.7,487.05,1623.5
31921,Uileacu De Beius,308.4,308.4,1028.0,1028.0,4112,205.6,308.4,1028.0,308.4,308.4,1028.0,1028.0,4112,205.6,308.4,1028.0
31976,Vadu Crisului,606.9,606.9,2023.0,2023.0,8092,404.6,606.9,2023.0,606.9,606.9,2023.0,2023.0,8092,404.6,606.9,2023.0
32027,Oras Valea Lui Mihai,1657.95,1657.95,5526.5,5526.5,22106,1105.3,1657.95,5526.5,1657.95,1657.95,5526.5,5526.5,22106,1105.3,1657.95,5526.5
32045,Viisoara,199.35,199.35,664.5,664.5,2658,132.9,199.35,664.5,199.35,199.35,664.5,664.5,2658,132.9,199.35,664.5
32090,Varciorog,314.1,314.1,1047.0,1047.0,4188,209.4,314.1,1047.0,314.1,314.1,1047.0,1047.0,4188,209.4,314.1,1047.0
32153,Tamaseu,309.6,309.6,1032.0,1032.0,4128,206.4,309.6,1032.0,309.6,309.6,1032.0,1032.0,4128,206.4,309.6,1032.0
32161,Paleu,418.2,418.2,1394.0,1394.0,5576,278.8,418.2,1394.0,418.2,418.2,1394.0,1394.0,5576,278.8,418.2,1394.0
32179,Sannicolau Roman,339.9,339.9,1133.0,1133.0,4532,226.6,339.9,1133.0,339.9,339.9,1133.0,1133.0,4532,226.6,339.9,1133.0
32187,Rosiori,453.45,453.45,1511.5,1511.5,6046,302.3,453.45,1511.5,453.45,453.45,1511.5,1511.5,6046,302.3,453.45,1511.5
32195,Gepiu,277.95,277.95,926.5,926.5,3706,185.3,277.95,926.5,277.95,277.95,926.5,926.5,3706,185.3,277.95,926.5
32201,Toboliu,314.4,314.4,1048.0,1048.0,4192,209.6,314.4,1048.0,314.4,314.4,1048.0,1048.0,4192,209.6,314.4,1048.0
32394,Municipiul Bistrita,14012.25,14012.25,46707.5,46707.5,186830,9341.5,14012.25,46707.5,14012.25,14012.25,46707.5,46707.5,186830,9341.5,14012.25,46707.5
32483,Oras Beclean,1850.25,1850.25,6167.5,6167.5,24670,1233.5,1850.25,6167.5,1850.25,1850.25,6167.5,6167.5,24670,1233.5,1850.25,6167.5
32544,Oras Nasaud,1770.75,1770.75,5902.5,5902.5,23610,1180.5,1770.75,5902.5,1770.75,1770.75,5902.5,5902.5,23610,1180.5,1770.75,5902.5
32599,Oras Sangeorz-Bai,1752.3,1752.3,5841.0,5841.0,23364,1168.2,1752.3,5841.0,1752.3,1752.3,5841.0,5841.0,23364,1168.2,1752.3,5841.0
32633,Bistrita Bargaului,667.95,667.95,2226.5,2226.5,8906,445.3,667.95,2226.5,667.95,667.95,2226.5,2226.5,8906,445.3,667.95,2226.5
32660,Branistea,474.0,474.0,1580.0,1580.0,6320,316.0,474.0,1580.0,474.0,474.0,1580.0,1580.0,6320,316.0,474.0,1580.0
32704,Budacu De Jos,488.55,488.55,1628.5,1628.5,6514,325.7,488.55,1628.5,488.55,488.55,1628.5,1628.5,6514,325.7,488.55,1628.5
32768,Budesti,294.15,294.15,980.5,980.5,3922,196.1,294.15,980.5,294.15,294.15,980.5,980.5,3922,196.1,294.15,980.5
32811,Caianu Mic,647.4,647.4,2158.0,2158.0,8632,431.6,647.4,2158.0,647.4,647.4,2158.0,2158.0,8632,431.6,647.4,2158.0
32884,Cetate,434.25,434.25,1447.5,1447.5,5790,289.5,434.25,1447.5,434.25,434.25,1447.5,1447.5,5790,289.5,434.25,1447.5
32955,Ciceu-Giurgesti,235.65,235.65,785.5,785.5,3142,157.1,235.65,785.5,235.65,235.65,785.5,785.5,3142,157.1,235.65,785.5
33015,Chiochis,441.0,441.0,1470.0,1470.0,5880,294.0,441.0,1470.0,441.0,441.0,1470.0,1470.0,5880,294.0,441.0,1470.0
33122,Chiuza,333.45,333.45,1111.5,1111.5,4446,222.3,333.45,1111.5,333.45,333.45,1111.5,1111.5,4446,222.3,333.45,1111.5
33177,Cosbuc,305.1,305.1,1017.0,1017.0,4068,203.4,305.1,1017.0,305.1,305.1,1017.0,1017.0,4068,203.4,305.1,1017.0
33202,Dumitra,817.95,817.95,2726.5,2726.5,10906,545.3,817.95,2726.5,817.95,817.95,2726.5,2726.5,10906,545.3,817.95,2726.5
33248,Feldru,1194.6,1194.6,3982.0,3982.0,15928,796.4,1194.6,3982.0,1194.6,1194.6,3982.0,3982.0,15928,796.4,1194.6,3982.0
33275,Galatii Bistritei,378.6,378.6,1262.0,1262.0,5048,252.4,378.6,1262.0,378.6,378.6,1262.0,1262.0,5048,252.4,378.6,1262.0
33337,Ilva Mare,378.0,378.0,1260.0,1260.0,5040,252.0,378.0,1260.0,378.0,378.0,1260.0,1260.0,5040,252.0,378.0,1260.0
33364,Ilva Mica,524.85,524.85,1749.5,1749.5,6998,349.9,524.85,1749.5,524.85,524.85,1749.5,1749.5,6998,349.9,524.85,1749.5
33382,Josenii Bargaului,805.2,805.2,2684.0,2684.0,10736,536.8,805.2,2684.0,805.2,805.2,2684.0,2684.0,10736,536.8,805.2,2684.0
33435,Lechinta,938.1,938.1,3127.0,3127.0,12508,625.4,938.1,3127.0,938.1,938.1,3127.0,3127.0,12508,625.4,938.1,3127.0
33514,Lesu,442.05,442.05,1473.5,1473.5,5894,294.7,442.05,1473.5,442.05,442.05,1473.5,1473.5,5894,294.7,442.05,1473.5
33541,Livezile,765.15,765.15,2550.5,2550.5,10202,510.1,765.15,2550.5,765.15,765.15,2550.5,2550.5,10202,510.1,765.15,2550.5
33603,Lunca Ilvei,500.55,500.55,1668.5,1668.5,6674,333.7,500.55,1668.5,500.55,500.55,1668.5,1668.5,6674,333.7,500.55,1668.5
33621,Maieru,1216.5,1216.5,4055.0,4055.0,16220,811.0,1216.5,4055.0,1216.5,1216.5,4055.0,4055.0,16220,811.0,1216.5,4055.0
33658,Matei,393.15,393.15,1310.5,1310.5,5242,262.1,393.15,1310.5,393.15,393.15,1310.5,1310.5,5242,262.1,393.15,1310.5
33729,Magura Ilvei,326.55,326.55,1088.5,1088.5,4354,217.7,326.55,1088.5,326.55,326.55,1088.5,1088.5,4354,217.7,326.55,1088.5
33765,Mariselu,386.1,386.1,1287.0,1287.0,5148,257.4,386.1,1287.0,386.1,386.1,1287.0,1287.0,5148,257.4,386.1,1287.0
33845,Micestii De Campie,170.1,170.1,567.0,567.0,2268,113.4,170.1,567.0,170.1,170.1,567.0,567.0,2268,113.4,170.1,567.0
33881,Milas,192.6,192.6,642.0,642.0,2568,128.4,192.6,642.0,192.6,192.6,642.0,642.0,2568,128.4,192.6,642.0
33952,Monor,213.15,213.15,710.5,710.5,2842,142.1,213.15,710.5,213.15,213.15,710.5,710.5,2842,142.1,213.15,710.5
33989,Nimigea,813.15,813.15,2710.5,2710.5,10842,542.1,813.15,2710.5,813.15,813.15,2710.5,2710.5,10842,542.1,813.15,2710.5
34075,Nuseni,428.55,428.55,1428.5,1428.5,5714,285.7,428.55,1428.5,428.55,428.55,1428.5,1428.5,5714,285.7,428.55,1428.5
34155,Parva,389.1,389.1,1297.0,1297.0,5188,259.4,389.1,1297.0,389.1,389.1,1297.0,1297.0,5188,259.4,389.1,1297.0
34173,Petru Rares,573.45,573.45,1911.5,1911.5,7646,382.3,573.45,1911.5,573.45,573.45,1911.5,1911.5,7646,382.3,573.45,1911.5
34235,Prundu Bargaului,968.25,968.25,3227.5,3227.5,12910,645.5,968.25,3227.5,968.25,968.25,3227.5,3227.5,12910,645.5,968.25,3227.5
34262,Rebra,415.35,415.35,1384.5,1384.5,5538,276.9,415.35,1384.5,415.35,415.35,1384.5,1384.5,5538,276.9,415.35,1384.5
34280,Rebrisoara,745.2,745.2,2484.0,2484.0,9936,496.8,745.2,2484.0,745.2,745.2,2484.0,2484.0,9936,496.8,745.2,2484.0
34333,Rodna,967.35,967.35,3224.5,3224.5,12898,644.9,967.35,3224.5,967.35,967.35,3224.5,3224.5,12898,644.9,967.35,3224.5
34360,Romuli,269.7,269.7,899.0,899.0,3596,179.8,269.7,899.0,269.7,269.7,899.0,899.0,3596,179.8,269.7,899.0
34397,Salva,424.65,424.65,1415.5,1415.5,5662,283.1,424.65,1415.5,424.65,424.65,1415.5,1415.5,5662,283.1,424.65,1415.5
34422,Silivasu De Campie,152.25,152.25,507.5,507.5,2030,101.5,152.25,507.5,152.25,152.25,507.5,507.5,2030,101.5,152.25,507.5
34477,Sanmihaiu De Campie,213.0,213.0,710.0,710.0,2840,142.0,213.0,710.0,213.0,213.0,710.0,710.0,2840,142.0,213.0,710.0
34547,Spermezeu,566.25,566.25,1887.5,1887.5,7550,377.5,566.25,1887.5,566.25,566.25,1887.5,1887.5,7550,377.5,566.25,1887.5
34618,Sant,526.35,526.35,1754.5,1754.5,7018,350.9,526.35,1754.5,526.35,526.35,1754.5,1754.5,7018,350.9,526.35,1754.5
34645,Sieu,449.1,449.1,1497.0,1497.0,5988,299.4,449.1,1497.0,449.1,449.1,1497.0,1497.0,5988,299.4,449.1,1497.0
34690,Sieu-Magherus,680.55,680.55,2268.5,2268.5,9074,453.7,680.55,2268.5,680.55,680.55,2268.5,2268.5,9074,453.7,680.55,2268.5
34770,Sieu-Odorhei,355.05,355.05,1183.5,1183.5,4734,236.7,355.05,1183.5,355.05,355.05,1183.5,1183.5,4734,236.7,355.05,1183.5
34850,Sieut,397.65,397.65,1325.5,1325.5,5302,265.1,397.65,1325.5,397.65,397.65,1325.5,1325.5,5302,265.1,397.65,1325.5
34903,Sintereag,551.1,551.1,1837.0,1837.0,7348,367.4,551.1,1837.0,551.1,551.1,1837.0,1837.0,7348,367.4,551.1,1837.0
34985,Teaca,882.45,882.45,2941.5,2941.5,11766,588.3,882.45,2941.5,882.45,882.45,2941.5,2941.5,11766,588.3,882.45,2941.5
35054,Telciu,918.0,918.0,3060.0,3060.0,12240,612.0,918.0,3060.0,918.0,918.0,3060.0,3060.0,12240,612.0,918.0,3060.0
35090,Tiha Bargaului,996.6,996.6,3322.0,3322.0,13288,664.4,996.6,3322.0,996.6,996.6,3322.0,3322.0,13288,664.4,996.6,3322.0
35152,Tarlisua,521.25,521.25,1737.5,1737.5,6950,347.5,521.25,1737.5,521.25,521.25,1737.5,1737.5,6950,347.5,521.25,1737.5
35269,Uriu,557.25,557.25,1857.5,1857.5,7430,371.5,557.25,1857.5,557.25,557.25,1857.5,1857.5,7430,371.5,557.25,1857.5
35312,Urmenis,293.1,293.1,977.0,977.0,3908,195.4,293.1,977.0,293.1,293.1,977.0,977.0,3908,195.4,293.1,977.0
35429,Zagra,541.35,541.35,1804.5,1804.5,7218,360.9,541.35,1804.5,541.35,541.35,1804.5,1804.5,7218,360.9,541.35,1804.5
35731,Municipiul Botosani,18364.95,18364.95,61216.5,61216.5,244866,12243.3,18364.95,61216.5,18364.95,18364.95,61216.5,61216.5,244866,12243.3,18364.95,61216.5
35759,Curtesti,807.6,807.6,2692.0,2692.0,10768,538.4,807.6,2692.0,807.6,807.6,2692.0,2692.0,10768,538.4,807.6,2692.0
35839,Rachiti,730.2,730.2,2434.0,2434.0,9736,486.8,730.2,2434.0,730.2,730.2,2434.0,2434.0,9736,486.8,730.2,2434.0
35884,Stauceni,545.7,545.7,1819.0,1819.0,7276,363.8,545.7,1819.0,545.7,545.7,1819.0,1819.0,7276,363.8,545.7,1819.0
35946,Oras Darabani,1918.8,1918.8,6396.0,6396.0,25584,1279.2,1918.8,6396.0,1918.8,1918.8,6396.0,6396.0,25584,1279.2,1918.8,6396.0
36006,Municipiul Dorohoi,4701.15,4701.15,15670.5,15670.5,62682,3134.1,4701.15,15670.5,4701.15,4701.15,15670.5,15670.5,62682,3134.1,4701.15,15670.5
36060,Oras Saveni,1215.45,1215.45,4051.5,4051.5,16206,810.3,1215.45,4051.5,1215.45,1215.45,4051.5,4051.5,16206,810.3,1215.45,4051.5
36131,Albesti,1045.2,1045.2,3484.0,3484.0,13936,696.8,1045.2,3484.0,1045.2,1045.2,3484.0,3484.0,13936,696.8,1045.2,3484.0
36202,Avrameni,582.15,582.15,1940.5,1940.5,7762,388.1,582.15,1940.5,582.15,582.15,1940.5,1940.5,7762,388.1,582.15,1940.5
36300,Baluseni,760.5,760.5,2535.0,2535.0,10140,507.0,760.5,2535.0,760.5,760.5,2535.0,2535.0,10140,507.0,760.5,2535.0
36373,Braesti,317.4,317.4,1058.0,1058.0,4232,211.6,317.4,1058.0,317.4,317.4,1058.0,1058.0,4232,211.6,317.4,1058.0
36426,Broscauti,524.55,524.55,1748.5,1748.5,6994,349.7,524.55,1748.5,524.55,524.55,1748.5,1748.5,6994,349.7,524.55,1748.5
36453,Oras Bucecea,812.7,812.7,2709.0,2709.0,10836,541.8,812.7,2709.0,812.7,812.7,2709.0,2709.0,10836,541.8,812.7,2709.0
36499,Calarasi,543.15,543.15,1810.5,1810.5,7242,362.1,543.15,1810.5,543.15,543.15,1810.5,1810.5,7242,362.1,543.15,1810.5
36532,Concesti,283.65,283.65,945.5,945.5,3782,189.1,283.65,945.5,283.65,283.65,945.5,945.5,3782,189.1,283.65,945.5
36569,Copalau,657.45,657.45,2191.5,2191.5,8766,438.3,657.45,2191.5,657.45,657.45,2191.5,2191.5,8766,438.3,657.45,2191.5
36649,Cordareni,277.65,277.65,925.5,925.5,3702,185.1,277.65,925.5,277.65,277.65,925.5,925.5,3702,185.1,277.65,925.5
36676,Corlateni,329.1,329.1,1097.0,1097.0,4388,219.4,329.1,1097.0,329.1,329.1,1097.0,1097.0,4388,219.4,329.1,1097.0
36756,Corni,1014.15,1014.15,3380.5,3380.5,13522,676.1,1014.15,3380.5,1014.15,1014.15,3380.5,3380.5,13522,676.1,1014.15,3380.5
36809,Cotusca,739.8,739.8,2466.0,2466.0,9864,493.2,739.8,2466.0,739.8,739.8,2466.0,2466.0,9864,493.2,739.8,2466.0
36907,Cristesti,742.2,742.2,2474.0,2474.0,9896,494.8,742.2,2474.0,742.2,742.2,2474.0,2474.0,9896,494.8,742.2,2474.0
36952,Cristinesti,592.05,592.05,1973.5,1973.5,7894,394.7,592.05,1973.5,592.05,592.05,1973.5,1973.5,7894,394.7,592.05,1973.5
37011,Dersca,484.65,484.65,1615.5,1615.5,6462,323.1,484.65,1615.5,484.65,484.65,1615.5,1615.5,6462,323.1,484.65,1615.5
37057,Dangeni,455.85,455.85,1519.5,1519.5,6078,303.9,455.85,1519.5,455.85,455.85,1519.5,1519.5,6078,303.9,455.85,1519.5
37100,Dobarceni,396.45,396.45,1321.5,1321.5,5286,264.3,396.45,1321.5,396.45,396.45,1321.5,1321.5,5286,264.3,396.45,1321.5
37173,Draguseni,403.65,403.65,1345.5,1345.5,5382,269.1,403.65,1345.5,403.65,403.65,1345.5,1345.5,5382,269.1,403.65,1345.5
37217,Durnesti,608.25,608.25,2027.5,2027.5,8110,405.5,608.25,2027.5,608.25,608.25,2027.5,2027.5,8110,405.5,608.25,2027.5
37280,Oras Flamanzi,1791.45,1791.45,5971.5,5971.5,23886,1194.3,1791.45,5971.5,1791.45,1791.45,5971.5,5971.5,23886,1194.3,1791.45,5971.5
37324,Frumusica,914.4,914.4,3048.0,3048.0,12192,609.6,914.4,3048.0,914.4,914.4,3048.0,3048.0,12192,609.6,914.4,3048.0
37397,George Enescu,488.4,488.4,1628.0,1628.0,6512,325.6,488.4,1628.0,488.4,488.4,1628.0,1628.0,6512,325.6,488.4,1628.0
37459,Gorbanesti,530.1,530.1,1767.0,1767.0,7068,353.4,530.1,1767.0,530.1,530.1,1767.0,1767.0,7068,353.4,530.1,1767.0
37547,Havarna,698.85,698.85,2329.5,2329.5,9318,465.9,698.85,2329.5,698.85,698.85,2329.5,2329.5,9318,465.9,698.85,2329.5
37618,Hanesti,329.55,329.55,1098.5,1098.5,4394,219.7,329.55,1098.5,329.55,329.55,1098.5,1098.5,4394,219.7,329.55,1098.5
37672,Hiliseu-Horia,540.3,540.3,1801.0,1801.0,7204,360.2,540.3,1801.0,540.3,540.3,1801.0,1801.0,7204,360.2,540.3,1801.0
37734,Hlipiceni,551.1,551.1,1837.0,1837.0,7348,367.4,551.1,1837.0,551.1,551.1,1837.0,1837.0,7348,367.4,551.1,1837.0
37770,Hudesti,942.3,942.3,3141.0,3141.0,12564,628.2,942.3,3141.0,942.3,942.3,3141.0,3141.0,12564,628.2,942.3,3141.0
37823,Ibanesti,596.4,596.4,1988.0,1988.0,7952,397.6,596.4,1988.0,596.4,596.4,1988.0,1988.0,7952,397.6,596.4,1988.0
37850,Leorda,383.4,383.4,1278.0,1278.0,5112,255.6,383.4,1278.0,383.4,383.4,1278.0,1278.0,5112,255.6,383.4,1278.0
37912,Lunca,656.25,656.25,2187.5,2187.5,8750,437.5,656.25,2187.5,656.25,656.25,2187.5,2187.5,8750,437.5,656.25,2187.5
37958,Manoleasa,511.05,511.05,1703.5,1703.5,6814,340.7,511.05,1703.5,511.05,511.05,1703.5,1703.5,6814,340.7,511.05,1703.5
38063,Mihai Eminescu,1182.15,1182.15,3940.5,3940.5,15762,788.1,1182.15,3940.5,1182.15,1182.15,3940.5,3940.5,15762,788.1,1182.15,3940.5
38161,Mihaileni,399.0,399.0,1330.0,1330.0,5320,266.0,399.0,1330.0,399.0,399.0,1330.0,1330.0,5320,266.0,399.0,1330.0
38241,Mihalaseni,345.15,345.15,1150.5,1150.5,4602,230.1,345.15,1150.5,345.15,345.15,1150.5,1150.5,4602,230.1,345.15,1150.5
38321,Mileanca,417.15,417.15,1390.5,1390.5,5562,278.1,417.15,1390.5,417.15,417.15,1390.5,1390.5,5562,278.1,417.15,1390.5
38376,Mitoc,285.75,285.75,952.5,952.5,3810,190.5,285.75,952.5,285.75,285.75,952.5,952.5,3810,190.5,285.75,952.5
38456,Nicseni,402.75,402.75,1342.5,1342.5,5370,268.5,402.75,1342.5,402.75,402.75,1342.5,1342.5,5370,268.5,402.75,1342.5
38492,Paltinis,458.7,458.7,1529.0,1529.0,6116,305.8,458.7,1529.0,458.7,458.7,1529.0,1529.0,6116,305.8,458.7,1529.0
38544,Pomarla,404.25,404.25,1347.5,1347.5,5390,269.5,404.25,1347.5,404.25,404.25,1347.5,1347.5,5390,269.5,404.25,1347.5
38580,Prajeni,515.85,515.85,1719.5,1719.5,6878,343.9,515.85,1719.5,515.85,515.85,1719.5,1719.5,6878,343.9,515.85,1719.5
38633,Radauti-Prut,548.1,548.1,1827.0,1827.0,7308,365.4,548.1,1827.0,548.1,548.1,1827.0,1827.0,7308,365.4,548.1,1827.0
38679,Rauseni,412.5,412.5,1375.0,1375.0,5500,275.0,412.5,1375.0,412.5,412.5,1375.0,1375.0,5500,275.0,412.5,1375.0
38731,Ripiceni,311.1,311.1,1037.0,1037.0,4148,207.4,311.1,1037.0,311.1,311.1,1037.0,1037.0,4148,207.4,311.1,1037.0
38811,Roma,513.15,513.15,1710.5,1710.5,6842,342.1,513.15,1710.5,513.15,513.15,1710.5,1710.5,6842,342.1,513.15,1710.5
38848,Romanesti,317.1,317.1,1057.0,1057.0,4228,211.4,317.1,1057.0,317.1,317.1,1057.0,1057.0,4228,211.4,317.1,1057.0
38893,Santa Mare,422.85,422.85,1409.5,1409.5,5638,281.9,422.85,1409.5,422.85,422.85,1409.5,1409.5,5638,281.9,422.85,1409.5
38982,Suharau,709.35,709.35,2364.5,2364.5,9458,472.9,709.35,2364.5,709.35,709.35,2364.5,2364.5,9458,472.9,709.35,2364.5
39051,Sulita,469.95,469.95,1566.5,1566.5,6266,313.3,469.95,1566.5,469.95,469.95,1566.5,1566.5,6266,313.3,469.95,1566.5
39122,Sendriceni,631.65,631.65,2105.5,2105.5,8422,421.1,631.65,2105.5,631.65,631.65,2105.5,2105.5,8422,421.1,631.65,2105.5
39168,Oras Stefanesti,883.05,883.05,2943.5,2943.5,11774,588.7,883.05,2943.5,883.05,883.05,2943.5,2943.5,11774,588.7,883.05,2943.5
39220,Stiubieni,420.3,420.3,1401.0,1401.0,5604,280.2,420.3,1401.0,420.3,420.3,1401.0,1401.0,5604,280.2,420.3,1401.0
39266,Todireni,545.25,545.25,1817.5,1817.5,7270,363.5,545.25,1817.5,545.25,545.25,1817.5,1817.5,7270,363.5,545.25,1817.5
39328,Trusesti,834.6,834.6,2782.0,2782.0,11128,556.4,834.6,2782.0,834.6,834.6,2782.0,2782.0,11128,556.4,834.6,2782.0
39391,Tudora,776.85,776.85,2589.5,2589.5,10358,517.9,776.85,2589.5,776.85,776.85,2589.5,2589.5,10358,517.9,776.85,2589.5
39417,Ungureni,1007.85,1007.85,3359.5,3359.5,13438,671.9,1007.85,3359.5,1007.85,1007.85,3359.5,3359.5,13438,671.9,1007.85,3359.5
39532,Unteni,431.4,431.4,1438.0,1438.0,5752,287.6,431.4,1438.0,431.4,431.4,1438.0,1438.0,5752,287.6,431.4,1438.0
39612,Vaculesti,307.95,307.95,1026.5,1026.5,4106,205.3,307.95,1026.5,307.95,307.95,1026.5,1026.5,4106,205.3,307.95,1026.5
39658,Viisoara,300.75,300.75,1002.5,1002.5,4010,200.5,300.75,1002.5,300.75,300.75,1002.5,1002.5,4010,200.5,300.75,1002.5
39694,Varfu Campului,516.45,516.45,1721.5,1721.5,6886,344.3,516.45,1721.5,516.45,516.45,1721.5,1721.5,6886,344.3,516.45,1721.5
39738,Vladeni,747.6,747.6,2492.0,2492.0,9968,498.4,747.6,2492.0,747.6,747.6,2492.0,2492.0,9968,498.4,747.6,2492.0
39792,Vlasinesti,448.65,448.65,1495.5,1495.5,5982,299.1,448.65,1495.5,448.65,448.65,1495.5,1495.5,5982,299.1,448.65,1495.5
39836,Vorniceni,665.85,665.85,2219.5,2219.5,8878,443.9,665.85,2219.5,665.85,665.85,2219.5,2219.5,8878,443.9,665.85,2219.5
39872,Vorona,1192.05,1192.05,3973.5,3973.5,15894,794.7,1192.05,3973.5,1192.05,1192.05,3973.5,3973.5,15894,794.7,1192.05,3973.5
39942,Lozna,310.95,310.95,1036.5,1036.5,4146,207.3,310.95,1036.5,310.95,310.95,1036.5,1036.5,4146,207.3,310.95,1036.5
39959,Dimacheni,214.35,214.35,714.5,714.5,2858,142.9,214.35,714.5,214.35,214.35,714.5,714.5,2858,142.9,214.35,714.5
39967,Candesti,315.15,315.15,1050.5,1050.5,4202,210.1,315.15,1050.5,315.15,315.15,1050.5,1050.5,4202,210.1,315.15,1050.5
39975,Cosula,471.9,471.9,1573.0,1573.0,6292,314.6,471.9,1573.0,471.9,471.9,1573.0,1573.0,6292,314.6,471.9,1573.0
39983,Blandesti,314.85,314.85,1049.5,1049.5,4198,209.9,314.85,1049.5,314.85,314.85,1049.5,1049.5,4198,209.9,314.85,1049.5
40035,Adaseni,220.35,220.35,734.5,734.5,2938,146.9,220.35,734.5,220.35,220.35,734.5,734.5,2938,146.9,220.35,734.5
40198,Municipiul Brasov,43643.25,43643.25,145477.5,145477.5,581910,29095.5,43643.25,145477.5,43643.25,43643.25,145477.5,145477.5,581910,29095.5,43643.25,145477.5
40214,Oras Ghimbav,896.7,896.7,2989.0,2989.0,11956,597.8,896.7,2989.0,896.7,896.7,2989.0,2989.0,11956,597.8,896.7,2989.0
40241,Municipiul Codlea,3913.5,3913.5,13045.0,13045.0,52180,2609.0,3913.5,13045.0,3913.5,3913.5,13045.0,13045.0,52180,2609.0,3913.5,13045.0
40278,Municipiul Fagaras,5998.5,5998.5,19995.0,19995.0,79980,3999.0,5998.5,19995.0,5998.5,5998.5,19995.0,19995.0,79980,3999.0,5998.5,19995.0
40303,Oras Predeal,776.55,776.55,2588.5,2588.5,10354,517.7,776.55,2588.5,776.55,776.55,2588.5,2588.5,10354,517.7,776.55,2588.5
40367,Oras Rasnov,2657.25,2657.25,8857.5,8857.5,35430,1771.5,2657.25,8857.5,2657.25,2657.25,8857.5,8857.5,35430,1771.5,2657.25,8857.5
40394,Oras Rupea,925.35,925.35,3084.5,3084.5,12338,616.9,925.35,3084.5,925.35,925.35,3084.5,3084.5,12338,616.9,925.35,3084.5
40438,Municipiul Sacele,5408.85,5408.85,18029.5,18029.5,72118,3605.9,5408.85,18029.5,5408.85,5408.85,18029.5,18029.5,72118,3605.9,5408.85,18029.5
40465,Oras Victoria,1326.45,1326.45,4421.5,4421.5,17686,884.3,1326.45,4421.5,1326.45,1326.45,4421.5,4421.5,17686,884.3,1326.45,4421.5
40492,Oras Zarnesti,3994.8,3994.8,13316.0,13316.0,53264,2663.2,3994.8,13316.0,3994.8,3994.8,13316.0,13316.0,53264,2663.2,3994.8,13316.0
40526,Apata,532.5,532.5,1775.0,1775.0,7100,355.0,532.5,1775.0,532.5,532.5,1775.0,1775.0,7100,355.0,532.5,1775.0
40544,Beclean,256.35,256.35,854.5,854.5,3418,170.9,256.35,854.5,256.35,256.35,854.5,854.5,3418,170.9,256.35,854.5
40606,Bod,707.55,707.55,2358.5,2358.5,9434,471.7,707.55,2358.5,707.55,707.55,2358.5,2358.5,9434,471.7,707.55,2358.5
40633,Bran,796.5,796.5,2655.0,2655.0,10620,531.0,796.5,2655.0,796.5,796.5,2655.0,2655.0,10620,531.0,796.5,2655.0
40688,Budila,692.1,692.1,2307.0,2307.0,9228,461.4,692.1,2307.0,692.1,692.1,2307.0,2307.0,9228,461.4,692.1,2307.0
40704,Bunesti,403.05,403.05,1343.5,1343.5,5374,268.7,403.05,1343.5,403.05,403.05,1343.5,1343.5,5374,268.7,403.05,1343.5
40768,Cata,414.9,414.9,1383.0,1383.0,5532,276.6,414.9,1383.0,414.9,414.9,1383.0,1383.0,5532,276.6,414.9,1383.0
40820,Cincu,299.55,299.55,998.5,998.5,3994,199.7,299.55,998.5,299.55,299.55,998.5,998.5,3994,199.7,299.55,998.5
40857,Comana,460.95,460.95,1536.5,1536.5,6146,307.3,460.95,1536.5,460.95,460.95,1536.5,1536.5,6146,307.3,460.95,1536.5
40900,Cristian,752.25,752.25,2507.5,2507.5,10030,501.5,752.25,2507.5,752.25,752.25,2507.5,2507.5,10030,501.5,752.25,2507.5
40928,Dumbravita,780.0,780.0,2600.0,2600.0,10400,520.0,780.0,2600.0,780.0,780.0,2600.0,2600.0,10400,520.0,780.0,2600.0
40955,Feldioara,1112.1,1112.1,3707.0,3707.0,14828,741.4,1112.1,3707.0,1112.1,1112.1,3707.0,3707.0,14828,741.4,1112.1,3707.0
40991,Fundata,117.75,117.75,392.5,392.5,1570,78.5,117.75,392.5,117.75,117.75,392.5,392.5,1570,78.5,117.75,392.5
41033,Halchiu,720.9,720.9,2403.0,2403.0,9612,480.6,720.9,2403.0,720.9,720.9,2403.0,2403.0,9612,480.6,720.9,2403.0
41088,Harman,930.45,930.45,3101.5,3101.5,12406,620.3,930.45,3101.5,930.45,930.45,3101.5,3101.5,12406,620.3,930.45,3101.5
41113,Harseni,338.85,338.85,1129.5,1129.5,4518,225.9,338.85,1129.5,338.85,338.85,1129.5,1129.5,4518,225.9,338.85,1129.5
41177,Hoghiz,783.75,783.75,2612.5,2612.5,10450,522.5,783.75,2612.5,783.75,783.75,2612.5,2612.5,10450,522.5,783.75,2612.5
41248,Homorod,388.5,388.5,1295.0,1295.0,5180,259.0,388.5,1295.0,388.5,388.5,1295.0,1295.0,5180,259.0,388.5,1295.0
41284,Jibert,410.25,410.25,1367.5,1367.5,5470,273.5,410.25,1367.5,410.25,410.25,1367.5,1367.5,5470,273.5,410.25,1367.5
41346,Lisa,271.35,271.35,904.5,904.5,3618,180.9,271.35,904.5,271.35,271.35,904.5,904.5,3618,180.9,271.35,904.5
41382,Maierus,481.65,481.65,1605.5,1605.5,6422,321.1,481.65,1605.5,481.65,481.65,1605.5,1605.5,6422,321.1,481.65,1605.5
41417,Mandra,444.3,444.3,1481.0,1481.0,5924,296.2,444.3,1481.0,444.3,444.3,1481.0,1481.0,5924,296.2,444.3,1481.0
41471,Moieciu,700.8,700.8,2336.0,2336.0,9344,467.2,700.8,2336.0,700.8,700.8,2336.0,2336.0,9344,467.2,700.8,2336.0
41541,Ormenis,316.8,316.8,1056.0,1056.0,4224,211.2,316.8,1056.0,316.8,316.8,1056.0,1056.0,4224,211.2,316.8,1056.0
41578,Parau,332.7,332.7,1109.0,1109.0,4436,221.8,332.7,1109.0,332.7,332.7,1109.0,1109.0,4436,221.8,332.7,1109.0
41621,Poiana Marului,505.35,505.35,1684.5,1684.5,6738,336.9,505.35,1684.5,505.35,505.35,1684.5,1684.5,6738,336.9,505.35,1684.5
41667,Prejmer,1443.0,1443.0,4810.0,4810.0,19240,962.0,1443.0,4810.0,1443.0,1443.0,4810.0,4810.0,19240,962.0,1443.0,4810.0
41701,Racos,525.0,525.0,1750.0,1750.0,7000,350.0,525.0,1750.0,525.0,525.0,1750.0,1750.0,7000,350.0,525.0,1750.0
41738,Recea,487.2,487.2,1624.0,1624.0,6496,324.8,487.2,1624.0,487.2,487.2,1624.0,1624.0,6496,324.8,487.2,1624.0
41818,Sercaia,438.6,438.6,1462.0,1462.0,5848,292.4,438.6,1462.0,438.6,438.6,1462.0,1462.0,5848,292.4,438.6,1462.0
41854,Sinca,549.9,549.9,1833.0,1833.0,7332,366.6,549.9,1833.0,549.9,549.9,1833.0,1833.0,7332,366.6,549.9,1833.0
41925,Sanpetru,864.15,864.15,2880.5,2880.5,11522,576.1,864.15,2880.5,864.15,864.15,2880.5,2880.5,11522,576.1,864.15,2880.5
41943,Soars,322.95,322.95,1076.5,1076.5,4306,215.3,322.95,1076.5,322.95,322.95,1076.5,1076.5,4306,215.3,322.95,1076.5
42003,Tarlungeni,1394.55,1394.55,4648.5,4648.5,18594,929.7,1394.55,4648.5,1394.55,1394.55,4648.5,4648.5,18594,929.7,1394.55,4648.5
42058,Teliu,668.7,668.7,2229.0,2229.0,8916,445.8,668.7,2229.0,668.7,668.7,2229.0,2229.0,8916,445.8,668.7,2229.0
42076,Ticusu,161.4,161.4,538.0,538.0,2152,107.6,161.4,538.0,161.4,161.4,538.0,538.0,2152,107.6,161.4,538.0
42101,Ucea,354.0,354.0,1180.0,1180.0,4720,236.0,354.0,1180.0,354.0,354.0,1180.0,1180.0,4720,236.0,354.0,1180.0
42156,Ungra,342.6,342.6,1142.0,1142.0,4568,228.4,342.6,1142.0,342.6,342.6,1142.0,1142.0,4568,228.4,342.6,1142.0
42183,Vama Buzaului,532.05,532.05,1773.5,1773.5,7094,354.7,532.05,1773.5,532.05,532.05,1773.5,1773.5,7094,354.7,532.05,1773.5
42236,Vistea,333.15,333.15,1110.5,1110.5,4442,222.1,333.15,1110.5,333.15,333.15,1110.5,1110.5,4442,222.1,333.15,1110.5
42307,Voila,472.8,472.8,1576.0,1576.0,6304,315.2,472.8,1576.0,472.8,472.8,1576.0,1576.0,6304,315.2,472.8,1576.0
42398,Vulcan,751.05,751.05,2503.5,2503.5,10014,500.7,751.05,2503.5,751.05,751.05,2503.5,2503.5,10014,500.7,751.05,2503.5
42449,Sinca Noua,239.4,239.4,798.0,798.0,3192,159.6,239.4,798.0,239.4,239.4,798.0,798.0,3192,159.6,239.4,798.0
42456,Crizbav,418.5,418.5,1395.0,1395.0,5580,279.0,418.5,1395.0,418.5,418.5,1395.0,1395.0,5580,279.0,418.5,1395.0
42464,Sambata De Sus,229.05,229.05,763.5,763.5,3054,152.7,229.05,763.5,229.05,229.05,763.5,763.5,3054,152.7,229.05,763.5
42472,Holbav,214.2,214.2,714.0,714.0,2856,142.8,214.2,714.0,214.2,214.2,714.0,714.0,2856,142.8,214.2,714.0
42480,Dragus,165.3,165.3,551.0,551.0,2204,110.2,165.3,551.0,165.3,165.3,551.0,551.0,2204,110.2,165.3,551.0
42498,Augustin,303.45,303.45,1011.5,1011.5,4046,202.3,303.45,1011.5,303.45,303.45,1011.5,1011.5,4046,202.3,303.45,1011.5
42682,Municipiul Braila,31604.85,31604.85,105349.5,105349.5,421398,21069.9,31604.85,105349.5,31604.85,31604.85,105349.5,105349.5,421398,21069.9,31604.85,105349.5
42708,Chiscani,868.95,868.95,2896.5,2896.5,11586,579.3,868.95,2896.5,868.95,868.95,2896.5,2896.5,11586,579.3,868.95,2896.5
42753,Oras Faurei,611.4,611.4,2038.0,2038.0,8152,407.6,611.4,2038.0,611.4,611.4,2038.0,2038.0,8152,407.6,611.4,2038.0
42771,Surdila-Greci,227.85,227.85,759.5,759.5,3038,151.9,227.85,759.5,227.85,227.85,759.5,759.5,3038,151.9,227.85,759.5
42824,Baraganul,479.1,479.1,1597.0,1597.0,6388,319.4,479.1,1597.0,479.1,479.1,1597.0,1597.0,6388,319.4,479.1,1597.0
42842,Bertestii De Jos,467.7,467.7,1559.0,1559.0,6236,311.8,467.7,1559.0,467.7,467.7,1559.0,1559.0,6236,311.8,467.7,1559.0
42913,Bordei Verde,404.4,404.4,1348.0,1348.0,5392,269.6,404.4,1348.0,404.4,404.4,1348.0,1348.0,5392,269.6,404.4,1348.0
42968,Ciocile,394.5,394.5,1315.0,1315.0,5260,263.0,394.5,1315.0,394.5,394.5,1315.0,1315.0,5260,263.0,394.5,1315.0
43019,Ciresu,463.2,463.2,1544.0,1544.0,6176,308.8,463.2,1544.0,463.2,463.2,1544.0,1544.0,6176,308.8,463.2,1544.0
43073,Dudesti,560.25,560.25,1867.5,1867.5,7470,373.5,560.25,1867.5,560.25,560.25,1867.5,1867.5,7470,373.5,560.25,1867.5
43117,Frecatei,212.55,212.55,708.5,708.5,2834,141.7,212.55,708.5,212.55,212.55,708.5,708.5,2834,141.7,212.55,708.5
43180,Galbenu,475.05,475.05,1583.5,1583.5,6334,316.7,475.05,1583.5,475.05,475.05,1583.5,1583.5,6334,316.7,475.05,1583.5
43242,Gemenele,275.7,275.7,919.0,919.0,3676,183.8,275.7,919.0,275.7,275.7,919.0,919.0,3676,183.8,275.7,919.0
43279,Gradistea,334.2,334.2,1114.0,1114.0,4456,222.8,334.2,1114.0,334.2,334.2,1114.0,1114.0,4456,222.8,334.2,1114.0
43313,Gropeni,512.25,512.25,1707.5,1707.5,6830,341.5,512.25,1707.5,512.25,512.25,1707.5,1707.5,6830,341.5,512.25,1707.5
43331,Oras Ianca,1663.35,1663.35,5544.5,5544.5,22178,1108.9,1663.35,5544.5,1663.35,1663.35,5544.5,5544.5,22178,1108.9,1663.35,5544.5
43411,Oras Insuratei,1069.8,1069.8,3566.0,3566.0,14264,713.2,1069.8,3566.0,1069.8,1069.8,3566.0,3566.0,14264,713.2,1069.8,3566.0
43466,Jirlau,484.05,484.05,1613.5,1613.5,6454,322.7,484.05,1613.5,484.05,484.05,1613.5,1613.5,6454,322.7,484.05,1613.5
43493,Marasu,433.95,433.95,1446.5,1446.5,5786,289.3,433.95,1446.5,433.95,433.95,1446.5,1446.5,5786,289.3,433.95,1446.5
43563,Maxineni,522.45,522.45,1741.5,1741.5,6966,348.3,522.45,1741.5,522.45,522.45,1741.5,1741.5,6966,348.3,522.45,1741.5
43625,Mircea Voda,497.85,497.85,1659.5,1659.5,6638,331.9,497.85,1659.5,497.85,497.85,1659.5,1659.5,6638,331.9,497.85,1659.5
43652,Movila Miresii,633.15,633.15,2110.5,2110.5,8442,422.1,633.15,2110.5,633.15,633.15,2110.5,2110.5,8442,422.1,633.15,2110.5
43698,Racovita,167.55,167.55,558.5,558.5,2234,111.7,167.55,558.5,167.55,167.55,558.5,558.5,2234,111.7,167.55,558.5
43732,Ramnicelu,304.65,304.65,1015.5,1015.5,4062,203.1,304.65,1015.5,304.65,304.65,1015.5,1015.5,4062,203.1,304.65,1015.5
43787,Romanu,276.0,276.0,920.0,920.0,3680,184.0,276.0,920.0,276.0,276.0,920.0,920.0,3680,184.0,276.0,920.0
43812,Rosiori,408.9,408.9,1363.0,1363.0,5452,272.6,408.9,1363.0,408.9,408.9,1363.0,1363.0,5452,272.6,408.9,1363.0
43867,Salcia Tudor,390.3,390.3,1301.0,1301.0,5204,260.2,390.3,1301.0,390.3,390.3,1301.0,1301.0,5204,260.2,390.3,1301.0
43929,Scortaru Nou,203.4,203.4,678.0,678.0,2712,135.6,203.4,678.0,203.4,203.4,678.0,678.0,2712,135.6,203.4,678.0
43992,Silistea,281.4,281.4,938.0,938.0,3752,187.6,281.4,938.0,281.4,281.4,938.0,938.0,3752,187.6,281.4,938.0
44060,Stancuta,519.3,519.3,1731.0,1731.0,6924,346.2,519.3,1731.0,519.3,519.3,1731.0,1731.0,6924,346.2,519.3,1731.0
44113,Surdila-Gaiseanca,368.7,368.7,1229.0,1229.0,4916,245.8,368.7,1229.0,368.7,368.7,1229.0,1229.0,4916,245.8,368.7,1229.0
44140,Sutesti,702.15,702.15,2340.5,2340.5,9362,468.1,702.15,2340.5,702.15,702.15,2340.5,2340.5,9362,468.1,702.15,2340.5
44177,Tichilesti,555.6,555.6,1852.0,1852.0,7408,370.4,555.6,1852.0,555.6,555.6,1852.0,1852.0,7408,370.4,555.6,1852.0
44202,Traian,508.2,508.2,1694.0,1694.0,6776,338.8,508.2,1694.0,508.2,508.2,1694.0,1694.0,6776,338.8,508.2,1694.0
44257,Tudor Vladimirescu,327.45,327.45,1091.5,1091.5,4366,218.3,327.45,1091.5,327.45,327.45,1091.5,1091.5,4366,218.3,327.45,1091.5
44300,Tufesti,782.55,782.55,2608.5,2608.5,10434,521.7,782.55,2608.5,782.55,782.55,2608.5,2608.5,10434,521.7,782.55,2608.5
44328,Ulmu,570.0,570.0,1900.0,1900.0,7600,380.0,570.0,1900.0,570.0,570.0,1900.0,1900.0,7600,380.0,570.0,1900.0
44355,Unirea,373.95,373.95,1246.5,1246.5,4986,249.3,373.95,1246.5,373.95,373.95,1246.5,1246.5,4986,249.3,373.95,1246.5
44391,Vadeni,619.05,619.05,2063.5,2063.5,8254,412.7,619.05,2063.5,619.05,619.05,2063.5,2063.5,8254,412.7,619.05,2063.5
44435,Victoria,557.25,557.25,1857.5,1857.5,7430,371.5,557.25,1857.5,557.25,557.25,1857.5,1857.5,7430,371.5,557.25,1857.5
44462,Visani,371.7,371.7,1239.0,1239.0,4956,247.8,371.7,1239.0,371.7,371.7,1239.0,1239.0,4956,247.8,371.7,1239.0
44505,Viziru,975.45,975.45,3251.5,3251.5,13006,650.3,975.45,3251.5,975.45,975.45,3251.5,3251.5,13006,650.3,975.45,3251.5
44532,Zavoaia,482.85,482.85,1609.5,1609.5,6438,321.9,482.85,1609.5,482.85,482.85,1609.5,1609.5,6438,321.9,482.85,1609.5
44560,Cazasu,514.05,514.05,1713.5,1713.5,6854,342.7,514.05,1713.5,514.05,514.05,1713.5,1713.5,6854,342.7,514.05,1713.5
44818,Municipiul Buzau,20349.3,20349.3,67831.0,67831.0,271324,13566.2,20349.3,67831.0,20349.3,20349.3,67831.0,67831.0,271324,13566.2,20349.3,67831.0
44845,Municipiul Ramnicu Sarat,6127.95,6127.95,20426.5,20426.5,81706,4085.3,6127.95,20426.5,6127.95,6127.95,20426.5,20426.5,81706,4085.3,6127.95,20426.5
44863,Amaru,362.7,362.7,1209.0,1209.0,4836,241.8,362.7,1209.0,362.7,362.7,1209.0,1209.0,4836,241.8,362.7,1209.0
44934,Balta Alba,373.2,373.2,1244.0,1244.0,4976,248.8,373.2,1244.0,373.2,373.2,1244.0,1244.0,4976,248.8,373.2,1244.0
44989,Balaceanu,246.15,246.15,820.5,820.5,3282,164.1,246.15,820.5,246.15,246.15,820.5,820.5,3282,164.1,246.15,820.5
45003,Beceni,664.8,664.8,2216.0,2216.0,8864,443.2,664.8,2216.0,664.8,664.8,2216.0,2216.0,8864,443.2,664.8,2216.0
45101,Berca,1313.4,1313.4,4378.0,4378.0,17512,875.6,1313.4,4378.0,1313.4,1313.4,4378.0,4378.0,17512,875.6,1313.4,4378.0
45245,Bisoca,415.35,415.35,1384.5,1384.5,5538,276.9,415.35,1384.5,415.35,415.35,1384.5,1384.5,5538,276.9,415.35,1384.5
45334,Blajani,155.4,155.4,518.0,518.0,2072,103.6,155.4,518.0,155.4,155.4,518.0,518.0,2072,103.6,155.4,518.0
45361,Boldu,340.35,340.35,1134.5,1134.5,4538,226.9,340.35,1134.5,340.35,340.35,1134.5,1134.5,4538,226.9,340.35,1134.5
45389,Bozioru,162.75,162.75,542.5,542.5,2170,108.5,162.75,542.5,162.75,162.75,542.5,542.5,2170,108.5,162.75,542.5
45496,Bradeanu,371.85,371.85,1239.5,1239.5,4958,247.9,371.85,1239.5,371.85,371.85,1239.5,1239.5,4958,247.9,371.85,1239.5
45539,Braesti,370.8,370.8,1236.0,1236.0,4944,247.2,370.8,1236.0,370.8,370.8,1236.0,1236.0,4944,247.2,370.8,1236.0
45619,Breaza,407.25,407.25,1357.5,1357.5,5430,271.5,407.25,1357.5,407.25,407.25,1357.5,1357.5,5430,271.5,407.25,1357.5
45673,Buda,459.45,459.45,1531.5,1531.5,6126,306.3,459.45,1531.5,459.45,459.45,1531.5,1531.5,6126,306.3,459.45,1531.5
45753,Calvini,710.4,710.4,2368.0,2368.0,9472,473.6,710.4,2368.0,710.4,710.4,2368.0,2368.0,9472,473.6,710.4,2368.0
45815,C.a. Rosetti,550.05,550.05,1833.5,1833.5,7334,366.7,550.05,1833.5,550.05,550.05,1833.5,1833.5,7334,366.7,550.05,1833.5
45888,Canesti,121.5,121.5,405.0,405.0,1620,81.0,121.5,405.0,121.5,121.5,405.0,405.0,1620,81.0,121.5,405.0
45959,Catina,375.0,375.0,1250.0,1250.0,5000,250.0,375.0,1250.0,375.0,375.0,1250.0,1250.0,5000,250.0,375.0,1250.0
46019,Cernatesti,558.6,558.6,1862.0,1862.0,7448,372.4,558.6,1862.0,558.6,558.6,1862.0,1862.0,7448,372.4,558.6,1862.0
46108,Chiliile,85.05,85.05,283.5,283.5,1134,56.7,85.05,283.5,85.05,85.05,283.5,283.5,1134,56.7,85.05,283.5
46180,Chiojdu,517.2,517.2,1724.0,1724.0,6896,344.8,517.2,1724.0,517.2,517.2,1724.0,1724.0,6896,344.8,517.2,1724.0
46251,Cilibia,281.85,281.85,939.5,939.5,3758,187.9,281.85,939.5,281.85,281.85,939.5,939.5,3758,187.9,281.85,939.5
46313,Cislau,716.25,716.25,2387.5,2387.5,9550,477.5,716.25,2387.5,716.25,716.25,2387.5,2387.5,9550,477.5,716.25,2387.5
46377,Cochirleanca,825.6,825.6,2752.0,2752.0,11008,550.4,825.6,2752.0,825.6,825.6,2752.0,2752.0,11008,550.4,825.6,2752.0
46439,Colti,157.05,157.05,523.5,523.5,2094,104.7,157.05,523.5,157.05,157.05,523.5,523.5,2094,104.7,157.05,523.5
46484,Costesti,743.25,743.25,2477.5,2477.5,9910,495.5,743.25,2477.5,743.25,743.25,2477.5,2477.5,9910,495.5,743.25,2477.5
46554,Cozieni,301.5,301.5,1005.0,1005.0,4020,201.0,301.5,1005.0,301.5,301.5,1005.0,1005.0,4020,201.0,301.5,1005.0
46769,Galbinasi,639.9,639.9,2133.0,2133.0,8532,426.6,639.9,2133.0,639.9,639.9,2133.0,2133.0,8532,426.6,639.9,2133.0
46803,Gheraseni,511.35,511.35,1704.5,1704.5,6818,340.9,511.35,1704.5,511.35,511.35,1704.5,1704.5,6818,340.9,511.35,1704.5
46830,Ghergheasa,342.15,342.15,1140.5,1140.5,4562,228.1,342.15,1140.5,342.15,342.15,1140.5,1140.5,4562,228.1,342.15,1140.5
46867,Glodeanu Sarat,635.7,635.7,2119.0,2119.0,8476,423.8,635.7,2119.0,635.7,635.7,2119.0,2119.0,8476,423.8,635.7,2119.0
46910,Glodeanu-Silistea,562.35,562.35,1874.5,1874.5,7498,374.9,562.35,1874.5,562.35,562.35,1874.5,1874.5,7498,374.9,562.35,1874.5
47006,Grebanu,812.55,812.55,2708.5,2708.5,10834,541.7,812.55,2708.5,812.55,812.55,2708.5,2708.5,10834,541.7,812.55,2708.5
47079,Gura Teghii,520.8,520.8,1736.0,1736.0,6944,347.2,520.8,1736.0,520.8,520.8,1736.0,1736.0,6944,347.2,520.8,1736.0
47159,Largu,234.75,234.75,782.5,782.5,3130,156.5,234.75,782.5,234.75,234.75,782.5,782.5,3130,156.5,234.75,782.5
47186,Lopatari,592.95,592.95,1976.5,1976.5,7906,395.3,592.95,1976.5,592.95,592.95,1976.5,1976.5,7906,395.3,592.95,1976.5
47300,Luciu,428.25,428.25,1427.5,1427.5,5710,285.5,428.25,1427.5,428.25,428.25,1427.5,1427.5,5710,285.5,428.25,1427.5
47337,Magura,322.95,322.95,1076.5,1076.5,4306,215.3,322.95,1076.5,322.95,322.95,1076.5,1076.5,4306,215.3,322.95,1076.5
47373,Maracineni,1324.8,1324.8,4416.0,4416.0,17664,883.2,1324.8,4416.0,1324.8,1324.8,4416.0,4416.0,17664,883.2,1324.8,4416.0
47417,Margaritesti,97.05,97.05,323.5,323.5,1294,64.7,97.05,323.5,97.05,97.05,323.5,323.5,1294,64.7,97.05,323.5
47453,Merei,1015.95,1015.95,3386.5,3386.5,13546,677.3,1015.95,3386.5,1015.95,1015.95,3386.5,3386.5,13546,677.3,1015.95,3386.5
47578,Mihailesti,317.55,317.55,1058.5,1058.5,4234,211.7,317.55,1058.5,317.55,317.55,1058.5,1058.5,4234,211.7,317.55,1058.5
47630,Manzalesti,371.25,371.25,1237.5,1237.5,4950,247.5,371.25,1237.5,371.25,371.25,1237.5,1237.5,4950,247.5,371.25,1237.5
47774,Movila Banului,388.35,388.35,1294.5,1294.5,5178,258.9,388.35,1294.5,388.35,388.35,1294.5,1294.5,5178,258.9,388.35,1294.5
47818,Murgesti,134.55,134.55,448.5,448.5,1794,89.7,134.55,448.5,134.55,134.55,448.5,448.5,1794,89.7,134.55,448.5
47854,Naeni,267.0,267.0,890.0,890.0,3560,178.0,267.0,890.0,267.0,267.0,890.0,890.0,3560,178.0,267.0,890.0
47916,Oras Nehoiu,1681.8,1681.8,5606.0,5606.0,22424,1121.2,1681.8,5606.0,1681.8,1681.8,5606.0,5606.0,22424,1121.2,1681.8,5606.0
48021,Odaile,128.1,128.1,427.0,427.0,1708,85.4,128.1,427.0,128.1,128.1,427.0,427.0,1708,85.4,128.1,427.0
48138,Padina,616.05,616.05,2053.5,2053.5,8214,410.7,616.05,2053.5,616.05,616.05,2053.5,2053.5,8214,410.7,616.05,2053.5
48165,Pardosi,60.0,60.0,200.0,200.0,800,40.0,60.0,200.0,60.0,60.0,200.0,200.0,800,40.0,60.0,200.0
48227,Panatau,362.55,362.55,1208.5,1208.5,4834,241.7,362.55,1208.5,362.55,362.55,1208.5,1208.5,4834,241.7,362.55,1208.5
48325,Oras Patarlagele,1162.65,1162.65,3875.5,3875.5,15502,775.1,1162.65,3875.5,1162.65,1162.65,3875.5,3875.5,15502,775.1,1162.65,3875.5
48487,Pietroasele,494.4,494.4,1648.0,1648.0,6592,329.6,494.4,1648.0,494.4,494.4,1648.0,1648.0,6592,329.6,494.4,1648.0
48557,Parscov,846.45,846.45,2821.5,2821.5,11286,564.3,846.45,2821.5,846.45,846.45,2821.5,2821.5,11286,564.3,846.45,2821.5
48682,Podgoria,480.9,480.9,1603.0,1603.0,6412,320.6,480.9,1603.0,480.9,480.9,1603.0,1603.0,6412,320.6,480.9,1603.0
48744,Oras Pogoanele,1132.95,1132.95,3776.5,3776.5,15106,755.3,1132.95,3776.5,1132.95,1132.95,3776.5,3776.5,15106,755.3,1132.95,3776.5
48771,Posta Calnau,921.75,921.75,3072.5,3072.5,12290,614.5,921.75,3072.5,921.75,921.75,3072.5,3072.5,12290,614.5,921.75,3072.5
48842,Puiesti,583.2,583.2,1944.0,1944.0,7776,388.8,583.2,1944.0,583.2,583.2,1944.0,1944.0,7776,388.8,583.2,1944.0
48922,Racoviteni,197.25,197.25,657.5,657.5,2630,131.5,197.25,657.5,197.25,197.25,657.5,657.5,2630,131.5,197.25,657.5
48968,Ramnicelu,734.4,734.4,2448.0,2448.0,9792,489.6,734.4,2448.0,734.4,734.4,2448.0,2448.0,9792,489.6,734.4,2448.0
49019,Robeasca,164.1,164.1,547.0,547.0,2188,109.4,164.1,547.0,164.1,164.1,547.0,547.0,2188,109.4,164.1,547.0
49046,Rusetu,575.1,575.1,1917.0,1917.0,7668,383.4,575.1,1917.0,575.1,575.1,1917.0,1917.0,7668,383.4,575.1,1917.0
49073,Sageata,716.4,716.4,2388.0,2388.0,9552,477.6,716.4,2388.0,716.4,716.4,2388.0,2388.0,9552,477.6,716.4,2388.0
49153,Sahateni,509.55,509.55,1698.5,1698.5,6794,339.7,509.55,1698.5,509.55,509.55,1698.5,1698.5,6794,339.7,509.55,1698.5
49206,Sapoca,514.2,514.2,1714.0,1714.0,6856,342.8,514.2,1714.0,514.2,514.2,1714.0,1714.0,6856,342.8,514.2,1714.0
49233,Sarulesti,204.45,204.45,681.5,681.5,2726,136.3,204.45,681.5,204.45,204.45,681.5,681.5,2726,136.3,204.45,681.5
49313,Scortoasa,423.45,423.45,1411.5,1411.5,5646,282.3,423.45,1411.5,423.45,423.45,1411.5,1411.5,5646,282.3,423.45,1411.5
49439,Scutelnici,348.3,348.3,1161.0,1161.0,4644,232.2,348.3,1161.0,348.3,348.3,1161.0,1161.0,4644,232.2,348.3,1161.0
49484,Siriu,484.95,484.95,1616.5,1616.5,6466,323.3,484.95,1616.5,484.95,484.95,1616.5,1616.5,6466,323.3,484.95,1616.5
49545,Smeeni,995.4,995.4,3318.0,3318.0,13272,663.6,995.4,3318.0,995.4,995.4,3318.0,3318.0,13272,663.6,995.4,3318.0
49625,Stalpu,469.2,469.2,1564.0,1564.0,6256,312.8,469.2,1564.0,469.2,469.2,1564.0,1564.0,6256,312.8,469.2,1564.0
49643,Tisau,690.15,690.15,2300.5,2300.5,9202,460.1,690.15,2300.5,690.15,690.15,2300.5,2300.5,9202,460.1,690.15,2300.5
49769,Topliceni,654.75,654.75,2182.5,2182.5,8730,436.5,654.75,2182.5,654.75,654.75,2182.5,2182.5,8730,436.5,654.75,2182.5
49849,Tintesti,680.4,680.4,2268.0,2268.0,9072,453.6,680.4,2268.0,680.4,680.4,2268.0,2268.0,9072,453.6,680.4,2268.0
49894,Ulmeni,473.4,473.4,1578.0,1578.0,6312,315.6,473.4,1578.0,473.4,473.4,1578.0,1578.0,6312,315.6,473.4,1578.0
49956,Vadu Pasii,1457.1,1457.1,4857.0,4857.0,19428,971.4,1457.1,4857.0,1457.1,1457.1,4857.0,4857.0,19428,971.4,1457.1,4857.0
50022,Valea Ramnicului,852.15,852.15,2840.5,2840.5,11362,568.1,852.15,2840.5,852.15,852.15,2840.5,2840.5,11362,568.1,852.15,2840.5
50068,Valea Salciei,111.9,111.9,373.0,373.0,1492,74.6,111.9,373.0,111.9,111.9,373.0,373.0,1492,74.6,111.9,373.0
50102,Vernesti,1365.15,1365.15,4550.5,4550.5,18202,910.1,1365.15,4550.5,1365.15,1365.15,4550.5,4550.5,18202,910.1,1365.15,4550.5
50228,Vintila Voda,447.6,447.6,1492.0,1492.0,5968,298.4,447.6,1492.0,447.6,447.6,1492.0,1492.0,5968,298.4,447.6,1492.0
50326,Viperesti,530.7,530.7,1769.0,1769.0,7076,353.8,530.7,1769.0,530.7,530.7,1769.0,1769.0,7076,353.8,530.7,1769.0
50399,Valcelele,224.1,224.1,747.0,747.0,2988,149.4,224.1,747.0,224.1,224.1,747.0,747.0,2988,149.4,224.1,747.0
50415,Zarnesti,761.4,761.4,2538.0,2538.0,10152,507.6,761.4,2538.0,761.4,761.4,2538.0,2538.0,10152,507.6,761.4,2538.0
50479,Ziduri,664.05,664.05,2213.5,2213.5,8854,442.7,664.05,2213.5,664.05,664.05,2213.5,2213.5,8854,442.7,664.05,2213.5
50549,Unguriu,345.45,345.45,1151.5,1151.5,4606,230.3,345.45,1151.5,345.45,345.45,1151.5,1151.5,4606,230.3,345.45,1151.5
50564,Florica,202.65,202.65,675.5,675.5,2702,135.1,202.65,675.5,202.65,202.65,675.5,675.5,2702,135.1,202.65,675.5
50790,Municipiul Resita,13291.95,13291.95,44306.5,44306.5,177226,8861.3,13291.95,44306.5,13291.95,13291.95,44306.5,44306.5,177226,8861.3,13291.95,44306.5
50889,Oras Anina,1401.45,1401.45,4671.5,4671.5,18686,934.3,1401.45,4671.5,1401.45,1401.45,4671.5,4671.5,18686,934.3,1401.45,4671.5
50923,Oras Baile Herculane,775.05,775.05,2583.5,2583.5,10334,516.7,775.05,2583.5,775.05,775.05,2583.5,2583.5,10334,516.7,775.05,2583.5
50969,Oras Bocsa,2874.0,2874.0,9580.0,9580.0,38320,1916.0,2874.0,9580.0,2874.0,2874.0,9580.0,9580.0,38320,1916.0,2874.0,9580.0
50987,Ocna De Fier,108.6,108.6,362.0,362.0,1448,72.4,108.6,362.0,108.6,108.6,362.0,362.0,1448,72.4,108.6,362.0
51010,Municipiul Caransebes,4579.05,4579.05,15263.5,15263.5,61054,3052.7,4579.05,15263.5,4579.05,4579.05,15263.5,15263.5,61054,3052.7,4579.05,15263.5
51056,Oras Moldova Noua,2034.0,2034.0,6780.0,6780.0,27120,1356.0,2034.0,6780.0,2034.0,2034.0,6780.0,6780.0,27120,1356.0,2034.0,6780.0
51118,Oras Oravita,2004.15,2004.15,6680.5,6680.5,26722,1336.1,2004.15,6680.5,2004.15,2004.15,6680.5,6680.5,26722,1336.1,2004.15,6680.5
51207,Oras Otelu Rosu,1904.25,1904.25,6347.5,6347.5,25390,1269.5,1904.25,6347.5,1904.25,1904.25,6347.5,6347.5,25390,1269.5,1904.25,6347.5
51243,Armenis,364.95,364.95,1216.5,1216.5,4866,243.3,364.95,1216.5,364.95,364.95,1216.5,1216.5,4866,243.3,364.95,1216.5
51305,Bania,262.2,262.2,874.0,874.0,3496,174.8,262.2,874.0,262.2,262.2,874.0,874.0,3496,174.8,262.2,874.0
51332,Bautar,385.95,385.95,1286.5,1286.5,5146,257.3,385.95,1286.5,385.95,385.95,1286.5,1286.5,5146,257.3,385.95,1286.5
51387,Berliste,188.7,188.7,629.0,629.0,2516,125.8,188.7,629.0,188.7,188.7,629.0,629.0,2516,125.8,188.7,629.0
51449,Berzasca,415.8,415.8,1386.0,1386.0,5544,277.2,415.8,1386.0,415.8,415.8,1386.0,1386.0,5544,277.2,415.8,1386.0
51500,Berzovia,591.0,591.0,1970.0,1970.0,7880,394.0,591.0,1970.0,591.0,591.0,1970.0,1970.0,7880,394.0,591.0,1970.0
51546,Bolvasnita,208.65,208.65,695.5,695.5,2782,139.1,208.65,695.5,208.65,208.65,695.5,695.5,2782,139.1,208.65,695.5
51573,Bozovici,453.45,453.45,1511.5,1511.5,6046,302.3,453.45,1511.5,453.45,453.45,1511.5,1511.5,6046,302.3,453.45,1511.5
51626,Brebu,173.25,173.25,577.5,577.5,2310,115.5,173.25,577.5,173.25,173.25,577.5,577.5,2310,115.5,173.25,577.5
51662,Brebu Nou,44.7,44.7,149.0,149.0,596,29.8,44.7,149.0,44.7,44.7,149.0,149.0,596,29.8,44.7,149.0
51699,Buchin,305.1,305.1,1017.0,1017.0,4068,203.4,305.1,1017.0,305.1,305.1,1017.0,1017.0,4068,203.4,305.1,1017.0
51751,Bucosnita,418.95,418.95,1396.5,1396.5,5586,279.3,418.95,1396.5,418.95,418.95,1396.5,1396.5,5586,279.3,418.95,1396.5
51804,Carasova,446.4,446.4,1488.0,1488.0,5952,297.6,446.4,1488.0,446.4,446.4,1488.0,1488.0,5952,297.6,446.4,1488.0
51840,Carbunari,147.45,147.45,491.5,491.5,1966,98.3,147.45,491.5,147.45,147.45,491.5,491.5,1966,98.3,147.45,491.5
51877,Constantin Daicoviciu,418.35,418.35,1394.5,1394.5,5578,278.9,418.35,1394.5,418.35,418.35,1394.5,1394.5,5578,278.9,418.35,1394.5
51948,Ciclova Romana,240.75,240.75,802.5,802.5,3210,160.5,240.75,802.5,240.75,240.75,802.5,802.5,3210,160.5,240.75,802.5
51984,Ciuchici,159.0,159.0,530.0,530.0,2120,106.0,159.0,530.0,159.0,159.0,530.0,530.0,2120,106.0,159.0,530.0
52035,Ciudanovita,102.0,102.0,340.0,340.0,1360,68.0,102.0,340.0,102.0,102.0,340.0,340.0,1360,68.0,102.0,340.0
52062,Copacele,170.4,170.4,568.0,568.0,2272,113.6,170.4,568.0,170.4,170.4,568.0,568.0,2272,113.6,170.4,568.0
52115,Cornea,265.05,265.05,883.5,883.5,3534,176.7,265.05,883.5,265.05,265.05,883.5,883.5,3534,176.7,265.05,883.5
52160,Cornereva,444.9,444.9,1483.0,1483.0,5932,296.6,444.9,1483.0,444.9,444.9,1483.0,1483.0,5932,296.6,444.9,1483.0
52570,Dalboset,251.4,251.4,838.0,838.0,3352,167.6,251.4,838.0,251.4,251.4,838.0,838.0,3352,167.6,251.4,838.0
52650,Doclin,291.0,291.0,970.0,970.0,3880,194.0,291.0,970.0,291.0,291.0,970.0,970.0,3880,194.0,291.0,970.0
52696,Dognecea,322.65,322.65,1075.5,1075.5,4302,215.1,322.65,1075.5,322.65,322.65,1075.5,1075.5,4302,215.1,322.65,1075.5
52721,Domasnea,196.35,196.35,654.5,654.5,2618,130.9,196.35,654.5,196.35,196.35,654.5,654.5,2618,130.9,196.35,654.5
52758,Ezeris,195.6,195.6,652.0,652.0,2608,130.4,195.6,652.0,195.6,195.6,652.0,652.0,2608,130.4,195.6,652.0
52785,Farliug,260.85,260.85,869.5,869.5,3478,173.9,260.85,869.5,260.85,260.85,869.5,869.5,3478,173.9,260.85,869.5
52856,Forotic,267.6,267.6,892.0,892.0,3568,178.4,267.6,892.0,267.6,267.6,892.0,892.0,3568,178.4,267.6,892.0
52909,Garnic,217.05,217.05,723.5,723.5,2894,144.7,217.05,723.5,217.05,217.05,723.5,723.5,2894,144.7,217.05,723.5
52936,Glimboca,280.95,280.95,936.5,936.5,3746,187.3,280.95,936.5,280.95,280.95,936.5,936.5,3746,187.3,280.95,936.5
52954,Goruia,118.65,118.65,395.5,395.5,1582,79.1,118.65,395.5,118.65,118.65,395.5,395.5,1582,79.1,118.65,395.5
52990,Gradinari,308.7,308.7,1029.0,1029.0,4116,205.8,308.7,1029.0,308.7,308.7,1029.0,1029.0,4116,205.8,308.7,1029.0
53023,Iablanita,321.6,321.6,1072.0,1072.0,4288,214.4,321.6,1072.0,321.6,321.6,1072.0,1072.0,4288,214.4,321.6,1072.0
53069,Lapusnicel,148.95,148.95,496.5,496.5,1986,99.3,148.95,496.5,148.95,148.95,496.5,496.5,1986,99.3,148.95,496.5
53103,Lapusnicu Mare,254.25,254.25,847.5,847.5,3390,169.5,254.25,847.5,254.25,254.25,847.5,847.5,3390,169.5,254.25,847.5
53130,Luncavita,366.15,366.15,1220.5,1220.5,4882,244.1,366.15,1220.5,366.15,366.15,1220.5,1220.5,4882,244.1,366.15,1220.5
53167,Lupac,399.6,399.6,1332.0,1332.0,5328,266.4,399.6,1332.0,399.6,399.6,1332.0,1332.0,5328,266.4,399.6,1332.0
53210,Marga,164.25,164.25,547.5,547.5,2190,109.5,164.25,547.5,164.25,164.25,547.5,547.5,2190,109.5,164.25,547.5
53247,Maureni,441.3,441.3,1471.0,1471.0,5884,294.2,441.3,1471.0,441.3,441.3,1471.0,1471.0,5884,294.2,441.3,1471.0
53274,Mehadia,620.85,620.85,2069.5,2069.5,8278,413.9,620.85,2069.5,620.85,620.85,2069.5,2069.5,8278,413.9,620.85,2069.5
53327,Mehadica,104.4,104.4,348.0,348.0,1392,69.6,104.4,348.0,104.4,104.4,348.0,348.0,1392,69.6,104.4,348.0
53345,Naidas,162.45,162.45,541.5,541.5,2166,108.3,162.45,541.5,162.45,162.45,541.5,541.5,2166,108.3,162.45,541.5
53372,Obreja,515.1,515.1,1717.0,1717.0,6868,343.4,515.1,1717.0,515.1,515.1,1717.0,1717.0,6868,343.4,515.1,1717.0
53425,Paltinis,367.95,367.95,1226.5,1226.5,4906,245.3,367.95,1226.5,367.95,367.95,1226.5,1226.5,4906,245.3,367.95,1226.5
53489,Coronini,296.7,296.7,989.0,989.0,3956,197.8,296.7,989.0,296.7,296.7,989.0,989.0,3956,197.8,296.7,989.0
53513,Pojejena,429.15,429.15,1430.5,1430.5,5722,286.1,429.15,1430.5,429.15,429.15,1430.5,1430.5,5722,286.1,429.15,1430.5
53577,Prigor,372.45,372.45,1241.5,1241.5,4966,248.3,372.45,1241.5,372.45,372.45,1241.5,1241.5,4966,248.3,372.45,1241.5
53639,Ramna,240.15,240.15,800.5,800.5,3202,160.1,240.15,800.5,240.15,240.15,800.5,800.5,3202,160.1,240.15,800.5
53675,Racasdia,318.3,318.3,1061.0,1061.0,4244,212.2,318.3,1061.0,318.3,318.3,1061.0,1061.0,4244,212.2,318.3,1061.0
53700,Eftimie Murgu,240.6,240.6,802.0,802.0,3208,160.4,240.6,802.0,240.6,240.6,802.0,802.0,3208,160.4,240.6,802.0
53728,Rusca Montana,291.75,291.75,972.5,972.5,3890,194.5,291.75,972.5,291.75,291.75,972.5,972.5,3890,194.5,291.75,972.5
53755,Sacu,240.6,240.6,802.0,802.0,3208,160.4,240.6,802.0,240.6,240.6,802.0,802.0,3208,160.4,240.6,802.0
53791,Sasca Montana,224.7,224.7,749.0,749.0,2996,149.8,224.7,749.0,224.7,224.7,749.0,749.0,2996,149.8,224.7,749.0
53853,Sichevita,320.1,320.1,1067.0,1067.0,4268,213.4,320.1,1067.0,320.1,320.1,1067.0,1067.0,4268,213.4,320.1,1067.0
54056,Slatina-Timis,452.85,452.85,1509.5,1509.5,6038,301.9,452.85,1509.5,452.85,452.85,1509.5,1509.5,6038,301.9,452.85,1509.5
54109,Socol,325.8,325.8,1086.0,1086.0,4344,217.2,325.8,1086.0,325.8,325.8,1086.0,1086.0,4344,217.2,325.8,1086.0
54163,Sopotu Nou,174.6,174.6,582.0,582.0,2328,116.4,174.6,582.0,174.6,174.6,582.0,582.0,2328,116.4,174.6,582.0
54270,Teregova,609.45,609.45,2031.5,2031.5,8126,406.3,609.45,2031.5,609.45,609.45,2031.5,2031.5,8126,406.3,609.45,2031.5
54305,Ticvaniu Mare,300.15,300.15,1000.5,1000.5,4002,200.1,300.15,1000.5,300.15,300.15,1000.5,1000.5,4002,200.1,300.15,1000.5
54350,Tarnova,250.5,250.5,835.0,835.0,3340,167.0,250.5,835.0,250.5,250.5,835.0,835.0,3340,167.0,250.5,835.0
54387,Toplet,391.8,391.8,1306.0,1306.0,5224,261.2,391.8,1306.0,391.8,391.8,1306.0,1306.0,5224,261.2,391.8,1306.0
54412,Turnu Ruieni,522.15,522.15,1740.5,1740.5,6962,348.1,522.15,1740.5,522.15,522.15,1740.5,1740.5,6962,348.1,522.15,1740.5
54485,Valiug,115.35,115.35,384.5,384.5,1538,76.9,115.35,384.5,115.35,115.35,384.5,384.5,1538,76.9,115.35,384.5
54500,Varadia,213.15,213.15,710.5,710.5,2842,142.1,213.15,710.5,213.15,213.15,710.5,710.5,2842,142.1,213.15,710.5
54537,Vermes,230.1,230.1,767.0,767.0,3068,153.4,230.1,767.0,230.1,230.1,767.0,767.0,3068,153.4,230.1,767.0
54573,Vrani,175.35,175.35,584.5,584.5,2338,116.9,175.35,584.5,175.35,175.35,584.5,584.5,2338,116.9,175.35,584.5
54617,Zavoi,621.45,621.45,2071.5,2071.5,8286,414.3,621.45,2071.5,621.45,621.45,2071.5,2071.5,8286,414.3,621.45,2071.5
54699,Zorlentu Mare,130.2,130.2,434.0,434.0,1736,86.8,130.2,434.0,130.2,130.2,434.0,434.0,1736,86.8,130.2,434.0
54975,Municipiul Cluj-Napoca,48287.4,48287.4,160958.0,160958.0,643832,32191.6,48287.4,160958.0,48287.4,48287.4,160958.0,160958.0,643832,32191.6,48287.4,160958.0
55008,Municipiul Dej,5847.9,5847.9,19493.0,19493.0,77972,3898.6,5847.9,19493.0,5847.9,5847.9,19493.0,19493.0,77972,3898.6,5847.9,19493.0
55062,Cuzdrioara,448.95,448.95,1496.5,1496.5,5986,299.3,448.95,1496.5,448.95,448.95,1496.5,1496.5,5986,299.3,448.95,1496.5
55106,Jichisu De Jos,172.65,172.65,575.5,575.5,2302,115.1,172.65,575.5,172.65,172.65,575.5,575.5,2302,115.1,172.65,575.5
55160,Mica,542.4,542.4,1808.0,1808.0,7232,361.6,542.4,1808.0,542.4,542.4,1808.0,1808.0,7232,361.6,542.4,1808.0
55259,Municipiul Turda,8601.15,8601.15,28670.5,28670.5,114682,5734.1,8601.15,28670.5,8601.15,8601.15,28670.5,28670.5,114682,5734.1,8601.15,28670.5
55277,Mihai Viteazu,869.25,869.25,2897.5,2897.5,11590,579.5,869.25,2897.5,869.25,869.25,2897.5,2897.5,11590,579.5,869.25,2897.5
55311,Sandulesti,301.2,301.2,1004.0,1004.0,4016,200.8,301.2,1004.0,301.2,301.2,1004.0,1004.0,4016,200.8,301.2,1004.0
55357,Municipiul Campia Turzii,4247.7,4247.7,14159.0,14159.0,56636,2831.8,4247.7,14159.0,4247.7,4247.7,14159.0,14159.0,56636,2831.8,4247.7,14159.0
55384,Municipiul Gherla,3486.75,3486.75,11622.5,11622.5,46490,2324.5,3486.75,11622.5,3486.75,3486.75,11622.5,11622.5,46490,2324.5,3486.75,11622.5
55446,Oras Huedin,1444.8,1444.8,4816.0,4816.0,19264,963.2,1444.8,4816.0,1444.8,1444.8,4816.0,4816.0,19264,963.2,1444.8,4816.0
55473,Aghiresu,1018.35,1018.35,3394.5,3394.5,13578,678.9,1018.35,3394.5,1018.35,1018.35,3394.5,3394.5,13578,678.9,1018.35,3394.5
55598,Aiton,156.45,156.45,521.5,521.5,2086,104.3,156.45,521.5,156.45,156.45,521.5,521.5,2086,104.3,156.45,521.5
55623,Alunis,181.65,181.65,605.5,605.5,2422,121.1,181.65,605.5,181.65,181.65,605.5,605.5,2422,121.1,181.65,605.5
55687,Apahida,1789.05,1789.05,5963.5,5963.5,23854,1192.7,1789.05,5963.5,1789.05,1789.05,5963.5,5963.5,23854,1192.7,1789.05,5963.5
55776,Aschileu,240.3,240.3,801.0,801.0,3204,160.2,240.3,801.0,240.3,240.3,801.0,801.0,3204,160.2,240.3,801.0
55838,Baciu,1622.1,1622.1,5407.0,5407.0,21628,1081.4,1622.1,5407.0,1622.1,1622.1,5407.0,5407.0,21628,1081.4,1622.1,5407.0
55918,Baisoara,308.85,308.85,1029.5,1029.5,4118,205.9,308.85,1029.5,308.85,308.85,1029.5,1029.5,4118,205.9,308.85,1029.5
56014,Belis,199.05,199.05,663.5,663.5,2654,132.7,199.05,663.5,199.05,199.05,663.5,663.5,2654,132.7,199.05,663.5
56096,Bobalna,224.4,224.4,748.0,748.0,2992,149.6,224.4,748.0,224.4,224.4,748.0,748.0,2992,149.6,224.4,748.0
56210,Bontida,732.0,732.0,2440.0,2440.0,9760,488.0,732.0,2440.0,732.0,732.0,2440.0,2440.0,9760,488.0,732.0,2440.0
56265,Borsa,207.15,207.15,690.5,690.5,2762,138.1,207.15,690.5,207.15,207.15,690.5,690.5,2762,138.1,207.15,690.5
56327,Buza,192.0,192.0,640.0,640.0,2560,128.0,192.0,640.0,192.0,192.0,640.0,640.0,2560,128.0,192.0,640.0
56354,Caianu,357.9,357.9,1193.0,1193.0,4772,238.6,357.9,1193.0,357.9,357.9,1193.0,1193.0,4772,238.6,357.9,1193.0
56425,Calarasi,366.0,366.0,1220.0,1220.0,4880,244.0,366.0,1220.0,366.0,366.0,1220.0,1220.0,4880,244.0,366.0,1220.0
56461,Calatele,368.7,368.7,1229.0,1229.0,4916,245.8,368.7,1229.0,368.7,368.7,1229.0,1229.0,4916,245.8,368.7,1229.0
56522,Camarasu,416.85,416.85,1389.5,1389.5,5558,277.9,416.85,1389.5,416.85,416.85,1389.5,1389.5,5558,277.9,416.85,1389.5
56568,Capusu Mare,466.5,466.5,1555.0,1555.0,6220,311.0,466.5,1555.0,466.5,466.5,1555.0,1555.0,6220,311.0,466.5,1555.0
56666,Caseiu,717.75,717.75,2392.5,2392.5,9570,478.5,717.75,2392.5,717.75,717.75,2392.5,2392.5,9570,478.5,717.75,2392.5
56773,Catina,280.8,280.8,936.0,936.0,3744,187.2,280.8,936.0,280.8,280.8,936.0,936.0,3744,187.2,280.8,936.0
56844,Ceanu Mare,589.05,589.05,1963.5,1963.5,7854,392.7,589.05,1963.5,589.05,589.05,1963.5,1963.5,7854,392.7,589.05,1963.5
56988,Chinteni,472.05,472.05,1573.5,1573.5,6294,314.7,472.05,1573.5,472.05,472.05,1573.5,1573.5,6294,314.7,472.05,1573.5
57083,Chiuiesti,379.5,379.5,1265.0,1265.0,5060,253.0,379.5,1265.0,379.5,379.5,1265.0,1265.0,5060,253.0,379.5,1265.0
57163,Ciucea,235.35,235.35,784.5,784.5,3138,156.9,235.35,784.5,235.35,235.35,784.5,784.5,3138,156.9,235.35,784.5
57225,Ciurila,219.15,219.15,730.5,730.5,2922,146.1,219.15,730.5,219.15,219.15,730.5,730.5,2922,146.1,219.15,730.5
57314,Catcau,347.7,347.7,1159.0,1159.0,4636,231.8,347.7,1159.0,347.7,347.7,1159.0,1159.0,4636,231.8,347.7,1159.0
57350,Cojocna,628.35,628.35,2094.5,2094.5,8378,418.9,628.35,2094.5,628.35,628.35,2094.5,2094.5,8378,418.9,628.35,2094.5
57449,Cornesti,207.3,207.3,691.0,691.0,2764,138.2,207.3,691.0,207.3,207.3,691.0,691.0,2764,138.2,207.3,691.0
57546,Dabaca,216.75,216.75,722.5,722.5,2890,144.5,216.75,722.5,216.75,216.75,722.5,722.5,2890,144.5,216.75,722.5
57582,Feleacu,564.9,564.9,1883.0,1883.0,7532,376.6,564.9,1883.0,564.9,564.9,1883.0,1883.0,7532,376.6,564.9,1883.0
57644,Fizesu Gherlii,401.55,401.55,1338.5,1338.5,5354,267.7,401.55,1338.5,401.55,401.55,1338.5,1338.5,5354,267.7,401.55,1338.5
57706,Floresti,4224.45,4224.45,14081.5,14081.5,56326,2816.3,4224.45,14081.5,4224.45,4224.45,14081.5,14081.5,56326,2816.3,4224.45,14081.5
57742,Frata,612.75,612.75,2042.5,2042.5,8170,408.5,612.75,2042.5,612.75,612.75,2042.5,2042.5,8170,408.5,612.75,2042.5
57831,Geaca,233.1,233.1,777.0,777.0,3108,155.4,233.1,777.0,233.1,233.1,777.0,777.0,3108,155.4,233.1,777.0
57902,Gilau,1305.6,1305.6,4352.0,4352.0,17408,870.4,1305.6,4352.0,1305.6,1305.6,4352.0,4352.0,17408,870.4,1305.6,4352.0
57948,Garbau,347.7,347.7,1159.0,1159.0,4636,231.8,347.7,1159.0,347.7,347.7,1159.0,1159.0,4636,231.8,347.7,1159.0
58008,Iara,609.45,609.45,2031.5,2031.5,8126,406.3,609.45,2031.5,609.45,609.45,2031.5,2031.5,8126,406.3,609.45,2031.5
58142,Iclod,654.3,654.3,2181.0,2181.0,8724,436.2,654.3,2181.0,654.3,654.3,2181.0,2181.0,8724,436.2,654.3,2181.0
58204,Izvoru Crisului,233.25,233.25,777.5,777.5,3110,155.5,233.25,777.5,233.25,233.25,777.5,777.5,3110,155.5,233.25,777.5
58259,Jucu,647.85,647.85,2159.5,2159.5,8638,431.9,647.85,2159.5,647.85,647.85,2159.5,2159.5,8638,431.9,647.85,2159.5
58311,Luna,703.05,703.05,2343.5,2343.5,9374,468.7,703.05,2343.5,703.05,703.05,2343.5,2343.5,9374,468.7,703.05,2343.5
58357,Maguri-Racatau,356.4,356.4,1188.0,1188.0,4752,237.6,356.4,1188.0,356.4,356.4,1188.0,1188.0,4752,237.6,356.4,1188.0
58393,Manastireni,217.35,217.35,724.5,724.5,2898,144.9,217.35,724.5,217.35,217.35,724.5,724.5,2898,144.9,217.35,724.5
58464,Margau,237.9,237.9,793.0,793.0,3172,158.6,237.9,793.0,237.9,237.9,793.0,793.0,3172,158.6,237.9,793.0
58534,Marisel,235.65,235.65,785.5,785.5,3142,157.1,235.65,785.5,235.65,235.65,785.5,785.5,3142,157.1,235.65,785.5
58552,Mintiu Gherlii,574.65,574.65,1915.5,1915.5,7662,383.1,574.65,1915.5,574.65,574.65,1915.5,1915.5,7662,383.1,574.65,1915.5
58623,Mociu,500.4,500.4,1668.0,1668.0,6672,333.6,500.4,1668.0,500.4,500.4,1668.0,1668.0,6672,333.6,500.4,1668.0
58721,Moldovenesti,484.2,484.2,1614.0,1614.0,6456,322.8,484.2,1614.0,484.2,484.2,1614.0,1614.0,6456,322.8,484.2,1614.0
58794,Palatca,168.6,168.6,562.0,562.0,2248,112.4,168.6,562.0,168.6,168.6,562.0,562.0,2248,112.4,168.6,562.0
58856,Panticeu,259.95,259.95,866.5,866.5,3466,173.3,259.95,866.5,259.95,259.95,866.5,866.5,3466,173.3,259.95,866.5
58918,Petrestii De Jos,231.15,231.15,770.5,770.5,3082,154.1,231.15,770.5,231.15,231.15,770.5,770.5,3082,154.1,231.15,770.5
58990,Ploscos,103.5,103.5,345.0,345.0,1380,69.0,103.5,345.0,103.5,103.5,345.0,345.0,1380,69.0,103.5,345.0
59041,Poieni,757.8,757.8,2526.0,2526.0,10104,505.2,757.8,2526.0,757.8,757.8,2526.0,2526.0,10104,505.2,757.8,2526.0
59130,Recea-Cristur,207.0,207.0,690.0,690.0,2760,138.0,207.0,690.0,207.0,207.0,690.0,690.0,2760,138.0,207.0,690.0
59238,Risca,224.1,224.1,747.0,747.0,2988,149.4,224.1,747.0,224.1,224.1,747.0,747.0,2988,149.4,224.1,747.0
59283,Sacuieu,224.1,224.1,747.0,747.0,2988,149.4,224.1,747.0,224.1,224.1,747.0,747.0,2988,149.4,224.1,747.0
59327,Savadisla,626.4,626.4,2088.0,2088.0,8352,417.6,626.4,2088.0,626.4,626.4,2088.0,2088.0,8352,417.6,626.4,2088.0
59416,Sic,360.75,360.75,1202.5,1202.5,4810,240.5,360.75,1202.5,360.75,360.75,1202.5,1202.5,4810,240.5,360.75,1202.5
59434,Sancraiu,235.8,235.8,786.0,786.0,3144,157.2,235.8,786.0,235.8,235.8,786.0,786.0,3144,157.2,235.8,786.0
59498,Sanmartin,207.6,207.6,692.0,692.0,2768,138.4,207.6,692.0,207.6,207.6,692.0,692.0,2768,138.4,207.6,692.0
59586,Sanpaul,340.95,340.95,1136.5,1136.5,4546,227.3,340.95,1136.5,340.95,340.95,1136.5,1136.5,4546,227.3,340.95,1136.5
59657,Suatu,250.2,250.2,834.0,834.0,3336,166.8,250.2,834.0,250.2,250.2,834.0,834.0,3336,166.8,250.2,834.0
59693,Tritenii De Jos,704.85,704.85,2349.5,2349.5,9398,469.9,704.85,2349.5,704.85,704.85,2349.5,2349.5,9398,469.9,704.85,2349.5
59764,Tureni,335.25,335.25,1117.5,1117.5,4470,223.5,335.25,1117.5,335.25,335.25,1117.5,1117.5,4470,223.5,335.25,1117.5
59826,Taga,273.15,273.15,910.5,910.5,3642,182.1,273.15,910.5,273.15,273.15,910.5,910.5,3642,182.1,273.15,910.5
59880,Unguras,410.55,410.55,1368.5,1368.5,5474,273.7,410.55,1368.5,410.55,410.55,1368.5,1368.5,5474,273.7,410.55,1368.5
59942,Vad,303.9,303.9,1013.0,1013.0,4052,202.6,303.9,1013.0,303.9,303.9,1013.0,1013.0,4052,202.6,303.9,1013.0
60026,Valea Ierii,140.55,140.55,468.5,468.5,1874,93.7,140.55,468.5,140.55,140.55,468.5,468.5,1874,93.7,140.55,468.5
60062,Viisoara,899.85,899.85,2999.5,2999.5,11998,599.9,899.85,2999.5,899.85,899.85,2999.5,2999.5,11998,599.9,899.85,2999.5
60099,Vultureni,205.05,205.05,683.5,683.5,2734,136.7,205.05,683.5,205.05,205.05,683.5,683.5,2734,136.7,205.05,683.5
60169,Negreni,358.95,358.95,1196.5,1196.5,4786,239.3,358.95,1196.5,358.95,358.95,1196.5,1196.5,4786,239.3,358.95,1196.5
60419,Municipiul Constanta,47696.1,47696.1,158987.0,158987.0,635948,31797.4,47696.1,158987.0,47696.1,47696.1,158987.0,158987.0,635948,31797.4,47696.1,158987.0
60455,Oras Eforie,1647.9,1647.9,5493.0,5493.0,21972,1098.6,1647.9,5493.0,1647.9,1647.9,5493.0,5493.0,21972,1098.6,1647.9,5493.0
60482,Municipiul Mangalia,6335.55,6335.55,21118.5,21118.5,84474,4223.7,6335.55,21118.5,6335.55,6335.55,21118.5,21118.5,84474,4223.7,6335.55,21118.5
60507,Oras Navodari,6253.95,6253.95,20846.5,20846.5,83386,4169.3,6253.95,20846.5,6253.95,6253.95,20846.5,20846.5,83386,4169.3,6253.95,20846.5
60534,Oras Techirghiol,1211.4,1211.4,4038.0,4038.0,16152,807.6,1211.4,4038.0,1211.4,1211.4,4038.0,4038.0,16152,807.6,1211.4,4038.0
60570,Agigea,1190.55,1190.55,3968.5,3968.5,15874,793.7,1190.55,3968.5,1190.55,1190.55,3968.5,3968.5,15874,793.7,1190.55,3968.5
60598,23-Aug,862.95,862.95,2876.5,2876.5,11506,575.3,862.95,2876.5,862.95,862.95,2876.5,2876.5,11506,575.3,862.95,2876.5
60632,Limanu,983.85,983.85,3279.5,3279.5,13118,655.9,983.85,3279.5,983.85,983.85,3279.5,3279.5,13118,655.9,983.85,3279.5
60687,Oras Ovidiu,2343.0,2343.0,7810.0,7810.0,31240,1562.0,2343.0,7810.0,2343.0,2343.0,7810.0,7810.0,31240,1562.0,2343.0,7810.0
60721,Tuzla,1067.25,1067.25,3557.5,3557.5,14230,711.5,1067.25,3557.5,1067.25,1067.25,3557.5,3557.5,14230,711.5,1067.25,3557.5
60776,Oras Cernavoda,2910.15,2910.15,9700.5,9700.5,38802,1940.1,2910.15,9700.5,2910.15,2910.15,9700.5,9700.5,38802,1940.1,2910.15,9700.5
60801,Oras Harsova,1684.65,1684.65,5615.5,5615.5,22462,1123.1,1684.65,5615.5,1684.65,1684.65,5615.5,5615.5,22462,1123.1,1684.65,5615.5
60847,Municipiul Medgidia,6915.9,6915.9,23053.0,23053.0,92212,4610.6,6915.9,23053.0,6915.9,6915.9,23053.0,23053.0,92212,4610.6,6915.9,23053.0
60883,Adamclisi,358.2,358.2,1194.0,1194.0,4776,238.8,358.2,1194.0,358.2,358.2,1194.0,1194.0,4776,238.8,358.2,1194.0
60945,Albesti,563.7,563.7,1879.0,1879.0,7516,375.8,563.7,1879.0,563.7,563.7,1879.0,1879.0,7516,375.8,563.7,1879.0
61005,Aliman,433.2,433.2,1444.0,1444.0,5776,288.8,433.2,1444.0,433.2,433.2,1444.0,1444.0,5776,288.8,433.2,1444.0
61069,Oras Baneasa,875.4,875.4,2918.0,2918.0,11672,583.6,875.4,2918.0,875.4,875.4,2918.0,2918.0,11672,583.6,875.4,2918.0
61121,Castelu,813.3,813.3,2711.0,2711.0,10844,542.2,813.3,2711.0,813.3,813.3,2711.0,2711.0,10844,542.2,813.3,2711.0
61167,Cerchezu,215.4,215.4,718.0,718.0,2872,143.6,215.4,718.0,215.4,215.4,718.0,718.0,2872,143.6,215.4,718.0
61210,Chirnogeni,510.45,510.45,1701.5,1701.5,6806,340.3,510.45,1701.5,510.45,510.45,1701.5,1701.5,6806,340.3,510.45,1701.5
61256,Ciobanu,529.5,529.5,1765.0,1765.0,7060,353.0,529.5,1765.0,529.5,529.5,1765.0,1765.0,7060,353.0,529.5,1765.0
61283,Ciocarlia,471.75,471.75,1572.5,1572.5,6290,314.5,471.75,1572.5,471.75,471.75,1572.5,1572.5,6290,314.5,471.75,1572.5
61318,Cobadin,1424.85,1424.85,4749.5,4749.5,18998,949.9,1424.85,4749.5,1424.85,1424.85,4749.5,4749.5,18998,949.9,1424.85,4749.5
61372,Cogealac,839.7,839.7,2799.0,2799.0,11196,559.8,839.7,2799.0,839.7,839.7,2799.0,2799.0,11196,559.8,839.7,2799.0
61452,Comana,302.85,302.85,1009.5,1009.5,4038,201.9,302.85,1009.5,302.85,302.85,1009.5,1009.5,4038,201.9,302.85,1009.5
61513,Corbu,943.8,943.8,3146.0,3146.0,12584,629.2,943.8,3146.0,943.8,943.8,3146.0,3146.0,12584,629.2,943.8,3146.0
61559,Crucea,488.25,488.25,1627.5,1627.5,6510,325.5,488.25,1627.5,488.25,488.25,1627.5,1627.5,6510,325.5,488.25,1627.5
61620,Cumpana,2132.85,2132.85,7109.5,7109.5,28438,1421.9,2132.85,7109.5,2132.85,2132.85,7109.5,7109.5,28438,1421.9,2132.85,7109.5
61675,Deleni,373.5,373.5,1245.0,1245.0,4980,249.0,373.5,1245.0,373.5,373.5,1245.0,1245.0,4980,249.0,373.5,1245.0
61737,Dobromir,525.75,525.75,1752.5,1752.5,7010,350.5,525.75,1752.5,525.75,525.75,1752.5,1752.5,7010,350.5,525.75,1752.5
61808,Garliciu,261.0,261.0,870.0,870.0,3480,174.0,261.0,870.0,261.0,261.0,870.0,870.0,3480,174.0,261.0,870.0
61826,Ghindaresti,409.2,409.2,1364.0,1364.0,5456,272.8,409.2,1364.0,409.2,409.2,1364.0,1364.0,5456,272.8,409.2,1364.0
61871,Independenta,458.7,458.7,1529.0,1529.0,6116,305.8,458.7,1529.0,458.7,458.7,1529.0,1529.0,6116,305.8,458.7,1529.0
61951,Ion Corvin,313.8,313.8,1046.0,1046.0,4184,209.2,313.8,1046.0,313.8,313.8,1046.0,1046.0,4184,209.2,313.8,1046.0
62020,Istria,388.2,388.2,1294.0,1294.0,5176,258.8,388.2,1294.0,388.2,388.2,1294.0,1294.0,5176,258.8,388.2,1294.0
62057,Lipnita,485.25,485.25,1617.5,1617.5,6470,323.5,485.25,1617.5,485.25,485.25,1617.5,1617.5,6470,323.5,485.25,1617.5
62137,Mereni,370.65,370.65,1235.5,1235.5,4942,247.1,370.65,1235.5,370.65,370.65,1235.5,1235.5,4942,247.1,370.65,1235.5
62191,Mihail Kogalniceanu,1545.3,1545.3,5151.0,5151.0,20604,1030.2,1545.3,5151.0,1545.3,1545.3,5151.0,5151.0,20604,1030.2,1545.3,5151.0
62253,Mihai Viteazu,558.75,558.75,1862.5,1862.5,7450,372.5,558.75,1862.5,558.75,558.75,1862.5,1862.5,7450,372.5,558.75,1862.5
62280,Mircea Voda,805.8,805.8,2686.0,2686.0,10744,537.2,805.8,2686.0,805.8,805.8,2686.0,2686.0,10744,537.2,805.8,2686.0
62360,Oras Murfatlar,1747.35,1747.35,5824.5,5824.5,23298,1164.9,1747.35,5824.5,1747.35,1747.35,5824.5,5824.5,23298,1164.9,1747.35,5824.5
62397,Oras Negru Voda,867.9,867.9,2893.0,2893.0,11572,578.6,867.9,2893.0,867.9,867.9,2893.0,2893.0,11572,578.6,867.9,2893.0
62440,Nicolae Balcescu,825.3,825.3,2751.0,2751.0,11004,550.2,825.3,2751.0,825.3,825.3,2751.0,2751.0,11004,550.2,825.3,2751.0
62486,Oltina,404.55,404.55,1348.5,1348.5,5394,269.7,404.55,1348.5,404.55,404.55,1348.5,1348.5,5394,269.7,404.55,1348.5
62538,Ostrov,755.25,755.25,2517.5,2517.5,10070,503.5,755.25,2517.5,755.25,755.25,2517.5,2517.5,10070,503.5,755.25,2517.5
62609,Pantelimon,276.15,276.15,920.5,920.5,3682,184.1,276.15,920.5,276.15,276.15,920.5,920.5,3682,184.1,276.15,920.5
62672,Pecineaga,512.7,512.7,1709.0,1709.0,6836,341.8,512.7,1709.0,512.7,512.7,1709.0,1709.0,6836,341.8,512.7,1709.0
62707,Pestera,534.6,534.6,1782.0,1782.0,7128,356.4,534.6,1782.0,534.6,534.6,1782.0,1782.0,7128,356.4,534.6,1782.0
62761,Poarta Alba,844.05,844.05,2813.5,2813.5,11254,562.7,844.05,2813.5,844.05,844.05,2813.5,2813.5,11254,562.7,844.05,2813.5
62798,Rasova,585.3,585.3,1951.0,1951.0,7804,390.2,585.3,1951.0,585.3,585.3,1951.0,1951.0,7804,390.2,585.3,1951.0
62823,Saraiu,200.25,200.25,667.5,667.5,2670,133.5,200.25,667.5,200.25,200.25,667.5,667.5,2670,133.5,200.25,667.5
62878,Sacele,360.9,360.9,1203.0,1203.0,4812,240.6,360.9,1203.0,360.9,360.9,1203.0,1203.0,4812,240.6,360.9,1203.0
62903,Seimeni,334.65,334.65,1115.5,1115.5,4462,223.1,334.65,1115.5,334.65,334.65,1115.5,1115.5,4462,223.1,334.65,1115.5
62949,Silistea,227.85,227.85,759.5,759.5,3038,151.9,227.85,759.5,227.85,227.85,759.5,759.5,3038,151.9,227.85,759.5
62985,Targusor,252.0,252.0,840.0,840.0,3360,168.0,252.0,840.0,252.0,252.0,840.0,840.0,3360,168.0,252.0,840.0
63045,Topalu,272.4,272.4,908.0,908.0,3632,181.6,272.4,908.0,272.4,272.4,908.0,908.0,3632,181.6,272.4,908.0
63072,Topraisar,927.3,927.3,3091.0,3091.0,12364,618.2,927.3,3091.0,927.3,927.3,3091.0,3091.0,12364,618.2,927.3,3091.0
63125,Valu Lui Traian,2208.3,2208.3,7361.0,7361.0,29444,1472.2,2208.3,7361.0,2208.3,2208.3,7361.0,7361.0,29444,1472.2,2208.3,7361.0
63152,Lumina,1591.65,1591.65,5305.5,5305.5,21222,1061.1,1591.65,5305.5,1591.65,1591.65,5305.5,5305.5,21222,1061.1,1591.65,5305.5
63161,Dumbraveni,84.3,84.3,281.0,281.0,1124,56.2,84.3,281.0,84.3,84.3,281.0,281.0,1124,56.2,84.3,281.0
63170,Vulturu,112.35,112.35,374.5,374.5,1498,74.9,112.35,374.5,112.35,112.35,374.5,374.5,1498,74.9,112.35,374.5
63189,Tortoman,288.75,288.75,962.5,962.5,3850,192.5,288.75,962.5,288.75,288.75,962.5,962.5,3850,192.5,288.75,962.5
63198,Amzacea,427.95,427.95,1426.5,1426.5,5706,285.3,427.95,1426.5,427.95,427.95,1426.5,1426.5,5706,285.3,427.95,1426.5
63278,Horia,175.95,175.95,586.5,586.5,2346,117.3,175.95,586.5,175.95,175.95,586.5,586.5,2346,117.3,175.95,586.5
63286,Costinesti,475.65,475.65,1585.5,1585.5,6342,317.1,475.65,1585.5,475.65,475.65,1585.5,1585.5,6342,317.1,475.65,1585.5
63294,Baraganu,322.2,322.2,1074.0,1074.0,4296,214.8,322.2,1074.0,322.2,322.2,1074.0,1074.0,4296,214.8,322.2,1074.0
63300,Cuza Voda,654.45,654.45,2181.5,2181.5,8726,436.3,654.45,2181.5,654.45,654.45,2181.5,2181.5,8726,436.3,654.45,2181.5
63318,Saligny,342.45,342.45,1141.5,1141.5,4566,228.3,342.45,1141.5,342.45,342.45,1141.5,1141.5,4566,228.3,342.45,1141.5
63326,Gradina,173.4,173.4,578.0,578.0,2312,115.6,173.4,578.0,173.4,173.4,578.0,578.0,2312,115.6,173.4,578.0
63334,Fantanele,244.8,244.8,816.0,816.0,3264,163.2,244.8,816.0,244.8,244.8,816.0,816.0,3264,163.2,244.8,816.0
63394,Municipiul Sfantu Gheorghe,9767.7,9767.7,32559.0,32559.0,130236,6511.8,9767.7,32559.0,9767.7,9767.7,32559.0,32559.0,130236,6511.8,9767.7,32559.0
63447,Oras Baraolt,1404.9,1404.9,4683.0,4683.0,18732,936.6,1404.9,4683.0,1404.9,1404.9,4683.0,4683.0,18732,936.6,1404.9,4683.0
63526,Oras Covasna,1701.45,1701.45,5671.5,5671.5,22686,1134.3,1701.45,5671.5,1701.45,1701.45,5671.5,5671.5,22686,1134.3,1701.45,5671.5
63553,Comandau,151.65,151.65,505.5,505.5,2022,101.1,151.65,505.5,151.65,151.65,505.5,505.5,2022,101.1,151.65,505.5
63580,Oras Intorsura Buzaului,1405.2,1405.2,4684.0,4684.0,18736,936.8,1405.2,4684.0,1405.2,1405.2,4684.0,4684.0,18736,936.8,1405.2,4684.0
63633,Barcani,603.45,603.45,2011.5,2011.5,8046,402.3,603.45,2011.5,603.45,603.45,2011.5,2011.5,8046,402.3,603.45,2011.5
63688,Sita Buzaului,732.15,732.15,2440.5,2440.5,9762,488.1,732.15,2440.5,732.15,732.15,2440.5,2440.5,9762,488.1,732.15,2440.5
63740,Municipiul Targu Secuiesc,3042.15,3042.15,10140.5,10140.5,40562,2028.1,3042.15,10140.5,3042.15,3042.15,10140.5,10140.5,40562,2028.1,3042.15,10140.5
63777,Aita Mare,250.65,250.65,835.5,835.5,3342,167.1,250.65,835.5,250.65,250.65,835.5,835.5,3342,167.1,250.65,835.5
63802,Batani,702.0,702.0,2340.0,2340.0,9360,468.0,702.0,2340.0,702.0,702.0,2340.0,2340.0,9360,468.0,702.0,2340.0
63866,Belin,454.65,454.65,1515.5,1515.5,6062,303.1,454.65,1515.5,454.65,454.65,1515.5,1515.5,6062,303.1,454.65,1515.5
63893,Bodoc,387.0,387.0,1290.0,1290.0,5160,258.0,387.0,1290.0,387.0,387.0,1290.0,1290.0,5160,258.0,387.0,1290.0
63937,Borosneu Mare,494.25,494.25,1647.5,1647.5,6590,329.5,494.25,1647.5,494.25,494.25,1647.5,1647.5,6590,329.5,494.25,1647.5
64005,Brates,224.55,224.55,748.5,748.5,2994,149.7,224.55,748.5,224.55,224.55,748.5,748.5,2994,149.7,224.55,748.5
64041,Bradut,766.2,766.2,2554.0,2554.0,10216,510.8,766.2,2554.0,766.2,766.2,2554.0,2554.0,10216,510.8,766.2,2554.0
64096,Bretcu,555.3,555.3,1851.0,1851.0,7404,370.2,555.3,1851.0,555.3,555.3,1851.0,1851.0,7404,370.2,555.3,1851.0
64130,Catalina,508.65,508.65,1695.5,1695.5,6782,339.1,508.65,1695.5,508.65,508.65,1695.5,1695.5,6782,339.1,508.65,1695.5
64194,Cernat,605.1,605.1,2017.0,2017.0,8068,403.4,605.1,2017.0,605.1,605.1,2017.0,2017.0,8068,403.4,605.1,2017.0
64238,Chichis,237.6,237.6,792.0,792.0,3168,158.4,237.6,792.0,237.6,237.6,792.0,792.0,3168,158.4,237.6,792.0
64265,Dobarlau,329.25,329.25,1097.5,1097.5,4390,219.5,329.25,1097.5,329.25,329.25,1097.5,1097.5,4390,219.5,329.25,1097.5
64318,Ghelinta,775.95,775.95,2586.5,2586.5,10346,517.3,775.95,2586.5,775.95,775.95,2586.5,2586.5,10346,517.3,775.95,2586.5
64345,Ghidfalau,400.95,400.95,1336.5,1336.5,5346,267.3,400.95,1336.5,400.95,400.95,1336.5,1336.5,5346,267.3,400.95,1336.5
64390,Haghig,349.05,349.05,1163.5,1163.5,4654,232.7,349.05,1163.5,349.05,349.05,1163.5,1163.5,4654,232.7,349.05,1163.5
64425,Ilieni,302.1,302.1,1007.0,1007.0,4028,201.4,302.1,1007.0,302.1,302.1,1007.0,1007.0,4028,201.4,302.1,1007.0
64461,Lemnia,289.5,289.5,965.0,965.0,3860,193.0,289.5,965.0,289.5,289.5,965.0,965.0,3860,193.0,289.5,965.0
64504,Malnas,159.9,159.9,533.0,533.0,2132,106.6,159.9,533.0,159.9,159.9,533.0,533.0,2132,106.6,159.9,533.0
64568,Moacsa,182.55,182.55,608.5,608.5,2434,121.7,182.55,608.5,182.55,182.55,608.5,608.5,2434,121.7,182.55,608.5
64602,Ojdula,537.9,537.9,1793.0,1793.0,7172,358.6,537.9,1793.0,537.9,537.9,1793.0,1793.0,7172,358.6,537.9,1793.0
64639,Ozun,698.25,698.25,2327.5,2327.5,9310,465.5,698.25,2327.5,698.25,698.25,2327.5,2327.5,9310,465.5,698.25,2327.5
64719,Poian,265.95,265.95,886.5,886.5,3546,177.3,265.95,886.5,265.95,265.95,886.5,886.5,3546,177.3,265.95,886.5
64773,Reci,344.85,344.85,1149.5,1149.5,4598,229.9,344.85,1149.5,344.85,344.85,1149.5,1149.5,4598,229.9,344.85,1149.5
64826,Sanzieni,701.85,701.85,2339.5,2339.5,9358,467.9,701.85,2339.5,701.85,701.85,2339.5,2339.5,9358,467.9,701.85,2339.5
64871,Turia,584.55,584.55,1948.5,1948.5,7794,389.7,584.55,1948.5,584.55,584.55,1948.5,1948.5,7794,389.7,584.55,1948.5
64906,Valea Crisului,364.5,364.5,1215.0,1215.0,4860,243.0,364.5,1215.0,364.5,364.5,1215.0,1215.0,4860,243.0,364.5,1215.0
64942,Valcele,756.0,756.0,2520.0,2520.0,10080,504.0,756.0,2520.0,756.0,756.0,2520.0,2520.0,10080,504.0,756.0,2520.0
64997,Varghis,277.5,277.5,925.0,925.0,3700,185.0,277.5,925.0,277.5,277.5,925.0,925.0,3700,185.0,277.5,925.0
65011,Zagon,802.05,802.05,2673.5,2673.5,10694,534.7,802.05,2673.5,802.05,802.05,2673.5,2673.5,10694,534.7,802.05,2673.5
65048,Zabala,730.5,730.5,2435.0,2435.0,9740,487.0,730.5,2435.0,730.5,730.5,2435.0,2435.0,9740,487.0,730.5,2435.0
65099,Valea Mare,173.1,173.1,577.0,577.0,2308,115.4,173.1,577.0,173.1,173.1,577.0,577.0,2308,115.4,173.1,577.0
65105,Mereni,197.7,197.7,659.0,659.0,2636,131.8,197.7,659.0,197.7,197.7,659.0,659.0,2636,131.8,197.7,659.0
65113,Arcus,240.0,240.0,800.0,800.0,3200,160.0,240.0,800.0,240.0,240.0,800.0,800.0,3200,160.0,240.0,800.0
65121,Bixad,273.15,273.15,910.5,910.5,3642,182.1,273.15,910.5,273.15,273.15,910.5,910.5,3642,182.1,273.15,910.5
65139,Micfalau,277.8,277.8,926.0,926.0,3704,185.2,277.8,926.0,277.8,277.8,926.0,926.0,3704,185.2,277.8,926.0
65147,Dalnic,145.05,145.05,483.5,483.5,1934,96.7,145.05,483.5,145.05,145.05,483.5,483.5,1934,96.7,145.05,483.5
65154,Estelnic,173.25,173.25,577.5,577.5,2310,115.5,173.25,577.5,173.25,173.25,577.5,577.5,2310,115.5,173.25,577.5
65342,Municipiul Targoviste,14043.9,14043.9,46813.0,46813.0,187252,9362.6,14043.9,46813.0,14043.9,14043.9,46813.0,46813.0,187252,9362.6,14043.9,46813.0
65379,Aninoasa,931.65,931.65,3105.5,3105.5,12422,621.1,931.65,3105.5,931.65,931.65,3105.5,3105.5,12422,621.1,931.65,3105.5
65413,Doicesti,718.35,718.35,2394.5,2394.5,9578,478.9,718.35,2394.5,718.35,718.35,2394.5,2394.5,9578,478.9,718.35,2394.5
65431,Razvad,1316.1,1316.1,4387.0,4387.0,17548,877.4,1316.1,4387.0,1316.1,1316.1,4387.0,4387.0,17548,877.4,1316.1,4387.0
65477,Sotanga,1081.65,1081.65,3605.5,3605.5,14422,721.1,1081.65,3605.5,1081.65,1081.65,3605.5,3605.5,14422,721.1,1081.65,3605.5
65501,Ulmi,661.65,661.65,2205.5,2205.5,8822,441.1,661.65,2205.5,661.65,661.65,2205.5,2205.5,8822,441.1,661.65,2205.5
65609,Oras Fieni,1147.8,1147.8,3826.0,3826.0,15304,765.2,1147.8,3826.0,1147.8,1147.8,3826.0,3826.0,15304,765.2,1147.8,3826.0
65645,Motaieni,313.65,313.65,1045.5,1045.5,4182,209.1,313.65,1045.5,313.65,313.65,1045.5,1045.5,4182,209.1,313.65,1045.5
65681,Oras Gaesti,2301.9,2301.9,7673.0,7673.0,30692,1534.6,2301.9,7673.0,2301.9,2301.9,7673.0,7673.0,30692,1534.6,2301.9,7673.0
65707,Gura Foii,333.0,333.0,1110.0,1110.0,4440,222.0,333.0,1110.0,333.0,333.0,1110.0,1110.0,4440,222.0,333.0,1110.0
65752,Petresti,843.45,843.45,2811.5,2811.5,11246,562.3,843.45,2811.5,843.45,843.45,2811.5,2811.5,11246,562.3,843.45,2811.5
65841,Municipiul Moreni,3078.6,3078.6,10262.0,10262.0,41048,2052.4,3078.6,10262.0,3078.6,3078.6,10262.0,10262.0,41048,2052.4,3078.6,10262.0
65869,Iedera,593.7,593.7,1979.0,1979.0,7916,395.8,593.7,1979.0,593.7,593.7,1979.0,1979.0,7916,395.8,593.7,1979.0
65921,Oras Pucioasa,2310.15,2310.15,7700.5,7700.5,30802,1540.1,2310.15,7700.5,2310.15,2310.15,7700.5,7700.5,30802,1540.1,2310.15,7700.5
66009,Branesti,649.5,649.5,2165.0,2165.0,8660,433.0,649.5,2165.0,649.5,649.5,2165.0,2165.0,8660,433.0,649.5,2165.0
66081,Oras Titu,1554.15,1554.15,5180.5,5180.5,20722,1036.1,1554.15,5180.5,1554.15,1554.15,5180.5,5180.5,20722,1036.1,1554.15,5180.5
66152,Branistea,627.9,627.9,2093.0,2093.0,8372,418.6,627.9,2093.0,627.9,627.9,2093.0,2093.0,8372,418.6,627.9,2093.0
66198,Baleni,1317.45,1317.45,4391.5,4391.5,17566,878.3,1317.45,4391.5,1317.45,1317.45,4391.5,4391.5,17566,878.3,1317.45,4391.5
66223,Barbuletu,330.75,330.75,1102.5,1102.5,4410,220.5,330.75,1102.5,330.75,330.75,1102.5,1102.5,4410,220.5,330.75,1102.5
66330,Bezdead,684.0,684.0,2280.0,2280.0,9120,456.0,684.0,2280.0,684.0,684.0,2280.0,2280.0,9120,456.0,684.0,2280.0
66401,Bilciuresti,277.05,277.05,923.5,923.5,3694,184.7,277.05,923.5,277.05,277.05,923.5,923.5,3694,184.7,277.05,923.5
66438,Buciumeni,679.5,679.5,2265.0,2265.0,9060,453.0,679.5,2265.0,679.5,679.5,2265.0,2265.0,9060,453.0,679.5,2265.0
66474,Bucsani,1039.95,1039.95,3466.5,3466.5,13866,693.3,1039.95,3466.5,1039.95,1039.95,3466.5,3466.5,13866,693.3,1039.95,3466.5
66526,Candesti,420.45,420.45,1401.5,1401.5,5606,280.3,420.45,1401.5,420.45,420.45,1401.5,1401.5,5606,280.3,420.45,1401.5
66580,Cobia,459.0,459.0,1530.0,1530.0,6120,306.0,459.0,1530.0,459.0,459.0,1530.0,1530.0,6120,306.0,459.0,1530.0
66697,Cojasca,1267.95,1267.95,4226.5,4226.5,16906,845.3,1267.95,4226.5,1267.95,1267.95,4226.5,4226.5,16906,845.3,1267.95,4226.5
66731,Comisani,777.75,777.75,2592.5,2592.5,10370,518.5,777.75,2592.5,777.75,777.75,2592.5,2592.5,10370,518.5,777.75,2592.5
66768,Contesti,648.9,648.9,2163.0,2163.0,8652,432.6,648.9,2163.0,648.9,648.9,2163.0,2163.0,8652,432.6,648.9,2163.0
66857,Corbii Mari,1210.05,1210.05,4033.5,4033.5,16134,806.7,1210.05,4033.5,1210.05,1210.05,4033.5,4033.5,16134,806.7,1210.05,4033.5
66955,Cornatelu,213.9,213.9,713.0,713.0,2852,142.6,213.9,713.0,213.9,213.9,713.0,713.0,2852,142.6,213.9,713.0
67014,Cornesti,939.9,939.9,3133.0,3133.0,12532,626.6,939.9,3133.0,939.9,939.9,3133.0,3133.0,12532,626.6,939.9,3133.0
67121,Costestii Din Vale,531.75,531.75,1772.5,1772.5,7090,354.5,531.75,1772.5,531.75,531.75,1772.5,1772.5,7090,354.5,531.75,1772.5
67167,Crangurile,516.75,516.75,1722.5,1722.5,6890,344.5,516.75,1722.5,516.75,516.75,1722.5,1722.5,6890,344.5,516.75,1722.5
67256,Darmanesti,733.2,733.2,2444.0,2444.0,9776,488.8,733.2,2444.0,733.2,733.2,2444.0,2444.0,9776,488.8,733.2,2444.0
67292,Dobra,544.8,544.8,1816.0,1816.0,7264,363.2,544.8,1816.0,544.8,544.8,1816.0,1816.0,7264,363.2,544.8,1816.0
67327,Dragodana,1005.45,1005.45,3351.5,3351.5,13406,670.3,1005.45,3351.5,1005.45,1005.45,3351.5,3351.5,13406,670.3,1005.45,3351.5
67407,Dragomiresti,1317.75,1317.75,4392.5,4392.5,17570,878.5,1317.75,4392.5,1317.75,1317.75,4392.5,4392.5,17570,878.5,1317.75,4392.5
67470,Finta,622.35,622.35,2074.5,2074.5,8298,414.9,622.35,2074.5,622.35,622.35,2074.5,2074.5,8298,414.9,622.35,2074.5
67522,Glodeni,653.4,653.4,2178.0,2178.0,8712,435.6,653.4,2178.0,653.4,653.4,2178.0,2178.0,8712,435.6,653.4,2178.0
67595,Gura Ocnitei,1096.8,1096.8,3656.0,3656.0,14624,731.2,1096.8,3656.0,1096.8,1096.8,3656.0,3656.0,14624,731.2,1096.8,3656.0
67648,Gura Sutii,809.25,809.25,2697.5,2697.5,10790,539.5,809.25,2697.5,809.25,809.25,2697.5,2697.5,10790,539.5,809.25,2697.5
67675,Hulubesti,485.7,485.7,1619.0,1619.0,6476,323.8,485.7,1619.0,485.7,485.7,1619.0,1619.0,6476,323.8,485.7,1619.0
67737,I. L. Caragiale,1021.5,1021.5,3405.0,3405.0,13620,681.0,1021.5,3405.0,1021.5,1021.5,3405.0,3405.0,13620,681.0,1021.5,3405.0
67773,Lucieni,451.65,451.65,1505.5,1505.5,6022,301.1,451.65,1505.5,451.65,451.65,1505.5,1505.5,6022,301.1,451.65,1505.5
67835,Ludesti,772.65,772.65,2575.5,2575.5,10302,515.1,772.65,2575.5,772.65,772.65,2575.5,2575.5,10302,515.1,772.65,2575.5
67906,Lunguletu,826.95,826.95,2756.5,2756.5,11026,551.3,826.95,2756.5,826.95,826.95,2756.5,2756.5,11026,551.3,826.95,2756.5
67942,Malu Cu Flori,345.45,345.45,1151.5,1151.5,4606,230.3,345.45,1151.5,345.45,345.45,1151.5,1151.5,4606,230.3,345.45,1151.5
68002,Manesti,782.85,782.85,2609.5,2609.5,10438,521.9,782.85,2609.5,782.85,782.85,2609.5,2609.5,10438,521.9,782.85,2609.5
68048,Matasaru,787.35,787.35,2624.5,2624.5,10498,524.9,787.35,2624.5,787.35,787.35,2624.5,2624.5,10498,524.9,787.35,2624.5
68128,Mogosani,651.45,651.45,2171.5,2171.5,8686,434.3,651.45,2171.5,651.45,651.45,2171.5,2171.5,8686,434.3,651.45,2171.5
68182,Moroeni,773.85,773.85,2579.5,2579.5,10318,515.9,773.85,2579.5,773.85,773.85,2579.5,2579.5,10318,515.9,773.85,2579.5
68253,Morteni,425.85,425.85,1419.5,1419.5,5678,283.9,425.85,1419.5,425.85,425.85,1419.5,1419.5,5678,283.9,425.85,1419.5
68280,Nucet,642.75,642.75,2142.5,2142.5,8570,428.5,642.75,2142.5,642.75,642.75,2142.5,2142.5,8570,428.5,642.75,2142.5
68324,Ocnita,669.45,669.45,2231.5,2231.5,8926,446.3,669.45,2231.5,669.45,669.45,2231.5,2231.5,8926,446.3,669.45,2231.5
68342,Odobesti,766.2,766.2,2554.0,2554.0,10216,510.8,766.2,2554.0,766.2,766.2,2554.0,2554.0,10216,510.8,766.2,2554.0
68404,Pietrosita,479.4,479.4,1598.0,1598.0,6392,319.6,479.4,1598.0,479.4,479.4,1598.0,1598.0,6392,319.6,479.4,1598.0
68431,Poiana,541.35,541.35,1804.5,1804.5,7218,360.9,541.35,1804.5,541.35,541.35,1804.5,1804.5,7218,360.9,541.35,1804.5
68468,Potlogi,1348.8,1348.8,4496.0,4496.0,17984,899.2,1348.8,4496.0,1348.8,1348.8,4496.0,4496.0,17984,899.2,1348.8,4496.0
68529,Produlesti,514.8,514.8,1716.0,1716.0,6864,343.2,514.8,1716.0,514.8,514.8,1716.0,1716.0,6864,343.2,514.8,1716.0
68565,Pucheni,278.4,278.4,928.0,928.0,3712,185.6,278.4,928.0,278.4,278.4,928.0,928.0,3712,185.6,278.4,928.0
68627,Oras Racari,978.6,978.6,3262.0,3262.0,13048,652.4,978.6,3262.0,978.6,978.6,3262.0,3262.0,13048,652.4,978.6,3262.0
68716,Runcu,665.4,665.4,2218.0,2218.0,8872,443.6,665.4,2218.0,665.4,665.4,2218.0,2218.0,8872,443.6,665.4,2218.0
68789,Salcioara,586.95,586.95,1956.5,1956.5,7826,391.3,586.95,1956.5,586.95,586.95,1956.5,1956.5,7826,391.3,586.95,1956.5
68887,Selaru,474.6,474.6,1582.0,1582.0,6328,316.4,474.6,1582.0,474.6,474.6,1582.0,1582.0,6328,316.4,474.6,1582.0
68921,Tatarani,779.85,779.85,2599.5,2599.5,10398,519.9,779.85,2599.5,779.85,779.85,2599.5,2599.5,10398,519.9,779.85,2599.5
68976,Uliesti,619.65,619.65,2065.5,2065.5,8262,413.1,619.65,2065.5,619.65,619.65,2065.5,2065.5,8262,413.1,619.65,2065.5
69063,Valea Lunga,715.95,715.95,2386.5,2386.5,9546,477.3,715.95,2386.5,715.95,715.95,2386.5,2386.5,9546,477.3,715.95,2386.5
69170,Valea Mare,330.6,330.6,1102.0,1102.0,4408,220.4,330.6,1102.0,330.6,330.6,1102.0,1102.0,4408,220.4,330.6,1102.0
69250,Vacaresti,782.1,782.1,2607.0,2607.0,10428,521.4,782.1,2607.0,782.1,782.1,2607.0,2607.0,10428,521.4,782.1,2607.0
69303,Valeni-Dambovita,392.1,392.1,1307.0,1307.0,5228,261.4,392.1,1307.0,392.1,392.1,1307.0,1307.0,5228,261.4,392.1,1307.0
69330,Visina,601.05,601.05,2003.5,2003.5,8014,400.7,601.05,2003.5,601.05,601.05,2003.5,2003.5,8014,400.7,601.05,2003.5
69394,Visinesti,283.35,283.35,944.5,944.5,3778,188.9,283.35,944.5,283.35,283.35,944.5,944.5,3778,188.9,283.35,944.5
69447,Varfuri,283.65,283.65,945.5,945.5,3782,189.1,283.65,945.5,283.65,283.65,945.5,945.5,3782,189.1,283.65,945.5
69526,Voinesti,903.6,903.6,3012.0,3012.0,12048,602.4,903.6,3012.0,903.6,903.6,3012.0,3012.0,12048,602.4,903.6,3012.0
69615,Vulcana-Bai,455.7,455.7,1519.0,1519.0,6076,303.8,455.7,1519.0,455.7,455.7,1519.0,1519.0,6076,303.8,455.7,1519.0
69900,Municipiul Craiova,45891.9,45891.9,152973.0,152973.0,611892,30594.6,45891.9,152973.0,45891.9,45891.9,152973.0,152973.0,611892,30594.6,45891.9,152973.0
69964,Bucovat,624.0,624.0,2080.0,2080.0,8320,416.0,624.0,2080.0,624.0,624.0,2080.0,2080.0,8320,416.0,624.0,2080.0
70094,Isalnita,602.1,602.1,2007.0,2007.0,8028,401.4,602.1,2007.0,602.1,602.1,2007.0,2007.0,8028,401.4,602.1,2007.0
70110,Podari,1006.2,1006.2,3354.0,3354.0,13416,670.8,1006.2,3354.0,1006.2,1006.2,3354.0,3354.0,13416,670.8,1006.2,3354.0
70174,Simnicu De Sus,700.65,700.65,2335.5,2335.5,9342,467.1,700.65,2335.5,700.65,700.65,2335.5,2335.5,9342,467.1,700.65,2335.5
70316,Municipiul Bailesti,3002.4,3002.4,10008.0,10008.0,40032,2001.6,3002.4,10008.0,3002.4,3002.4,10008.0,10008.0,40032,2001.6,3002.4,10008.0
70352,Municipiul Calafat,2781.3,2781.3,9271.0,9271.0,37084,1854.2,2781.3,9271.0,2781.3,2781.3,9271.0,9271.0,37084,1854.2,2781.3,9271.0
70414,Oras Filiasi,2765.85,2765.85,9219.5,9219.5,36878,1843.9,2765.85,9219.5,2765.85,2765.85,9219.5,9219.5,36878,1843.9,2765.85,9219.5
70502,Oras Segarcea,1204.2,1204.2,4014.0,4014.0,16056,802.8,1204.2,4014.0,1204.2,1204.2,4014.0,4014.0,16056,802.8,1204.2,4014.0
70520,Afumati,403.95,403.95,1346.5,1346.5,5386,269.3,403.95,1346.5,403.95,403.95,1346.5,1346.5,5386,269.3,403.95,1346.5
70566,Almaj,285.6,285.6,952.0,952.0,3808,190.4,285.6,952.0,285.6,285.6,952.0,952.0,3808,190.4,285.6,952.0
70637,Amarastii De Jos,838.5,838.5,2795.0,2795.0,11180,559.0,838.5,2795.0,838.5,838.5,2795.0,2795.0,11180,559.0,838.5,2795.0
70673,Amarastii De Sus,247.95,247.95,826.5,826.5,3306,165.3,247.95,826.5,247.95,247.95,826.5,826.5,3306,165.3,247.95,826.5
70726,Apele Vii,310.95,310.95,1036.5,1036.5,4146,207.3,310.95,1036.5,310.95,310.95,1036.5,1036.5,4146,207.3,310.95,1036.5
70744,Argetoaia,687.3,687.3,2291.0,2291.0,9164,458.2,687.3,2291.0,687.3,687.3,2291.0,2291.0,9164,458.2,687.3,2291.0
70879,Oras Bechet,652.95,652.95,2176.5,2176.5,8706,435.3,652.95,2176.5,652.95,652.95,2176.5,2176.5,8706,435.3,652.95,2176.5
70897,Bistret,647.4,647.4,2158.0,2158.0,8632,431.6,647.4,2158.0,647.4,647.4,2158.0,2158.0,8632,431.6,647.4,2158.0
70940,Barca,612.6,612.6,2042.0,2042.0,8168,408.4,612.6,2042.0,612.6,612.6,2042.0,2042.0,8168,408.4,612.6,2042.0
70968,Botosesti-Paia,106.65,106.65,355.5,355.5,1422,71.1,106.65,355.5,106.65,106.65,355.5,355.5,1422,71.1,106.65,355.5
70986,Brabova,197.25,197.25,657.5,657.5,2630,131.5,197.25,657.5,197.25,197.25,657.5,657.5,2630,131.5,197.25,657.5
71055,Bradesti,674.7,674.7,2249.0,2249.0,8996,449.8,674.7,2249.0,674.7,674.7,2249.0,2249.0,8996,449.8,674.7,2249.0
71126,Bralostita,562.35,562.35,1874.5,1874.5,7498,374.9,562.35,1874.5,562.35,562.35,1874.5,1874.5,7498,374.9,562.35,1874.5
71199,Bratovoesti,478.05,478.05,1593.5,1593.5,6374,318.7,478.05,1593.5,478.05,478.05,1593.5,1593.5,6374,318.7,478.05,1593.5
71260,Breasta,627.3,627.3,2091.0,2091.0,8364,418.2,627.3,2091.0,627.3,627.3,2091.0,2091.0,8364,418.2,627.3,2091.0
71340,Bulzesti,212.1,212.1,707.0,707.0,2828,141.4,212.1,707.0,212.1,212.1,707.0,707.0,2828,141.4,212.1,707.0
71457,Calopar,584.25,584.25,1947.5,1947.5,7790,389.5,584.25,1947.5,584.25,584.25,1947.5,1947.5,7790,389.5,584.25,1947.5
71518,Caraula,377.7,377.7,1259.0,1259.0,5036,251.8,377.7,1259.0,377.7,377.7,1259.0,1259.0,5036,251.8,377.7,1259.0
71536,Carpen,346.35,346.35,1154.5,1154.5,4618,230.9,346.35,1154.5,346.35,346.35,1154.5,1154.5,4618,230.9,346.35,1154.5
71572,Castranova,483.45,483.45,1611.5,1611.5,6446,322.3,483.45,1611.5,483.45,483.45,1611.5,1611.5,6446,322.3,483.45,1611.5
71607,Calarasi,885.0,885.0,2950.0,2950.0,11800,590.0,885.0,2950.0,885.0,885.0,2950.0,2950.0,11800,590.0,885.0,2950.0
71634,Celaru,665.7,665.7,2219.0,2219.0,8876,443.8,665.7,2219.0,665.7,665.7,2219.0,2219.0,8876,443.8,665.7,2219.0
71698,Cerat,628.05,628.05,2093.5,2093.5,8374,418.7,628.05,2093.5,628.05,628.05,2093.5,2093.5,8374,418.7,628.05,2093.5
71723,Cernatesti,267.9,267.9,893.0,893.0,3572,178.6,267.9,893.0,267.9,267.9,893.0,893.0,3572,178.6,267.9,893.0
71787,Cetate,819.3,819.3,2731.0,2731.0,10924,546.2,819.3,2731.0,819.3,819.3,2731.0,2731.0,10924,546.2,819.3,2731.0
71812,Cioroiasi,227.85,227.85,759.5,759.5,3038,151.9,227.85,759.5,227.85,227.85,759.5,759.5,3038,151.9,227.85,759.5
71858,Ciupercenii Noi,785.25,785.25,2617.5,2617.5,10470,523.5,785.25,2617.5,785.25,785.25,2617.5,2617.5,10470,523.5,785.25,2617.5
71885,Cosoveni,490.2,490.2,1634.0,1634.0,6536,326.8,490.2,1634.0,490.2,490.2,1634.0,1634.0,6536,326.8,490.2,1634.0
71910,Cotofenii Din Dos,348.9,348.9,1163.0,1163.0,4652,232.6,348.9,1163.0,348.9,348.9,1163.0,1163.0,4652,232.6,348.9,1163.0
71956,Daneti,885.6,885.6,2952.0,2952.0,11808,590.4,885.6,2952.0,885.6,885.6,2952.0,2952.0,11808,590.4,885.6,2952.0
72007,Oras Dabuleni,1827.15,1827.15,6090.5,6090.5,24362,1218.1,1827.15,6090.5,1827.15,1827.15,6090.5,6090.5,24362,1218.1,1827.15,6090.5
72034,Desa,738.0,738.0,2460.0,2460.0,9840,492.0,738.0,2460.0,738.0,738.0,2460.0,2460.0,9840,492.0,738.0,2460.0
72052,Diosti,450.0,450.0,1500.0,1500.0,6000,300.0,450.0,1500.0,450.0,450.0,1500.0,1500.0,6000,300.0,450.0,1500.0
72098,Dobresti,359.1,359.1,1197.0,1197.0,4788,239.4,359.1,1197.0,359.1,359.1,1197.0,1197.0,4788,239.4,359.1,1197.0
72150,Dragotesti,321.15,321.15,1070.5,1070.5,4282,214.1,321.15,1070.5,321.15,321.15,1070.5,1070.5,4282,214.1,321.15,1070.5
72221,Dranic,365.1,365.1,1217.0,1217.0,4868,243.4,365.1,1217.0,365.1,365.1,1217.0,1217.0,4868,243.4,365.1,1217.0
72276,Farcas,313.65,313.65,1045.5,1045.5,4182,209.1,313.65,1045.5,313.65,313.65,1045.5,1045.5,4182,209.1,313.65,1045.5
72383,Galicea Mare,615.15,615.15,2050.5,2050.5,8202,410.1,615.15,2050.5,615.15,615.15,2050.5,2050.5,8202,410.1,615.15,2050.5
72409,Ghercesti,249.45,249.45,831.5,831.5,3326,166.3,249.45,831.5,249.45,249.45,831.5,831.5,3326,166.3,249.45,831.5
72463,Gighera,432.15,432.15,1440.5,1440.5,5762,288.1,432.15,1440.5,432.15,432.15,1440.5,1440.5,5762,288.1,432.15,1440.5
72506,Giubega,306.0,306.0,1020.0,1020.0,4080,204.0,306.0,1020.0,306.0,306.0,1020.0,1020.0,4080,204.0,306.0,1020.0
72533,Giurgita,448.8,448.8,1496.0,1496.0,5984,299.2,448.8,1496.0,448.8,448.8,1496.0,1496.0,5984,299.2,448.8,1496.0
72579,Gangiova,394.2,394.2,1314.0,1314.0,5256,262.8,394.2,1314.0,394.2,394.2,1314.0,1314.0,5256,262.8,394.2,1314.0
72604,Gogosu,91.2,91.2,304.0,304.0,1216,60.8,91.2,304.0,91.2,91.2,304.0,304.0,1216,60.8,91.2,304.0
72640,Goicea,391.05,391.05,1303.5,1303.5,5214,260.7,391.05,1303.5,391.05,391.05,1303.5,1303.5,5214,260.7,391.05,1303.5
72677,Goiesti,454.5,454.5,1515.0,1515.0,6060,303.0,454.5,1515.0,454.5,454.5,1515.0,1515.0,6060,303.0,454.5,1515.0
72819,Grecesti,244.95,244.95,816.5,816.5,3266,163.3,244.95,816.5,244.95,244.95,816.5,816.5,3266,163.3,244.95,816.5
72882,Izvoare,236.25,236.25,787.5,787.5,3150,157.5,236.25,787.5,236.25,236.25,787.5,787.5,3150,157.5,236.25,787.5
72926,Leu,701.4,701.4,2338.0,2338.0,9352,467.6,701.4,2338.0,701.4,701.4,2338.0,2338.0,9352,467.6,701.4,2338.0
72953,Lipovu,488.25,488.25,1627.5,1627.5,6510,325.5,488.25,1627.5,488.25,488.25,1627.5,1627.5,6510,325.5,488.25,1627.5
72980,Macesu De Jos,190.8,190.8,636.0,636.0,2544,127.2,190.8,636.0,190.8,190.8,636.0,636.0,2544,127.2,190.8,636.0
73013,Macesu De Sus,188.55,188.55,628.5,628.5,2514,125.7,188.55,628.5,188.55,188.55,628.5,628.5,2514,125.7,188.55,628.5
73031,Maglavit,713.4,713.4,2378.0,2378.0,9512,475.6,713.4,2378.0,713.4,713.4,2378.0,2378.0,9512,475.6,713.4,2378.0
73068,Malu Mare,660.9,660.9,2203.0,2203.0,8812,440.6,660.9,2203.0,660.9,660.9,2203.0,2203.0,8812,440.6,660.9,2203.0
73102,Melinesti,596.85,596.85,1989.5,1989.5,7958,397.9,596.85,1989.5,596.85,596.85,1989.5,1989.5,7958,397.9,596.85,1989.5
73246,Mischii,248.25,248.25,827.5,827.5,3310,165.5,248.25,827.5,248.25,248.25,827.5,827.5,3310,165.5,248.25,827.5
73317,Marsani,697.2,697.2,2324.0,2324.0,9296,464.8,697.2,2324.0,697.2,697.2,2324.0,2324.0,9296,464.8,697.2,2324.0
73335,Motatei,1072.35,1072.35,3574.5,3574.5,14298,714.9,1072.35,3574.5,1072.35,1072.35,3574.5,3574.5,14298,714.9,1072.35,3574.5
73371,Murgasi,354.9,354.9,1183.0,1183.0,4732,236.6,354.9,1183.0,354.9,354.9,1183.0,1183.0,4732,236.6,354.9,1183.0
73460,Negoi,359.1,359.1,1197.0,1197.0,4788,239.4,359.1,1197.0,359.1,359.1,1197.0,1197.0,4788,239.4,359.1,1197.0
73503,Orodel,396.6,396.6,1322.0,1322.0,5288,264.4,396.6,1322.0,396.6,396.6,1322.0,1322.0,5288,264.4,396.6,1322.0
73567,Ostroveni,754.35,754.35,2514.5,2514.5,10058,502.9,754.35,2514.5,754.35,754.35,2514.5,2514.5,10058,502.9,754.35,2514.5
73594,Perisor,252.0,252.0,840.0,840.0,3360,168.0,252.0,840.0,252.0,252.0,840.0,840.0,3360,168.0,252.0,840.0
73629,Pielesti,545.1,545.1,1817.0,1817.0,7268,363.4,545.1,1817.0,545.1,545.1,1817.0,1817.0,7268,363.4,545.1,1817.0
73665,Piscu Vechi,412.65,412.65,1375.5,1375.5,5502,275.1,412.65,1375.5,412.65,412.65,1375.5,1375.5,5502,275.1,412.65,1375.5
73709,Plenita,693.6,693.6,2312.0,2312.0,9248,462.4,693.6,2312.0,693.6,693.6,2312.0,2312.0,9248,462.4,693.6,2312.0
73736,Poiana Mare,1601.25,1601.25,5337.5,5337.5,21350,1067.5,1601.25,5337.5,1601.25,1601.25,5337.5,5337.5,21350,1067.5,1601.25,5337.5
73772,Predesti,312.75,312.75,1042.5,1042.5,4170,208.5,312.75,1042.5,312.75,312.75,1042.5,1042.5,4170,208.5,312.75,1042.5
73852,Radovan,201.6,201.6,672.0,672.0,2688,134.4,201.6,672.0,201.6,201.6,672.0,672.0,2688,134.4,201.6,672.0
73905,Rast,534.75,534.75,1782.5,1782.5,7130,356.5,534.75,1782.5,534.75,534.75,1782.5,1782.5,7130,356.5,534.75,1782.5
73923,Robanesti,344.1,344.1,1147.0,1147.0,4588,229.4,344.1,1147.0,344.1,344.1,1147.0,1147.0,4588,229.4,344.1,1147.0
73996,Sadova,1310.1,1310.1,4367.0,4367.0,17468,873.4,1310.1,4367.0,1310.1,1310.1,4367.0,4367.0,17468,873.4,1310.1,4367.0
74028,Salcuta,324.3,324.3,1081.0,1081.0,4324,216.2,324.3,1081.0,324.3,324.3,1081.0,1081.0,4324,216.2,324.3,1081.0
74073,Scaesti,314.55,314.55,1048.5,1048.5,4194,209.7,314.55,1048.5,314.55,314.55,1048.5,1048.5,4194,209.7,314.55,1048.5
74108,Seaca De Camp,278.4,278.4,928.0,928.0,3712,185.6,278.4,928.0,278.4,278.4,928.0,928.0,3712,185.6,278.4,928.0
74135,Seaca De Padure,146.25,146.25,487.5,487.5,1950,97.5,146.25,487.5,146.25,146.25,487.5,487.5,1950,97.5,146.25,487.5
74171,Secu,158.55,158.55,528.5,528.5,2114,105.7,158.55,528.5,158.55,158.55,528.5,528.5,2114,105.7,158.55,528.5
74224,Silistea Crucii,220.5,220.5,735.0,735.0,2940,147.0,220.5,735.0,220.5,220.5,735.0,735.0,2940,147.0,220.5,735.0
74242,Sopot,261.75,261.75,872.5,872.5,3490,174.5,261.75,872.5,261.75,261.75,872.5,872.5,3490,174.5,261.75,872.5
74322,Teasc,458.85,458.85,1529.5,1529.5,6118,305.9,458.85,1529.5,458.85,458.85,1529.5,1529.5,6118,305.9,458.85,1529.5
74359,Terpezita,233.4,233.4,778.0,778.0,3112,155.6,233.4,778.0,233.4,233.4,778.0,778.0,3112,155.6,233.4,778.0
74411,Teslui,346.8,346.8,1156.0,1156.0,4624,231.2,346.8,1156.0,346.8,346.8,1156.0,1156.0,4624,231.2,346.8,1156.0
74509,Tuglui,433.2,433.2,1444.0,1444.0,5776,288.8,433.2,1444.0,433.2,433.2,1444.0,1444.0,5776,288.8,433.2,1444.0
74536,Unirea,568.05,568.05,1893.5,1893.5,7574,378.7,568.05,1893.5,568.05,568.05,1893.5,1893.5,7574,378.7,568.05,1893.5
74554,Urzicuta,457.35,457.35,1524.5,1524.5,6098,304.9,457.35,1524.5,457.35,457.35,1524.5,1524.5,6098,304.9,457.35,1524.5
74581,Valea Stanciului,816.45,816.45,2721.5,2721.5,10886,544.3,816.45,2721.5,816.45,816.45,2721.5,2721.5,10886,544.3,816.45,2721.5
74616,Vela,278.85,278.85,929.5,929.5,3718,185.9,278.85,929.5,278.85,278.85,929.5,929.5,3718,185.9,278.85,929.5
74705,Verbita,192.45,192.45,641.5,641.5,2566,128.3,192.45,641.5,192.45,192.45,641.5,641.5,2566,128.3,192.45,641.5
74732,Vartop,255.9,255.9,853.0,853.0,3412,170.6,255.9,853.0,255.9,255.9,853.0,853.0,3412,170.6,255.9,853.0
74750,Varvoru De Jos,380.1,380.1,1267.0,1267.0,5068,253.4,380.1,1267.0,380.1,380.1,1267.0,1267.0,5068,253.4,380.1,1267.0
74842,Catane,298.65,298.65,995.5,995.5,3982,199.1,298.65,995.5,298.65,298.65,995.5,995.5,3982,199.1,298.65,995.5
74859,Carcea,346.05,346.05,1153.5,1153.5,4614,230.7,346.05,1153.5,346.05,346.05,1153.5,1153.5,4614,230.7,346.05,1153.5
74867,Carna,207.45,207.45,691.5,691.5,2766,138.3,207.45,691.5,207.45,207.45,691.5,691.5,2766,138.3,207.45,691.5
74875,Cotofenii Din Fata,295.8,295.8,986.0,986.0,3944,197.2,295.8,986.0,295.8,295.8,986.0,986.0,3944,197.2,295.8,986.0
74883,Dobrotesti,247.2,247.2,824.0,824.0,3296,164.8,247.2,824.0,247.2,247.2,824.0,824.0,3296,164.8,247.2,824.0
74891,Galiciuica,204.75,204.75,682.5,682.5,2730,136.5,204.75,682.5,204.75,204.75,682.5,682.5,2730,136.5,204.75,682.5
74907,Ghidici,359.7,359.7,1199.0,1199.0,4796,239.8,359.7,1199.0,359.7,359.7,1199.0,1199.0,4796,239.8,359.7,1199.0
74915,Ghindeni,272.1,272.1,907.0,907.0,3628,181.4,272.1,907.0,272.1,272.1,907.0,907.0,3628,181.4,272.1,907.0
74923,Intorsura,223.8,223.8,746.0,746.0,2984,149.2,223.8,746.0,223.8,223.8,746.0,746.0,2984,149.2,223.8,746.0
74931,Plesoi,201.45,201.45,671.5,671.5,2686,134.3,201.45,671.5,201.45,201.45,671.5,671.5,2686,134.3,201.45,671.5
74949,Rojiste,366.15,366.15,1220.5,1220.5,4882,244.1,366.15,1220.5,366.15,366.15,1220.5,1220.5,4882,244.1,366.15,1220.5
74956,Talpas,188.85,188.85,629.5,629.5,2518,125.9,188.85,629.5,188.85,188.85,629.5,629.5,2518,125.9,188.85,629.5
75098,Municipiul Galati,45691.5,45691.5,152305.0,152305.0,609220,30461.0,45691.5,152305.0,45691.5,45691.5,152305.0,152305.0,609220,30461.0,45691.5,152305.0
75114,Sendreni,679.05,679.05,2263.5,2263.5,9054,452.7,679.05,2263.5,679.05,679.05,2263.5,2263.5,9054,452.7,679.05,2263.5
75150,Vanatori,844.5,844.5,2815.0,2815.0,11260,563.0,844.5,2815.0,844.5,844.5,2815.0,2815.0,11260,563.0,844.5,2815.0
75203,Municipiul Tecuci,6823.05,6823.05,22743.5,22743.5,90974,4548.7,6823.05,22743.5,6823.05,6823.05,22743.5,22743.5,90974,4548.7,6823.05,22743.5
75221,Draganesti,991.2,991.2,3304.0,3304.0,13216,660.8,991.2,3304.0,991.2,991.2,3304.0,3304.0,13216,660.8,991.2,3304.0
75258,Munteni,1168.05,1168.05,3893.5,3893.5,15574,778.7,1168.05,3893.5,1168.05,1168.05,3893.5,3893.5,15574,778.7,1168.05,3893.5
75338,Oras Beresti,510.6,510.6,1702.0,1702.0,6808,340.4,510.6,1702.0,510.6,510.6,1702.0,1702.0,6808,340.4,510.6,1702.0
75356,Beresti-Meria,576.9,576.9,1923.0,1923.0,7692,384.6,576.9,1923.0,576.9,576.9,1923.0,1923.0,7692,384.6,576.9,1923.0
75472,Oras Targu Bujor,1109.25,1109.25,3697.5,3697.5,14790,739.5,1109.25,3697.5,1109.25,1109.25,3697.5,3697.5,14790,739.5,1109.25,3697.5
75515,Barcea,969.3,969.3,3231.0,3231.0,12924,646.2,969.3,3231.0,969.3,969.3,3231.0,3231.0,12924,646.2,969.3,3231.0
75542,Balabanesti,309.6,309.6,1032.0,1032.0,4128,206.4,309.6,1032.0,309.6,309.6,1032.0,1032.0,4128,206.4,309.6,1032.0
75613,Balasesti,352.5,352.5,1175.0,1175.0,4700,235.0,352.5,1175.0,352.5,352.5,1175.0,1175.0,4700,235.0,352.5,1175.0
75668,Baleni,366.15,366.15,1220.5,1220.5,4882,244.1,366.15,1220.5,366.15,366.15,1220.5,1220.5,4882,244.1,366.15,1220.5
75686,Baneasa,322.35,322.35,1074.5,1074.5,4298,214.9,322.35,1074.5,322.35,322.35,1074.5,1074.5,4298,214.9,322.35,1074.5
75711,Branistea,654.45,654.45,2181.5,2181.5,8726,436.3,654.45,2181.5,654.45,654.45,2181.5,2181.5,8726,436.3,654.45,2181.5
75766,Brahasesti,1471.8,1471.8,4906.0,4906.0,19624,981.2,1471.8,4906.0,1471.8,1471.8,4906.0,4906.0,19624,981.2,1471.8,4906.0
75819,Buciumeni,382.65,382.65,1275.5,1275.5,5102,255.1,382.65,1275.5,382.65,382.65,1275.5,1275.5,5102,255.1,382.65,1275.5
75864,Cavadinesti,457.2,457.2,1524.0,1524.0,6096,304.8,457.2,1524.0,457.2,457.2,1524.0,1524.0,6096,304.8,457.2,1524.0
75917,Certesti,360.3,360.3,1201.0,1201.0,4804,240.2,360.3,1201.0,360.3,360.3,1201.0,1201.0,4804,240.2,360.3,1201.0
75953,Corod,1162.05,1162.05,3873.5,3873.5,15494,774.7,1162.05,3873.5,1162.05,1162.05,3873.5,3873.5,15494,774.7,1162.05,3873.5
76004,Corni,336.3,336.3,1121.0,1121.0,4484,224.2,336.3,1121.0,336.3,336.3,1121.0,1121.0,4484,224.2,336.3,1121.0
76040,Cosmesti,1012.35,1012.35,3374.5,3374.5,13498,674.9,1012.35,3374.5,1012.35,1012.35,3374.5,3374.5,13498,674.9,1012.35,3374.5
76111,Costache Negri,413.7,413.7,1379.0,1379.0,5516,275.8,413.7,1379.0,413.7,413.7,1379.0,1379.0,5516,275.8,413.7,1379.0
76139,Cuca,340.35,340.35,1134.5,1134.5,4538,226.9,340.35,1134.5,340.35,340.35,1134.5,1134.5,4538,226.9,340.35,1134.5
76157,Cudalbi,1143.6,1143.6,3812.0,3812.0,15248,762.4,1143.6,3812.0,1143.6,1143.6,3812.0,3812.0,15248,762.4,1143.6,3812.0
76175,Draguseni,877.65,877.65,2925.5,2925.5,11702,585.1,877.65,2925.5,877.65,877.65,2925.5,2925.5,11702,585.1,877.65,2925.5
76255,Fartanesti,783.15,783.15,2610.5,2610.5,10442,522.1,783.15,2610.5,783.15,783.15,2610.5,2610.5,10442,522.1,783.15,2610.5
76282,Foltesti,498.3,498.3,1661.0,1661.0,6644,332.2,498.3,1661.0,498.3,498.3,1661.0,1661.0,6644,332.2,498.3,1661.0
76317,Frumusita,836.1,836.1,2787.0,2787.0,11148,557.4,836.1,2787.0,836.1,836.1,2787.0,2787.0,11148,557.4,836.1,2787.0
76353,Fundeni,586.35,586.35,1954.5,1954.5,7818,390.9,586.35,1954.5,586.35,586.35,1954.5,1954.5,7818,390.9,586.35,1954.5
76406,Ghidigeni,1030.2,1030.2,3434.0,3434.0,13736,686.8,1030.2,3434.0,1030.2,1030.2,3434.0,3434.0,13736,686.8,1030.2,3434.0
76497,Gohor,510.9,510.9,1703.0,1703.0,6812,340.6,510.9,1703.0,510.9,510.9,1703.0,1703.0,6812,340.6,510.9,1703.0
76558,Grivita,577.2,577.2,1924.0,1924.0,7696,384.8,577.2,1924.0,577.2,577.2,1924.0,1924.0,7696,384.8,577.2,1924.0
76585,Independenta,716.25,716.25,2387.5,2387.5,9550,477.5,716.25,2387.5,716.25,716.25,2387.5,2387.5,9550,477.5,716.25,2387.5
76601,Ivesti,1530.6,1530.6,5102.0,5102.0,20408,1020.4,1530.6,5102.0,1530.6,1530.6,5102.0,5102.0,20408,1020.4,1530.6,5102.0
76638,Jorasti,276.9,276.9,923.0,923.0,3692,184.6,276.9,923.0,276.9,276.9,923.0,923.0,3692,184.6,276.9,923.0
76674,Liesti,1646.85,1646.85,5489.5,5489.5,21958,1097.9,1646.85,5489.5,1646.85,1646.85,5489.5,5489.5,21958,1097.9,1646.85,5489.5
76692,Matca,1881.3,1881.3,6271.0,6271.0,25084,1254.2,1881.3,6271.0,1881.3,1881.3,6271.0,6271.0,25084,1254.2,1881.3,6271.0
76718,Mastacani,756.3,756.3,2521.0,2521.0,10084,504.2,756.3,2521.0,756.3,756.3,2521.0,2521.0,10084,504.2,756.3,2521.0
76745,Movileni,507.6,507.6,1692.0,1692.0,6768,338.4,507.6,1692.0,507.6,507.6,1692.0,1692.0,6768,338.4,507.6,1692.0
76763,Namoloasa,325.8,325.8,1086.0,1086.0,4344,217.2,325.8,1086.0,325.8,325.8,1086.0,1086.0,4344,217.2,325.8,1086.0
76807,Nicoresti,618.15,618.15,2060.5,2060.5,8242,412.1,618.15,2060.5,618.15,618.15,2060.5,2060.5,8242,412.1,618.15,2060.5
76932,Oancea,212.7,212.7,709.0,709.0,2836,141.8,212.7,709.0,212.7,212.7,709.0,709.0,2836,141.8,212.7,709.0
76969,Pechea,1707.6,1707.6,5692.0,5692.0,22768,1138.4,1707.6,5692.0,1707.6,1707.6,5692.0,5692.0,22768,1138.4,1707.6,5692.0
76996,Piscu,739.05,739.05,2463.5,2463.5,9854,492.7,739.05,2463.5,739.05,739.05,2463.5,2463.5,9854,492.7,739.05,2463.5
77028,Priponesti,337.8,337.8,1126.0,1126.0,4504,225.2,337.8,1126.0,337.8,337.8,1126.0,1126.0,4504,225.2,337.8,1126.0
77082,Rediu,331.8,331.8,1106.0,1106.0,4424,221.2,331.8,1106.0,331.8,331.8,1106.0,1106.0,4424,221.2,331.8,1106.0
77126,Scanteiesti,379.2,379.2,1264.0,1264.0,5056,252.8,379.2,1264.0,379.2,379.2,1264.0,1264.0,5056,252.8,379.2,1264.0
77153,Schela,575.85,575.85,1919.5,1919.5,7678,383.9,575.85,1919.5,575.85,575.85,1919.5,1919.5,7678,383.9,575.85,1919.5
77180,Slobozia Conachi,659.4,659.4,2198.0,2198.0,8792,439.6,659.4,2198.0,659.4,659.4,2198.0,2198.0,8792,439.6,659.4,2198.0
77224,Smardan,832.2,832.2,2774.0,2774.0,11096,554.8,832.2,2774.0,832.2,832.2,2774.0,2774.0,11096,554.8,832.2,2774.0
77260,Smulti,221.1,221.1,737.0,737.0,2948,147.4,221.1,737.0,221.1,221.1,737.0,737.0,2948,147.4,221.1,737.0
77288,Suceveni,269.55,269.55,898.5,898.5,3594,179.7,269.55,898.5,269.55,269.55,898.5,898.5,3594,179.7,269.55,898.5
77313,Tudor Vladimirescu,796.35,796.35,2654.5,2654.5,10618,530.9,796.35,2654.5,796.35,796.35,2654.5,2654.5,10618,530.9,796.35,2654.5
77331,Tulucesti,1160.1,1160.1,3867.0,3867.0,15468,773.4,1160.1,3867.0,1160.1,1160.1,3867.0,3867.0,15468,773.4,1160.1,3867.0
77377,Tepu,380.85,380.85,1269.5,1269.5,5078,253.9,380.85,1269.5,380.85,380.85,1269.5,1269.5,5078,253.9,380.85,1269.5
77402,Umbraresti,1095.3,1095.3,3651.0,3651.0,14604,730.2,1095.3,3651.0,1095.3,1095.3,3651.0,3651.0,14604,730.2,1095.3,3651.0
77475,Valea Marului,553.2,553.2,1844.0,1844.0,7376,368.8,553.2,1844.0,553.2,553.2,1844.0,1844.0,7376,368.8,553.2,1844.0
77509,Varlezi,309.3,309.3,1031.0,1031.0,4124,206.2,309.3,1031.0,309.3,309.3,1031.0,1031.0,4124,206.2,309.3,1031.0
77536,Vladesti,347.85,347.85,1159.5,1159.5,4638,231.9,347.85,1159.5,347.85,347.85,1159.5,1159.5,4638,231.9,347.85,1159.5
77561,Radesti,235.8,235.8,786.0,786.0,3144,157.2,235.8,786.0,235.8,235.8,786.0,786.0,3144,157.2,235.8,786.0
77579,Negrilesti,384.15,384.15,1280.5,1280.5,5122,256.1,384.15,1280.5,384.15,384.15,1280.5,1280.5,5122,256.1,384.15,1280.5
77587,Poiana,265.2,265.2,884.0,884.0,3536,176.8,265.2,884.0,265.2,265.2,884.0,884.0,3536,176.8,265.2,884.0
77595,Cuza Voda,420.9,420.9,1403.0,1403.0,5612,280.6,420.9,1403.0,420.9,420.9,1403.0,1403.0,5612,280.6,420.9,1403.0
77601,Suhurlui,214.65,214.65,715.5,715.5,2862,143.1,214.65,715.5,214.65,214.65,715.5,715.5,2862,143.1,214.65,715.5
77812,Municipiul Targu Jiu,14533.05,14533.05,48443.5,48443.5,193774,9688.7,14533.05,48443.5,14533.05,14533.05,48443.5,48443.5,193774,9688.7,14533.05,48443.5
77910,Balesti,1112.55,1112.55,3708.5,3708.5,14834,741.7,1112.55,3708.5,1112.55,1112.55,3708.5,3708.5,14834,741.7,1112.55,3708.5
78016,Dragutesti,749.4,749.4,2498.0,2498.0,9992,499.6,749.4,2498.0,749.4,749.4,2498.0,2498.0,9992,499.6,749.4,2498.0
78089,Turcinesti,316.5,316.5,1055.0,1055.0,4220,211.0,316.5,1055.0,316.5,316.5,1055.0,1055.0,4220,211.0,316.5,1055.0
78141,Municipiul Motru,3441.75,3441.75,11472.5,11472.5,45890,2294.5,3441.75,11472.5,3441.75,3441.75,11472.5,11472.5,45890,2294.5,3441.75,11472.5
78258,Oras Novaci,863.1,863.1,2877.0,2877.0,11508,575.4,863.1,2877.0,863.1,863.1,2877.0,2877.0,11508,575.4,863.1,2877.0
78329,Oras Targu Carbunesti,1306.35,1306.35,4354.5,4354.5,17418,870.9,1306.35,4354.5,1306.35,1306.35,4354.5,4354.5,17418,870.9,1306.35,4354.5
78454,Oras Ticleni,723.9,723.9,2413.0,2413.0,9652,482.6,723.9,2413.0,723.9,723.9,2413.0,2413.0,9652,482.6,723.9,2413.0
78472,Albeni,435.3,435.3,1451.0,1451.0,5804,290.2,435.3,1451.0,435.3,435.3,1451.0,1451.0,5804,290.2,435.3,1451.0
78542,Alimpesti,272.85,272.85,909.5,909.5,3638,181.9,272.85,909.5,272.85,272.85,909.5,909.5,3638,181.9,272.85,909.5
78604,Aninoasa,586.05,586.05,1953.5,1953.5,7814,390.7,586.05,1953.5,586.05,586.05,1953.5,1953.5,7814,390.7,586.05,1953.5
78668,Arcani,186.15,186.15,620.5,620.5,2482,124.1,186.15,620.5,186.15,186.15,620.5,620.5,2482,124.1,186.15,620.5
78711,Baia De Fier,643.65,643.65,2145.5,2145.5,8582,429.1,643.65,2145.5,643.65,643.65,2145.5,2145.5,8582,429.1,643.65,2145.5
78748,Balanesti,314.4,314.4,1048.0,1048.0,4192,209.6,314.4,1048.0,314.4,314.4,1048.0,1048.0,4192,209.6,314.4,1048.0
78828,Barbatesti,248.55,248.55,828.5,828.5,3314,165.7,248.55,828.5,248.55,248.55,828.5,828.5,3314,165.7,248.55,828.5
78873,Bengesti-Ciocadia,486.15,486.15,1620.5,1620.5,6482,324.1,486.15,1620.5,486.15,486.15,1620.5,1620.5,6482,324.1,486.15,1620.5
78926,Berlesti,311.25,311.25,1037.5,1037.5,4150,207.5,311.25,1037.5,311.25,311.25,1037.5,1037.5,4150,207.5,311.25,1037.5
79004,Balteni,1155.6,1155.6,3852.0,3852.0,15408,770.4,1155.6,3852.0,1155.6,1155.6,3852.0,3852.0,15408,770.4,1155.6,3852.0
79077,Bolbosi,496.8,496.8,1656.0,1656.0,6624,331.2,496.8,1656.0,496.8,496.8,1656.0,1656.0,6624,331.2,496.8,1656.0
79157,Borascu,501.15,501.15,1670.5,1670.5,6682,334.1,501.15,1670.5,501.15,501.15,1670.5,1670.5,6682,334.1,501.15,1670.5
79237,Branesti,346.8,346.8,1156.0,1156.0,4624,231.2,346.8,1156.0,346.8,346.8,1156.0,1156.0,4624,231.2,346.8,1156.0
79308,Oras Bumbesti-Jiu,1513.2,1513.2,5044.0,5044.0,20176,1008.8,1513.2,5044.0,1513.2,1513.2,5044.0,5044.0,20176,1008.8,1513.2,5044.0
79362,Bumbesti-Pitic,319.5,319.5,1065.0,1065.0,4260,213.0,319.5,1065.0,319.5,319.5,1065.0,1065.0,4260,213.0,319.5,1065.0
79406,Bustuchin,500.55,500.55,1668.5,1668.5,6674,333.7,500.55,1668.5,500.55,500.55,1668.5,1668.5,6674,333.7,500.55,1668.5
79497,Capreni,313.95,313.95,1046.5,1046.5,4186,209.3,313.95,1046.5,313.95,313.95,1046.5,1046.5,4186,209.3,313.95,1046.5
79585,Catunele,403.5,403.5,1345.0,1345.0,5380,269.0,403.5,1345.0,403.5,403.5,1345.0,1345.0,5380,269.0,403.5,1345.0
79656,Ciuperceni,229.8,229.8,766.0,766.0,3064,153.2,229.8,766.0,229.8,229.8,766.0,766.0,3064,153.2,229.8,766.0
79736,Calnic,332.7,332.7,1109.0,1109.0,4436,221.8,332.7,1109.0,332.7,332.7,1109.0,1109.0,4436,221.8,332.7,1109.0
79834,Crasna,734.55,734.55,2448.5,2448.5,9794,489.7,734.55,2448.5,734.55,734.55,2448.5,2448.5,9794,489.7,734.55,2448.5
79932,Cruset,485.85,485.85,1619.5,1619.5,6478,323.9,485.85,1619.5,485.85,485.85,1619.5,1619.5,6478,323.9,485.85,1619.5
80043,Danciulesti,308.4,308.4,1028.0,1028.0,4112,205.6,308.4,1028.0,308.4,308.4,1028.0,1028.0,4112,205.6,308.4,1028.0
80123,Danesti,550.2,550.2,1834.0,1834.0,7336,366.8,550.2,1834.0,550.2,550.2,1834.0,1834.0,7336,366.8,550.2,1834.0
80249,Dragotesti,385.05,385.05,1283.5,1283.5,5134,256.7,385.05,1283.5,385.05,385.05,1283.5,1283.5,5134,256.7,385.05,1283.5
80285,Farcasesti,489.15,489.15,1630.5,1630.5,6522,326.1,489.15,1630.5,489.15,489.15,1630.5,1630.5,6522,326.1,489.15,1630.5
80365,Glogova,294.3,294.3,981.0,981.0,3924,196.2,294.3,981.0,294.3,294.3,981.0,981.0,3924,196.2,294.3,981.0
80427,Godinesti,293.7,293.7,979.0,979.0,3916,195.8,293.7,979.0,293.7,293.7,979.0,979.0,3916,195.8,293.7,979.0
80506,Hurezani,247.8,247.8,826.0,826.0,3304,165.2,247.8,826.0,247.8,247.8,826.0,826.0,3304,165.2,247.8,826.0
80560,Ionesti,349.5,349.5,1165.0,1165.0,4660,233.0,349.5,1165.0,349.5,349.5,1165.0,1165.0,4660,233.0,349.5,1165.0
80613,Jupanesti,321.0,321.0,1070.0,1070.0,4280,214.0,321.0,1070.0,321.0,321.0,1070.0,1070.0,4280,214.0,321.0,1070.0
80677,Lelesti,259.5,259.5,865.0,865.0,3460,173.0,259.5,865.0,259.5,259.5,865.0,865.0,3460,173.0,259.5,865.0
80711,Licurici,332.4,332.4,1108.0,1108.0,4432,221.6,332.4,1108.0,332.4,332.4,1108.0,1108.0,4432,221.6,332.4,1108.0
80766,Logresti,396.75,396.75,1322.5,1322.5,5290,264.5,396.75,1322.5,396.75,396.75,1322.5,1322.5,5290,264.5,396.75,1322.5
80846,Matasari,799.95,799.95,2666.5,2666.5,10666,533.3,799.95,2666.5,799.95,799.95,2666.5,2666.5,10666,533.3,799.95,2666.5
80908,Musetesti,296.1,296.1,987.0,987.0,3948,197.4,296.1,987.0,296.1,296.1,987.0,987.0,3948,197.4,296.1,987.0
80980,Negomir,542.85,542.85,1809.5,1809.5,7238,361.9,542.85,1809.5,542.85,542.85,1809.5,1809.5,7238,361.9,542.85,1809.5
81095,Pades,739.35,739.35,2464.5,2464.5,9858,492.9,739.35,2464.5,739.35,739.35,2464.5,2464.5,9858,492.9,739.35,2464.5
81184,Pestisani,569.4,569.4,1898.0,1898.0,7592,379.6,569.4,1898.0,569.4,569.4,1898.0,1898.0,7592,379.6,569.4,1898.0
81264,Plopsoru,1002.3,1002.3,3341.0,3341.0,13364,668.2,1002.3,3341.0,1002.3,1002.3,3341.0,3341.0,13364,668.2,1002.3,3341.0
81380,Polovragi,411.45,411.45,1371.5,1371.5,5486,274.3,411.45,1371.5,411.45,411.45,1371.5,1371.5,5486,274.3,411.45,1371.5
81415,Prigoria,449.85,449.85,1499.5,1499.5,5998,299.9,449.85,1499.5,449.85,449.85,1499.5,1499.5,5998,299.9,449.85,1499.5
81497,Rosia De Amaradia,471.75,471.75,1572.5,1572.5,6290,314.5,471.75,1572.5,471.75,471.75,1572.5,1572.5,6290,314.5,471.75,1572.5
81576,Runcu,762.6,762.6,2542.0,2542.0,10168,508.4,762.6,2542.0,762.6,762.6,2542.0,2542.0,10168,508.4,762.6,2542.0
81656,Samarinesti,265.65,265.65,885.5,885.5,3542,177.1,265.65,885.5,265.65,265.65,885.5,885.5,3542,177.1,265.65,885.5
81754,Sacelu,218.1,218.1,727.0,727.0,2908,145.4,218.1,727.0,218.1,218.1,727.0,727.0,2908,145.4,218.1,727.0
81816,Saulesti,337.95,337.95,1126.5,1126.5,4506,225.3,337.95,1126.5,337.95,337.95,1126.5,1126.5,4506,225.3,337.95,1126.5
81861,Scoarta,690.75,690.75,2302.5,2302.5,9210,460.5,690.75,2302.5,690.75,690.75,2302.5,2302.5,9210,460.5,690.75,2302.5
81987,Schela,259.95,259.95,866.5,866.5,3466,173.3,259.95,866.5,259.95,259.95,866.5,866.5,3466,173.3,259.95,866.5
82047,Slivilesti,498.9,498.9,1663.0,1663.0,6652,332.6,498.9,1663.0,498.9,498.9,1663.0,1663.0,6652,332.6,498.9,1663.0
82136,Stanesti,334.65,334.65,1115.5,1115.5,4462,223.1,334.65,1115.5,334.65,334.65,1115.5,1115.5,4462,223.1,334.65,1115.5
82243,Stejari,361.8,361.8,1206.0,1206.0,4824,241.2,361.8,1206.0,361.8,361.8,1206.0,1206.0,4824,241.2,361.8,1206.0
82314,Stoina,347.25,347.25,1157.5,1157.5,4630,231.5,347.25,1157.5,347.25,347.25,1157.5,1157.5,4630,231.5,347.25,1157.5
82396,Telesti,413.7,413.7,1379.0,1379.0,5516,275.8,413.7,1379.0,413.7,413.7,1379.0,1379.0,5516,275.8,413.7,1379.0
82430,Oras Tismana,1070.1,1070.1,3567.0,3567.0,14268,713.4,1070.1,3567.0,1070.1,1070.1,3567.0,3567.0,14268,713.4,1070.1,3567.0
82555,Turburea,635.85,635.85,2119.5,2119.5,8478,423.9,635.85,2119.5,635.85,635.85,2119.5,2119.5,8478,423.9,635.85,2119.5
82617,Oras Turceni,1217.55,1217.55,4058.5,4058.5,16234,811.7,1217.55,4058.5,1217.55,1217.55,4058.5,4058.5,16234,811.7,1217.55,4058.5
82680,Tantareni,847.65,847.65,2825.5,2825.5,11302,565.1,847.65,2825.5,847.65,847.65,2825.5,2825.5,11302,565.1,847.65,2825.5
82733,Urdari,474.15,474.15,1580.5,1580.5,6322,316.1,474.15,1580.5,474.15,474.15,1580.5,1580.5,6322,316.1,474.15,1580.5
82779,Vagiulesti,385.2,385.2,1284.0,1284.0,5136,256.8,385.2,1284.0,385.2,385.2,1284.0,1284.0,5136,256.8,385.2,1284.0
82831,Vladimir,417.6,417.6,1392.0,1392.0,5568,278.4,417.6,1392.0,417.6,417.6,1392.0,1392.0,5568,278.4,417.6,1392.0
82895,Oras Rovinari,2049.3,2049.3,6831.0,6831.0,27324,1366.2,2049.3,6831.0,2049.3,2049.3,6831.0,6831.0,27324,1366.2,2049.3,6831.0
83133,Municipiul Odorheiu Secuiesc,5788.5,5788.5,19295.0,19295.0,77180,3859.0,5788.5,19295.0,5788.5,5788.5,19295.0,19295.0,77180,3859.0,5788.5,19295.0
83151,Bradesti,303.45,303.45,1011.5,1011.5,4046,202.3,303.45,1011.5,303.45,303.45,1011.5,1011.5,4046,202.3,303.45,1011.5
83197,Feliceni,500.25,500.25,1667.5,1667.5,6670,333.5,500.25,1667.5,500.25,500.25,1667.5,1667.5,6670,333.5,500.25,1667.5
83320,Municipiul Miercurea Ciuc,6319.5,6319.5,21065.0,21065.0,84260,4213.0,6319.5,21065.0,6319.5,6319.5,21065.0,21065.0,84260,4213.0,6319.5,21065.0
83375,Pauleni-Ciuc,288.3,288.3,961.0,961.0,3844,192.2,288.3,961.0,288.3,288.3,961.0,961.0,3844,192.2,288.3,961.0
83428,Oras Baile Tusnad,252.6,252.6,842.0,842.0,3368,168.4,252.6,842.0,252.6,252.6,842.0,842.0,3368,168.4,252.6,842.0
83464,Oras Balan,1189.65,1189.65,3965.5,3965.5,15862,793.1,1189.65,3965.5,1189.65,1189.65,3965.5,3965.5,15862,793.1,1189.65,3965.5
83491,Oras Borsec,415.8,415.8,1386.0,1386.0,5544,277.2,415.8,1386.0,415.8,415.8,1386.0,1386.0,5544,277.2,415.8,1386.0
83525,Oras Cristuru Secuiesc,1620.15,1620.15,5400.5,5400.5,21602,1080.1,1620.15,5400.5,1620.15,1620.15,5400.5,5400.5,21602,1080.1,1620.15,5400.5
83561,Municipiul Gheorgheni,3004.65,3004.65,10015.5,10015.5,40062,2003.1,3004.65,10015.5,3004.65,3004.65,10015.5,10015.5,40062,2003.1,3004.65,10015.5
83632,Municipiul Toplita,2406.3,2406.3,8021.0,8021.0,32084,1604.2,2406.3,8021.0,2406.3,2406.3,8021.0,8021.0,32084,1604.2,2406.3,8021.0
83749,Oras Vlahita,1147.35,1147.35,3824.5,3824.5,15298,764.9,1147.35,3824.5,1147.35,1147.35,3824.5,3824.5,15298,764.9,1147.35,3824.5
83785,Atid,461.25,461.25,1537.5,1537.5,6150,307.5,461.25,1537.5,461.25,461.25,1537.5,1537.5,6150,307.5,461.25,1537.5
83847,Avramesti,417.75,417.75,1392.5,1392.5,5570,278.5,417.75,1392.5,417.75,417.75,1392.5,1392.5,5570,278.5,417.75,1392.5
83936,Bilbor,401.7,401.7,1339.0,1339.0,5356,267.8,401.7,1339.0,401.7,401.7,1339.0,1339.0,5356,267.8,401.7,1339.0
83963,Capalnita,318.75,318.75,1062.5,1062.5,4250,212.5,318.75,1062.5,318.75,318.75,1062.5,1062.5,4250,212.5,318.75,1062.5
83981,Ciucsangeorgiu,754.2,754.2,2514.0,2514.0,10056,502.8,754.2,2514.0,754.2,754.2,2514.0,2514.0,10056,502.8,754.2,2514.0
84086,Ciumani,666.15,666.15,2220.5,2220.5,8882,444.1,666.15,2220.5,666.15,666.15,2220.5,2220.5,8882,444.1,666.15,2220.5
84102,Carta,416.85,416.85,1389.5,1389.5,5558,277.9,416.85,1389.5,416.85,416.85,1389.5,1389.5,5558,277.9,416.85,1389.5
84148,Corbu,222.3,222.3,741.0,741.0,2964,148.2,222.3,741.0,222.3,222.3,741.0,741.0,2964,148.2,222.3,741.0
84175,Corund,977.1,977.1,3257.0,3257.0,13028,651.4,977.1,3257.0,977.1,977.1,3257.0,3257.0,13028,651.4,977.1,3257.0
84237,Danesti,332.55,332.55,1108.5,1108.5,4434,221.7,332.55,1108.5,332.55,332.55,1108.5,1108.5,4434,221.7,332.55,1108.5
84264,Dealu,615.9,615.9,2053.0,2053.0,8212,410.6,615.9,2053.0,615.9,615.9,2053.0,2053.0,8212,410.6,615.9,2053.0
84344,Ditrau,885.45,885.45,2951.5,2951.5,11806,590.3,885.45,2951.5,885.45,885.45,2951.5,2951.5,11806,590.3,885.45,2951.5
84380,Darjiu,160.35,160.35,534.5,534.5,2138,106.9,160.35,534.5,160.35,160.35,534.5,534.5,2138,106.9,160.35,534.5
84415,Frumoasa,567.6,567.6,1892.0,1892.0,7568,378.4,567.6,1892.0,567.6,567.6,1892.0,1892.0,7568,378.4,567.6,1892.0
84460,Galautas,376.35,376.35,1254.5,1254.5,5018,250.9,376.35,1254.5,376.35,376.35,1254.5,1254.5,5018,250.9,376.35,1254.5
84558,Joseni,874.35,874.35,2914.5,2914.5,11658,582.9,874.35,2914.5,874.35,874.35,2914.5,2914.5,11658,582.9,874.35,2914.5
84594,Lazarea,539.85,539.85,1799.5,1799.5,7198,359.9,539.85,1799.5,539.85,539.85,1799.5,1799.5,7198,359.9,539.85,1799.5
84629,Lueta,555.45,555.45,1851.5,1851.5,7406,370.3,555.45,1851.5,555.45,555.45,1851.5,1851.5,7406,370.3,555.45,1851.5
84656,Lunca De Jos,851.25,851.25,2837.5,2837.5,11350,567.5,851.25,2837.5,851.25,851.25,2837.5,2837.5,11350,567.5,851.25,2837.5
84754,Lunca De Sus,513.75,513.75,1712.5,1712.5,6850,342.5,513.75,1712.5,513.75,513.75,1712.5,1712.5,6850,342.5,513.75,1712.5
84825,Lupeni,703.05,703.05,2343.5,2343.5,9374,468.7,703.05,2343.5,703.05,703.05,2343.5,2343.5,9374,468.7,703.05,2343.5
84923,Martinis,439.2,439.2,1464.0,1464.0,5856,292.8,439.2,1464.0,439.2,439.2,1464.0,1464.0,5856,292.8,439.2,1464.0
85056,Meresti,204.6,204.6,682.0,682.0,2728,136.4,204.6,682.0,204.6,204.6,682.0,682.0,2728,136.4,204.6,682.0
85074,Mihaileni,411.15,411.15,1370.5,1370.5,5482,274.1,411.15,1370.5,411.15,411.15,1370.5,1370.5,5482,274.1,411.15,1370.5
85127,Mugeni,540.0,540.0,1800.0,1800.0,7200,360.0,540.0,1800.0,540.0,540.0,1800.0,1800.0,7200,360.0,540.0,1800.0
85243,Ocland,199.8,199.8,666.0,666.0,2664,133.2,199.8,666.0,199.8,199.8,666.0,666.0,2664,133.2,199.8,666.0
85289,Plaiesii De Jos,428.55,428.55,1428.5,1428.5,5714,285.7,428.55,1428.5,428.55,428.55,1428.5,1428.5,5714,285.7,428.55,1428.5
85341,Praid,1043.55,1043.55,3478.5,3478.5,13914,695.7,1043.55,3478.5,1043.55,1043.55,3478.5,3478.5,13914,695.7,1043.55,3478.5
85412,Remetea,958.5,958.5,3195.0,3195.0,12780,639.0,958.5,3195.0,958.5,958.5,3195.0,3195.0,12780,639.0,958.5,3195.0
85467,Sacel,188.1,188.1,627.0,627.0,2508,125.4,188.1,627.0,188.1,188.1,627.0,627.0,2508,125.4,188.1,627.0
85528,Sarmas,599.4,599.4,1998.0,1998.0,7992,399.6,599.4,1998.0,599.4,599.4,1998.0,1998.0,7992,399.6,599.4,1998.0
85582,Secuieni,423.0,423.0,1410.0,1410.0,5640,282.0,423.0,1410.0,423.0,423.0,1410.0,1410.0,5640,282.0,423.0,1410.0
85626,Siculeni,429.9,429.9,1433.0,1433.0,5732,286.6,429.9,1433.0,429.9,429.9,1433.0,1433.0,5732,286.6,429.9,1433.0
85680,Sancraieni,392.85,392.85,1309.5,1309.5,5238,261.9,392.85,1309.5,392.85,392.85,1309.5,1309.5,5238,261.9,392.85,1309.5
85760,Sandominic,954.45,954.45,3181.5,3181.5,12726,636.3,954.45,3181.5,954.45,954.45,3181.5,3181.5,12726,636.3,954.45,3181.5
85788,Sanmartin,360.15,360.15,1200.5,1200.5,4802,240.1,360.15,1200.5,360.15,360.15,1200.5,1200.5,4802,240.1,360.15,1200.5
85840,Sansimion,545.55,545.55,1818.5,1818.5,7274,363.7,545.55,1818.5,545.55,545.55,1818.5,1818.5,7274,363.7,545.55,1818.5
85877,Subcetate,281.1,281.1,937.0,937.0,3748,187.4,281.1,937.0,281.1,281.1,937.0,937.0,3748,187.4,281.1,937.0
85920,Suseni,791.55,791.55,2638.5,2638.5,10554,527.7,791.55,2638.5,791.55,791.55,2638.5,2638.5,10554,527.7,791.55,2638.5
85984,Simonesti,591.3,591.3,1971.0,1971.0,7884,394.2,591.3,1971.0,591.3,591.3,1971.0,1971.0,7884,394.2,591.3,1971.0
86133,Tulghes,484.35,484.35,1614.5,1614.5,6458,322.9,484.35,1614.5,484.35,484.35,1614.5,1614.5,6458,322.9,484.35,1614.5
86188,Tusnad,332.4,332.4,1108.0,1108.0,4432,221.6,332.4,1108.0,332.4,332.4,1108.0,1108.0,4432,221.6,332.4,1108.0
86222,Ulies,176.7,176.7,589.0,589.0,2356,117.8,176.7,589.0,176.7,176.7,589.0,589.0,2356,117.8,176.7,589.0
86311,Varsag,251.4,251.4,838.0,838.0,3352,167.6,251.4,838.0,251.4,251.4,838.0,838.0,3352,167.6,251.4,838.0
86339,Voslabeni,298.35,298.35,994.5,994.5,3978,198.9,298.35,994.5,298.35,298.35,994.5,994.5,3978,198.9,298.35,994.5
86366,Zetea,902.4,902.4,3008.0,3008.0,12032,601.6,902.4,3008.0,902.4,902.4,3008.0,3008.0,12032,601.6,902.4,3008.0
86438,Madaras,336.45,336.45,1121.5,1121.5,4486,224.3,336.45,1121.5,336.45,336.45,1121.5,1121.5,4486,224.3,336.45,1121.5
86446,Cozmeni,339.0,339.0,1130.0,1130.0,4520,226.0,339.0,1130.0,339.0,339.0,1130.0,1130.0,4520,226.0,339.0,1130.0
86453,Tomesti,400.2,400.2,1334.0,1334.0,5336,266.8,400.2,1334.0,400.2,400.2,1334.0,1334.0,5336,266.8,400.2,1334.0
86461,Ciceu,419.55,419.55,1398.5,1398.5,5594,279.7,419.55,1398.5,419.55,419.55,1398.5,1398.5,5594,279.7,419.55,1398.5
86479,Leliceni,321.15,321.15,1070.5,1070.5,4282,214.1,321.15,1070.5,321.15,321.15,1070.5,1070.5,4282,214.1,321.15,1070.5
86487,Porumbeni,283.65,283.65,945.5,945.5,3782,189.1,283.65,945.5,283.65,283.65,945.5,945.5,3782,189.1,283.65,945.5
86495,Racu,245.85,245.85,819.5,819.5,3278,163.9,245.85,819.5,245.85,245.85,819.5,819.5,3278,163.9,245.85,819.5
86501,Satu Mare,317.55,317.55,1058.5,1058.5,4234,211.7,317.55,1058.5,317.55,317.55,1058.5,1058.5,4234,211.7,317.55,1058.5
86519,Santimbru,328.2,328.2,1094.0,1094.0,4376,218.8,328.2,1094.0,328.2,328.2,1094.0,1094.0,4376,218.8,328.2,1094.0
86687,Municipiul Deva,10568.4,10568.4,35228.0,35228.0,140912,7045.6,10568.4,35228.0,10568.4,10568.4,35228.0,35228.0,140912,7045.6,10568.4,35228.0
86749,Carjiti,102.0,102.0,340.0,340.0,1360,68.0,102.0,340.0,102.0,102.0,340.0,340.0,1360,68.0,102.0,340.0
86810,Municipiul Hunedoara,11141.85,11141.85,37139.5,37139.5,148558,7427.9,11141.85,37139.5,11141.85,11141.85,37139.5,37139.5,148558,7427.9,11141.85,37139.5
86883,Ghelari,314.55,314.55,1048.5,1048.5,4194,209.7,314.55,1048.5,314.55,314.55,1048.5,1048.5,4194,209.7,314.55,1048.5
86936,Teliucu Inferior,381.9,381.9,1273.0,1273.0,5092,254.6,381.9,1273.0,381.9,381.9,1273.0,1273.0,5092,254.6,381.9,1273.0
86990,Municipiul Petrosani,6482.85,6482.85,21609.5,21609.5,86438,4321.9,6482.85,21609.5,6482.85,6482.85,21609.5,21609.5,86438,4321.9,6482.85,21609.5
87059,Municipiul Lupeni,4077.9,4077.9,13593.0,13593.0,54372,2718.6,4077.9,13593.0,4077.9,4077.9,13593.0,13593.0,54372,2718.6,4077.9,13593.0
87077,Oras Petrila,3769.5,3769.5,12565.0,12565.0,50260,2513.0,3769.5,12565.0,3769.5,3769.5,12565.0,12565.0,50260,2513.0,3769.5,12565.0
87139,Oras Uricani,1477.65,1477.65,4925.5,4925.5,19702,985.1,1477.65,4925.5,1477.65,1477.65,4925.5,4925.5,19702,985.1,1477.65,4925.5
87175,Municipiul Vulcan,4342.8,4342.8,14476.0,14476.0,57904,2895.2,4342.8,14476.0,4342.8,4342.8,14476.0,14476.0,57904,2895.2,4342.8,14476.0
87219,Oras Aninoasa,712.95,712.95,2376.5,2376.5,9506,475.3,712.95,2376.5,712.95,712.95,2376.5,2376.5,9506,475.3,712.95,2376.5
87246,Banita,172.95,172.95,576.5,576.5,2306,115.3,172.95,576.5,172.95,172.95,576.5,576.5,2306,115.3,172.95,576.5
87291,Municipiul Brad,2390.55,2390.55,7968.5,7968.5,31874,1593.7,2390.55,7968.5,2390.55,2390.55,7968.5,7968.5,31874,1593.7,2390.55,7968.5
87362,Criscior,584.7,584.7,1949.0,1949.0,7796,389.8,584.7,1949.0,584.7,584.7,1949.0,1949.0,7796,389.8,584.7,1949.0
87424,Oras Calan,2003.7,2003.7,6679.0,6679.0,26716,1335.8,2003.7,6679.0,2003.7,2003.7,6679.0,6679.0,26716,1335.8,2003.7,6679.0
87576,Oras Hateg,1634.55,1634.55,5448.5,5448.5,21794,1089.7,1634.55,5448.5,1634.55,1634.55,5448.5,5448.5,21794,1089.7,1634.55,5448.5
87638,Municipiul Orastie,3389.7,3389.7,11299.0,11299.0,45196,2259.8,3389.7,11299.0,3389.7,3389.7,11299.0,11299.0,45196,2259.8,3389.7,11299.0
87665,Oras Simeria,2091.0,2091.0,6970.0,6970.0,27880,1394.0,2091.0,6970.0,2091.0,2091.0,6970.0,6970.0,27880,1394.0,2091.0,6970.0
87745,Baia De Cris,383.85,383.85,1279.5,1279.5,5118,255.9,383.85,1279.5,383.85,383.85,1279.5,1279.5,5118,255.9,383.85,1279.5
87843,Balsa,128.55,128.55,428.5,428.5,1714,85.7,128.55,428.5,128.55,128.55,428.5,428.5,1714,85.7,128.55,428.5
87996,Baru,416.85,416.85,1389.5,1389.5,5558,277.9,416.85,1389.5,416.85,416.85,1389.5,1389.5,5558,277.9,416.85,1389.5
88047,Bacia,276.6,276.6,922.0,922.0,3688,184.4,276.6,922.0,276.6,276.6,922.0,922.0,3688,184.4,276.6,922.0
88092,Baita,524.1,524.1,1747.0,1747.0,6988,349.4,524.1,1747.0,524.1,524.1,1747.0,1747.0,6988,349.4,524.1,1747.0
88216,Batrana,18.3,18.3,61.0,61.0,244,12.2,18.3,61.0,18.3,18.3,61.0,61.0,244,12.2,18.3,61.0
88261,Beriu,510.15,510.15,1700.5,1700.5,6802,340.1,510.15,1700.5,510.15,510.15,1700.5,1700.5,6802,340.1,510.15,1700.5
88350,Blajeni,163.35,163.35,544.5,544.5,2178,108.9,163.35,544.5,163.35,163.35,544.5,544.5,2178,108.9,163.35,544.5
88449,Bosorod,297.3,297.3,991.0,991.0,3964,198.2,297.3,991.0,297.3,297.3,991.0,991.0,3964,198.2,297.3,991.0
88546,Branisca,236.4,236.4,788.0,788.0,3152,157.6,236.4,788.0,236.4,236.4,788.0,788.0,3152,157.6,236.4,788.0
88644,Bretea Romana,424.2,424.2,1414.0,1414.0,5656,282.8,424.2,1414.0,424.2,424.2,1414.0,1414.0,5656,282.8,424.2,1414.0
88788,Buces,283.5,283.5,945.0,945.0,3780,189.0,283.5,945.0,283.5,283.5,945.0,945.0,3780,189.0,283.5,945.0
88868,Bucuresci,234.3,234.3,781.0,781.0,3124,156.2,234.3,781.0,234.3,234.3,781.0,781.0,3124,156.2,234.3,781.0
88920,Bulzestii De Sus,42.3,42.3,141.0,141.0,564,28.2,42.3,141.0,42.3,42.3,141.0,141.0,564,28.2,42.3,141.0
89026,Bunila,48.45,48.45,161.5,161.5,646,32.3,48.45,161.5,48.45,48.45,161.5,161.5,646,32.3,48.45,161.5
89080,Burjuc,122.85,122.85,409.5,409.5,1638,81.9,122.85,409.5,122.85,122.85,409.5,409.5,1638,81.9,122.85,409.5
89151,Cerbal,69.3,69.3,231.0,231.0,924,46.2,69.3,231.0,69.3,69.3,231.0,231.0,924,46.2,69.3,231.0
89240,Certeju De Sus,455.1,455.1,1517.0,1517.0,6068,303.4,455.1,1517.0,455.1,455.1,1517.0,1517.0,6068,303.4,455.1,1517.0
89348,Densus,221.25,221.25,737.5,737.5,2950,147.5,221.25,737.5,221.25,221.25,737.5,737.5,2950,147.5,221.25,737.5
89428,Dobra,503.4,503.4,1678.0,1678.0,6712,335.6,503.4,1678.0,503.4,503.4,1678.0,1678.0,6712,335.6,503.4,1678.0
89561,Oras Geoagiu,845.7,845.7,2819.0,2819.0,11276,563.8,845.7,2819.0,845.7,845.7,2819.0,2819.0,11276,563.8,845.7,2819.0
89687,Gurasada,212.7,212.7,709.0,709.0,2836,141.8,212.7,709.0,212.7,212.7,709.0,709.0,2836,141.8,212.7,709.0
89801,Harau,314.7,314.7,1049.0,1049.0,4196,209.8,314.7,1049.0,314.7,314.7,1049.0,1049.0,4196,209.8,314.7,1049.0
89856,Ilia,551.1,551.1,1837.0,1837.0,7348,367.4,551.1,1837.0,551.1,551.1,1837.0,1837.0,7348,367.4,551.1,1837.0
89954,Lapugiu De Jos,214.05,214.05,713.5,713.5,2854,142.7,214.05,713.5,214.05,214.05,713.5,713.5,2854,142.7,214.05,713.5
90066,Lelese,58.95,58.95,196.5,196.5,786,39.3,58.95,196.5,58.95,58.95,196.5,196.5,786,39.3,58.95,196.5
90119,Lunca Cernii De Jos,133.05,133.05,443.5,443.5,1774,88.7,133.05,443.5,133.05,133.05,443.5,443.5,1774,88.7,133.05,443.5
90208,Luncoiu De Jos,266.25,266.25,887.5,887.5,3550,177.5,266.25,887.5,266.25,266.25,887.5,887.5,3550,177.5,266.25,887.5
90262,Martinesti,150.75,150.75,502.5,502.5,2010,100.5,150.75,502.5,150.75,150.75,502.5,502.5,2010,100.5,150.75,502.5
90342,Orastioara De Sus,323.7,323.7,1079.0,1079.0,4316,215.8,323.7,1079.0,323.7,323.7,1079.0,1079.0,4316,215.8,323.7,1079.0
90431,Pestisu Mic,172.8,172.8,576.0,576.0,2304,115.2,172.8,576.0,172.8,172.8,576.0,576.0,2304,115.2,172.8,576.0
90538,Pui,641.7,641.7,2139.0,2139.0,8556,427.8,641.7,2139.0,641.7,641.7,2139.0,2139.0,8556,427.8,641.7,2139.0
90663,Rapoltu Mare,297.45,297.45,991.5,991.5,3966,198.3,297.45,991.5,297.45,297.45,991.5,991.5,3966,198.3,297.45,991.5
90725,Rachitova,199.5,199.5,665.0,665.0,2660,133.0,199.5,665.0,199.5,199.5,665.0,665.0,2660,133.0,199.5,665.0
90805,Ribita,193.5,193.5,645.0,645.0,2580,129.0,193.5,645.0,193.5,193.5,645.0,645.0,2580,129.0,193.5,645.0
90878,Rau De Mori,485.4,485.4,1618.0,1618.0,6472,323.6,485.4,1618.0,485.4,485.4,1618.0,1618.0,6472,323.6,485.4,1618.0
90994,Romos,410.25,410.25,1367.5,1367.5,5470,273.5,410.25,1367.5,410.25,410.25,1367.5,1367.5,5470,273.5,410.25,1367.5
91054,Sarmizegetusa,178.35,178.35,594.5,594.5,2378,118.9,178.35,594.5,178.35,178.35,594.5,594.5,2378,118.9,178.35,594.5
91116,Salasu De Sus,346.05,346.05,1153.5,1153.5,4614,230.7,346.05,1153.5,346.05,346.05,1153.5,1153.5,4614,230.7,346.05,1153.5
91232,Santamaria-Orlea,479.1,479.1,1597.0,1597.0,6388,319.4,479.1,1597.0,479.1,479.1,1597.0,1597.0,6388,319.4,479.1,1597.0
91330,Soimus,525.0,525.0,1750.0,1750.0,7000,350.0,525.0,1750.0,525.0,525.0,1750.0,1750.0,7000,350.0,525.0,1750.0
91447,Tomesti,156.3,156.3,521.0,521.0,2084,104.2,156.3,521.0,156.3,156.3,521.0,521.0,2084,104.2,156.3,521.0
91535,Toplita,115.5,115.5,385.0,385.0,1540,77.0,115.5,385.0,115.5,115.5,385.0,385.0,1540,77.0,115.5,385.0
91624,Totesti,285.9,285.9,953.0,953.0,3812,190.6,285.9,953.0,285.9,285.9,953.0,953.0,3812,190.6,285.9,953.0
91688,Turdas,314.7,314.7,1049.0,1049.0,4196,209.8,314.7,1049.0,314.7,314.7,1049.0,1049.0,4196,209.8,314.7,1049.0
91731,General Berthelot,137.7,137.7,459.0,459.0,1836,91.8,137.7,459.0,137.7,137.7,459.0,459.0,1836,91.8,137.7,459.0
91795,Vata De Jos,543.9,543.9,1813.0,1813.0,7252,362.6,543.9,1813.0,543.9,543.9,1813.0,1813.0,7252,362.6,543.9,1813.0
91937,Valisoara,181.5,181.5,605.0,605.0,2420,121.0,181.5,605.0,181.5,181.5,605.0,605.0,2420,121.0,181.5,605.0
91982,Vetel,427.35,427.35,1424.5,1424.5,5698,284.9,427.35,1424.5,427.35,427.35,1424.5,1424.5,5698,284.9,427.35,1424.5
92097,Vorta,118.95,118.95,396.5,396.5,1586,79.3,118.95,396.5,118.95,118.95,396.5,396.5,1586,79.3,118.95,396.5
92177,Zam,252.0,252.0,840.0,840.0,3360,168.0,252.0,840.0,252.0,252.0,840.0,840.0,3360,168.0,252.0,840.0
92569,Municipiul Calarasi,11660.25,11660.25,38867.5,38867.5,155470,7773.5,11660.25,38867.5,11660.25,11660.25,38867.5,38867.5,155470,7773.5,11660.25,38867.5
92587,Modelu,1589.1,1589.1,5297.0,5297.0,21188,1059.4,1589.1,5297.0,1589.1,1589.1,5297.0,5297.0,21188,1059.4,1589.1,5297.0
92658,Municipiul Slobozia,7967.55,7967.55,26558.5,26558.5,106234,5311.7,7967.55,26558.5,7967.55,7967.55,26558.5,26558.5,106234,5311.7,7967.55,26558.5
92701,Municipiul Fetesti,5337.6,5337.6,17792.0,17792.0,71168,3558.4,5337.6,17792.0,5337.6,5337.6,17792.0,17792.0,71168,3558.4,5337.6,17792.0
92765,Oras Tandarei,2548.8,2548.8,8496.0,8496.0,33984,1699.2,2548.8,8496.0,2548.8,2548.8,8496.0,8496.0,33984,1699.2,2548.8,8496.0
92783,Albesti,192.3,192.3,641.0,641.0,2564,128.2,192.3,641.0,192.3,192.3,641.0,641.0,2564,128.2,192.3,641.0
92836,Oras Amara,1200.3,1200.3,4001.0,4001.0,16004,800.2,1200.3,4001.0,1200.3,1200.3,4001.0,4001.0,16004,800.2,1200.3,4001.0
92872,Andrasesti,335.25,335.25,1117.5,1117.5,4470,223.5,335.25,1117.5,335.25,335.25,1117.5,1117.5,4470,223.5,335.25,1117.5
92907,Balaciu,244.8,244.8,816.0,816.0,3264,163.2,244.8,816.0,244.8,244.8,816.0,816.0,3264,163.2,244.8,816.0
92961,Borcea,1242.9,1242.9,4143.0,4143.0,16572,828.6,1242.9,4143.0,1242.9,1242.9,4143.0,4143.0,16572,828.6,1242.9,4143.0
92989,Bordusani,770.55,770.55,2568.5,2568.5,10274,513.7,770.55,2568.5,770.55,770.55,2568.5,2568.5,10274,513.7,770.55,2568.5
93021,Bucu,370.5,370.5,1235.0,1235.0,4940,247.0,370.5,1235.0,370.5,370.5,1235.0,1235.0,4940,247.0,370.5,1235.0
93067,Oras Cazanesti,537.6,537.6,1792.0,1792.0,7168,358.4,537.6,1792.0,537.6,537.6,1792.0,1792.0,7168,358.4,537.6,1792.0
93085,Ciocanesti,618.0,618.0,2060.0,2060.0,8240,412.0,618.0,2060.0,618.0,618.0,2060.0,2060.0,8240,412.0,618.0,2060.0
93101,Ciochina,477.6,477.6,1592.0,1592.0,6368,318.4,477.6,1592.0,477.6,477.6,1592.0,1592.0,6368,318.4,477.6,1592.0
93156,Ciulnita,374.1,374.1,1247.0,1247.0,4988,249.4,374.1,1247.0,374.1,374.1,1247.0,1247.0,4988,249.4,374.1,1247.0
93209,Cocora,319.35,319.35,1064.5,1064.5,4258,212.9,319.35,1064.5,319.35,319.35,1064.5,1064.5,4258,212.9,319.35,1064.5
93236,Cosambesti,277.2,277.2,924.0,924.0,3696,184.8,277.2,924.0,277.2,277.2,924.0,924.0,3696,184.8,277.2,924.0
93281,Cuza Voda,593.25,593.25,1977.5,1977.5,7910,395.5,593.25,1977.5,593.25,593.25,1977.5,1977.5,7910,395.5,593.25,1977.5
93325,Dichiseni,268.2,268.2,894.0,894.0,3576,178.8,268.2,894.0,268.2,268.2,894.0,894.0,3576,178.8,268.2,894.0
93370,Dor Marunt,1021.35,1021.35,3404.5,3404.5,13618,680.9,1021.35,3404.5,1021.35,1021.35,3404.5,3404.5,13618,680.9,1021.35,3404.5
93441,Dorobantu,423.15,423.15,1410.5,1410.5,5642,282.1,423.15,1410.5,423.15,423.15,1410.5,1410.5,5642,282.1,423.15,1410.5
93487,Dragalina,1313.7,1313.7,4379.0,4379.0,17516,875.8,1313.7,4379.0,1313.7,1313.7,4379.0,4379.0,17516,875.8,1313.7,4379.0
93539,Dragos Voda,439.5,439.5,1465.0,1465.0,5860,293.0,439.5,1465.0,439.5,439.5,1465.0,1465.0,5860,293.0,439.5,1465.0
93575,Facaeni,834.75,834.75,2782.5,2782.5,11130,556.5,834.75,2782.5,834.75,834.75,2782.5,2782.5,11130,556.5,834.75,2782.5
93600,Gheorghe Doja,395.7,395.7,1319.0,1319.0,5276,263.8,395.7,1319.0,395.7,395.7,1319.0,1319.0,5276,263.8,395.7,1319.0
93628,Gheorghe Lazar,347.25,347.25,1157.5,1157.5,4630,231.5,347.25,1157.5,347.25,347.25,1157.5,1157.5,4630,231.5,347.25,1157.5
93646,Giurgeni,221.1,221.1,737.0,737.0,2948,147.4,221.1,737.0,221.1,221.1,737.0,737.0,2948,147.4,221.1,737.0
93664,Gradistea,718.35,718.35,2394.5,2394.5,9578,478.9,718.35,2394.5,718.35,718.35,2394.5,2394.5,9578,478.9,718.35,2394.5
93717,Grindu,316.35,316.35,1054.5,1054.5,4218,210.9,316.35,1054.5,316.35,316.35,1054.5,1054.5,4218,210.9,316.35,1054.5
93735,Grivita,516.9,516.9,1723.0,1723.0,6892,344.6,516.9,1723.0,516.9,516.9,1723.0,1723.0,6892,344.6,516.9,1723.0
93771,Independenta,531.9,531.9,1773.0,1773.0,7092,354.6,531.9,1773.0,531.9,531.9,1773.0,1773.0,7092,354.6,531.9,1773.0
93815,Jegalia,644.1,644.1,2147.0,2147.0,8588,429.4,644.1,2147.0,644.1,644.1,2147.0,2147.0,8588,429.4,644.1,2147.0
93851,Lehliu,388.8,388.8,1296.0,1296.0,5184,259.2,388.8,1296.0,388.8,388.8,1296.0,1296.0,5184,259.2,388.8,1296.0
93888,Oras Lehliu Gara,1006.65,1006.65,3355.5,3355.5,13422,671.1,1006.65,3355.5,1006.65,1006.65,3355.5,3355.5,13422,671.1,1006.65,3355.5
93931,Lupsanu,479.7,479.7,1599.0,1599.0,6396,319.8,479.7,1599.0,479.7,479.7,1599.0,1599.0,6396,319.8,479.7,1599.0
93995,Mihail Kogalniceanu,492.0,492.0,1640.0,1640.0,6560,328.0,492.0,1640.0,492.0,492.0,1640.0,1640.0,6560,328.0,492.0,1640.0
94045,Milosesti,400.65,400.65,1335.5,1335.5,5342,267.1,400.65,1335.5,400.65,400.65,1335.5,1335.5,5342,267.1,400.65,1335.5
94081,Movila,299.25,299.25,997.5,997.5,3990,199.5,299.25,997.5,299.25,299.25,997.5,997.5,3990,199.5,299.25,997.5
94107,Munteni-Buzau,526.5,526.5,1755.0,1755.0,7020,351.0,526.5,1755.0,526.5,526.5,1755.0,1755.0,7020,351.0,526.5,1755.0
94125,Alexandru Odobescu,410.4,410.4,1368.0,1368.0,5472,273.6,410.4,1368.0,410.4,410.4,1368.0,1368.0,5472,273.6,410.4,1368.0
94161,Perieti,560.85,560.85,1869.5,1869.5,7478,373.9,560.85,1869.5,560.85,560.85,1869.5,1869.5,7478,373.9,560.85,1869.5
94223,Perisoru,795.0,795.0,2650.0,2650.0,10600,530.0,795.0,2650.0,795.0,795.0,2650.0,2650.0,10600,530.0,795.0,2650.0
94269,Reviga,423.9,423.9,1413.0,1413.0,5652,282.6,423.9,1413.0,423.9,423.9,1413.0,1413.0,5652,282.6,423.9,1413.0
94312,Roseti,972.3,972.3,3241.0,3241.0,12964,648.2,972.3,3241.0,972.3,972.3,3241.0,3241.0,12964,648.2,972.3,3241.0
94330,Salcioara,337.35,337.35,1124.5,1124.5,4498,224.9,337.35,1124.5,337.35,337.35,1124.5,1124.5,4498,224.9,337.35,1124.5
94376,Saveni,528.6,528.6,1762.0,1762.0,7048,352.4,528.6,1762.0,528.6,528.6,1762.0,1762.0,7048,352.4,528.6,1762.0
94429,Scanteia,582.15,582.15,1940.5,1940.5,7762,388.1,582.15,1940.5,582.15,582.15,1940.5,1940.5,7762,388.1,582.15,1940.5
94456,Sfantu Gheorghe,288.3,288.3,961.0,961.0,3844,192.2,288.3,961.0,288.3,288.3,961.0,961.0,3844,192.2,288.3,961.0
94492,Stelnica,286.35,286.35,954.5,954.5,3818,190.9,286.35,954.5,286.35,286.35,954.5,954.5,3818,190.9,286.35,954.5
94535,Suditi,319.05,319.05,1063.5,1063.5,4254,212.7,319.05,1063.5,319.05,319.05,1063.5,1063.5,4254,212.7,319.05,1063.5
94562,Stefan Cel Mare,493.35,493.35,1644.5,1644.5,6578,328.9,493.35,1644.5,493.35,493.35,1644.5,1644.5,6578,328.9,493.35,1644.5
94580,Stefan Voda,354.0,354.0,1180.0,1180.0,4720,236.0,354.0,1180.0,354.0,354.0,1180.0,1180.0,4720,236.0,354.0,1180.0
94606,Ulmu,204.75,204.75,682.5,682.5,2730,136.5,204.75,682.5,204.75,204.75,682.5,682.5,2730,136.5,204.75,682.5
94651,Unirea,417.0,417.0,1390.0,1390.0,5560,278.0,417.0,1390.0,417.0,417.0,1390.0,1390.0,5560,278.0,417.0,1390.0
94688,Valea Ciorii,281.4,281.4,938.0,938.0,3752,187.6,281.4,938.0,281.4,281.4,938.0,938.0,3752,187.6,281.4,938.0
94731,Valcelele,261.3,261.3,871.0,871.0,3484,174.2,261.3,871.0,261.3,261.3,871.0,871.0,3484,174.2,261.3,871.0
94768,Vlad Tepes,316.2,316.2,1054.0,1054.0,4216,210.8,316.2,1054.0,316.2,316.2,1054.0,1054.0,4216,210.8,316.2,1054.0
94795,Vladeni,326.4,326.4,1088.0,1088.0,4352,217.6,326.4,1088.0,326.4,326.4,1088.0,1088.0,4352,217.6,326.4,1088.0
95060,Municipiul Iasi,54496.8,54496.8,181656.0,181656.0,726624,36331.2,54496.8,181656.0,54496.8,54496.8,181656.0,181656.0,726624,36331.2,54496.8,181656.0
95088,Barnova,944.4,944.4,3148.0,3148.0,12592,629.6,944.4,3148.0,944.4,944.4,3148.0,3148.0,12592,629.6,944.4,3148.0
95159,Holboca,2232.9,2232.9,7443.0,7443.0,29772,1488.6,2232.9,7443.0,2232.9,2232.9,7443.0,7443.0,29772,1488.6,2232.9,7443.0
95239,Rediu,916.05,916.05,3053.5,3053.5,12214,610.7,916.05,3053.5,916.05,916.05,3053.5,3053.5,12214,610.7,916.05,3053.5
95293,Tomesti,2090.25,2090.25,6967.5,6967.5,27870,1393.5,2090.25,6967.5,2090.25,2090.25,6967.5,6967.5,27870,1393.5,2090.25,6967.5
95355,Oras Harlau,1864.35,1864.35,6214.5,6214.5,24858,1242.9,1864.35,6214.5,1864.35,1864.35,6214.5,6214.5,24858,1242.9,1864.35,6214.5
95391,Municipiul Pascani,6507.45,6507.45,21691.5,21691.5,86766,4338.3,6507.45,21691.5,6507.45,6507.45,21691.5,21691.5,86766,4338.3,6507.45,21691.5
95471,Oras Targu Frumos,2188.95,2188.95,7296.5,7296.5,29186,1459.3,2188.95,7296.5,2188.95,2188.95,7296.5,7296.5,29186,1459.3,2188.95,7296.5
95499,Ion Neculce,873.15,873.15,2910.5,2910.5,11642,582.1,873.15,2910.5,873.15,873.15,2910.5,2910.5,11642,582.1,873.15,2910.5
95612,Alexandru I. Cuza,437.7,437.7,1459.0,1459.0,5836,291.8,437.7,1459.0,437.7,437.7,1459.0,1459.0,5836,291.8,437.7,1459.0
95667,Andrieseni,662.7,662.7,2209.0,2209.0,8836,441.8,662.7,2209.0,662.7,662.7,2209.0,2209.0,8836,441.8,662.7,2209.0
95747,Aroneanu,571.8,571.8,1906.0,1906.0,7624,381.2,571.8,1906.0,571.8,571.8,1906.0,1906.0,7624,381.2,571.8,1906.0
95792,Baltati,843.6,843.6,2812.0,2812.0,11248,562.4,843.6,2812.0,843.6,843.6,2812.0,2812.0,11248,562.4,843.6,2812.0
95872,Belcesti,1727.1,1727.1,5757.0,5757.0,23028,1151.4,1727.1,5757.0,1727.1,1727.1,5757.0,5757.0,23028,1151.4,1727.1,5757.0
95943,Bivolari,650.4,650.4,2168.0,2168.0,8672,433.6,650.4,2168.0,650.4,650.4,2168.0,2168.0,8672,433.6,650.4,2168.0
96003,Ungheni,663.75,663.75,2212.5,2212.5,8850,442.5,663.75,2212.5,663.75,663.75,2212.5,2212.5,8850,442.5,663.75,2212.5
96058,Braesti,481.95,481.95,1606.5,1606.5,6426,321.3,481.95,1606.5,481.95,481.95,1606.5,1606.5,6426,321.3,481.95,1606.5
96110,Butea,647.85,647.85,2159.5,2159.5,8638,431.9,647.85,2159.5,647.85,647.85,2159.5,2159.5,8638,431.9,647.85,2159.5
96147,Ceplenita,665.1,665.1,2217.0,2217.0,8868,443.4,665.1,2217.0,665.1,665.1,2217.0,2217.0,8868,443.4,665.1,2217.0
96192,Ciortesti,640.95,640.95,2136.5,2136.5,8546,427.3,640.95,2136.5,640.95,640.95,2136.5,2136.5,8546,427.3,640.95,2136.5
96254,Ciurea,2173.5,2173.5,7245.0,7245.0,28980,1449.0,2173.5,7245.0,2173.5,2173.5,7245.0,7245.0,28980,1449.0,2173.5,7245.0
96334,Coarnele Caprei,458.55,458.55,1528.5,1528.5,6114,305.7,458.55,1528.5,458.55,458.55,1528.5,1528.5,6114,305.7,458.55,1528.5
96370,Comarna,845.1,845.1,2817.0,2817.0,11268,563.4,845.1,2817.0,845.1,845.1,2817.0,2817.0,11268,563.4,845.1,2817.0
96423,Costuleni,825.9,825.9,2753.0,2753.0,11012,550.6,825.9,2753.0,825.9,825.9,2753.0,2753.0,11012,550.6,825.9,2753.0
96478,Cotnari,1197.15,1197.15,3990.5,3990.5,15962,798.1,1197.15,3990.5,1197.15,1197.15,3990.5,3990.5,15962,798.1,1197.15,3990.5
96593,Cozmesti,432.75,432.75,1442.5,1442.5,5770,288.5,432.75,1442.5,432.75,432.75,1442.5,1442.5,5770,288.5,432.75,1442.5
96637,Cristesti,612.6,612.6,2042.0,2042.0,8168,408.4,612.6,2042.0,612.6,612.6,2042.0,2042.0,8168,408.4,612.6,2042.0
96664,Cucuteni,197.25,197.25,657.5,657.5,2630,131.5,197.25,657.5,197.25,197.25,657.5,657.5,2630,131.5,197.25,657.5
96717,Dagata,741.15,741.15,2470.5,2470.5,9882,494.1,741.15,2470.5,741.15,741.15,2470.5,2470.5,9882,494.1,741.15,2470.5
96815,Deleni,1576.95,1576.95,5256.5,5256.5,21026,1051.3,1576.95,5256.5,1576.95,1576.95,5256.5,5256.5,21026,1051.3,1576.95,5256.5
96888,Dobrovat,362.25,362.25,1207.5,1207.5,4830,241.5,362.25,1207.5,362.25,362.25,1207.5,1207.5,4830,241.5,362.25,1207.5
96904,Dolhesti,424.8,424.8,1416.0,1416.0,5664,283.2,424.8,1416.0,424.8,424.8,1416.0,1416.0,5664,283.2,424.8,1416.0
96940,Dumesti,762.9,762.9,2543.0,2543.0,10172,508.6,762.9,2543.0,762.9,762.9,2543.0,2543.0,10172,508.6,762.9,2543.0
97009,Erbiceni,868.05,868.05,2893.5,2893.5,11574,578.7,868.05,2893.5,868.05,868.05,2893.5,2893.5,11574,578.7,868.05,2893.5
97063,Focuri,615.0,615.0,2050.0,2050.0,8200,410.0,615.0,2050.0,615.0,615.0,2050.0,2050.0,8200,410.0,615.0,2050.0
97090,Golaiesti,599.25,599.25,1997.5,1997.5,7990,399.5,599.25,1997.5,599.25,599.25,1997.5,1997.5,7990,399.5,599.25,1997.5
97189,Gorban,458.4,458.4,1528.0,1528.0,6112,305.6,458.4,1528.0,458.4,458.4,1528.0,1528.0,6112,305.6,458.4,1528.0
97241,Grajduri,1261.35,1261.35,4204.5,4204.5,16818,840.9,1261.35,4204.5,1261.35,1261.35,4204.5,4204.5,16818,840.9,1261.35,4204.5
97321,Gropnita,508.35,508.35,1694.5,1694.5,6778,338.9,508.35,1694.5,508.35,508.35,1694.5,1694.5,6778,338.9,508.35,1694.5
97394,Grozesti,263.4,263.4,878.0,878.0,3512,175.6,263.4,878.0,263.4,263.4,878.0,878.0,3512,175.6,263.4,878.0
97438,Halaucesti,878.4,878.4,2928.0,2928.0,11712,585.6,878.4,2928.0,878.4,878.4,2928.0,2928.0,11712,585.6,878.4,2928.0
97465,Helesteni,413.25,413.25,1377.5,1377.5,5510,275.5,413.25,1377.5,413.25,413.25,1377.5,1377.5,5510,275.5,413.25,1377.5
97517,Horlesti,467.55,467.55,1558.5,1558.5,6234,311.7,467.55,1558.5,467.55,467.55,1558.5,1558.5,6234,311.7,467.55,1558.5
97553,Ipatele,274.35,274.35,914.5,914.5,3658,182.9,274.35,914.5,274.35,274.35,914.5,914.5,3658,182.9,274.35,914.5
97606,Lespezi,900.6,900.6,3002.0,3002.0,12008,600.4,900.6,3002.0,900.6,900.6,3002.0,3002.0,12008,600.4,900.6,3002.0
97679,Letcani,1151.85,1151.85,3839.5,3839.5,15358,767.9,1151.85,3839.5,1151.85,1151.85,3839.5,3839.5,15358,767.9,1151.85,3839.5
97722,Lungani,949.65,949.65,3165.5,3165.5,12662,633.1,949.65,3165.5,949.65,949.65,3165.5,3165.5,12662,633.1,949.65,3165.5
97777,Madarjac,251.25,251.25,837.5,837.5,3350,167.5,251.25,837.5,251.25,251.25,837.5,837.5,3350,167.5,251.25,837.5
97811,Mircesti,595.2,595.2,1984.0,1984.0,7936,396.8,595.2,1984.0,595.2,595.2,1984.0,1984.0,7936,396.8,595.2,1984.0
97875,Mironeasa,870.3,870.3,2901.0,2901.0,11604,580.2,870.3,2901.0,870.3,870.3,2901.0,2901.0,11604,580.2,870.3,2901.0
97919,Miroslava,2353.35,2353.35,7844.5,7844.5,31378,1568.9,2353.35,7844.5,2353.35,2353.35,7844.5,7844.5,31378,1568.9,2353.35,7844.5
98051,Miroslovesti,673.95,673.95,2246.5,2246.5,8986,449.3,673.95,2246.5,673.95,673.95,2246.5,2246.5,8986,449.3,673.95,2246.5
98113,Mogosesti,798.6,798.6,2662.0,2662.0,10648,532.4,798.6,2662.0,798.6,798.6,2662.0,2662.0,10648,532.4,798.6,2662.0
98168,Mogosesti-Siret,578.7,578.7,1929.0,1929.0,7716,385.8,578.7,1929.0,578.7,578.7,1929.0,1929.0,7716,385.8,578.7,1929.0
98202,Mosna,1027.95,1027.95,3426.5,3426.5,13706,685.3,1027.95,3426.5,1027.95,1027.95,3426.5,3426.5,13706,685.3,1027.95,3426.5
98220,Motca,822.15,822.15,2740.5,2740.5,10962,548.1,822.15,2740.5,822.15,822.15,2740.5,2740.5,10962,548.1,822.15,2740.5
98257,Movileni,474.6,474.6,1582.0,1582.0,6328,316.4,474.6,1582.0,474.6,474.6,1582.0,1582.0,6328,316.4,474.6,1582.0
98300,Oteleni,566.25,566.25,1887.5,1887.5,7550,377.5,566.25,1887.5,566.25,566.25,1887.5,1887.5,7550,377.5,566.25,1887.5
98337,Plugari,530.4,530.4,1768.0,1768.0,7072,353.6,530.4,1768.0,530.4,530.4,1768.0,1768.0,7072,353.6,530.4,1768.0
98373,Oras Podu Iloaiei,1655.25,1655.25,5517.5,5517.5,22070,1103.5,1655.25,5517.5,1655.25,1655.25,5517.5,5517.5,22070,1103.5,1655.25,5517.5
98435,Popesti,835.95,835.95,2786.5,2786.5,11146,557.3,835.95,2786.5,835.95,835.95,2786.5,2786.5,11146,557.3,835.95,2786.5
98505,Popricani,1243.05,1243.05,4143.5,4143.5,16574,828.7,1243.05,4143.5,1243.05,1243.05,4143.5,4143.5,16574,828.7,1243.05,4143.5
98603,Prisacani,520.8,520.8,1736.0,1736.0,6944,347.2,520.8,1736.0,520.8,520.8,1736.0,1736.0,6944,347.2,520.8,1736.0
98649,Probota,564.15,564.15,1880.5,1880.5,7522,376.1,564.15,1880.5,564.15,564.15,1880.5,1880.5,7522,376.1,564.15,1880.5
98685,Raducaneni,1387.2,1387.2,4624.0,4624.0,18496,924.8,1387.2,4624.0,1387.2,1387.2,4624.0,4624.0,18496,924.8,1387.2,4624.0
98738,Romanesti,278.4,278.4,928.0,928.0,3712,185.6,278.4,928.0,278.4,278.4,928.0,928.0,3712,185.6,278.4,928.0
98774,Ruginoasa,968.4,968.4,3228.0,3228.0,12912,645.6,968.4,3228.0,968.4,968.4,3228.0,3228.0,12912,645.6,968.4,3228.0
98827,Schitu Duca,617.4,617.4,2058.0,2058.0,8232,411.6,617.4,2058.0,617.4,617.4,2058.0,2058.0,8232,411.6,617.4,2058.0
98916,Scanteia,814.2,814.2,2714.0,2714.0,10856,542.8,814.2,2714.0,814.2,814.2,2714.0,2714.0,10856,542.8,814.2,2714.0
98998,Scobinti,1149.9,1149.9,3833.0,3833.0,15332,766.6,1149.9,3833.0,1149.9,1149.9,3833.0,3833.0,15332,766.6,1149.9,3833.0
99058,Sinesti,688.8,688.8,2296.0,2296.0,9184,459.2,688.8,2296.0,688.8,688.8,2296.0,2296.0,9184,459.2,688.8,2296.0
99101,Siretel,657.15,657.15,2190.5,2190.5,8762,438.1,657.15,2190.5,657.15,657.15,2190.5,2190.5,8762,438.1,657.15,2190.5
99165,Stolniceni-Prajescu,826.35,826.35,2754.5,2754.5,11018,550.9,826.35,2754.5,826.35,826.35,2754.5,2754.5,11018,550.9,826.35,2754.5
99209,Strunga,667.35,667.35,2224.5,2224.5,8898,444.9,667.35,2224.5,667.35,667.35,2224.5,2224.5,8898,444.9,667.35,2224.5
99290,Scheia,504.6,504.6,1682.0,1682.0,6728,336.4,504.6,1682.0,504.6,504.6,1682.0,1682.0,6728,336.4,504.6,1682.0
99370,Sipote,802.05,802.05,2673.5,2673.5,10694,534.7,802.05,2673.5,802.05,802.05,2673.5,2673.5,10694,534.7,802.05,2673.5
99441,Tansa,388.2,388.2,1294.0,1294.0,5176,258.8,388.2,1294.0,388.2,388.2,1294.0,1294.0,5176,258.8,388.2,1294.0
99478,Tatarusi,846.0,846.0,2820.0,2820.0,11280,564.0,846.0,2820.0,846.0,846.0,2820.0,2820.0,11280,564.0,846.0,2820.0
99539,Todiresti,800.1,800.1,2667.0,2667.0,10668,533.4,800.1,2667.0,800.1,800.1,2667.0,2667.0,10668,533.4,800.1,2667.0
99600,Trifesti,601.5,601.5,2005.0,2005.0,8020,401.0,601.5,2005.0,601.5,601.5,2005.0,2005.0,8020,401.0,601.5,2005.0
99673,Tibana,1226.55,1226.55,4088.5,4088.5,16354,817.7,1226.55,4088.5,1226.55,1226.55,4088.5,4088.5,16354,817.7,1226.55,4088.5
99780,Tibanesti,1245.75,1245.75,4152.5,4152.5,16610,830.5,1245.75,4152.5,1245.75,1245.75,4152.5,4152.5,16610,830.5,1245.75,4152.5
99879,Tiganasi,721.35,721.35,2404.5,2404.5,9618,480.9,721.35,2404.5,721.35,721.35,2404.5,2404.5,9618,480.9,721.35,2404.5
99922,Tutora,322.95,322.95,1076.5,1076.5,4306,215.3,322.95,1076.5,322.95,322.95,1076.5,1076.5,4306,215.3,322.95,1076.5
99968,Valea Seaca,926.4,926.4,3088.0,3088.0,12352,617.6,926.4,3088.0,926.4,926.4,3088.0,3088.0,12352,617.6,926.4,3088.0
100004,Victoria,680.1,680.1,2267.0,2267.0,9068,453.4,680.1,2267.0,680.1,680.1,2267.0,2267.0,9068,453.4,680.1,2267.0
100086,Vanatori,705.75,705.75,2352.5,2352.5,9410,470.5,705.75,2352.5,705.75,705.75,2352.5,2352.5,9410,470.5,705.75,2352.5
100148,Vladeni,664.8,664.8,2216.0,2216.0,8864,443.2,664.8,2216.0,664.8,664.8,2216.0,2216.0,8864,443.2,664.8,2216.0
100219,Voinesti,1214.4,1214.4,4048.0,4048.0,16192,809.6,1214.4,4048.0,1214.4,1214.4,4048.0,4048.0,16192,809.6,1214.4,4048.0
100273,Bals,547.5,547.5,1825.0,1825.0,7300,365.0,547.5,1825.0,547.5,547.5,1825.0,1825.0,7300,365.0,547.5,1825.0
100282,Costesti,274.65,274.65,915.5,915.5,3662,183.1,274.65,915.5,274.65,274.65,915.5,915.5,3662,183.1,274.65,915.5
100308,Draguseni,226.95,226.95,756.5,756.5,3026,151.3,226.95,756.5,226.95,226.95,756.5,756.5,3026,151.3,226.95,756.5
100317,Fantanele,316.2,316.2,1054.0,1054.0,4216,210.8,316.2,1054.0,316.2,316.2,1054.0,1054.0,4216,210.8,316.2,1054.0
100326,Harmanesti,374.4,374.4,1248.0,1248.0,4992,249.6,374.4,1248.0,374.4,374.4,1248.0,1248.0,4992,249.6,374.4,1248.0
100335,Rachiteni,515.85,515.85,1719.5,1719.5,6878,343.9,515.85,1719.5,515.85,515.85,1719.5,1719.5,6878,343.9,515.85,1719.5
100344,Roscani,233.85,233.85,779.5,779.5,3118,155.9,233.85,779.5,233.85,233.85,779.5,779.5,3118,155.9,233.85,779.5
100353,Valea Lupului,970.05,970.05,3233.5,3233.5,12934,646.7,970.05,3233.5,970.05,970.05,3233.5,3233.5,12934,646.7,970.05,3233.5
100362,Ciohorani,303.9,303.9,1013.0,1013.0,4052,202.6,303.9,1013.0,303.9,303.9,1013.0,1013.0,4052,202.6,303.9,1013.0
100521,Municipiul Giurgiu,10365.75,10365.75,34552.5,34552.5,138210,6910.5,10365.75,34552.5,10365.75,10365.75,34552.5,34552.5,138210,6910.5,10365.75,34552.5
100549,Slobozia,356.85,356.85,1189.5,1189.5,4758,237.9,356.85,1189.5,356.85,356.85,1189.5,1189.5,4758,237.9,356.85,1189.5
100576,Oras Buftea,3319.95,3319.95,11066.5,11066.5,44266,2213.3,3319.95,11066.5,3319.95,3319.95,11066.5,11066.5,44266,2213.3,3319.95,11066.5
100610,Municipiul Oltenita,4250.1,4250.1,14167.0,14167.0,56668,2833.4,4250.1,14167.0,4250.1,4250.1,14167.0,14167.0,56668,2833.4,4250.1,14167.0
100638,Mitreni,631.65,631.65,2105.5,2105.5,8422,421.1,631.65,2105.5,631.65,631.65,2105.5,2105.5,8422,421.1,631.65,2105.5
100683,Municipiul Urziceni,2625.15,2625.15,8750.5,8750.5,35002,1750.1,2625.15,8750.5,2625.15,2625.15,8750.5,8750.5,35002,1750.1,2625.15,8750.5
100709,Ciocarlia,117.15,117.15,390.5,390.5,1562,78.1,117.15,390.5,117.15,117.15,390.5,390.5,1562,78.1,117.15,390.5
100736,Manasia,702.15,702.15,2340.5,2340.5,9362,468.1,702.15,2340.5,702.15,702.15,2340.5,2340.5,9362,468.1,702.15,2340.5
100754,Adancata,371.1,371.1,1237.0,1237.0,4948,247.4,371.1,1237.0,371.1,371.1,1237.0,1237.0,4948,247.4,371.1,1237.0
100781,Adunatii-Copaceni,921.6,921.6,3072.0,3072.0,12288,614.4,921.6,3072.0,921.6,921.6,3072.0,3072.0,12288,614.4,921.6,3072.0
100834,Afumati,1187.4,1187.4,3958.0,3958.0,15832,791.6,1187.4,3958.0,1187.4,1187.4,3958.0,3958.0,15832,791.6,1187.4,3958.0
100852,Alexeni,359.85,359.85,1199.5,1199.5,4798,239.9,359.85,1199.5,359.85,359.85,1199.5,1199.5,4798,239.9,359.85,1199.5
100870,Armasesti,349.65,349.65,1165.5,1165.5,4662,233.1,349.65,1165.5,349.65,349.65,1165.5,1165.5,4662,233.1,349.65,1165.5
100923,Axintele,365.25,365.25,1217.5,1217.5,4870,243.5,365.25,1217.5,365.25,365.25,1217.5,1217.5,4870,243.5,365.25,1217.5
100969,Balotesti,1239.75,1239.75,4132.5,4132.5,16530,826.5,1239.75,4132.5,1239.75,1239.75,4132.5,4132.5,16530,826.5,1239.75,4132.5
101001,Baneasa,746.55,746.55,2488.5,2488.5,9954,497.7,746.55,2488.5,746.55,746.55,2488.5,2488.5,9954,497.7,746.55,2488.5
101056,Barcanesti,544.8,544.8,1816.0,1816.0,7264,363.2,544.8,1816.0,544.8,544.8,1816.0,1816.0,7264,363.2,544.8,1816.0
101083,Belciugatele,322.65,322.65,1075.5,1075.5,4302,215.1,322.65,1075.5,322.65,322.65,1075.5,1075.5,4302,215.1,322.65,1075.5
101145,Berceni,874.05,874.05,2913.5,2913.5,11654,582.7,874.05,2913.5,874.05,874.05,2913.5,2913.5,11654,582.7,874.05,2913.5
101163,Bolintin-Deal,939.6,939.6,3132.0,3132.0,12528,626.4,939.6,3132.0,939.6,939.6,3132.0,3132.0,12528,626.4,939.6,3132.0
101190,Oras Bolintin-Vale,2057.55,2057.55,6858.5,6858.5,27434,1371.7,2057.55,6858.5,2057.55,2057.55,6858.5,6858.5,27434,1371.7,2057.55,6858.5
101243,Brazii,180.15,180.15,600.5,600.5,2402,120.1,180.15,600.5,180.15,180.15,600.5,600.5,2402,120.1,180.15,600.5
101298,Branesti,1346.7,1346.7,4489.0,4489.0,17956,897.8,1346.7,4489.0,1346.7,1346.7,4489.0,4489.0,17956,897.8,1346.7,4489.0
101341,Brezoaele,539.7,539.7,1799.0,1799.0,7196,359.8,539.7,1799.0,539.7,539.7,1799.0,1799.0,7196,359.8,539.7,1799.0
101378,Bucsani,543.3,543.3,1811.0,1811.0,7244,362.2,543.3,1811.0,543.3,543.3,1811.0,1811.0,7244,362.2,543.3,1811.0
101458,Oras Budesti,1160.7,1160.7,3869.0,3869.0,15476,773.8,1160.7,3869.0,1160.7,1160.7,3869.0,3869.0,15476,773.8,1160.7,3869.0
101519,Bulbucata,205.05,205.05,683.5,683.5,2734,136.7,205.05,683.5,205.05,205.05,683.5,683.5,2734,136.7,205.05,683.5
101564,Butimanu,343.5,343.5,1145.0,1145.0,4580,229.0,343.5,1145.0,343.5,343.5,1145.0,1145.0,4580,229.0,343.5,1145.0
101617,Buturugeni,601.2,601.2,2004.0,2004.0,8016,400.8,601.2,2004.0,601.2,601.2,2004.0,2004.0,8016,400.8,601.2,2004.0
101662,Calugareni,838.05,838.05,2793.5,2793.5,11174,558.7,838.05,2793.5,838.05,838.05,2793.5,2793.5,11174,558.7,838.05,2793.5
101724,Cascioarele,273.75,273.75,912.5,912.5,3650,182.5,273.75,912.5,273.75,273.75,912.5,912.5,3650,182.5,273.75,912.5
101742,Cernica,1550.85,1550.85,5169.5,5169.5,20678,1033.9,1550.85,5169.5,1550.85,1550.85,5169.5,5169.5,20678,1033.9,1550.85,5169.5
101804,Chirnogi,1109.25,1109.25,3697.5,3697.5,14790,739.5,1109.25,3697.5,1109.25,1109.25,3697.5,3697.5,14790,739.5,1109.25,3697.5
101822,Chiselet,498.75,498.75,1662.5,1662.5,6650,332.5,498.75,1662.5,498.75,498.75,1662.5,1662.5,6650,332.5,498.75,1662.5
101840,Ciocanesti,788.1,788.1,2627.0,2627.0,10508,525.4,788.1,2627.0,788.1,788.1,2627.0,2627.0,10508,525.4,788.1,2627.0
101902,Ciolpani,768.45,768.45,2561.5,2561.5,10246,512.3,768.45,2561.5,768.45,768.45,2561.5,2561.5,10246,512.3,768.45,2561.5
101957,Ciorogarla,872.85,872.85,2909.5,2909.5,11638,581.9,872.85,2909.5,872.85,872.85,2909.5,2909.5,11638,581.9,872.85,2909.5
101984,Clejani,535.95,535.95,1786.5,1786.5,7146,357.3,535.95,1786.5,535.95,535.95,1786.5,1786.5,7146,357.3,535.95,1786.5
102035,Clinceni,961.65,961.65,3205.5,3205.5,12822,641.1,961.65,3205.5,961.65,961.65,3205.5,3205.5,12822,641.1,961.65,3205.5
102071,Colibasi,489.6,489.6,1632.0,1632.0,6528,326.4,489.6,1632.0,489.6,489.6,1632.0,1632.0,6528,326.4,489.6,1632.0
102106,Comana,1017.75,1017.75,3392.5,3392.5,13570,678.5,1017.75,3392.5,1017.75,1017.75,3392.5,3392.5,13570,678.5,1017.75,3392.5
102160,Corbeanca,996.3,996.3,3321.0,3321.0,13284,664.2,996.3,3321.0,996.3,996.3,3321.0,3321.0,13284,664.2,996.3,3321.0
102213,Cornetu,873.9,873.9,2913.0,2913.0,11652,582.6,873.9,2913.0,873.9,873.9,2913.0,2913.0,11652,582.6,873.9,2913.0
102240,Cosereni,684.15,684.15,2280.5,2280.5,9122,456.1,684.15,2280.5,684.15,684.15,2280.5,2280.5,9122,456.1,684.15,2280.5
102286,Crevedia,873.45,873.45,2911.5,2911.5,11646,582.3,873.45,2911.5,873.45,873.45,2911.5,2911.5,11646,582.3,873.45,2911.5
102348,Crevedia Mare,731.1,731.1,2437.0,2437.0,9748,487.4,731.1,2437.0,731.1,731.1,2437.0,2437.0,9748,487.4,731.1,2437.0
102419,Curcani,820.2,820.2,2734.0,2734.0,10936,546.8,820.2,2734.0,820.2,820.2,2734.0,2734.0,10936,546.8,820.2,2734.0
102446,Daia,388.05,388.05,1293.5,1293.5,5174,258.7,388.05,1293.5,388.05,388.05,1293.5,1293.5,5174,258.7,388.05,1293.5
102473,Dascalu,432.15,432.15,1440.5,1440.5,5762,288.1,432.15,1440.5,432.15,432.15,1440.5,1440.5,5762,288.1,432.15,1440.5
102525,Darasti-Ilfov,398.85,398.85,1329.5,1329.5,5318,265.9,398.85,1329.5,398.85,398.85,1329.5,1329.5,5318,265.9,398.85,1329.5
102543,1 Decembrie,1202.4,1202.4,4008.0,4008.0,16032,801.6,1202.4,4008.0,1202.4,1202.4,4008.0,4008.0,16032,801.6,1202.4,4008.0
102570,Domnesti,1272.6,1272.6,4242.0,4242.0,16968,848.4,1272.6,4242.0,1272.6,1272.6,4242.0,4242.0,16968,848.4,1272.6,4242.0
102605,Dragomiresti-Vale,733.35,733.35,2444.5,2444.5,9778,488.9,733.35,2444.5,733.35,733.35,2444.5,2444.5,9778,488.9,733.35,2444.5
102641,Dragoesti,140.7,140.7,469.0,469.0,1876,93.8,140.7,469.0,140.7,140.7,469.0,469.0,1876,93.8,140.7,469.0
102703,Dridu,498.75,498.75,1662.5,1662.5,6650,332.5,498.75,1662.5,498.75,498.75,1662.5,1662.5,6650,332.5,498.75,1662.5
102749,Oras Fierbinti-Targ,696.45,696.45,2321.5,2321.5,9286,464.3,696.45,2321.5,696.45,696.45,2321.5,2321.5,9286,464.3,696.45,2321.5
102794,Floresti-Stoenesti,1290.15,1290.15,4300.5,4300.5,17202,860.1,1290.15,4300.5,1290.15,1290.15,4300.5,4300.5,17202,860.1,1290.15,4300.5
102838,Frasinet,256.95,256.95,856.5,856.5,3426,171.3,256.95,856.5,256.95,256.95,856.5,856.5,3426,171.3,256.95,856.5
102909,Fratesti,790.2,790.2,2634.0,2634.0,10536,526.8,790.2,2634.0,790.2,790.2,2634.0,2634.0,10536,526.8,790.2,2634.0
102945,Frumusani,745.5,745.5,2485.0,2485.0,9940,497.0,745.5,2485.0,745.5,745.5,2485.0,2485.0,9940,497.0,745.5,2485.0
103014,Fundeni,730.05,730.05,2433.5,2433.5,9734,486.7,730.05,2433.5,730.05,730.05,2433.5,2433.5,9734,486.7,730.05,2433.5
103032,Oras Fundulea,1014.75,1014.75,3382.5,3382.5,13530,676.5,1014.75,3382.5,1014.75,1014.75,3382.5,3382.5,13530,676.5,1014.75,3382.5
103087,Gaiseni,826.35,826.35,2754.5,2754.5,11018,550.9,826.35,2754.5,826.35,826.35,2754.5,2754.5,11018,550.9,826.35,2754.5
103130,Ganeasa,770.4,770.4,2568.0,2568.0,10272,513.6,770.4,2568.0,770.4,770.4,2568.0,2568.0,10272,513.6,770.4,2568.0
103194,Gaujani,352.95,352.95,1176.5,1176.5,4706,235.3,352.95,1176.5,352.95,352.95,1176.5,1176.5,4706,235.3,352.95,1176.5
103238,Ghimpati,856.8,856.8,2856.0,2856.0,11424,571.2,856.8,2856.0,856.8,856.8,2856.0,2856.0,11424,571.2,856.8,2856.0
103283,Garbovi,580.2,580.2,1934.0,1934.0,7736,386.8,580.2,1934.0,580.2,580.2,1934.0,1934.0,7736,386.8,580.2,1934.0
103309,Gogosari,268.35,268.35,894.5,894.5,3578,178.9,268.35,894.5,268.35,268.35,894.5,894.5,3578,178.9,268.35,894.5
103354,Gostinu,286.95,286.95,956.5,956.5,3826,191.3,286.95,956.5,286.95,286.95,956.5,956.5,3826,191.3,286.95,956.5
103372,Gostinari,349.35,349.35,1164.5,1164.5,4658,232.9,349.35,1164.5,349.35,349.35,1164.5,1164.5,4658,232.9,349.35,1164.5
103407,Gradinari,491.25,491.25,1637.5,1637.5,6550,327.5,491.25,1637.5,491.25,491.25,1637.5,1637.5,6550,327.5,491.25,1637.5
103443,Gradistea,469.95,469.95,1566.5,1566.5,6266,313.3,469.95,1566.5,469.95,469.95,1566.5,1566.5,6266,313.3,469.95,1566.5
103470,Greaca,346.2,346.2,1154.0,1154.0,4616,230.8,346.2,1154.0,346.2,346.2,1154.0,1154.0,4616,230.8,346.2,1154.0
103513,Gruiu,1030.8,1030.8,3436.0,3436.0,13744,687.2,1030.8,3436.0,1030.8,1030.8,3436.0,3436.0,13744,687.2,1030.8,3436.0
103568,Gurbanesti,178.5,178.5,595.0,595.0,2380,119.0,178.5,595.0,178.5,178.5,595.0,595.0,2380,119.0,178.5,595.0
103639,Hotarele,530.25,530.25,1767.5,1767.5,7070,353.5,530.25,1767.5,530.25,530.25,1767.5,1767.5,7070,353.5,530.25,1767.5
103693,Iepuresti,289.5,289.5,965.0,965.0,3860,193.0,289.5,965.0,289.5,289.5,965.0,965.0,3860,193.0,289.5,965.0
103764,Ileana,484.95,484.95,1616.5,1616.5,6466,323.3,484.95,1616.5,484.95,484.95,1616.5,1616.5,6466,323.3,484.95,1616.5
103862,Ion Roata,562.5,562.5,1875.0,1875.0,7500,375.0,562.5,1875.0,562.5,562.5,1875.0,1875.0,7500,375.0,562.5,1875.0
103899,Izvoarele,525.3,525.3,1751.0,1751.0,7004,350.2,525.3,1751.0,525.3,525.3,1751.0,1751.0,7004,350.2,525.3,1751.0
103960,Jilavele,519.0,519.0,1730.0,1730.0,6920,346.0,519.0,1730.0,519.0,519.0,1730.0,1730.0,6920,346.0,519.0,1730.0
103997,Joita,525.6,525.6,1752.0,1752.0,7008,350.4,525.6,1752.0,525.6,525.6,1752.0,1752.0,7008,350.4,525.6,1752.0
104047,Letca Noua,511.05,511.05,1703.5,1703.5,6814,340.7,511.05,1703.5,511.05,511.05,1703.5,1703.5,6814,340.7,511.05,1703.5
104083,Luica,319.95,319.95,1066.5,1066.5,4266,213.3,319.95,1066.5,319.95,319.95,1066.5,1066.5,4266,213.3,319.95,1066.5
104118,Mihai Bravu,367.65,367.65,1225.5,1225.5,4902,245.1,367.65,1225.5,367.65,367.65,1225.5,1225.5,4902,245.1,367.65,1225.5
104136,Oras Mihailesti,1140.75,1140.75,3802.5,3802.5,15210,760.5,1140.75,3802.5,1140.75,1140.75,3802.5,3802.5,15210,760.5,1140.75,3802.5
104181,Manastirea,832.5,832.5,2775.0,2775.0,11100,555.0,832.5,2775.0,832.5,832.5,2775.0,2775.0,11100,555.0,832.5,2775.0
104225,Marsa,414.3,414.3,1381.0,1381.0,5524,276.2,414.3,1381.0,414.3,414.3,1381.0,1381.0,5524,276.2,414.3,1381.0
104243,Moara Vlasiei,927.6,927.6,3092.0,3092.0,12368,618.4,927.6,3092.0,927.6,927.6,3092.0,3092.0,12368,618.4,927.6,3092.0
104270,Movilita,383.4,383.4,1278.0,1278.0,5112,255.6,383.4,1278.0,383.4,383.4,1278.0,1278.0,5112,255.6,383.4,1278.0
104323,Nana,360.75,360.75,1202.5,1202.5,4810,240.5,360.75,1202.5,360.75,360.75,1202.5,1202.5,4810,240.5,360.75,1202.5
104341,Nicolae Balcescu,244.05,244.05,813.5,813.5,3254,162.7,244.05,813.5,244.05,244.05,813.5,813.5,3254,162.7,244.05,813.5
104387,Niculesti,648.6,648.6,2162.0,2162.0,8648,432.4,648.6,2162.0,648.6,648.6,2162.0,2162.0,8648,432.4,648.6,2162.0
104421,Nuci,423.0,423.0,1410.0,1410.0,5640,282.0,423.0,1410.0,423.0,423.0,1410.0,1410.0,5640,282.0,423.0,1410.0
104485,Ogrezeni,707.25,707.25,2357.5,2357.5,9430,471.5,707.25,2357.5,707.25,707.25,2357.5,2357.5,9430,471.5,707.25,2357.5
104519,Oinacu,494.7,494.7,1649.0,1649.0,6596,329.8,494.7,1649.0,494.7,494.7,1649.0,1649.0,6596,329.8,494.7,1649.0
104546,Peris,1087.05,1087.05,3623.5,3623.5,14494,724.7,1087.05,3623.5,1087.05,1087.05,3623.5,3623.5,14494,724.7,1087.05,3623.5
104582,Petrachioaia,496.2,496.2,1654.0,1654.0,6616,330.8,496.2,1654.0,496.2,496.2,1654.0,1654.0,6616,330.8,496.2,1654.0
104635,Plataresti,529.5,529.5,1765.0,1765.0,7060,353.0,529.5,1765.0,529.5,529.5,1765.0,1765.0,7060,353.0,529.5,1765.0
104680,Prundu,640.35,640.35,2134.5,2134.5,8538,426.9,640.35,2134.5,640.35,640.35,2134.5,2134.5,8538,426.9,640.35,2134.5
104715,Putineiu,352.5,352.5,1175.0,1175.0,4700,235.0,352.5,1175.0,352.5,352.5,1175.0,1175.0,4700,235.0,352.5,1175.0
104751,Radovanu,611.25,611.25,2037.5,2037.5,8150,407.5,611.25,2037.5,611.25,611.25,2037.5,2037.5,8150,407.5,611.25,2037.5
104788,Rasuceni,348.45,348.45,1161.5,1161.5,4646,232.3,348.45,1161.5,348.45,348.45,1161.5,1161.5,4646,232.3,348.45,1161.5
104831,Roata De Jos,1208.55,1208.55,4028.5,4028.5,16114,805.7,1208.55,4028.5,1208.55,1208.55,4028.5,4028.5,16114,805.7,1208.55,4028.5
104886,Sarulesti,444.15,444.15,1480.5,1480.5,5922,296.1,444.15,1480.5,444.15,444.15,1480.5,1480.5,5922,296.1,444.15,1480.5
104975,Schitu,256.2,256.2,854.0,854.0,3416,170.8,256.2,854.0,256.2,256.2,854.0,854.0,3416,170.8,256.2,854.0
105026,Sinesti,407.85,407.85,1359.5,1359.5,5438,271.9,407.85,1359.5,407.85,407.85,1359.5,1359.5,5438,271.9,407.85,1359.5
105106,Singureni,454.8,454.8,1516.0,1516.0,6064,303.2,454.8,1516.0,454.8,454.8,1516.0,1516.0,6064,303.2,454.8,1516.0
105142,Slobozia Moara,303.45,303.45,1011.5,1011.5,4046,202.3,303.45,1011.5,303.45,303.45,1011.5,1011.5,4046,202.3,303.45,1011.5
105160,Snagov,1119.3,1119.3,3731.0,3731.0,14924,746.2,1119.3,3731.0,1119.3,1119.3,3731.0,3731.0,14924,746.2,1119.3,3731.0
105222,Sohatu,404.85,404.85,1349.5,1349.5,5398,269.9,404.85,1349.5,404.85,404.85,1349.5,1349.5,5398,269.9,404.85,1349.5
105259,Spantov,713.7,713.7,2379.0,2379.0,9516,475.8,713.7,2379.0,713.7,713.7,2379.0,2379.0,9516,475.8,713.7,2379.0
105295,Stanesti,395.7,395.7,1319.0,1319.0,5276,263.8,395.7,1319.0,395.7,395.7,1319.0,1319.0,5276,263.8,395.7,1319.0
105348,Stoenesti,298.95,298.95,996.5,996.5,3986,199.3,298.95,996.5,298.95,298.95,996.5,996.5,3986,199.3,298.95,996.5
105384,Soldanu,512.85,512.85,1709.5,1709.5,6838,341.9,512.85,1709.5,512.85,512.85,1709.5,1709.5,6838,341.9,512.85,1709.5
105419,Stefanestii De Jos,1015.8,1015.8,3386.0,3386.0,13544,677.2,1015.8,3386.0,1015.8,1015.8,3386.0,3386.0,13544,677.2,1015.8,3386.0
105455,Tamadau Mare,375.3,375.3,1251.0,1251.0,5004,250.2,375.3,1251.0,375.3,375.3,1251.0,1251.0,5004,250.2,375.3,1251.0
105534,Tartasesti,767.7,767.7,2559.0,2559.0,10236,511.8,767.7,2559.0,767.7,767.7,2559.0,2559.0,10236,511.8,767.7,2559.0
105570,Tunari,825.0,825.0,2750.0,2750.0,11000,550.0,825.0,2750.0,825.0,825.0,2750.0,2750.0,11000,550.0,825.0,2750.0
105605,Ulmeni,759.75,759.75,2532.5,2532.5,10130,506.5,759.75,2532.5,759.75,759.75,2532.5,2532.5,10130,506.5,759.75,2532.5
105623,Ulmi,1116.3,1116.3,3721.0,3721.0,14884,744.2,1116.3,3721.0,1116.3,1116.3,3721.0,3721.0,14884,744.2,1116.3,3721.0
105712,Valea Argovei,370.8,370.8,1236.0,1236.0,4944,247.2,370.8,1236.0,370.8,370.8,1236.0,1236.0,4944,247.2,370.8,1236.0
105776,Valea Dragului,430.35,430.35,1434.5,1434.5,5738,286.9,430.35,1434.5,430.35,430.35,1434.5,1434.5,5738,286.9,430.35,1434.5
105794,Valea Macrisului,268.65,268.65,895.5,895.5,3582,179.1,268.65,895.5,268.65,268.65,895.5,895.5,3582,179.1,268.65,895.5
105829,Vasilati,660.6,660.6,2202.0,2202.0,8808,440.4,660.6,2202.0,660.6,660.6,2202.0,2202.0,8808,440.4,660.6,2202.0
105874,Varasti,888.15,888.15,2960.5,2960.5,11842,592.1,888.15,2960.5,888.15,888.15,2960.5,2960.5,11842,592.1,888.15,2960.5
105909,Vedea,409.05,409.05,1363.5,1363.5,5454,272.7,409.05,1363.5,409.05,409.05,1363.5,1363.5,5454,272.7,409.05,1363.5
105936,Vidra,1260.15,1260.15,4200.5,4200.5,16802,840.1,1260.15,4200.5,1260.15,1260.15,4200.5,4200.5,16802,840.1,1260.15,4200.5
105972,Vanatorii Mici,701.55,701.55,2338.5,2338.5,9354,467.7,701.55,2338.5,701.55,701.55,2338.5,2338.5,9354,467.7,701.55,2338.5
106318,Municipiul Baia Mare,22184.55,22184.55,73948.5,73948.5,295794,14789.7,22184.55,73948.5,22184.55,22184.55,73948.5,73948.5,295794,14789.7,22184.55,73948.5
106363,Grosi,420.0,420.0,1400.0,1400.0,5600,280.0,420.0,1400.0,420.0,420.0,1400.0,1400.0,5600,280.0,420.0,1400.0
106407,Recea,923.1,923.1,3077.0,3077.0,12308,615.4,923.1,3077.0,923.1,923.1,3077.0,3077.0,12308,615.4,923.1,3077.0
106461,Oras Tautii-Magheraus,1207.65,1207.65,4025.5,4025.5,16102,805.1,1207.65,4025.5,1207.65,1207.65,4025.5,4025.5,16102,805.1,1207.65,4025.5
106559,Municipiul Sighetu Marmatiei,6621.75,6621.75,22072.5,22072.5,88290,4414.5,6621.75,22072.5,6621.75,6621.75,22072.5,22072.5,88290,4414.5,6621.75,22072.5
106620,Sarasau,413.1,413.1,1377.0,1377.0,5508,275.4,413.1,1377.0,413.1,413.1,1377.0,1377.0,5508,275.4,413.1,1377.0
106648,Vadu Izei,431.85,431.85,1439.5,1439.5,5758,287.9,431.85,1439.5,431.85,431.85,1439.5,1439.5,5758,287.9,431.85,1439.5
106684,Oras Baia Sprie,2563.65,2563.65,8545.5,8545.5,34182,1709.1,2563.65,8545.5,2563.65,2563.65,8545.5,8545.5,34182,1709.1,2563.65,8545.5
106746,Oras Borsa,4482.15,4482.15,14940.5,14940.5,59762,2988.1,4482.15,14940.5,4482.15,4482.15,14940.5,14940.5,59762,2988.1,4482.15,14940.5
106782,Oras Cavnic,788.25,788.25,2627.5,2627.5,10510,525.5,788.25,2627.5,788.25,788.25,2627.5,2627.5,10510,525.5,788.25,2627.5
106817,Oras Targu Lapus,1982.85,1982.85,6609.5,6609.5,26438,1321.9,1982.85,6609.5,1982.85,1982.85,6609.5,6609.5,26438,1321.9,1982.85,6609.5
106979,Oras Viseu De Sus,2725.65,2725.65,9085.5,9085.5,36342,1817.1,2725.65,9085.5,2725.65,2725.65,9085.5,9085.5,36342,1817.1,2725.65,9085.5
107001,Ardusat,414.6,414.6,1382.0,1382.0,5528,276.4,414.6,1382.0,414.6,414.6,1382.0,1382.0,5528,276.4,414.6,1382.0
107047,Arinis,155.25,155.25,517.5,517.5,2070,103.5,155.25,517.5,155.25,155.25,517.5,517.5,2070,103.5,155.25,517.5
107083,Asuaju De Sus,198.6,198.6,662.0,662.0,2648,132.4,198.6,662.0,198.6,198.6,662.0,662.0,2648,132.4,198.6,662.0
107118,Baita De Sub Codru,281.25,281.25,937.5,937.5,3750,187.5,281.25,937.5,281.25,281.25,937.5,937.5,3750,187.5,281.25,937.5
107154,Baiut,364.05,364.05,1213.5,1213.5,4854,242.7,364.05,1213.5,364.05,364.05,1213.5,1213.5,4854,242.7,364.05,1213.5
107190,Basesti,211.35,211.35,704.5,704.5,2818,140.9,211.35,704.5,211.35,211.35,704.5,704.5,2818,140.9,211.35,704.5
107234,Bicaz,157.8,157.8,526.0,526.0,2104,105.2,157.8,526.0,157.8,157.8,526.0,526.0,2104,105.2,157.8,526.0
107270,Bistra,653.55,653.55,2178.5,2178.5,8714,435.7,653.55,2178.5,653.55,653.55,2178.5,2178.5,8714,435.7,653.55,2178.5
107314,Barsana,708.3,708.3,2361.0,2361.0,9444,472.2,708.3,2361.0,708.3,708.3,2361.0,2361.0,9444,472.2,708.3,2361.0
107350,Bocicoiu Mare,676.2,676.2,2254.0,2254.0,9016,450.8,676.2,2254.0,676.2,676.2,2254.0,2254.0,9016,450.8,676.2,2254.0
107403,Bogdan Voda,457.8,457.8,1526.0,1526.0,6104,305.2,457.8,1526.0,457.8,457.8,1526.0,1526.0,6104,305.2,457.8,1526.0
107430,Boiu Mare,168.9,168.9,563.0,563.0,2252,112.6,168.9,563.0,168.9,168.9,563.0,563.0,2252,112.6,168.9,563.0
107485,Botiza,388.5,388.5,1295.0,1295.0,5180,259.0,388.5,1295.0,388.5,388.5,1295.0,1295.0,5180,259.0,388.5,1295.0
107519,Budesti,462.75,462.75,1542.5,1542.5,6170,308.5,462.75,1542.5,462.75,462.75,1542.5,1542.5,6170,308.5,462.75,1542.5
107546,Calinesti,474.0,474.0,1580.0,1580.0,6320,316.0,474.0,1580.0,474.0,474.0,1580.0,1580.0,6320,316.0,474.0,1580.0
107582,Cernesti,550.65,550.65,1835.5,1835.5,7342,367.1,550.65,1835.5,550.65,550.65,1835.5,1835.5,7342,367.1,550.65,1835.5
107662,Cicarlau,627.9,627.9,2093.0,2093.0,8372,418.6,627.9,2093.0,627.9,627.9,2093.0,2093.0,8372,418.6,627.9,2093.0
107715,Campulung La Tisa,376.5,376.5,1255.0,1255.0,5020,251.0,376.5,1255.0,376.5,376.5,1255.0,1255.0,5020,251.0,376.5,1255.0
107733,Copalnic-Manastur,849.45,849.45,2831.5,2831.5,11326,566.3,849.45,2831.5,849.45,849.45,2831.5,2831.5,11326,566.3,849.45,2831.5
107868,Coroieni,359.7,359.7,1199.0,1199.0,4796,239.8,359.7,1199.0,359.7,359.7,1199.0,1199.0,4796,239.8,359.7,1199.0
107920,Cupseni,523.35,523.35,1744.5,1744.5,6978,348.9,523.35,1744.5,523.35,523.35,1744.5,1744.5,6978,348.9,523.35,1744.5
107975,Desesti,355.65,355.65,1185.5,1185.5,4742,237.1,355.65,1185.5,355.65,355.65,1185.5,1185.5,4742,237.1,355.65,1185.5
108017,Oras Dragomiresti,489.3,489.3,1631.0,1631.0,6524,326.2,489.3,1631.0,489.3,489.3,1631.0,1631.0,6524,326.2,489.3,1631.0
108035,Dumbravita,649.65,649.65,2165.5,2165.5,8662,433.1,649.65,2165.5,649.65,649.65,2165.5,2165.5,8662,433.1,649.65,2165.5
108106,Farcasa,588.0,588.0,1960.0,1960.0,7840,392.0,588.0,1960.0,588.0,588.0,1960.0,1960.0,7840,392.0,588.0,1960.0
108151,Giulesti,481.8,481.8,1606.0,1606.0,6424,321.2,481.8,1606.0,481.8,481.8,1606.0,1606.0,6424,321.2,481.8,1606.0
108204,Ieud,659.4,659.4,2198.0,2198.0,8792,439.6,659.4,2198.0,659.4,659.4,2198.0,2198.0,8792,439.6,659.4,2198.0
108222,Lapus,555.6,555.6,1852.0,1852.0,7408,370.4,555.6,1852.0,555.6,555.6,1852.0,1852.0,7408,370.4,555.6,1852.0
108240,Leordina,365.25,365.25,1217.5,1217.5,4870,243.5,365.25,1217.5,365.25,365.25,1217.5,1217.5,4870,243.5,365.25,1217.5
108268,Miresu Mare,721.95,721.95,2406.5,2406.5,9626,481.3,721.95,2406.5,721.95,721.95,2406.5,2406.5,9626,481.3,721.95,2406.5
108348,Moisei,1394.25,1394.25,4647.5,4647.5,18590,929.5,1394.25,4647.5,1394.25,1394.25,4647.5,4647.5,18590,929.5,1394.25,4647.5
108366,Oarta De Jos,177.45,177.45,591.5,591.5,2366,118.3,177.45,591.5,177.45,177.45,591.5,591.5,2366,118.3,177.45,591.5
108400,Ocna Sugatag,627.9,627.9,2093.0,2093.0,8372,418.6,627.9,2093.0,627.9,627.9,2093.0,2093.0,8372,418.6,627.9,2093.0
108455,Petrova,374.25,374.25,1247.5,1247.5,4990,249.5,374.25,1247.5,374.25,374.25,1247.5,1247.5,4990,249.5,374.25,1247.5
108473,Poienile De Sub Munte,1539.15,1539.15,5130.5,5130.5,20522,1026.1,1539.15,5130.5,1539.15,1539.15,5130.5,5130.5,20522,1026.1,1539.15,5130.5
108491,Remetea Chioarului,431.7,431.7,1439.0,1439.0,5756,287.8,431.7,1439.0,431.7,431.7,1439.0,1439.0,5756,287.8,431.7,1439.0
108552,Remeti,482.55,482.55,1608.5,1608.5,6434,321.7,482.55,1608.5,482.55,482.55,1608.5,1608.5,6434,321.7,482.55,1608.5
108598,Repedea,744.3,744.3,2481.0,2481.0,9924,496.2,744.3,2481.0,744.3,744.3,2481.0,2481.0,9924,496.2,744.3,2481.0
108614,Rona De Jos,306.6,306.6,1022.0,1022.0,4088,204.4,306.6,1022.0,306.6,306.6,1022.0,1022.0,4088,204.4,306.6,1022.0
108632,Rona De Sus,691.5,691.5,2305.0,2305.0,9220,461.0,691.5,2305.0,691.5,691.5,2305.0,2305.0,9220,461.0,691.5,2305.0
108669,Rozavlea,479.85,479.85,1599.5,1599.5,6398,319.9,479.85,1599.5,479.85,479.85,1599.5,1599.5,6398,319.9,479.85,1599.5
108696,Ruscova,843.3,843.3,2811.0,2811.0,11244,562.2,843.3,2811.0,843.3,843.3,2811.0,2811.0,11244,562.2,843.3,2811.0
108712,Satulung,889.35,889.35,2964.5,2964.5,11858,592.9,889.35,2964.5,889.35,889.35,2964.5,2964.5,11858,592.9,889.35,2964.5
108794,Sacalaseni,343.8,343.8,1146.0,1146.0,4584,229.2,343.8,1146.0,343.8,343.8,1146.0,1146.0,4584,229.2,343.8,1146.0
108874,Sacel,523.05,523.05,1743.5,1743.5,6974,348.7,523.05,1743.5,523.05,523.05,1743.5,1743.5,6974,348.7,523.05,1743.5
108892,Oras Salistea De Sus,771.15,771.15,2570.5,2570.5,10282,514.1,771.15,2570.5,771.15,771.15,2570.5,2570.5,10282,514.1,771.15,2570.5
108918,Salsig,247.2,247.2,824.0,824.0,3296,164.8,247.2,824.0,247.2,247.2,824.0,824.0,3296,164.8,247.2,824.0
108945,Sapanta,476.7,476.7,1589.0,1589.0,6356,317.8,476.7,1589.0,476.7,476.7,1589.0,1589.0,6356,317.8,476.7,1589.0
108963,Oras Seini,1440.75,1440.75,4802.5,4802.5,19210,960.5,1440.75,4802.5,1440.75,1440.75,4802.5,4802.5,19210,960.5,1440.75,4802.5
109005,Stramtura,553.95,553.95,1846.5,1846.5,7386,369.3,553.95,1846.5,553.95,553.95,1846.5,1846.5,7386,369.3,553.95,1846.5
109041,Suciu De Sus,602.25,602.25,2007.5,2007.5,8030,401.5,602.25,2007.5,602.25,602.25,2007.5,2007.5,8030,401.5,602.25,2007.5
109096,Sisesti,818.55,818.55,2728.5,2728.5,10914,545.7,818.55,2728.5,818.55,818.55,2728.5,2728.5,10914,545.7,818.55,2728.5
109176,Oras Somcuta Mare,1199.85,1199.85,3999.5,3999.5,15998,799.9,1199.85,3999.5,1199.85,1199.85,3999.5,3999.5,15998,799.9,1199.85,3999.5
109265,Oras Ulmeni,1133.7,1133.7,3779.0,3779.0,15116,755.8,1133.7,3779.0,1133.7,1133.7,3779.0,3779.0,15116,755.8,1133.7,3779.0
109354,Valea Chioarului,311.7,311.7,1039.0,1039.0,4156,207.8,311.7,1039.0,311.7,311.7,1039.0,1039.0,4156,207.8,311.7,1039.0
109425,Vima Mica,220.05,220.05,733.5,733.5,2934,146.7,220.05,733.5,220.05,220.05,733.5,733.5,2934,146.7,220.05,733.5
109504,Viseu De Jos,775.95,775.95,2586.5,2586.5,10346,517.3,775.95,2586.5,775.95,775.95,2586.5,2586.5,10346,517.3,775.95,2586.5
109773,Municipiul Drobeta-Turnu Severin,16459.5,16459.5,54865.0,54865.0,219460,10973.0,16459.5,54865.0,16459.5,16459.5,54865.0,54865.0,219460,10973.0,16459.5,54865.0
109826,Simian,1541.7,1541.7,5139.0,5139.0,20556,1027.8,1541.7,5139.0,1541.7,1541.7,5139.0,5139.0,20556,1027.8,1541.7,5139.0
109924,Oras Baia De Arama,839.4,839.4,2798.0,2798.0,11192,559.6,839.4,2798.0,839.4,839.4,2798.0,2798.0,11192,559.6,839.4,2798.0
110027,Obarsia-Closani,155.4,155.4,518.0,518.0,2072,103.6,155.4,518.0,155.4,155.4,518.0,518.0,2072,103.6,155.4,518.0
110063,Municipiul Orsova,1940.85,1940.85,6469.5,6469.5,25878,1293.9,1940.85,6469.5,1940.85,1940.85,6469.5,6469.5,25878,1293.9,1940.85,6469.5
110116,Oras Strehaia,1710.75,1710.75,5702.5,5702.5,22810,1140.5,1710.75,5702.5,1710.75,1710.75,5702.5,5702.5,22810,1140.5,1710.75,5702.5
110232,Oras Vanju Mare,882.6,882.6,2942.0,2942.0,11768,588.4,882.6,2942.0,882.6,882.6,2942.0,2942.0,11768,588.4,882.6,2942.0
110296,Bala,572.7,572.7,1909.0,1909.0,7636,381.8,572.7,1909.0,572.7,572.7,1909.0,1909.0,7636,381.8,572.7,1909.0
110456,Balta,155.7,155.7,519.0,519.0,2076,103.8,155.7,519.0,155.7,155.7,519.0,519.0,2076,103.8,155.7,519.0
110535,Balacita,414.0,414.0,1380.0,1380.0,5520,276.0,414.0,1380.0,414.0,414.0,1380.0,1380.0,5520,276.0,414.0,1380.0
110571,Bacles,283.35,283.35,944.5,944.5,3778,188.9,283.35,944.5,283.35,283.35,944.5,944.5,3778,188.9,283.35,944.5
110688,Balvanesti,136.95,136.95,456.5,456.5,1826,91.3,136.95,456.5,136.95,136.95,456.5,456.5,1826,91.3,136.95,456.5
110740,Breznita-Motru,215.4,215.4,718.0,718.0,2872,143.6,215.4,718.0,215.4,215.4,718.0,718.0,2872,143.6,215.4,718.0
110820,Breznita-Ocol,600.6,600.6,2002.0,2002.0,8008,400.4,600.6,2002.0,600.6,600.6,2002.0,2002.0,8008,400.4,600.6,2002.0
110875,Brosteni,417.45,417.45,1391.5,1391.5,5566,278.3,417.45,1391.5,417.45,417.45,1391.5,1391.5,5566,278.3,417.45,1391.5
110946,Burila Mare,315.3,315.3,1051.0,1051.0,4204,210.2,315.3,1051.0,315.3,315.3,1051.0,1051.0,4204,210.2,315.3,1051.0
111006,Butoiesti,487.05,487.05,1623.5,1623.5,6494,324.7,487.05,1623.5,487.05,487.05,1623.5,1623.5,6494,324.7,487.05,1623.5
111097,Cazanesti,320.4,320.4,1068.0,1068.0,4272,213.6,320.4,1068.0,320.4,320.4,1068.0,1068.0,4272,213.6,320.4,1068.0
111220,Ciresu,73.65,73.65,245.5,245.5,982,49.1,73.65,245.5,73.65,73.65,245.5,245.5,982,49.1,73.65,245.5
111275,Corcova,912.75,912.75,3042.5,3042.5,12170,608.5,912.75,3042.5,912.75,912.75,3042.5,3042.5,12170,608.5,912.75,3042.5
111417,Corlatel,192.45,192.45,641.5,641.5,2566,128.3,192.45,641.5,192.45,192.45,641.5,641.5,2566,128.3,192.45,641.5
111444,Cujmir,502.5,502.5,1675.0,1675.0,6700,335.0,502.5,1675.0,502.5,502.5,1675.0,1675.0,6700,335.0,502.5,1675.0
111480,Devesel,446.85,446.85,1489.5,1489.5,5958,297.9,446.85,1489.5,446.85,446.85,1489.5,1489.5,5958,297.9,446.85,1489.5
111550,Darvari,391.05,391.05,1303.5,1303.5,5214,260.7,391.05,1303.5,391.05,391.05,1303.5,1303.5,5214,260.7,391.05,1303.5
111587,Dumbrava,208.95,208.95,696.5,696.5,2786,139.3,208.95,696.5,208.95,208.95,696.5,696.5,2786,139.3,208.95,696.5
111685,Floresti,387.9,387.9,1293.0,1293.0,5172,258.6,387.9,1293.0,387.9,387.9,1293.0,1293.0,5172,258.6,387.9,1293.0
111783,Garla Mare,544.8,544.8,1816.0,1816.0,7264,363.2,544.8,1816.0,544.8,544.8,1816.0,1816.0,7264,363.2,544.8,1816.0
111818,Godeanu,87.3,87.3,291.0,291.0,1164,58.2,87.3,291.0,87.3,87.3,291.0,291.0,1164,58.2,87.3,291.0
111863,Gogosu,634.8,634.8,2116.0,2116.0,8464,423.2,634.8,2116.0,634.8,634.8,2116.0,2116.0,8464,423.2,634.8,2116.0
111916,Greci,184.95,184.95,616.5,616.5,2466,123.3,184.95,616.5,184.95,184.95,616.5,616.5,2466,123.3,184.95,616.5
111989,Grozesti,306.45,306.45,1021.5,1021.5,4086,204.3,306.45,1021.5,306.45,306.45,1021.5,1021.5,4086,204.3,306.45,1021.5
112030,Gruia,456.45,456.45,1521.5,1521.5,6086,304.3,456.45,1521.5,456.45,456.45,1521.5,1521.5,6086,304.3,456.45,1521.5
112076,Hinova,433.05,433.05,1443.5,1443.5,5774,288.7,433.05,1443.5,433.05,433.05,1443.5,1443.5,5774,288.7,433.05,1443.5
112129,Husnicioara,192.0,192.0,640.0,640.0,2560,128.0,192.0,640.0,192.0,192.0,640.0,640.0,2560,128.0,192.0,640.0
112245,Eselnita,435.45,435.45,1451.5,1451.5,5806,290.3,435.45,1451.5,435.45,435.45,1451.5,1451.5,5806,290.3,435.45,1451.5
112263,Ilovat,182.4,182.4,608.0,608.0,2432,121.6,182.4,608.0,182.4,182.4,608.0,608.0,2432,121.6,182.4,608.0
112334,Ilovita,198.0,198.0,660.0,660.0,2640,132.0,198.0,660.0,198.0,198.0,660.0,660.0,2640,132.0,198.0,660.0
112370,Isverna,321.0,321.0,1070.0,1070.0,4280,214.0,321.0,1070.0,321.0,321.0,1070.0,1070.0,4280,214.0,321.0,1070.0
112469,Izvoru Barzii,416.25,416.25,1387.5,1387.5,5550,277.5,416.25,1387.5,416.25,416.25,1387.5,1387.5,5550,277.5,416.25,1387.5
112548,Jiana,697.2,697.2,2324.0,2324.0,9296,464.8,697.2,2324.0,697.2,697.2,2324.0,2324.0,9296,464.8,697.2,2324.0
112600,Livezile,219.45,219.45,731.5,731.5,2926,146.3,219.45,731.5,219.45,219.45,731.5,731.5,2926,146.3,219.45,731.5
112664,Malovat,394.35,394.35,1314.5,1314.5,5258,262.9,394.35,1314.5,394.35,394.35,1314.5,1314.5,5258,262.9,394.35,1314.5
112744,Obarsia De Camp,266.55,266.55,888.5,888.5,3554,177.7,266.55,888.5,266.55,266.55,888.5,888.5,3554,177.7,266.55,888.5
112771,Oprisor,335.7,335.7,1119.0,1119.0,4476,223.8,335.7,1119.0,335.7,335.7,1119.0,1119.0,4476,223.8,335.7,1119.0
112806,Padina,186.15,186.15,620.5,620.5,2482,124.1,186.15,620.5,186.15,186.15,620.5,620.5,2482,124.1,186.15,620.5
112879,Patulele,557.55,557.55,1858.5,1858.5,7434,371.7,557.55,1858.5,557.55,557.55,1858.5,1858.5,7434,371.7,557.55,1858.5
112904,Dubova,140.1,140.1,467.0,467.0,1868,93.4,140.1,467.0,140.1,140.1,467.0,467.0,1868,93.4,140.1,467.0
112959,Podeni,126.75,126.75,422.5,422.5,1690,84.5,126.75,422.5,126.75,126.75,422.5,422.5,1690,84.5,126.75,422.5
112995,Ponoarele,367.8,367.8,1226.0,1226.0,4904,245.2,367.8,1226.0,367.8,367.8,1226.0,1226.0,4904,245.2,367.8,1226.0
113153,Poroina Mare,146.55,146.55,488.5,488.5,1954,97.7,146.55,488.5,146.55,146.55,488.5,488.5,1954,97.7,146.55,488.5
113206,Pristol,217.35,217.35,724.5,724.5,2898,144.9,217.35,724.5,217.35,217.35,724.5,724.5,2898,144.9,217.35,724.5
113233,Prunisor,288.0,288.0,960.0,960.0,3840,192.0,288.0,960.0,288.0,288.0,960.0,960.0,3840,192.0,288.0,960.0
113395,Punghina,492.9,492.9,1643.0,1643.0,6572,328.6,492.9,1643.0,492.9,492.9,1643.0,1643.0,6572,328.6,492.9,1643.0
113466,Rogova,207.6,207.6,692.0,692.0,2768,138.4,207.6,692.0,207.6,207.6,692.0,692.0,2768,138.4,207.6,692.0
113493,Salcia,420.15,420.15,1400.5,1400.5,5602,280.1,420.15,1400.5,420.15,420.15,1400.5,1400.5,5602,280.1,420.15,1400.5
113518,Stangaceaua,194.55,194.55,648.5,648.5,2594,129.7,194.55,648.5,194.55,194.55,648.5,648.5,2594,129.7,194.55,648.5
113607,Svinita,144.15,144.15,480.5,480.5,1922,96.1,144.15,480.5,144.15,144.15,480.5,480.5,1922,96.1,144.15,480.5
113625,Sisesti,393.3,393.3,1311.0,1311.0,5244,262.2,393.3,1311.0,393.3,393.3,1311.0,1311.0,5244,262.2,393.3,1311.0
113698,Sovarna,168.3,168.3,561.0,561.0,2244,112.2,168.3,561.0,168.3,168.3,561.0,561.0,2244,112.2,168.3,561.0
113732,Tamna,495.15,495.15,1650.5,1650.5,6602,330.1,495.15,1650.5,495.15,495.15,1650.5,1650.5,6602,330.1,495.15,1650.5
113849,Vanatori,288.3,288.3,961.0,961.0,3844,192.2,288.3,961.0,288.3,288.3,961.0,961.0,3844,192.2,288.3,961.0
113894,Vanjulet,276.6,276.6,922.0,922.0,3688,184.4,276.6,922.0,276.6,276.6,922.0,922.0,3688,184.4,276.6,922.0
113929,Vladaia,244.5,244.5,815.0,815.0,3260,163.0,244.5,815.0,244.5,244.5,815.0,815.0,3260,163.0,244.5,815.0
113974,Voloiac,254.4,254.4,848.0,848.0,3392,169.6,254.4,848.0,254.4,254.4,848.0,848.0,3392,169.6,254.4,848.0
114060,Branistea,280.35,280.35,934.5,934.5,3738,186.9,280.35,934.5,280.35,280.35,934.5,934.5,3738,186.9,280.35,934.5
114079,Vrata,288.9,288.9,963.0,963.0,3852,192.6,288.9,963.0,288.9,288.9,963.0,963.0,3852,192.6,288.9,963.0
114319,Municipiul Targu Mures,22542.9,22542.9,75143.0,75143.0,300572,15028.6,22542.9,75143.0,22542.9,22542.9,75143.0,75143.0,300572,15028.6,22542.9,75143.0
114355,Cristesti,949.8,949.8,3166.0,3166.0,12664,633.2,949.8,3166.0,949.8,949.8,3166.0,3166.0,12664,633.2,949.8,3166.0
114382,Sancraiu De Mures,1264.95,1264.95,4216.5,4216.5,16866,843.3,1264.95,4216.5,1264.95,1264.95,4216.5,4216.5,16866,843.3,1264.95,4216.5
114417,Sangeorgiu De Mures,1520.85,1520.85,5069.5,5069.5,20278,1013.9,1520.85,5069.5,1520.85,1520.85,5069.5,5069.5,20278,1013.9,1520.85,5069.5
114453,Santana De Mures,859.8,859.8,2866.0,2866.0,11464,573.2,859.8,2866.0,859.8,859.8,2866.0,2866.0,11464,573.2,859.8,2866.0
114514,Municipiul Sighisoara,5137.5,5137.5,17125.0,17125.0,68500,3425.0,5137.5,17125.0,5137.5,5137.5,17125.0,17125.0,68500,3425.0,5137.5,17125.0
114603,Albesti,919.5,919.5,3065.0,3065.0,12260,613.0,919.5,3065.0,919.5,919.5,3065.0,3065.0,12260,613.0,919.5,3065.0
114710,Oras Ludus,2640.9,2640.9,8803.0,8803.0,35212,1760.6,2640.9,8803.0,2640.9,2640.9,8803.0,8803.0,35212,1760.6,2640.9,8803.0
114809,Municipiul Reghin,5735.55,5735.55,19118.5,19118.5,76474,3823.7,5735.55,19118.5,5735.55,5735.55,19118.5,19118.5,76474,3823.7,5735.55,19118.5
114854,Oras Sovata,1583.55,1583.55,5278.5,5278.5,21114,1055.7,1583.55,5278.5,1583.55,1583.55,5278.5,5278.5,21114,1055.7,1583.55,5278.5
114925,Municipiul Tarnaveni,3975.0,3975.0,13250.0,13250.0,53000,2650.0,3975.0,13250.0,3975.0,3975.0,13250.0,13250.0,53000,2650.0,3975.0,13250.0
114970,Acatari,721.95,721.95,2406.5,2406.5,9626,481.3,721.95,2406.5,721.95,721.95,2406.5,2406.5,9626,481.3,721.95,2406.5
115076,Adamus,841.65,841.65,2805.5,2805.5,11222,561.1,841.65,2805.5,841.65,841.65,2805.5,2805.5,11222,561.1,841.65,2805.5
115147,Alunis,476.1,476.1,1587.0,1587.0,6348,317.4,476.1,1587.0,476.1,476.1,1587.0,1587.0,6348,317.4,476.1,1587.0
115183,Apold,479.55,479.55,1598.5,1598.5,6394,319.7,479.55,1598.5,479.55,479.55,1598.5,1598.5,6394,319.7,479.55,1598.5
115236,Atintis,236.55,236.55,788.5,788.5,3154,157.7,236.55,788.5,236.55,236.55,788.5,788.5,3154,157.7,236.55,788.5
115307,Bahnea,560.85,560.85,1869.5,1869.5,7478,373.9,560.85,1869.5,560.85,560.85,1869.5,1869.5,7478,373.9,560.85,1869.5
115389,Band,985.65,985.65,3285.5,3285.5,13142,657.1,985.65,3285.5,985.65,985.65,3285.5,3285.5,13142,657.1,985.65,3285.5
115520,Batos,638.55,638.55,2128.5,2128.5,8514,425.7,638.55,2128.5,638.55,638.55,2128.5,2128.5,8514,425.7,638.55,2128.5
115575,Bagaciu,389.85,389.85,1299.5,1299.5,5198,259.9,389.85,1299.5,389.85,389.85,1299.5,1299.5,5198,259.9,389.85,1299.5
115600,Bala,105.6,105.6,352.0,352.0,1408,70.4,105.6,352.0,105.6,105.6,352.0,352.0,1408,70.4,105.6,352.0
115637,Balauseri,771.9,771.9,2573.0,2573.0,10292,514.6,771.9,2573.0,771.9,771.9,2573.0,2573.0,10292,514.6,771.9,2573.0
115708,Beica De Jos,333.3,333.3,1111.0,1111.0,4444,222.2,333.3,1111.0,333.3,333.3,1111.0,1111.0,4444,222.2,333.3,1111.0
115771,Bichis,129.3,129.3,431.0,431.0,1724,86.2,129.3,431.0,129.3,129.3,431.0,431.0,1724,86.2,129.3,431.0
115824,Bogata,289.95,289.95,966.5,966.5,3866,193.3,289.95,966.5,289.95,289.95,966.5,966.5,3866,193.3,289.95,966.5
115851,Breaza,379.05,379.05,1263.5,1263.5,5054,252.7,379.05,1263.5,379.05,379.05,1263.5,1263.5,5054,252.7,379.05,1263.5
115897,Brancovenesti,601.5,601.5,2005.0,2005.0,8020,401.0,601.5,2005.0,601.5,601.5,2005.0,2005.0,8020,401.0,601.5,2005.0
115959,Ceuasu De Campie,914.55,914.55,3048.5,3048.5,12194,609.7,914.55,3048.5,914.55,914.55,3048.5,3048.5,12194,609.7,914.55,3048.5
116046,Chetani,393.45,393.45,1311.5,1311.5,5246,262.3,393.45,1311.5,393.45,393.45,1311.5,1311.5,5246,262.3,393.45,1311.5
116126,Chiheru De Jos,235.2,235.2,784.0,784.0,3136,156.8,235.2,784.0,235.2,235.2,784.0,784.0,3136,156.8,235.2,784.0
116171,Coroisanmartin,227.85,227.85,759.5,759.5,3038,151.9,227.85,759.5,227.85,227.85,759.5,759.5,3038,151.9,227.85,759.5
116224,Cozma,80.55,80.55,268.5,268.5,1074,53.7,80.55,268.5,80.55,80.55,268.5,268.5,1074,53.7,80.55,268.5
116288,Craciunesti,653.25,653.25,2177.5,2177.5,8710,435.5,653.25,2177.5,653.25,653.25,2177.5,2177.5,8710,435.5,653.25,2177.5
116340,Craiesti,136.05,136.05,453.5,453.5,1814,90.7,136.05,453.5,136.05,136.05,453.5,453.5,1814,90.7,136.05,453.5
116395,Cucerdea,212.1,212.1,707.0,707.0,2828,141.4,212.1,707.0,212.1,212.1,707.0,707.0,2828,141.4,212.1,707.0
116439,Cuci,297.45,297.45,991.5,991.5,3966,198.3,297.45,991.5,297.45,297.45,991.5,991.5,3966,198.3,297.45,991.5
116493,Danes,855.9,855.9,2853.0,2853.0,11412,570.6,855.9,2853.0,855.9,855.9,2853.0,2853.0,11412,570.6,855.9,2853.0
116545,Deda,652.2,652.2,2174.0,2174.0,8696,434.8,652.2,2174.0,652.2,652.2,2174.0,2174.0,8696,434.8,652.2,2174.0
116590,Eremitu,614.55,614.55,2048.5,2048.5,8194,409.7,614.55,2048.5,614.55,614.55,2048.5,2048.5,8194,409.7,614.55,2048.5
116652,Ernei,895.5,895.5,2985.0,2985.0,11940,597.0,895.5,2985.0,895.5,895.5,2985.0,2985.0,11940,597.0,895.5,2985.0
116723,Faragau,260.7,260.7,869.0,869.0,3476,173.8,260.7,869.0,260.7,260.7,869.0,869.0,3476,173.8,260.7,869.0
116796,Fantanele,745.65,745.65,2485.5,2485.5,9942,497.1,745.65,2485.5,745.65,745.65,2485.5,2485.5,9942,497.1,745.65,2485.5
116867,Galesti,392.25,392.25,1307.5,1307.5,5230,261.5,392.25,1307.5,392.25,392.25,1307.5,1307.5,5230,261.5,392.25,1307.5
116938,Ganesti,546.15,546.15,1820.5,1820.5,7282,364.1,546.15,1820.5,546.15,546.15,1820.5,1820.5,7282,364.1,546.15,1820.5
116983,Gheorghe Doja,436.5,436.5,1455.0,1455.0,5820,291.0,436.5,1455.0,436.5,436.5,1455.0,1455.0,5820,291.0,436.5,1455.0
117042,Ghindari,508.65,508.65,1695.5,1695.5,6782,339.1,508.65,1695.5,508.65,508.65,1695.5,1695.5,6782,339.1,508.65,1695.5
117113,Glodeni,561.45,561.45,1871.5,1871.5,7486,374.3,561.45,1871.5,561.45,561.45,1871.5,1871.5,7486,374.3,561.45,1871.5
117177,Gornesti,860.25,860.25,2867.5,2867.5,11470,573.5,860.25,2867.5,860.25,860.25,2867.5,2867.5,11470,573.5,860.25,2867.5
117275,Grebenisu De Campie,262.35,262.35,874.5,874.5,3498,174.9,262.35,874.5,262.35,262.35,874.5,874.5,3498,174.9,262.35,874.5
117319,Gurghiu,933.0,933.0,3110.0,3110.0,12440,622.0,933.0,3110.0,933.0,933.0,3110.0,3110.0,12440,622.0,933.0,3110.0
117426,Hodac,774.15,774.15,2580.5,2580.5,10322,516.1,774.15,2580.5,774.15,774.15,2580.5,2580.5,10322,516.1,774.15,2580.5
117505,Hodosa,184.05,184.05,613.5,613.5,2454,122.7,184.05,613.5,184.05,184.05,613.5,613.5,2454,122.7,184.05,613.5
117550,Ibanesti,643.05,643.05,2143.5,2143.5,8574,428.7,643.05,2143.5,643.05,643.05,2143.5,2143.5,8574,428.7,643.05,2143.5
117667,Iclanzel,321.6,321.6,1072.0,1072.0,4288,214.4,321.6,1072.0,321.6,321.6,1072.0,1072.0,4288,214.4,321.6,1072.0
117783,Ideciu De Jos,319.35,319.35,1064.5,1064.5,4258,212.9,319.35,1064.5,319.35,319.35,1064.5,1064.5,4258,212.9,319.35,1064.5
117827,Oras Iernut,1466.25,1466.25,4887.5,4887.5,19550,977.5,1466.25,4887.5,1466.25,1466.25,4887.5,4887.5,19550,977.5,1466.25,4887.5
117925,Livezeni,490.5,490.5,1635.0,1635.0,6540,327.0,490.5,1635.0,490.5,490.5,1635.0,1635.0,6540,327.0,490.5,1635.0
117998,Lunca,373.95,373.95,1246.5,1246.5,4986,249.3,373.95,1246.5,373.95,373.95,1246.5,1246.5,4986,249.3,373.95,1246.5
118058,Lunca Bradului,311.4,311.4,1038.0,1038.0,4152,207.6,311.4,1038.0,311.4,311.4,1038.0,1038.0,4152,207.6,311.4,1038.0
118094,Magherani,203.55,203.55,678.5,678.5,2714,135.7,203.55,678.5,203.55,203.55,678.5,678.5,2714,135.7,203.55,678.5
118209,Mica,716.1,716.1,2387.0,2387.0,9548,477.4,716.1,2387.0,716.1,716.1,2387.0,2387.0,9548,477.4,716.1,2387.0
118281,Oras Miercurea Nirajului,915.9,915.9,3053.0,3053.0,12212,610.6,915.9,3053.0,915.9,915.9,3053.0,3053.0,12212,610.6,915.9,3053.0
118370,Mihesu De Campie,375.15,375.15,1250.5,1250.5,5002,250.1,375.15,1250.5,375.15,375.15,1250.5,1250.5,5002,250.1,375.15,1250.5
118469,Nades,449.55,449.55,1498.5,1498.5,5994,299.7,449.55,1498.5,449.55,449.55,1498.5,1498.5,5994,299.7,449.55,1498.5
118511,Neaua,212.4,212.4,708.0,708.0,2832,141.6,212.4,708.0,212.4,212.4,708.0,708.0,2832,141.6,212.4,708.0
118575,Ogra,394.5,394.5,1315.0,1315.0,5260,263.0,394.5,1315.0,394.5,394.5,1315.0,1315.0,5260,263.0,394.5,1315.0
118637,Papiu Ilarian,134.1,134.1,447.0,447.0,1788,89.4,134.1,447.0,134.1,134.1,447.0,447.0,1788,89.4,134.1,447.0
118691,Panet,917.1,917.1,3057.0,3057.0,12228,611.4,917.1,3057.0,917.1,917.1,3057.0,3057.0,12228,611.4,917.1,3057.0
118753,Pasareni,268.05,268.05,893.5,893.5,3574,178.7,268.05,893.5,268.05,268.05,893.5,893.5,3574,178.7,268.05,893.5
118799,Petelea,456.15,456.15,1520.5,1520.5,6082,304.1,456.15,1520.5,456.15,456.15,1520.5,1520.5,6082,304.1,456.15,1520.5
118824,Pogaceaua,303.6,303.6,1012.0,1012.0,4048,202.4,303.6,1012.0,303.6,303.6,1012.0,1012.0,4048,202.4,303.6,1012.0
118931,Rastolita,276.9,276.9,923.0,923.0,3692,184.6,276.9,923.0,276.9,276.9,923.0,923.0,3692,184.6,276.9,923.0
118995,Raciu,547.8,547.8,1826.0,1826.0,7304,365.2,547.8,1826.0,547.8,547.8,1826.0,1826.0,7304,365.2,547.8,1826.0
119153,Rusii-Munti,328.65,328.65,1095.5,1095.5,4382,219.1,328.65,1095.5,328.65,328.65,1095.5,1095.5,4382,219.1,328.65,1095.5
119206,Saschiz,342.0,342.0,1140.0,1140.0,4560,228.0,342.0,1140.0,342.0,342.0,1140.0,1140.0,4560,228.0,342.0,1140.0
119242,Oras Sarmasu,1077.6,1077.6,3592.0,3592.0,14368,718.4,1077.6,3592.0,1077.6,1077.6,3592.0,3592.0,14368,718.4,1077.6,3592.0
119331,Oras Sangeorgiu De Padure,820.95,820.95,2736.5,2736.5,10946,547.3,820.95,2736.5,820.95,820.95,2736.5,2736.5,10946,547.3,820.95,2736.5
119386,Sanger,366.45,366.45,1221.5,1221.5,4886,244.3,366.45,1221.5,366.45,366.45,1221.5,1221.5,4886,244.3,366.45,1221.5
119466,Sanpaul,661.95,661.95,2206.5,2206.5,8826,441.3,661.95,2206.5,661.95,661.95,2206.5,2206.5,8826,441.3,661.95,2206.5
119527,Sanpetru De Campie,425.55,425.55,1418.5,1418.5,5674,283.7,425.55,1418.5,425.55,425.55,1418.5,1418.5,5674,283.7,425.55,1418.5
119590,Solovastru,431.55,431.55,1438.5,1438.5,5754,287.7,431.55,1438.5,431.55,431.55,1438.5,1438.5,5754,287.7,431.55,1438.5
119625,Stanceni,220.8,220.8,736.0,736.0,2944,147.2,220.8,736.0,220.8,220.8,736.0,736.0,2944,147.2,220.8,736.0
119661,Suplac,347.4,347.4,1158.0,1158.0,4632,231.6,347.4,1158.0,347.4,347.4,1158.0,1158.0,4632,231.6,347.4,1158.0
119723,Suseni,352.35,352.35,1174.5,1174.5,4698,234.9,352.35,1174.5,352.35,352.35,1174.5,1174.5,4698,234.9,352.35,1174.5
119750,Saulia,309.3,309.3,1031.0,1031.0,4124,206.2,309.3,1031.0,309.3,309.3,1031.0,1031.0,4124,206.2,309.3,1031.0
119803,Sincai,242.85,242.85,809.5,809.5,3238,161.9,242.85,809.5,242.85,242.85,809.5,809.5,3238,161.9,242.85,809.5
119858,Taureni,147.9,147.9,493.0,493.0,1972,98.6,147.9,493.0,147.9,147.9,493.0,493.0,1972,98.6,147.9,493.0
119894,Oras Ungheni,1130.1,1130.1,3767.0,3767.0,15068,753.4,1130.1,3767.0,1130.1,1130.1,3767.0,3767.0,15068,753.4,1130.1,3767.0
119974,Valea Larga,459.3,459.3,1531.0,1531.0,6124,306.2,459.3,1531.0,459.3,459.3,1531.0,1531.0,6124,306.2,459.3,1531.0
120076,Vargata,292.95,292.95,976.5,976.5,3906,195.3,292.95,976.5,292.95,292.95,976.5,976.5,3906,195.3,292.95,976.5
120138,Vatava,297.75,297.75,992.5,992.5,3970,198.5,297.75,992.5,297.75,297.75,992.5,992.5,3970,198.5,297.75,992.5
120174,Vetca,118.5,118.5,395.0,395.0,1580,79.0,118.5,395.0,118.5,118.5,395.0,395.0,1580,79.0,118.5,395.0
120218,Viisoara,282.9,282.9,943.0,943.0,3772,188.6,282.9,943.0,282.9,282.9,943.0,943.0,3772,188.6,282.9,943.0
120254,Vanatori,650.4,650.4,2168.0,2168.0,8672,433.6,650.4,2168.0,650.4,650.4,2168.0,2168.0,8672,433.6,650.4,2168.0
120316,Voivodeni,270.3,270.3,901.0,901.0,3604,180.2,270.3,901.0,270.3,270.3,901.0,901.0,3604,180.2,270.3,901.0
120343,Zagar,195.6,195.6,652.0,652.0,2608,130.4,195.6,652.0,195.6,195.6,652.0,652.0,2608,130.4,195.6,652.0
120370,Zau De Campie,500.1,500.1,1667.0,1667.0,6668,333.4,500.1,1667.0,500.1,500.1,1667.0,1667.0,6668,333.4,500.1,1667.0
120478,Chibed,265.65,265.65,885.5,885.5,3542,177.1,265.65,885.5,265.65,265.65,885.5,885.5,3542,177.1,265.65,885.5
120487,Corunca,455.7,455.7,1519.0,1519.0,6076,303.8,455.7,1519.0,455.7,455.7,1519.0,1519.0,6076,303.8,455.7,1519.0
120496,Sarateni,222.6,222.6,742.0,742.0,2968,148.4,222.6,742.0,222.6,222.6,742.0,742.0,2968,148.4,222.6,742.0
120502,Madaras,246.15,246.15,820.5,820.5,3282,164.1,246.15,820.5,246.15,246.15,820.5,820.5,3282,164.1,246.15,820.5
120511,Bereni,187.2,187.2,624.0,624.0,2496,124.8,187.2,624.0,187.2,187.2,624.0,624.0,2496,124.8,187.2,624.0
120726,Municipiul Piatra-Neamt,17305.35,17305.35,57684.5,57684.5,230738,11536.9,17305.35,57684.5,17305.35,17305.35,57684.5,57684.5,230738,11536.9,17305.35,57684.5
120771,Dumbrava Rosie,1249.05,1249.05,4163.5,4163.5,16654,832.7,1249.05,4163.5,1249.05,1249.05,4163.5,4163.5,16654,832.7,1249.05,4163.5
120824,Savinesti,1016.7,1016.7,3389.0,3389.0,13556,677.8,1016.7,3389.0,1016.7,1016.7,3389.0,3389.0,13556,677.8,1016.7,3389.0
120860,Municipiul Roman,10612.05,10612.05,35373.5,35373.5,141494,7074.7,10612.05,35373.5,10612.05,10612.05,35373.5,35373.5,141494,7074.7,10612.05,35373.5
120888,Cordun,1189.95,1189.95,3966.5,3966.5,15866,793.3,1189.95,3966.5,1189.95,1189.95,3966.5,3966.5,15866,793.3,1189.95,3966.5
120922,Horia,1103.7,1103.7,3679.0,3679.0,14716,735.8,1103.7,3679.0,1103.7,1103.7,3679.0,3679.0,14716,735.8,1103.7,3679.0
120968,Oras Bicaz,1294.5,1294.5,4315.0,4315.0,17260,863.0,1294.5,4315.0,1294.5,1294.5,4315.0,4315.0,17260,863.0,1294.5,4315.0
121055,Oras Targu Neamt,3308.7,3308.7,11029.0,11029.0,44116,2205.8,3308.7,11029.0,3308.7,3308.7,11029.0,11029.0,44116,2205.8,3308.7,11029.0
121108,Agapia,646.65,646.65,2155.5,2155.5,8622,431.1,646.65,2155.5,646.65,646.65,2155.5,2155.5,8622,431.1,646.65,2155.5
121153,Bahna,529.35,529.35,1764.5,1764.5,7058,352.9,529.35,1764.5,529.35,529.35,1764.5,1764.5,7058,352.9,529.35,1764.5
121242,Baltatesti,638.1,638.1,2127.0,2127.0,8508,425.4,638.1,2127.0,638.1,638.1,2127.0,2127.0,8508,425.4,638.1,2127.0
121297,Bicaz-Chei,699.6,699.6,2332.0,2332.0,9328,466.4,699.6,2332.0,699.6,699.6,2332.0,2332.0,9328,466.4,699.6,2332.0
121340,Bicazu Ardelean,582.15,582.15,1940.5,1940.5,7762,388.1,582.15,1940.5,582.15,582.15,1940.5,1940.5,7762,388.1,582.15,1940.5
121386,Bira,301.65,301.65,1005.5,1005.5,4022,201.1,301.65,1005.5,301.65,301.65,1005.5,1005.5,4022,201.1,301.65,1005.5
121466,Bargauani,576.0,576.0,1920.0,1920.0,7680,384.0,576.0,1920.0,576.0,576.0,1920.0,1920.0,7680,384.0,576.0,1920.0
121607,Bodesti,718.05,718.05,2393.5,2393.5,9574,478.7,718.05,2393.5,718.05,718.05,2393.5,2393.5,9574,478.7,718.05,2393.5
121652,Borca,999.6,999.6,3332.0,3332.0,13328,666.4,999.6,3332.0,999.6,999.6,3332.0,3332.0,13328,666.4,999.6,3332.0
121732,Borlesti,1433.4,1433.4,4778.0,4778.0,19112,955.6,1433.4,4778.0,1433.4,1433.4,4778.0,4778.0,19112,955.6,1433.4,4778.0
121796,Botesti,777.15,777.15,2590.5,2590.5,10362,518.1,777.15,2590.5,777.15,777.15,2590.5,2590.5,10362,518.1,777.15,2590.5
121876,Bozieni,447.3,447.3,1491.0,1491.0,5964,298.2,447.3,1491.0,447.3,447.3,1491.0,1491.0,5964,298.2,447.3,1491.0
121938,Brusturi,604.2,604.2,2014.0,2014.0,8056,402.8,604.2,2014.0,604.2,604.2,2014.0,2014.0,8056,402.8,604.2,2014.0
122025,Ceahlau,369.0,369.0,1230.0,1230.0,4920,246.0,369.0,1230.0,369.0,369.0,1230.0,1230.0,4920,246.0,369.0,1230.0
122061,Candesti,639.9,639.9,2133.0,2133.0,8532,426.6,639.9,2133.0,639.9,639.9,2133.0,2133.0,8532,426.6,639.9,2133.0
122132,Costisa,530.1,530.1,1767.0,1767.0,7068,353.4,530.1,1767.0,530.1,530.1,1767.0,1767.0,7068,353.4,530.1,1767.0
122187,Cracaoani,663.45,663.45,2211.5,2211.5,8846,442.3,663.45,2211.5,663.45,663.45,2211.5,2211.5,8846,442.3,663.45,2211.5
122249,Damuc,460.35,460.35,1534.5,1534.5,6138,306.9,460.35,1534.5,460.35,460.35,1534.5,1534.5,6138,306.9,460.35,1534.5
122285,Dobreni,271.05,271.05,903.5,903.5,3614,180.7,271.05,903.5,271.05,271.05,903.5,903.5,3614,180.7,271.05,903.5
122347,Doljesti,1147.5,1147.5,3825.0,3825.0,15300,765.0,1147.5,3825.0,1147.5,1147.5,3825.0,3825.0,15300,765.0,1147.5,3825.0
122392,Dragomiresti,336.9,336.9,1123.0,1123.0,4492,224.6,336.9,1123.0,336.9,336.9,1123.0,1123.0,4492,224.6,336.9,1123.0
122463,Dulcesti,395.1,395.1,1317.0,1317.0,5268,263.4,395.1,1317.0,395.1,395.1,1317.0,1317.0,5268,263.4,395.1,1317.0
122551,Farcasa,483.0,483.0,1610.0,1610.0,6440,322.0,483.0,1610.0,483.0,483.0,1610.0,1610.0,6440,322.0,483.0,1610.0
122613,Faurei,329.7,329.7,1099.0,1099.0,4396,219.8,329.7,1099.0,329.7,329.7,1099.0,1099.0,4396,219.8,329.7,1099.0
122668,Gheraesti,1012.35,1012.35,3374.5,3374.5,13498,674.9,1012.35,3374.5,1012.35,1012.35,3374.5,3374.5,13498,674.9,1012.35,3374.5
122702,Girov,777.45,777.45,2591.5,2591.5,10366,518.3,777.45,2591.5,777.45,777.45,2591.5,2591.5,10366,518.3,777.45,2591.5
122828,Garcina,741.3,741.3,2471.0,2471.0,9884,494.2,741.3,2471.0,741.3,741.3,2471.0,2471.0,9884,494.2,741.3,2471.0
122864,Grinties,375.3,375.3,1251.0,1251.0,5004,250.2,375.3,1251.0,375.3,375.3,1251.0,1251.0,5004,250.2,375.3,1251.0
122908,Grumazesti,823.2,823.2,2744.0,2744.0,10976,548.8,823.2,2744.0,823.2,823.2,2744.0,2744.0,10976,548.8,823.2,2744.0
122953,Hangu,592.05,592.05,1973.5,1973.5,7894,394.7,592.05,1973.5,592.05,592.05,1973.5,1973.5,7894,394.7,592.05,1973.5
123013,Icusesti,727.05,727.05,2423.5,2423.5,9694,484.7,727.05,2423.5,727.05,727.05,2423.5,2423.5,9694,484.7,727.05,2423.5
123102,Ion Creanga,868.95,868.95,2896.5,2896.5,11586,579.3,868.95,2896.5,868.95,868.95,2896.5,2896.5,11586,579.3,868.95,2896.5
123175,Margineni,582.15,582.15,1940.5,1940.5,7762,388.1,582.15,1940.5,582.15,582.15,1940.5,1940.5,7762,388.1,582.15,1940.5
123228,Moldoveni,325.95,325.95,1086.5,1086.5,4346,217.3,325.95,1086.5,325.95,325.95,1086.5,1086.5,4346,217.3,325.95,1086.5
123255,Oniceni,559.5,559.5,1865.0,1865.0,7460,373.0,559.5,1865.0,559.5,559.5,1865.0,1865.0,7460,373.0,559.5,1865.0
123371,Pastraveni,611.4,611.4,2038.0,2038.0,8152,407.6,611.4,2038.0,611.4,611.4,2038.0,2038.0,8152,407.6,611.4,2038.0
123424,Petricani,918.0,918.0,3060.0,3060.0,12240,612.0,918.0,3060.0,918.0,918.0,3060.0,3060.0,12240,612.0,918.0,3060.0
123479,Piatra Soimului,1294.65,1294.65,4315.5,4315.5,17262,863.1,1294.65,4315.5,1294.65,1294.65,4315.5,4315.5,17262,863.1,1294.65,4315.5
123521,Pipirig,1358.1,1358.1,4527.0,4527.0,18108,905.4,1358.1,4527.0,1358.1,1358.1,4527.0,4527.0,18108,905.4,1358.1,4527.0
123601,Pangarati,825.6,825.6,2752.0,2752.0,11008,550.4,825.6,2752.0,825.6,825.6,2752.0,2752.0,11008,550.4,825.6,2752.0
123674,Podoleni,868.05,868.05,2893.5,2893.5,11574,578.7,868.05,2893.5,868.05,868.05,2893.5,2893.5,11574,578.7,868.05,2893.5
123709,Poienari,245.85,245.85,819.5,819.5,3278,163.9,245.85,819.5,245.85,245.85,819.5,819.5,3278,163.9,245.85,819.5
123790,Poiana Teiului,744.3,744.3,2481.0,2481.0,9924,496.2,744.3,2481.0,744.3,744.3,2481.0,2481.0,9924,496.2,744.3,2481.0
123914,Raucesti,1290.3,1290.3,4301.0,4301.0,17204,860.2,1290.3,4301.0,1290.3,1290.3,4301.0,4301.0,17204,860.2,1290.3,4301.0
123969,Razboieni,345.45,345.45,1151.5,1151.5,4606,230.3,345.45,1151.5,345.45,345.45,1151.5,1151.5,4606,230.3,345.45,1151.5
124028,Rediu,815.55,815.55,2718.5,2718.5,10874,543.7,815.55,2718.5,815.55,815.55,2718.5,2718.5,10874,543.7,815.55,2718.5
124073,Romani,645.9,645.9,2153.0,2153.0,8612,430.6,645.9,2153.0,645.9,645.9,2153.0,2153.0,8612,430.6,645.9,2153.0
124117,Oras Roznov,1549.05,1549.05,5163.5,5163.5,20654,1032.7,1549.05,5163.5,1549.05,1549.05,5163.5,5163.5,20654,1032.7,1549.05,5163.5
124153,Sagna,800.4,800.4,2668.0,2668.0,10672,533.6,800.4,2668.0,800.4,800.4,2668.0,2668.0,10672,533.6,800.4,2668.0
124206,Sabaoani,1785.3,1785.3,5951.0,5951.0,23804,1190.2,1785.3,5951.0,1785.3,1785.3,5951.0,5951.0,23804,1190.2,1785.3,5951.0
124233,Secuieni,486.3,486.3,1621.0,1621.0,6484,324.2,486.3,1621.0,486.3,486.3,1621.0,1621.0,6484,324.2,486.3,1621.0
124331,Stanita,328.65,328.65,1095.5,1095.5,4382,219.1,328.65,1095.5,328.65,328.65,1095.5,1095.5,4382,219.1,328.65,1095.5
124411,Stefan Cel Mare,469.05,469.05,1563.5,1563.5,6254,312.7,469.05,1563.5,469.05,469.05,1563.5,1563.5,6254,312.7,469.05,1563.5
124493,Tarcau,523.95,523.95,1746.5,1746.5,6986,349.3,523.95,1746.5,523.95,523.95,1746.5,1746.5,6986,349.3,523.95,1746.5
124563,Tasca,393.3,393.3,1311.0,1311.0,5244,262.2,393.3,1311.0,393.3,393.3,1311.0,1311.0,5244,262.2,393.3,1311.0
124616,Tazlau,421.8,421.8,1406.0,1406.0,5624,281.2,421.8,1406.0,421.8,421.8,1406.0,1406.0,5624,281.2,421.8,1406.0
124634,Tamaseni,1489.2,1489.2,4964.0,4964.0,19856,992.8,1489.2,4964.0,1489.2,1489.2,4964.0,4964.0,19856,992.8,1489.2,4964.0
124661,Timisesti,615.6,615.6,2052.0,2052.0,8208,410.4,615.6,2052.0,615.6,615.6,2052.0,2052.0,8208,410.4,615.6,2052.0
124723,Trifesti,759.45,759.45,2531.5,2531.5,10126,506.3,759.45,2531.5,759.45,759.45,2531.5,2531.5,10126,506.3,759.45,2531.5
124750,Tupilati,329.25,329.25,1097.5,1097.5,4390,219.5,329.25,1097.5,329.25,329.25,1097.5,1097.5,4390,219.5,329.25,1097.5
124803,Tibucani,618.6,618.6,2062.0,2062.0,8248,412.4,618.6,2062.0,618.6,618.6,2062.0,2062.0,8248,412.4,618.6,2062.0
124849,Urecheni,622.5,622.5,2075.0,2075.0,8300,415.0,622.5,2075.0,622.5,622.5,2075.0,2075.0,8300,415.0,622.5,2075.0
124885,Valea Ursului,642.3,642.3,2141.0,2141.0,8564,428.2,642.3,2141.0,642.3,642.3,2141.0,2141.0,8564,428.2,642.3,2141.0
124938,Alexandru Cel Bun,906.0,906.0,3020.0,3020.0,12080,604.0,906.0,3020.0,906.0,906.0,3020.0,3020.0,12080,604.0,906.0,3020.0
125016,Vanatori-Neamt,1308.6,1308.6,4362.0,4362.0,17448,872.4,1308.6,4362.0,1308.6,1308.6,4362.0,4362.0,17448,872.4,1308.6,4362.0
125061,Zanesti,921.45,921.45,3071.5,3071.5,12286,614.3,921.45,3071.5,921.45,921.45,3071.5,3071.5,12286,614.3,921.45,3071.5
125098,Dochia,383.55,383.55,1278.5,1278.5,5114,255.7,383.55,1278.5,383.55,383.55,1278.5,1278.5,5114,255.7,383.55,1278.5
125105,Ruginoasa,287.4,287.4,958.0,958.0,3832,191.6,287.4,958.0,287.4,287.4,958.0,958.0,3832,191.6,287.4,958.0
125114,Ghindaoani,309.0,309.0,1030.0,1030.0,4120,206.0,309.0,1030.0,309.0,309.0,1030.0,1030.0,4120,206.0,309.0,1030.0
125123,Valeni,230.55,230.55,768.5,768.5,3074,153.7,230.55,768.5,230.55,230.55,768.5,768.5,3074,153.7,230.55,768.5
125132,Draganesti,233.55,233.55,778.5,778.5,3114,155.7,233.55,778.5,233.55,233.55,778.5,778.5,3114,155.7,233.55,778.5
125141,Pancesti,231.0,231.0,770.0,770.0,3080,154.0,231.0,770.0,231.0,231.0,770.0,770.0,3080,154.0,231.0,770.0
125150,Gadinti,373.05,373.05,1243.5,1243.5,4974,248.7,373.05,1243.5,373.05,373.05,1243.5,1243.5,4974,248.7,373.05,1243.5
125169,Negresti,278.85,278.85,929.5,929.5,3718,185.9,278.85,929.5,278.85,278.85,929.5,929.5,3718,185.9,278.85,929.5
125178,Boghicea,395.7,395.7,1319.0,1319.0,5276,263.8,395.7,1319.0,395.7,395.7,1319.0,1319.0,5276,263.8,395.7,1319.0
125347,Municipiul Slatina,12688.95,12688.95,42296.5,42296.5,169186,8459.3,12688.95,42296.5,12688.95,12688.95,42296.5,42296.5,169186,8459.3,12688.95,42296.5
125374,Slatioara,364.95,364.95,1216.5,1216.5,4866,243.3,364.95,1216.5,364.95,364.95,1216.5,1216.5,4866,243.3,364.95,1216.5
125418,Oras Bals,3177.9,3177.9,10593.0,10593.0,42372,2118.6,3177.9,10593.0,3177.9,3177.9,10593.0,10593.0,42372,2118.6,3177.9,10593.0
125472,Municipiul Caracal,5284.8,5284.8,17616.0,17616.0,70464,3523.2,5284.8,17616.0,5284.8,5284.8,17616.0,17616.0,70464,3523.2,5284.8,17616.0
125490,Draghiceni,267.45,267.45,891.5,891.5,3566,178.3,267.45,891.5,267.45,267.45,891.5,891.5,3566,178.3,267.45,891.5
125542,Oras Corabia,2739.6,2739.6,9132.0,9132.0,36528,1826.4,2739.6,9132.0,2739.6,2739.6,9132.0,9132.0,36528,1826.4,2739.6,9132.0
125588,Garcov,355.65,355.65,1185.5,1185.5,4742,237.1,355.65,1185.5,355.65,355.65,1185.5,1185.5,4742,237.1,355.65,1185.5
125622,Oras Draganesti-Olt,1803.9,1803.9,6013.0,6013.0,24052,1202.6,1803.9,6013.0,1803.9,1803.9,6013.0,6013.0,24052,1202.6,1803.9,6013.0
125659,Babiciu,313.65,313.65,1045.5,1045.5,4182,209.1,313.65,1045.5,313.65,313.65,1045.5,1045.5,4182,209.1,313.65,1045.5
125677,Baldovinesti,160.35,160.35,534.5,534.5,2138,106.9,160.35,534.5,160.35,160.35,534.5,534.5,2138,106.9,160.35,534.5
125757,Barasti,206.85,206.85,689.5,689.5,2758,137.9,206.85,689.5,206.85,206.85,689.5,689.5,2758,137.9,206.85,689.5
125846,Barza,394.5,394.5,1315.0,1315.0,5260,263.0,394.5,1315.0,394.5,394.5,1315.0,1315.0,5260,263.0,394.5,1315.0
125873,Bobicesti,457.2,457.2,1524.0,1524.0,6096,304.8,457.2,1524.0,457.2,457.2,1524.0,1524.0,6096,304.8,457.2,1524.0
125962,Brastavatu,672.6,672.6,2242.0,2242.0,8968,448.4,672.6,2242.0,672.6,672.6,2242.0,2242.0,8968,448.4,672.6,2242.0
125999,Brebeni,400.95,400.95,1336.5,1336.5,5346,267.3,400.95,1336.5,400.95,400.95,1336.5,1336.5,5346,267.3,400.95,1336.5
126022,Brancoveni,395.1,395.1,1317.0,1317.0,5268,263.4,395.1,1317.0,395.1,395.1,1317.0,1317.0,5268,263.4,395.1,1317.0
126077,Bucinisu,296.1,296.1,987.0,987.0,3948,197.4,296.1,987.0,296.1,296.1,987.0,987.0,3948,197.4,296.1,987.0
126102,Cezieni,255.6,255.6,852.0,852.0,3408,170.4,255.6,852.0,255.6,255.6,852.0,852.0,3408,170.4,255.6,852.0
126148,Cilieni,484.95,484.95,1616.5,1616.5,6466,323.3,484.95,1616.5,484.95,484.95,1616.5,1616.5,6466,323.3,484.95,1616.5
126166,Carlogani,352.2,352.2,1174.0,1174.0,4696,234.8,352.2,1174.0,352.2,352.2,1174.0,1174.0,4696,234.8,352.2,1174.0
126228,Colonesti,250.2,250.2,834.0,834.0,3336,166.8,250.2,834.0,250.2,250.2,834.0,834.0,3336,166.8,250.2,834.0
126326,Corbu,342.75,342.75,1142.5,1142.5,4570,228.5,342.75,1142.5,342.75,342.75,1142.5,1142.5,4570,228.5,342.75,1142.5
126380,Coteana,336.9,336.9,1123.0,1123.0,4492,224.6,336.9,1123.0,336.9,336.9,1123.0,1123.0,4492,224.6,336.9,1123.0
126406,Crampoia,540.0,540.0,1800.0,1800.0,7200,360.0,540.0,1800.0,540.0,540.0,1800.0,1800.0,7200,360.0,540.0,1800.0
126433,Curtisoara,646.35,646.35,2154.5,2154.5,8618,430.9,646.35,2154.5,646.35,646.35,2154.5,2154.5,8618,430.9,646.35,2154.5
126503,Cungrea,294.75,294.75,982.5,982.5,3930,196.5,294.75,982.5,294.75,294.75,982.5,982.5,3930,196.5,294.75,982.5
126585,Daneasa,549.9,549.9,1833.0,1833.0,7332,366.6,549.9,1833.0,549.9,549.9,1833.0,1833.0,7332,366.6,549.9,1833.0
126647,Deveselu,481.8,481.8,1606.0,1606.0,6424,321.2,481.8,1606.0,481.8,481.8,1606.0,1606.0,6424,321.2,481.8,1606.0
126674,Dobretu,187.8,187.8,626.0,626.0,2504,125.2,187.8,626.0,187.8,187.8,626.0,626.0,2504,125.2,187.8,626.0
126718,Dobrosloveni,563.55,563.55,1878.5,1878.5,7514,375.7,563.55,1878.5,563.55,563.55,1878.5,1878.5,7514,375.7,563.55,1878.5
126772,Dobroteasa,241.2,241.2,804.0,804.0,3216,160.8,241.2,804.0,241.2,241.2,804.0,804.0,3216,160.8,241.2,804.0
126825,Dobrun,224.25,224.25,747.5,747.5,2990,149.5,224.25,747.5,224.25,224.25,747.5,747.5,2990,149.5,224.25,747.5
126905,Fagetelu,129.45,129.45,431.5,431.5,1726,86.3,129.45,431.5,129.45,129.45,431.5,431.5,1726,86.3,129.45,431.5
126978,Falcoiu,573.45,573.45,1911.5,1911.5,7646,382.3,573.45,1911.5,573.45,573.45,1911.5,1911.5,7646,382.3,573.45,1911.5
127019,Farcasele,723.9,723.9,2413.0,2413.0,9652,482.6,723.9,2413.0,723.9,723.9,2413.0,2413.0,9652,482.6,723.9,2413.0
127064,Ganeasa,538.5,538.5,1795.0,1795.0,7180,359.0,538.5,1795.0,538.5,538.5,1795.0,1795.0,7180,359.0,538.5,1795.0
127126,Giuvarasti,344.25,344.25,1147.5,1147.5,4590,229.5,344.25,1147.5,344.25,344.25,1147.5,1147.5,4590,229.5,344.25,1147.5
127144,Gostavatu,429.75,429.75,1432.5,1432.5,5730,286.5,429.75,1432.5,429.75,429.75,1432.5,1432.5,5730,286.5,429.75,1432.5
127171,Gradinari,369.45,369.45,1231.5,1231.5,4926,246.3,369.45,1231.5,369.45,369.45,1231.5,1231.5,4926,246.3,369.45,1231.5
127224,Grojdibodu,420.6,420.6,1402.0,1402.0,5608,280.4,420.6,1402.0,420.6,420.6,1402.0,1402.0,5608,280.4,420.6,1402.0
127251,Ianca,553.95,553.95,1846.5,1846.5,7386,369.3,553.95,1846.5,553.95,553.95,1846.5,1846.5,7386,369.3,553.95,1846.5
127288,Iancu Jianu,651.3,651.3,2171.0,2171.0,8684,434.2,651.3,2171.0,651.3,651.3,2171.0,2171.0,8684,434.2,651.3,2171.0
127322,Icoana,273.15,273.15,910.5,910.5,3642,182.1,273.15,910.5,273.15,273.15,910.5,910.5,3642,182.1,273.15,910.5
127368,Izbiceni,696.15,696.15,2320.5,2320.5,9282,464.1,696.15,2320.5,696.15,696.15,2320.5,2320.5,9282,464.1,696.15,2320.5
127386,Izvoarele,536.85,536.85,1789.5,1789.5,7158,357.9,536.85,1789.5,536.85,536.85,1789.5,1789.5,7158,357.9,536.85,1789.5
127411,Leleasca,210.9,210.9,703.0,703.0,2812,140.6,210.9,703.0,210.9,210.9,703.0,703.0,2812,140.6,210.9,703.0
127493,Maruntei,601.05,601.05,2003.5,2003.5,8014,400.7,601.05,2003.5,601.05,601.05,2003.5,2003.5,8014,400.7,601.05,2003.5
127536,Mihaesti,228.45,228.45,761.5,761.5,3046,152.3,228.45,761.5,228.45,228.45,761.5,761.5,3046,152.3,228.45,761.5
127563,Milcov,220.65,220.65,735.5,735.5,2942,147.1,220.65,735.5,220.65,220.65,735.5,735.5,2942,147.1,220.65,735.5
127625,Morunglav,367.65,367.65,1225.5,1225.5,4902,245.1,367.65,1225.5,367.65,367.65,1225.5,1225.5,4902,245.1,367.65,1225.5
127689,Movileni,514.5,514.5,1715.0,1715.0,6860,343.0,514.5,1715.0,514.5,514.5,1715.0,1715.0,6860,343.0,514.5,1715.0
127714,Nicolae Titulescu,189.15,189.15,630.5,630.5,2522,126.1,189.15,630.5,189.15,189.15,630.5,630.5,2522,126.1,189.15,630.5
127750,Obarsia,394.8,394.8,1316.0,1316.0,5264,263.2,394.8,1316.0,394.8,394.8,1316.0,1316.0,5264,263.2,394.8,1316.0
127812,Oboga,253.5,253.5,845.0,845.0,3380,169.0,253.5,845.0,253.5,253.5,845.0,845.0,3380,169.0,253.5,845.0
127858,Oporelu,163.05,163.05,543.5,543.5,2174,108.7,163.05,543.5,163.05,163.05,543.5,543.5,2174,108.7,163.05,543.5
127901,Optasi-Magura,181.5,181.5,605.0,605.0,2420,121.0,181.5,605.0,181.5,181.5,605.0,605.0,2420,121.0,181.5,605.0
127938,Orlea,337.05,337.05,1123.5,1123.5,4494,224.7,337.05,1123.5,337.05,337.05,1123.5,1123.5,4494,224.7,337.05,1123.5
127983,Osica De Sus,721.95,721.95,2406.5,2406.5,9626,481.3,721.95,2406.5,721.95,721.95,2406.5,2406.5,9626,481.3,721.95,2406.5
128052,Perieti,307.5,307.5,1025.0,1025.0,4100,205.0,307.5,1025.0,307.5,307.5,1025.0,1025.0,4100,205.0,307.5,1025.0
128105,Oras Piatra-Olt,987.15,987.15,3290.5,3290.5,13162,658.1,987.15,3290.5,987.15,987.15,3290.5,3290.5,13162,658.1,987.15,3290.5
128178,Parscoveni,451.35,451.35,1504.5,1504.5,6018,300.9,451.35,1504.5,451.35,451.35,1504.5,1504.5,6018,300.9,451.35,1504.5
128221,Plesoiu,427.8,427.8,1426.0,1426.0,5704,285.2,427.8,1426.0,427.8,427.8,1426.0,1426.0,5704,285.2,427.8,1426.0
128301,Poboru,296.55,296.55,988.5,988.5,3954,197.7,296.55,988.5,296.55,296.55,988.5,988.5,3954,197.7,296.55,988.5
128374,Oras Potcoava,877.35,877.35,2924.5,2924.5,11698,584.9,877.35,2924.5,877.35,877.35,2924.5,2924.5,11698,584.9,877.35,2924.5
128436,Priseaca,242.25,242.25,807.5,807.5,3230,161.5,242.25,807.5,242.25,242.25,807.5,807.5,3230,161.5,242.25,807.5
128472,Radomiresti,486.0,486.0,1620.0,1620.0,6480,324.0,486.0,1620.0,486.0,486.0,1620.0,1620.0,6480,324.0,486.0,1620.0
128524,Redea,420.15,420.15,1400.5,1400.5,5602,280.1,420.15,1400.5,420.15,420.15,1400.5,1400.5,5602,280.1,420.15,1400.5
128560,Rotunda,411.75,411.75,1372.5,1372.5,5490,274.5,411.75,1372.5,411.75,411.75,1372.5,1372.5,5490,274.5,411.75,1372.5
128588,Rusanesti,642.45,642.45,2141.5,2141.5,8566,428.3,642.45,2141.5,642.45,642.45,2141.5,2141.5,8566,428.3,642.45,2141.5
128613,Scarisoara,471.3,471.3,1571.0,1571.0,6284,314.2,471.3,1571.0,471.3,471.3,1571.0,1571.0,6284,314.2,471.3,1571.0
128659,Schitu,395.7,395.7,1319.0,1319.0,5276,263.8,395.7,1319.0,395.7,395.7,1319.0,1319.0,5276,263.8,395.7,1319.0
128711,Oras Scornicesti,1810.5,1810.5,6035.0,6035.0,24140,1207.0,1810.5,6035.0,1810.5,1810.5,6035.0,6035.0,24140,1207.0,1810.5,6035.0
128864,Seaca,282.45,282.45,941.5,941.5,3766,188.3,282.45,941.5,282.45,282.45,941.5,941.5,3766,188.3,282.45,941.5
128882,Samburesti,156.15,156.15,520.5,520.5,2082,104.1,156.15,520.5,156.15,156.15,520.5,520.5,2082,104.1,156.15,520.5
128962,Spineni,248.25,248.25,827.5,827.5,3310,165.5,248.25,827.5,248.25,248.25,827.5,827.5,3310,165.5,248.25,827.5
129040,Sprancenata,371.25,371.25,1237.5,1237.5,4950,247.5,371.25,1237.5,371.25,371.25,1237.5,1237.5,4950,247.5,371.25,1237.5
129095,Stoenesti,347.7,347.7,1159.0,1159.0,4636,231.8,347.7,1159.0,347.7,347.7,1159.0,1159.0,4636,231.8,347.7,1159.0
129111,Stoicanesti,407.4,407.4,1358.0,1358.0,5432,271.6,407.4,1358.0,407.4,407.4,1358.0,1358.0,5432,271.6,407.4,1358.0
129139,Strejesti,453.75,453.75,1512.5,1512.5,6050,302.5,453.75,1512.5,453.75,453.75,1512.5,1512.5,6050,302.5,453.75,1512.5
129184,Studina,404.55,404.55,1348.5,1348.5,5394,269.7,404.55,1348.5,404.55,404.55,1348.5,1348.5,5394,269.7,404.55,1348.5
129246,Serbanesti,428.7,428.7,1429.0,1429.0,5716,285.8,428.7,1429.0,428.7,428.7,1429.0,1429.0,5716,285.8,428.7,1429.0
129282,Stefan Cel Mare,265.5,265.5,885.0,885.0,3540,177.0,265.5,885.0,265.5,265.5,885.0,885.0,3540,177.0,265.5,885.0
129317,Tatulesti,130.35,130.35,434.5,434.5,1738,86.9,130.35,434.5,130.35,130.35,434.5,434.5,1738,86.9,130.35,434.5
129380,Teslui,369.6,369.6,1232.0,1232.0,4928,246.4,369.6,1232.0,369.6,369.6,1232.0,1232.0,4928,246.4,369.6,1232.0
129460,Tia Mare,642.6,642.6,2142.0,2142.0,8568,428.4,642.6,2142.0,642.6,642.6,2142.0,2142.0,8568,428.4,642.6,2142.0
129503,Topana,105.9,105.9,353.0,353.0,1412,70.6,105.9,353.0,105.9,105.9,353.0,353.0,1412,70.6,105.9,353.0
129567,Traian,461.7,461.7,1539.0,1539.0,6156,307.8,461.7,1539.0,461.7,461.7,1539.0,1539.0,6156,307.8,461.7,1539.0
129585,Tufeni,420.0,420.0,1400.0,1400.0,5600,280.0,420.0,1400.0,420.0,420.0,1400.0,1400.0,5600,280.0,420.0,1400.0
129629,Urzica,326.25,326.25,1087.5,1087.5,4350,217.5,326.25,1087.5,326.25,326.25,1087.5,1087.5,4350,217.5,326.25,1087.5
129656,Valea Mare,555.3,555.3,1851.0,1851.0,7404,370.2,555.3,1851.0,555.3,555.3,1851.0,1851.0,7404,370.2,555.3,1851.0
129718,Vadastra,208.8,208.8,696.0,696.0,2784,139.2,208.8,696.0,208.8,208.8,696.0,696.0,2784,139.2,208.8,696.0
129745,Vadastrita,489.75,489.75,1632.5,1632.5,6530,326.5,489.75,1632.5,489.75,489.75,1632.5,1632.5,6530,326.5,489.75,1632.5
129763,Valeni,407.1,407.1,1357.0,1357.0,5428,271.4,407.1,1357.0,407.1,407.1,1357.0,1357.0,5428,271.4,407.1,1357.0
129816,Verguleasa,418.05,418.05,1393.5,1393.5,5574,278.7,418.05,1393.5,418.05,418.05,1393.5,1393.5,5574,278.7,418.05,1393.5
129898,Visina,429.9,429.9,1433.0,1433.0,5732,286.6,429.9,1433.0,429.9,429.9,1433.0,1433.0,5732,286.6,429.9,1433.0
129914,Vitomiresti,305.25,305.25,1017.5,1017.5,4070,203.5,305.25,1017.5,305.25,305.25,1017.5,1017.5,4070,203.5,305.25,1017.5
129987,Valcele,356.7,356.7,1189.0,1189.0,4756,237.8,356.7,1189.0,356.7,356.7,1189.0,1189.0,4756,237.8,356.7,1189.0
130026,Vladila,312.0,312.0,1040.0,1040.0,4160,208.0,312.0,1040.0,312.0,312.0,1040.0,1040.0,4160,208.0,312.0,1040.0
130062,Voineasa,320.25,320.25,1067.5,1067.5,4270,213.5,320.25,1067.5,320.25,320.25,1067.5,1067.5,4270,213.5,320.25,1067.5
130124,Vulpeni,331.05,331.05,1103.5,1103.5,4414,220.7,331.05,1103.5,331.05,331.05,1103.5,1103.5,4414,220.7,331.05,1103.5
130231,Vulturesti,351.0,351.0,1170.0,1170.0,4680,234.0,351.0,1170.0,351.0,351.0,1170.0,1170.0,4680,234.0,351.0,1170.0
130286,Balteni,242.7,242.7,809.0,809.0,3236,161.8,242.7,809.0,242.7,242.7,809.0,809.0,3236,161.8,242.7,809.0
130295,Calui,231.3,231.3,771.0,771.0,3084,154.2,231.3,771.0,231.3,231.3,771.0,771.0,3084,154.2,231.3,771.0
130302,Gavanesti,287.1,287.1,957.0,957.0,3828,191.4,287.1,957.0,287.1,287.1,957.0,957.0,3828,191.4,287.1,957.0
130311,Ghimpeteni,221.7,221.7,739.0,739.0,2956,147.8,221.7,739.0,221.7,221.7,739.0,739.0,2956,147.8,221.7,739.0
130320,Gradinile,220.05,220.05,733.5,733.5,2934,146.7,220.05,733.5,220.05,220.05,733.5,733.5,2934,146.7,220.05,733.5
130339,Gura Padinii,258.45,258.45,861.5,861.5,3446,172.3,258.45,861.5,258.45,258.45,861.5,861.5,3446,172.3,258.45,861.5
130348,Ipotesti,234.3,234.3,781.0,781.0,3124,156.2,234.3,781.0,234.3,234.3,781.0,781.0,3124,156.2,234.3,781.0
130357,Osica De Jos,233.4,233.4,778.0,778.0,3112,155.6,233.4,778.0,233.4,233.4,778.0,778.0,3112,155.6,233.4,778.0
130366,Sarbii - Magura,284.4,284.4,948.0,948.0,3792,189.6,284.4,948.0,284.4,284.4,948.0,948.0,3792,189.6,284.4,948.0
130375,Visina Noua,259.95,259.95,866.5,866.5,3466,173.3,259.95,866.5,259.95,259.95,866.5,866.5,3466,173.3,259.95,866.5
130384,Soparlita,183.9,183.9,613.0,613.0,2452,122.6,183.9,613.0,183.9,183.9,613.0,613.0,2452,122.6,183.9,613.0
130534,Municipiul Ploiesti,35064.3,35064.3,116881.0,116881.0,467524,23376.2,35064.3,116881.0,35064.3,35064.3,116881.0,116881.0,467524,23376.2,35064.3,116881.0
130552,Barcanesti,1454.55,1454.55,4848.5,4848.5,19394,969.7,1454.55,4848.5,1454.55,1454.55,4848.5,4848.5,19394,969.7,1454.55,4848.5
130614,Berceni,956.7,956.7,3189.0,3189.0,12756,637.8,956.7,3189.0,956.7,956.7,3189.0,3189.0,12756,637.8,956.7,3189.0
130678,Blejoi,1321.8,1321.8,4406.0,4406.0,17624,881.2,1321.8,4406.0,1321.8,1321.8,4406.0,4406.0,17624,881.2,1321.8,4406.0
130712,Brazi,1243.95,1243.95,4146.5,4146.5,16586,829.3,1243.95,4146.5,1243.95,1243.95,4146.5,4146.5,16586,829.3,1243.95,4146.5
130785,Bucov,1683.75,1683.75,5612.5,5612.5,22450,1122.5,1683.75,5612.5,1683.75,1683.75,5612.5,5612.5,22450,1122.5,1683.75,5612.5
130847,Paulesti,911.85,911.85,3039.5,3039.5,12158,607.9,911.85,3039.5,911.85,911.85,3039.5,3039.5,12158,607.9,911.85,3039.5
130892,Targsoru Vechi,1533.3,1533.3,5111.0,5111.0,20444,1022.2,1533.3,5111.0,1533.3,1533.3,5111.0,5111.0,20444,1022.2,1533.3,5111.0
130954,Oras Azuga,727.65,727.65,2425.5,2425.5,9702,485.1,727.65,2425.5,727.65,727.65,2425.5,2425.5,9702,485.1,727.65,2425.5
130981,Oras Baicoi,2861.1,2861.1,9537.0,9537.0,38148,1907.4,2861.1,9537.0,2861.1,2861.1,9537.0,9537.0,38148,1907.4,2861.1,9537.0
131069,Oras Boldesti-Scaeni,1739.1,1739.1,5797.0,5797.0,23188,1159.4,1739.1,5797.0,1739.1,1739.1,5797.0,5797.0,23188,1159.4,1739.1,5797.0
131103,Oras Breaza,2514.9,2514.9,8383.0,8383.0,33532,1676.6,2514.9,8383.0,2514.9,2514.9,8383.0,8383.0,33532,1676.6,2514.9,8383.0
131210,Oras Busteni,1486.05,1486.05,4953.5,4953.5,19814,990.7,1486.05,4953.5,1486.05,1486.05,4953.5,4953.5,19814,990.7,1486.05,4953.5
131256,Municipiul Campina,5636.1,5636.1,18787.0,18787.0,75148,3757.4,5636.1,18787.0,5636.1,5636.1,18787.0,18787.0,75148,3757.4,5636.1,18787.0
131274,Poiana Campina,764.85,764.85,2549.5,2549.5,10198,509.9,764.85,2549.5,764.85,764.85,2549.5,2549.5,10198,509.9,764.85,2549.5
131336,Oras Comarnic,1872.0,1872.0,6240.0,6240.0,24960,1248.0,1872.0,6240.0,1872.0,1872.0,6240.0,6240.0,24960,1248.0,1872.0,6240.0
131407,Oras Mizil,2474.4,2474.4,8248.0,8248.0,32992,1649.6,2474.4,8248.0,2474.4,2474.4,8248.0,8248.0,32992,1649.6,2474.4,8248.0
131443,Oras Plopeni,1362.15,1362.15,4540.5,4540.5,18162,908.1,1362.15,4540.5,1362.15,1362.15,4540.5,4540.5,18162,908.1,1362.15,4540.5
131461,Dumbravesti,555.45,555.45,1851.5,1851.5,7406,370.3,555.45,1851.5,555.45,555.45,1851.5,1851.5,7406,370.3,555.45,1851.5
131540,Oras Sinaia,1731.0,1731.0,5770.0,5770.0,23080,1154.0,1731.0,5770.0,1731.0,1731.0,5770.0,5770.0,23080,1154.0,1731.0,5770.0
131577,Oras Slanic,891.15,891.15,2970.5,2970.5,11882,594.1,891.15,2970.5,891.15,891.15,2970.5,2970.5,11882,594.1,891.15,2970.5
131620,Oras Urlati,1745.1,1745.1,5817.0,5817.0,23268,1163.4,1745.1,5817.0,1745.1,1745.1,5817.0,5817.0,23268,1163.4,1745.1,5817.0
131817,Oras Valenii De Munte,2044.2,2044.2,6814.0,6814.0,27256,1362.8,2044.2,6814.0,2044.2,2044.2,6814.0,6814.0,27256,1362.8,2044.2,6814.0
131835,Gura Vitioarei,912.15,912.15,3040.5,3040.5,12162,608.1,912.15,3040.5,912.15,912.15,3040.5,3040.5,12162,608.1,912.15,3040.5
131899,Adunati,312.3,312.3,1041.0,1041.0,4164,208.2,312.3,1041.0,312.3,312.3,1041.0,1041.0,4164,208.2,312.3,1041.0
131933,Albesti-Paleologu,837.15,837.15,2790.5,2790.5,11162,558.1,837.15,2790.5,837.15,837.15,2790.5,2790.5,11162,558.1,837.15,2790.5
131988,Alunis,509.7,509.7,1699.0,1699.0,6796,339.8,509.7,1699.0,509.7,509.7,1699.0,1699.0,6796,339.8,509.7,1699.0
132011,Apostolache,315.9,315.9,1053.0,1053.0,4212,210.6,315.9,1053.0,315.9,315.9,1053.0,1053.0,4212,210.6,315.9,1053.0
132075,Aricestii Rahtivani,1219.2,1219.2,4064.0,4064.0,16256,812.8,1219.2,4064.0,1219.2,1219.2,4064.0,4064.0,16256,812.8,1219.2,4064.0
132137,Aricestii Zeletin,183.9,183.9,613.0,613.0,2452,122.6,183.9,613.0,183.9,183.9,613.0,613.0,2452,122.6,183.9,613.0
132164,Baba Ana,622.05,622.05,2073.5,2073.5,8294,414.7,622.05,2073.5,622.05,622.05,2073.5,2073.5,8294,414.7,622.05,2073.5
132226,Balta Doamnei,358.95,358.95,1196.5,1196.5,4786,239.3,358.95,1196.5,358.95,358.95,1196.5,1196.5,4786,239.3,358.95,1196.5
132271,Baltesti,568.35,568.35,1894.5,1894.5,7578,378.9,568.35,1894.5,568.35,568.35,1894.5,1894.5,7578,378.9,568.35,1894.5
132315,Banesti,846.3,846.3,2821.0,2821.0,11284,564.2,846.3,2821.0,846.3,846.3,2821.0,2821.0,11284,564.2,846.3,2821.0
132342,Bertea,477.45,477.45,1591.5,1591.5,6366,318.3,477.45,1591.5,477.45,477.45,1591.5,1591.5,6366,318.3,477.45,1591.5
132379,Boldesti-Gradistea,266.1,266.1,887.0,887.0,3548,177.4,266.1,887.0,266.1,266.1,887.0,887.0,3548,177.4,266.1,887.0
132404,Brebu,1073.4,1073.4,3578.0,3578.0,14312,715.6,1073.4,3578.0,1073.4,1073.4,3578.0,3578.0,14312,715.6,1073.4,3578.0
132459,Calugareni,181.05,181.05,603.5,603.5,2414,120.7,181.05,603.5,181.05,181.05,603.5,603.5,2414,120.7,181.05,603.5
132486,Carbunesti,261.15,261.15,870.5,870.5,3482,174.1,261.15,870.5,261.15,261.15,870.5,870.5,3482,174.1,261.15,870.5
132510,Ceptura,696.9,696.9,2323.0,2323.0,9292,464.6,696.9,2323.0,696.9,696.9,2323.0,2323.0,9292,464.6,696.9,2323.0
132574,Cerasu,696.75,696.75,2322.5,2322.5,9290,464.5,696.75,2322.5,696.75,696.75,2322.5,2322.5,9290,464.5,696.75,2322.5
132645,Chiojdeanca,238.65,238.65,795.5,795.5,3182,159.1,238.65,795.5,238.65,238.65,795.5,795.5,3182,159.1,238.65,795.5
132681,Ciorani,1012.65,1012.65,3375.5,3375.5,13502,675.1,1012.65,3375.5,1012.65,1012.65,3375.5,3375.5,13502,675.1,1012.65,3375.5
132716,Cocorastii Mislii,506.85,506.85,1689.5,1689.5,6758,337.9,506.85,1689.5,506.85,506.85,1689.5,1689.5,6758,337.9,506.85,1689.5
132752,Colceag,717.75,717.75,2392.5,2392.5,9570,478.5,717.75,2392.5,717.75,717.75,2392.5,2392.5,9570,478.5,717.75,2392.5
132805,Cornu,643.2,643.2,2144.0,2144.0,8576,428.8,643.2,2144.0,643.2,643.2,2144.0,2144.0,8576,428.8,643.2,2144.0
132841,Cosminele,153.75,153.75,512.5,512.5,2050,102.5,153.75,512.5,153.75,153.75,512.5,512.5,2050,102.5,153.75,512.5
132896,Drajna,812.4,812.4,2708.0,2708.0,10832,541.6,812.4,2708.0,812.4,812.4,2708.0,2708.0,10832,541.6,812.4,2708.0
133018,Draganesti,731.55,731.55,2438.5,2438.5,9754,487.7,731.55,2438.5,731.55,731.55,2438.5,2438.5,9754,487.7,731.55,2438.5
133090,Dumbrava,671.1,671.1,2237.0,2237.0,8948,447.4,671.1,2237.0,671.1,671.1,2237.0,2237.0,8948,447.4,671.1,2237.0
133161,Filipestii De Padure,1581.15,1581.15,5270.5,5270.5,21082,1054.1,1581.15,5270.5,1581.15,1581.15,5270.5,5270.5,21082,1054.1,1581.15,5270.5
133214,Filipestii De Targ,1249.35,1249.35,4164.5,4164.5,16658,832.9,1249.35,4164.5,1249.35,1249.35,4164.5,4164.5,16658,832.9,1249.35,4164.5
133278,Fantanele,306.15,306.15,1020.5,1020.5,4082,204.1,306.15,1020.5,306.15,306.15,1020.5,1020.5,4082,204.1,306.15,1020.5
133330,Floresti,1184.1,1184.1,3947.0,3947.0,15788,789.4,1184.1,3947.0,1184.1,1184.1,3947.0,3947.0,15788,789.4,1184.1,3947.0
133394,Fulga,489.9,489.9,1633.0,1633.0,6532,326.6,489.9,1633.0,489.9,489.9,1633.0,1633.0,6532,326.6,489.9,1633.0
133429,Gherghita,299.85,299.85,999.5,999.5,3998,199.9,299.85,999.5,299.85,299.85,999.5,999.5,3998,199.9,299.85,999.5
133508,Gorgota,772.05,772.05,2573.5,2573.5,10294,514.7,772.05,2573.5,772.05,772.05,2573.5,2573.5,10294,514.7,772.05,2573.5
133562,Gornet,435.45,435.45,1451.5,1451.5,5806,290.3,435.45,1451.5,435.45,435.45,1451.5,1451.5,5806,290.3,435.45,1451.5
133615,Gornet-Cricov,340.05,340.05,1133.5,1133.5,4534,226.7,340.05,1133.5,340.05,340.05,1133.5,1133.5,4534,226.7,340.05,1133.5
133688,Gura Vadului,338.55,338.55,1128.5,1128.5,4514,225.7,338.55,1128.5,338.55,338.55,1128.5,1128.5,4514,225.7,338.55,1128.5
133722,Iordacheanu,804.45,804.45,2681.5,2681.5,10726,536.3,804.45,2681.5,804.45,804.45,2681.5,2681.5,10726,536.3,804.45,2681.5
133795,Izvoarele,1002.9,1002.9,3343.0,3343.0,13372,668.6,1002.9,3343.0,1002.9,1002.9,3343.0,3343.0,13372,668.6,1002.9,3343.0
133866,Jugureni,81.0,81.0,270.0,270.0,1080,54.0,81.0,270.0,81.0,81.0,270.0,270.0,1080,54.0,81.0,270.0
133919,Lapos,181.05,181.05,603.5,603.5,2414,120.7,181.05,603.5,181.05,181.05,603.5,603.5,2414,120.7,181.05,603.5
133964,Lipanesti,789.3,789.3,2631.0,2631.0,10524,526.2,789.3,2631.0,789.3,789.3,2631.0,2631.0,10524,526.2,789.3,2631.0
134014,Magurele,708.3,708.3,2361.0,2361.0,9444,472.2,708.3,2361.0,708.3,708.3,2361.0,2361.0,9444,472.2,708.3,2361.0
134050,Magureni,967.2,967.2,3224.0,3224.0,12896,644.8,967.2,3224.0,967.2,967.2,3224.0,3224.0,12896,644.8,967.2,3224.0
134096,Maneciu,1601.55,1601.55,5338.5,5338.5,21354,1067.7,1601.55,5338.5,1601.55,1601.55,5338.5,5338.5,21354,1067.7,1601.55,5338.5
134194,Manesti,595.95,595.95,1986.5,1986.5,7946,397.3,595.95,1986.5,595.95,595.95,1986.5,1986.5,7946,397.3,595.95,1986.5
134336,Pacureti,316.05,316.05,1053.5,1053.5,4214,210.7,316.05,1053.5,316.05,316.05,1053.5,1053.5,4214,210.7,316.05,1053.5
134390,Plopu,357.3,357.3,1191.0,1191.0,4764,238.2,357.3,1191.0,357.3,357.3,1191.0,1191.0,4764,238.2,357.3,1191.0
134443,Podenii Noi,729.45,729.45,2431.5,2431.5,9726,486.3,729.45,2431.5,729.45,729.45,2431.5,2431.5,9726,486.3,729.45,2431.5
134559,Poienarii Burchii,725.55,725.55,2418.5,2418.5,9674,483.7,725.55,2418.5,725.55,725.55,2418.5,2418.5,9674,483.7,725.55,2418.5
134648,Posesti,597.75,597.75,1992.5,1992.5,7970,398.5,597.75,1992.5,597.75,597.75,1992.5,1992.5,7970,398.5,597.75,1992.5
134755,Predeal-Sarari,347.85,347.85,1159.5,1159.5,4638,231.9,347.85,1159.5,347.85,347.85,1159.5,1159.5,4638,231.9,347.85,1159.5
134853,Provita De Jos,341.55,341.55,1138.5,1138.5,4554,227.7,341.55,1138.5,341.55,341.55,1138.5,1138.5,4554,227.7,341.55,1138.5
134899,Provita De Sus,303.15,303.15,1010.5,1010.5,4042,202.1,303.15,1010.5,303.15,303.15,1010.5,1010.5,4042,202.1,303.15,1010.5
134942,Puchenii Mari,1263.75,1263.75,4212.5,4212.5,16850,842.5,1263.75,4212.5,1263.75,1263.75,4212.5,4212.5,16850,842.5,1263.75,4212.5
135020,Rafov,809.4,809.4,2698.0,2698.0,10792,539.6,809.4,2698.0,809.4,809.4,2698.0,2698.0,10792,539.6,809.4,2698.0
135128,Salcia,156.45,156.45,521.5,521.5,2086,104.3,156.45,521.5,156.45,156.45,521.5,521.5,2086,104.3,156.45,521.5
135146,Salciile,276.6,276.6,922.0,922.0,3688,184.4,276.6,922.0,276.6,276.6,922.0,922.0,3688,184.4,276.6,922.0
135164,Scorteni,862.95,862.95,2876.5,2876.5,11506,575.3,862.95,2876.5,862.95,862.95,2876.5,2876.5,11506,575.3,862.95,2876.5
135226,Secaria,183.6,183.6,612.0,612.0,2448,122.4,183.6,612.0,183.6,183.6,612.0,612.0,2448,122.4,183.6,612.0
135244,Sangeru,831.45,831.45,2771.5,2771.5,11086,554.3,831.45,2771.5,831.45,831.45,2771.5,2771.5,11086,554.3,831.45,2771.5
135315,Starchiojd,572.25,572.25,1907.5,1907.5,7630,381.5,572.25,1907.5,572.25,572.25,1907.5,1907.5,7630,381.5,572.25,1907.5
135404,Surani,280.65,280.65,935.5,935.5,3742,187.1,280.65,935.5,280.65,280.65,935.5,935.5,3742,187.1,280.65,935.5
135431,Sirna,729.6,729.6,2432.0,2432.0,9728,486.4,729.6,2432.0,729.6,729.6,2432.0,2432.0,9728,486.4,729.6,2432.0
135501,Soimari,468.45,468.45,1561.5,1561.5,6246,312.3,468.45,1561.5,468.45,468.45,1561.5,1561.5,6246,312.3,468.45,1561.5
135547,Sotrile,502.95,502.95,1676.5,1676.5,6706,335.3,502.95,1676.5,502.95,502.95,1676.5,1676.5,6706,335.3,502.95,1676.5
135618,Stefesti,357.15,357.15,1190.5,1190.5,4762,238.1,357.15,1190.5,357.15,357.15,1190.5,1190.5,4762,238.1,357.15,1190.5
135654,Talea,156.75,156.75,522.5,522.5,2090,104.5,156.75,522.5,156.75,156.75,522.5,522.5,2090,104.5,156.75,522.5
135681,Tataru,133.65,133.65,445.5,445.5,1782,89.1,133.65,445.5,133.65,133.65,445.5,445.5,1782,89.1,133.65,445.5
135725,Teisani,554.7,554.7,1849.0,1849.0,7396,369.8,554.7,1849.0,554.7,554.7,1849.0,1849.0,7396,369.8,554.7,1849.0
135789,Telega,834.0,834.0,2780.0,2780.0,11120,556.0,834.0,2780.0,834.0,834.0,2780.0,2780.0,11120,556.0,834.0,2780.0
135850,Tinosu,362.55,362.55,1208.5,1208.5,4834,241.7,362.55,1208.5,362.55,362.55,1208.5,1208.5,4834,241.7,362.55,1208.5
135896,Tomsani,661.35,661.35,2204.5,2204.5,8818,440.9,661.35,2204.5,661.35,661.35,2204.5,2204.5,8818,440.9,661.35,2204.5
135949,Valea Calugareasca,1638.15,1638.15,5460.5,5460.5,21842,1092.1,1638.15,5460.5,1638.15,1638.15,5460.5,5460.5,21842,1092.1,1638.15,5460.5
136107,Valea Doftanei,1004.4,1004.4,3348.0,3348.0,13392,669.6,1004.4,3348.0,1004.4,1004.4,3348.0,3348.0,13392,669.6,1004.4,3348.0
136134,Varbilau,1032.15,1032.15,3440.5,3440.5,13762,688.1,1032.15,3440.5,1032.15,1032.15,3440.5,3440.5,13762,688.1,1032.15,3440.5
136198,Valcanesti,576.75,576.75,1922.5,1922.5,7690,384.5,576.75,1922.5,576.75,576.75,1922.5,1922.5,7690,384.5,576.75,1922.5
136241,Cocorastii Colt,447.9,447.9,1493.0,1493.0,5972,298.6,447.9,1493.0,447.9,447.9,1493.0,1493.0,5972,298.6,447.9,1493.0
136250,Olari,286.65,286.65,955.5,955.5,3822,191.1,286.65,955.5,286.65,286.65,955.5,955.5,3822,191.1,286.65,955.5
136269,Vadu Sapat,258.9,258.9,863.0,863.0,3452,172.6,258.9,863.0,258.9,258.9,863.0,863.0,3452,172.6,258.9,863.0
136278,Batrani,316.95,316.95,1056.5,1056.5,4226,211.3,316.95,1056.5,316.95,316.95,1056.5,1056.5,4226,211.3,316.95,1056.5
136483,Municipiul Satu Mare,18384.0,18384.0,61280.0,61280.0,245120,12256.0,18384.0,61280.0,18384.0,18384.0,61280.0,61280.0,245120,12256.0,18384.0,61280.0
136526,Municipiul Carei,3690.15,3690.15,12300.5,12300.5,49202,2460.1,3690.15,12300.5,3690.15,3690.15,12300.5,12300.5,49202,2460.1,3690.15,12300.5
136553,Capleni,483.45,483.45,1611.5,1611.5,6446,322.3,483.45,1611.5,483.45,483.45,1611.5,1611.5,6446,322.3,483.45,1611.5
136599,Oras Negresti-Oas,2532.9,2532.9,8443.0,8443.0,33772,1688.6,2532.9,8443.0,2532.9,2532.9,8443.0,8443.0,33772,1688.6,2532.9,8443.0
136642,Oras Tasnad,1428.6,1428.6,4762.0,4762.0,19048,952.4,1428.6,4762.0,1428.6,1428.6,4762.0,4762.0,19048,952.4,1428.6,4762.0
136713,Acas,452.85,452.85,1509.5,1509.5,6038,301.9,452.85,1509.5,452.85,452.85,1509.5,1509.5,6038,301.9,452.85,1509.5
136768,Andrid,401.85,401.85,1339.5,1339.5,5358,267.9,401.85,1339.5,401.85,401.85,1339.5,1339.5,5358,267.9,401.85,1339.5
136802,Apa,413.7,413.7,1379.0,1379.0,5516,275.8,413.7,1379.0,413.7,413.7,1379.0,1379.0,5516,275.8,413.7,1379.0
136848,Oras Ardud,1119.15,1119.15,3730.5,3730.5,14922,746.1,1119.15,3730.5,1119.15,1119.15,3730.5,3730.5,14922,746.1,1119.15,3730.5
136919,Batarci,578.1,578.1,1927.0,1927.0,7708,385.4,578.1,1927.0,578.1,578.1,1927.0,1927.0,7708,385.4,578.1,1927.0
136964,Beltiug,516.0,516.0,1720.0,1720.0,6880,344.0,516.0,1720.0,516.0,516.0,1720.0,1720.0,6880,344.0,516.0,1720.0
137032,Berveni,552.6,552.6,1842.0,1842.0,7368,368.4,552.6,1842.0,552.6,552.6,1842.0,1842.0,7368,368.4,552.6,1842.0
137069,Bixad,1132.35,1132.35,3774.5,3774.5,15098,754.9,1132.35,3774.5,1132.35,1132.35,3774.5,3774.5,15098,754.9,1132.35,3774.5
137103,Barsau,349.5,349.5,1165.0,1165.0,4660,233.0,349.5,1165.0,349.5,349.5,1165.0,1165.0,4660,233.0,349.5,1165.0
137130,Bogdand,427.95,427.95,1426.5,1426.5,5706,285.3,427.95,1426.5,427.95,427.95,1426.5,1426.5,5706,285.3,427.95,1426.5
137185,Botiz,575.85,575.85,1919.5,1919.5,7678,383.9,575.85,1919.5,575.85,575.85,1919.5,1919.5,7678,383.9,575.85,1919.5
137229,Calinesti-Oas,770.7,770.7,2569.0,2569.0,10276,513.8,770.7,2569.0,770.7,770.7,2569.0,2569.0,10276,513.8,770.7,2569.0
137274,Camarzana,364.95,364.95,1216.5,1216.5,4866,243.3,364.95,1216.5,364.95,364.95,1216.5,1216.5,4866,243.3,364.95,1216.5
137292,Cauas,381.0,381.0,1270.0,1270.0,5080,254.0,381.0,1270.0,381.0,381.0,1270.0,1270.0,5080,254.0,381.0,1270.0
137363,Cehal,246.75,246.75,822.5,822.5,3290,164.5,246.75,822.5,246.75,246.75,822.5,822.5,3290,164.5,246.75,822.5
137407,Certeze,878.4,878.4,2928.0,2928.0,11712,585.6,878.4,2928.0,878.4,878.4,2928.0,2928.0,11712,585.6,878.4,2928.0
137443,Craidorolt,337.8,337.8,1126.0,1126.0,4504,225.2,337.8,1126.0,337.8,337.8,1126.0,1126.0,4504,225.2,337.8,1126.0
137504,Crucisor,400.35,400.35,1334.5,1334.5,5338,266.9,400.35,1334.5,400.35,400.35,1334.5,1334.5,5338,266.9,400.35,1334.5
137540,Culciu,624.45,624.45,2081.5,2081.5,8326,416.3,624.45,2081.5,624.45,624.45,2081.5,2081.5,8326,416.3,624.45,2081.5
137611,Doba,448.35,448.35,1494.5,1494.5,5978,298.9,448.35,1494.5,448.35,448.35,1494.5,1494.5,5978,298.9,448.35,1494.5
137675,Dorolt,613.95,613.95,2046.5,2046.5,8186,409.3,613.95,2046.5,613.95,613.95,2046.5,2046.5,8186,409.3,613.95,2046.5
137728,Foieni,291.0,291.0,970.0,970.0,3880,194.0,291.0,970.0,291.0,291.0,970.0,970.0,3880,194.0,291.0,970.0
137746,Gherta Mica,555.15,555.15,1850.5,1850.5,7402,370.1,555.15,1850.5,555.15,555.15,1850.5,1850.5,7402,370.1,555.15,1850.5
137764,Halmeu,801.9,801.9,2673.0,2673.0,10692,534.6,801.9,2673.0,801.9,801.9,2673.0,2673.0,10692,534.6,801.9,2673.0
137844,Hodod,453.75,453.75,1512.5,1512.5,6050,302.5,453.75,1512.5,453.75,453.75,1512.5,1512.5,6050,302.5,453.75,1512.5
137899,Homoroade,273.9,273.9,913.0,913.0,3652,182.6,273.9,913.0,273.9,273.9,913.0,913.0,3652,182.6,273.9,913.0
137960,Lazuri,938.4,938.4,3128.0,3128.0,12512,625.6,938.4,3128.0,938.4,938.4,3128.0,3128.0,12512,625.6,938.4,3128.0
138039,Oras Livada,1101.15,1101.15,3670.5,3670.5,14682,734.1,1101.15,3670.5,1101.15,1101.15,3670.5,3670.5,14682,734.1,1101.15,3670.5
138084,Mediesu Aurit,1026.45,1026.45,3421.5,3421.5,13686,684.3,1026.45,3421.5,1026.45,1026.45,3421.5,3421.5,13686,684.3,1026.45,3421.5
138164,Micula,624.9,624.9,2083.0,2083.0,8332,416.6,624.9,2083.0,624.9,624.9,2083.0,2083.0,8332,416.6,624.9,2083.0
138208,Moftin,677.25,677.25,2257.5,2257.5,9030,451.5,677.25,2257.5,677.25,677.25,2257.5,2257.5,9030,451.5,677.25,2257.5
138280,Odoreu,886.8,886.8,2956.0,2956.0,11824,591.2,886.8,2956.0,886.8,886.8,2956.0,2956.0,11824,591.2,886.8,2956.0
138351,Orasu Nou,581.25,581.25,1937.5,1937.5,7750,387.5,581.25,1937.5,581.25,581.25,1937.5,1937.5,7750,387.5,581.25,1937.5
138431,Paulesti,872.25,872.25,2907.5,2907.5,11630,581.5,872.25,2907.5,872.25,872.25,2907.5,2907.5,11630,581.5,872.25,2907.5
138501,Petresti,288.9,288.9,963.0,963.0,3852,192.6,288.9,963.0,288.9,288.9,963.0,963.0,3852,192.6,288.9,963.0
138538,Pir,239.1,239.1,797.0,797.0,3188,159.4,239.1,797.0,239.1,239.1,797.0,797.0,3188,159.4,239.1,797.0
138574,Piscolt,480.75,480.75,1602.5,1602.5,6410,320.5,480.75,1602.5,480.75,480.75,1602.5,1602.5,6410,320.5,480.75,1602.5
138618,Pomi,288.75,288.75,962.5,962.5,3850,192.5,288.75,962.5,288.75,288.75,962.5,962.5,3850,192.5,288.75,962.5
138663,Sanislau,562.5,562.5,1875.0,1875.0,7500,375.0,562.5,1875.0,562.5,562.5,1875.0,1875.0,7500,375.0,562.5,1875.0
138734,Santau,391.95,391.95,1306.5,1306.5,5226,261.3,391.95,1306.5,391.95,391.95,1306.5,1306.5,5226,261.3,391.95,1306.5
138770,Sacaseni,188.7,188.7,629.0,629.0,2516,125.8,188.7,629.0,188.7,188.7,629.0,629.0,2516,125.8,188.7,629.0
138805,Sauca,230.4,230.4,768.0,768.0,3072,153.6,230.4,768.0,230.4,230.4,768.0,768.0,3072,153.6,230.4,768.0
138869,Socond,442.2,442.2,1474.0,1474.0,5896,294.8,442.2,1474.0,442.2,442.2,1474.0,1474.0,5896,294.8,442.2,1474.0
138921,Supur,630.0,630.0,2100.0,2100.0,8400,420.0,630.0,2100.0,630.0,630.0,2100.0,2100.0,8400,420.0,630.0,2100.0
139009,Tarna Mare,600.6,600.6,2002.0,2002.0,8008,400.4,600.6,2002.0,600.6,600.6,2002.0,2002.0,8008,400.4,600.6,2002.0
139054,Terebesti,284.85,284.85,949.5,949.5,3798,189.9,284.85,949.5,284.85,284.85,949.5,949.5,3798,189.9,284.85,949.5
139107,Tiream,363.75,363.75,1212.5,1212.5,4850,242.5,363.75,1212.5,363.75,363.75,1212.5,1212.5,4850,242.5,363.75,1212.5
139143,Tarsolt,462.6,462.6,1542.0,1542.0,6168,308.4,462.6,1542.0,462.6,462.6,1542.0,1542.0,6168,308.4,462.6,1542.0
139170,Turt,1245.75,1245.75,4152.5,4152.5,16610,830.5,1245.75,4152.5,1245.75,1245.75,4152.5,4152.5,16610,830.5,1245.75,4152.5
139214,Turulung,650.4,650.4,2168.0,2168.0,8672,433.6,650.4,2168.0,650.4,650.4,2168.0,2168.0,8672,433.6,650.4,2168.0
139250,Urziceni,222.15,222.15,740.5,740.5,2962,148.1,222.15,740.5,222.15,222.15,740.5,740.5,2962,148.1,222.15,740.5
139287,Valea Vinului,300.15,300.15,1000.5,1000.5,4002,200.1,300.15,1000.5,300.15,300.15,1000.5,1000.5,4002,200.1,300.15,1000.5
139330,Vama,614.25,614.25,2047.5,2047.5,8190,409.5,614.25,2047.5,614.25,614.25,2047.5,2047.5,8190,409.5,614.25,2047.5
139358,Vetis,813.15,813.15,2710.5,2710.5,10842,542.1,813.15,2710.5,813.15,813.15,2710.5,2710.5,10842,542.1,813.15,2710.5
139394,Viile Satu Mare,570.0,570.0,1900.0,1900.0,7600,380.0,570.0,1900.0,570.0,570.0,1900.0,1900.0,7600,380.0,570.0,1900.0
139704,Municipiul Zalau,10478.55,10478.55,34928.5,34928.5,139714,6985.7,10478.55,34928.5,10478.55,10478.55,34928.5,34928.5,139714,6985.7,10478.55,34928.5
139740,Oras Cehu Silvaniei,1163.7,1163.7,3879.0,3879.0,15516,775.8,1163.7,3879.0,1163.7,1163.7,3879.0,3879.0,15516,775.8,1163.7,3879.0
139811,Oras Jibou,1794.45,1794.45,5981.5,5981.5,23926,1196.3,1794.45,5981.5,1794.45,1794.45,5981.5,5981.5,23926,1196.3,1794.45,5981.5
139884,Oras Simleu Silvaniei,2613.0,2613.0,8710.0,8710.0,34840,1742.0,2613.0,8710.0,2613.0,2613.0,8710.0,8710.0,34840,1742.0,2613.0,8710.0
139937,Agrij,212.4,212.4,708.0,708.0,2832,141.6,212.4,708.0,212.4,212.4,708.0,708.0,2832,141.6,212.4,708.0
139982,Almasu,322.05,322.05,1073.5,1073.5,4294,214.7,322.05,1073.5,322.05,322.05,1073.5,1073.5,4294,214.7,322.05,1073.5
140084,Babeni,241.8,241.8,806.0,806.0,3224,161.2,241.8,806.0,241.8,241.8,806.0,806.0,3224,161.2,241.8,806.0
140146,Balan,577.95,577.95,1926.5,1926.5,7706,385.3,577.95,1926.5,577.95,577.95,1926.5,1926.5,7706,385.3,577.95,1926.5
140208,Banisor,303.45,303.45,1011.5,1011.5,4046,202.3,303.45,1011.5,303.45,303.45,1011.5,1011.5,4046,202.3,303.45,1011.5
140244,Benesat,224.7,224.7,749.0,749.0,2996,149.8,224.7,749.0,224.7,224.7,749.0,749.0,2996,149.8,224.7,749.0
140280,Bobota,599.7,599.7,1999.0,1999.0,7996,399.8,599.7,1999.0,599.7,599.7,1999.0,1999.0,7996,399.8,599.7,1999.0
140324,Bocsa,521.4,521.4,1738.0,1738.0,6952,347.6,521.4,1738.0,521.4,521.4,1738.0,1738.0,6952,347.6,521.4,1738.0
140379,Buciumi,391.35,391.35,1304.5,1304.5,5218,260.9,391.35,1304.5,391.35,391.35,1304.5,1304.5,5218,260.9,391.35,1304.5
140440,Camar,255.3,255.3,851.0,851.0,3404,170.2,255.3,851.0,255.3,255.3,851.0,851.0,3404,170.2,255.3,851.0
140477,Carastelec,159.15,159.15,530.5,530.5,2122,106.1,159.15,530.5,159.15,159.15,530.5,530.5,2122,106.1,159.15,530.5
140501,Chiesd,390.3,390.3,1301.0,1301.0,5204,260.2,390.3,1301.0,390.3,390.3,1301.0,1301.0,5204,260.2,390.3,1301.0
140547,Cizer,335.4,335.4,1118.0,1118.0,4472,223.6,335.4,1118.0,335.4,335.4,1118.0,1118.0,4472,223.6,335.4,1118.0
140583,Coseiu,176.7,176.7,589.0,589.0,2356,117.8,176.7,589.0,176.7,176.7,589.0,589.0,2356,117.8,176.7,589.0
140627,Crasna,1008.3,1008.3,3361.0,3361.0,13444,672.2,1008.3,3361.0,1008.3,1008.3,3361.0,3361.0,13444,672.2,1008.3,3361.0
140672,Creaca,417.45,417.45,1391.5,1391.5,5566,278.3,417.45,1391.5,417.45,417.45,1391.5,1391.5,5566,278.3,417.45,1391.5
140770,Cristolt,188.1,188.1,627.0,627.0,2508,125.4,188.1,627.0,188.1,188.1,627.0,627.0,2508,125.4,188.1,627.0
140823,Criseni,457.95,457.95,1526.5,1526.5,6106,305.3,457.95,1526.5,457.95,457.95,1526.5,1526.5,6106,305.3,457.95,1526.5
140869,Cuzaplac,256.95,256.95,856.5,856.5,3426,171.3,256.95,856.5,256.95,256.95,856.5,856.5,3426,171.3,256.95,856.5
140958,Dobrin,251.55,251.55,838.5,838.5,3354,167.7,251.55,838.5,251.55,251.55,838.5,838.5,3354,167.7,251.55,838.5
141027,Dragu,203.1,203.1,677.0,677.0,2708,135.4,203.1,677.0,203.1,203.1,677.0,677.0,2708,135.4,203.1,677.0
141081,Fildu De Jos,205.8,205.8,686.0,686.0,2744,137.2,205.8,686.0,205.8,205.8,686.0,686.0,2744,137.2,205.8,686.0
141134,Galgau,363.9,363.9,1213.0,1213.0,4852,242.6,363.9,1213.0,363.9,363.9,1213.0,1213.0,4852,242.6,363.9,1213.0
141232,Garbou,324.45,324.45,1081.5,1081.5,4326,216.3,324.45,1081.5,324.45,324.45,1081.5,1081.5,4326,216.3,324.45,1081.5
141312,Halmasd,364.05,364.05,1213.5,1213.5,4854,242.7,364.05,1213.5,364.05,364.05,1213.5,1213.5,4854,242.7,364.05,1213.5
141376,Hereclean,571.35,571.35,1904.5,1904.5,7618,380.9,571.35,1904.5,571.35,571.35,1904.5,1904.5,7618,380.9,571.35,1904.5
141447,Hida,410.4,410.4,1368.0,1368.0,5472,273.6,410.4,1368.0,410.4,410.4,1368.0,1368.0,5472,273.6,410.4,1368.0
141535,Horoatu Crasnei,390.15,390.15,1300.5,1300.5,5202,260.1,390.15,1300.5,390.15,390.15,1300.5,1300.5,5202,260.1,390.15,1300.5
141580,Ileanda,364.8,364.8,1216.0,1216.0,4864,243.2,364.8,1216.0,364.8,364.8,1216.0,1216.0,4864,243.2,364.8,1216.0
141722,Ip,567.45,567.45,1891.5,1891.5,7566,378.3,567.45,1891.5,567.45,567.45,1891.5,1891.5,7566,378.3,567.45,1891.5
141786,Letca,271.65,271.65,905.5,905.5,3622,181.1,271.65,905.5,271.65,271.65,905.5,905.5,3622,181.1,271.65,905.5
141884,Lozna,145.05,145.05,483.5,483.5,1934,96.7,145.05,483.5,145.05,145.05,483.5,483.5,1934,96.7,145.05,483.5
141946,Marca,407.7,407.7,1359.0,1359.0,5436,271.8,407.7,1359.0,407.7,407.7,1359.0,1359.0,5436,271.8,407.7,1359.0
142006,Maeriste,447.0,447.0,1490.0,1490.0,5960,298.0,447.0,1490.0,447.0,447.0,1490.0,1490.0,5960,298.0,447.0,1490.0
142079,Mesesenii De Jos,468.0,468.0,1560.0,1560.0,6240,312.0,468.0,1560.0,468.0,468.0,1560.0,1560.0,6240,312.0,468.0,1560.0
142122,Mirsid,361.05,361.05,1203.5,1203.5,4814,240.7,361.05,1203.5,361.05,361.05,1203.5,1203.5,4814,240.7,361.05,1203.5
142177,Napradea,414.75,414.75,1382.5,1382.5,5530,276.5,414.75,1382.5,414.75,414.75,1382.5,1382.5,5530,276.5,414.75,1382.5
142239,Nusfalau,588.75,588.75,1962.5,1962.5,7850,392.5,588.75,1962.5,588.75,588.75,1962.5,1962.5,7850,392.5,588.75,1962.5
142284,Pericei,580.8,580.8,1936.0,1936.0,7744,387.2,580.8,1936.0,580.8,580.8,1936.0,1936.0,7744,387.2,580.8,1936.0
142337,Plopis,388.65,388.65,1295.5,1295.5,5182,259.1,388.65,1295.5,388.65,388.65,1295.5,1295.5,5182,259.1,388.65,1295.5
142373,Poiana Blenchii,184.35,184.35,614.5,614.5,2458,122.9,184.35,614.5,184.35,184.35,614.5,614.5,2458,122.9,184.35,614.5
142426,Romanasi,469.95,469.95,1566.5,1566.5,6266,313.3,469.95,1566.5,469.95,469.95,1566.5,1566.5,6266,313.3,469.95,1566.5
142499,Rus,162.6,162.6,542.0,542.0,2168,108.4,162.6,542.0,162.6,162.6,542.0,542.0,2168,108.4,162.6,542.0
142550,Salatig,411.15,411.15,1370.5,1370.5,5482,274.1,411.15,1370.5,411.15,411.15,1370.5,1370.5,5482,274.1,411.15,1370.5
142612,Sag,499.65,499.65,1665.5,1665.5,6662,333.1,499.65,1665.5,499.65,499.65,1665.5,1665.5,6662,333.1,499.65,1665.5
142676,Sanmihaiu Almasului,252.6,252.6,842.0,842.0,3368,168.4,252.6,842.0,252.6,252.6,842.0,842.0,3368,168.4,252.6,842.0
142710,Somes-Odorhei,416.55,416.55,1388.5,1388.5,5554,277.7,416.55,1388.5,416.55,416.55,1388.5,1388.5,5554,277.7,416.55,1388.5
142774,Surduc,559.8,559.8,1866.0,1866.0,7464,373.2,559.8,1866.0,559.8,559.8,1866.0,1866.0,7464,373.2,559.8,1866.0
142854,Samsud,275.1,275.1,917.0,917.0,3668,183.4,275.1,917.0,275.1,275.1,917.0,917.0,3668,183.4,275.1,917.0
142881,Sarmasag,999.9,999.9,3333.0,3333.0,13332,666.6,999.9,3333.0,999.9,999.9,3333.0,3333.0,13332,666.6,999.9,3333.0
142952,Valcau De Jos,485.7,485.7,1619.0,1619.0,6476,323.8,485.7,1619.0,485.7,485.7,1619.0,1619.0,6476,323.8,485.7,1619.0
143021,Varsolt,345.15,345.15,1150.5,1150.5,4602,230.1,345.15,1150.5,345.15,345.15,1150.5,1150.5,4602,230.1,345.15,1150.5
143067,Zalha,136.35,136.35,454.5,454.5,1818,90.9,136.35,454.5,136.35,136.35,454.5,454.5,1818,90.9,136.35,454.5
143147,Zimbor,150.6,150.6,502.0,502.0,2008,100.4,150.6,502.0,150.6,150.6,502.0,502.0,2008,100.4,150.6,502.0
143450,Municipiul Sibiu,25482.0,25482.0,84940.0,84940.0,339760,16988.0,25482.0,84940.0,25482.0,25482.0,84940.0,84940.0,339760,16988.0,25482.0,84940.0
143487,Cristian,628.95,628.95,2096.5,2096.5,8386,419.3,628.95,2096.5,628.95,628.95,2096.5,2096.5,8386,419.3,628.95,2096.5
143502,Poplaca,272.25,272.25,907.5,907.5,3630,181.5,272.25,907.5,272.25,272.25,907.5,907.5,3630,181.5,272.25,907.5
143520,Rasinari,862.95,862.95,2876.5,2876.5,11506,575.3,862.95,2876.5,862.95,862.95,2876.5,2876.5,11506,575.3,862.95,2876.5
143557,Selimbar,1387.95,1387.95,4626.5,4626.5,18506,925.3,1387.95,4626.5,1387.95,1387.95,4626.5,4626.5,18506,925.3,1387.95,4626.5
143619,Municipiul Medias,8791.05,8791.05,29303.5,29303.5,117214,5860.7,8791.05,29303.5,8791.05,8791.05,29303.5,29303.5,117214,5860.7,8791.05,29303.5
143646,Tarnava,504.9,504.9,1683.0,1683.0,6732,336.6,504.9,1683.0,504.9,504.9,1683.0,1683.0,6732,336.6,504.9,1683.0
143682,Oras Agnita,1811.7,1811.7,6039.0,6039.0,24156,1207.8,1811.7,6039.0,1811.7,1811.7,6039.0,6039.0,24156,1207.8,1811.7,6039.0
143735,Oras Cisnadie,2900.25,2900.25,9667.5,9667.5,38670,1933.5,2900.25,9667.5,2900.25,2900.25,9667.5,9667.5,38670,1933.5,2900.25,9667.5
143771,Oras Copsa Mica,910.05,910.05,3033.5,3033.5,12134,606.7,910.05,3033.5,910.05,910.05,3033.5,3033.5,12134,606.7,910.05,3033.5
143806,Oras Dumbraveni,1302.75,1302.75,4342.5,4342.5,17370,868.5,1302.75,4342.5,1302.75,1302.75,4342.5,4342.5,17370,868.5,1302.75,4342.5
143851,Oras Ocna Sibiului,649.8,649.8,2166.0,2166.0,8664,433.2,649.8,2166.0,649.8,649.8,2166.0,2166.0,8664,433.2,649.8,2166.0
143888,Altina,277.5,277.5,925.0,925.0,3700,185.0,277.5,925.0,277.5,277.5,925.0,925.0,3700,185.0,277.5,925.0
143922,Apoldu De Jos,198.3,198.3,661.0,661.0,2644,132.2,198.3,661.0,198.3,198.3,661.0,661.0,2644,132.2,198.3,661.0
143959,Arpasu De Jos,426.3,426.3,1421.0,1421.0,5684,284.2,426.3,1421.0,426.3,426.3,1421.0,1421.0,5684,284.2,426.3,1421.0
143995,Atel,255.45,255.45,851.5,851.5,3406,170.3,255.45,851.5,255.45,255.45,851.5,851.5,3406,170.3,255.45,851.5
144054,Oras Avrig,2351.1,2351.1,7837.0,7837.0,31348,1567.4,2351.1,7837.0,2351.1,2351.1,7837.0,7837.0,31348,1567.4,2351.1,7837.0
144116,Axente Sever,646.95,646.95,2156.5,2156.5,8626,431.3,646.95,2156.5,646.95,646.95,2156.5,2156.5,8626,431.3,646.95,2156.5
144152,Bazna,636.0,636.0,2120.0,2120.0,8480,424.0,636.0,2120.0,636.0,636.0,2120.0,2120.0,8480,424.0,636.0,2120.0
144198,Biertan,464.4,464.4,1548.0,1548.0,6192,309.6,464.4,1548.0,464.4,464.4,1548.0,1548.0,6192,309.6,464.4,1548.0
144232,Barghis,335.7,335.7,1119.0,1119.0,4476,223.8,335.7,1119.0,335.7,335.7,1119.0,1119.0,4476,223.8,335.7,1119.0
144303,Blajel,364.05,364.05,1213.5,1213.5,4854,242.7,364.05,1213.5,364.05,364.05,1213.5,1213.5,4854,242.7,364.05,1213.5
144349,Brateiu,604.65,604.65,2015.5,2015.5,8062,403.1,604.65,2015.5,604.65,604.65,2015.5,2015.5,8062,403.1,604.65,2015.5
144376,Bradeni,245.7,245.7,819.0,819.0,3276,163.8,245.7,819.0,245.7,245.7,819.0,819.0,3276,163.8,245.7,819.0
144410,Bruiu,139.05,139.05,463.5,463.5,1854,92.7,139.05,463.5,139.05,139.05,463.5,463.5,1854,92.7,139.05,463.5
144456,Chirpar,286.35,286.35,954.5,954.5,3818,190.9,286.35,954.5,286.35,286.35,954.5,954.5,3818,190.9,286.35,954.5
144508,Carta,174.0,174.0,580.0,580.0,2320,116.0,174.0,580.0,174.0,174.0,580.0,580.0,2320,116.0,174.0,580.0
144535,Cartisoara,199.2,199.2,664.0,664.0,2656,132.8,199.2,664.0,199.2,199.2,664.0,664.0,2656,132.8,199.2,664.0
144553,Darlos,534.9,534.9,1783.0,1783.0,7132,356.6,534.9,1783.0,534.9,534.9,1783.0,1783.0,7132,356.6,534.9,1783.0
144599,Gura Raului,560.1,560.1,1867.0,1867.0,7468,373.4,560.1,1867.0,560.1,560.1,1867.0,1867.0,7468,373.4,560.1,1867.0
144615,Hoghilag,364.35,364.35,1214.5,1214.5,4858,242.9,364.35,1214.5,364.35,364.35,1214.5,1214.5,4858,242.9,364.35,1214.5
144651,Iacobeni,502.65,502.65,1675.5,1675.5,6702,335.1,502.65,1675.5,502.65,502.65,1675.5,1675.5,6702,335.1,502.65,1675.5
144713,Jina,598.8,598.8,1996.0,1996.0,7984,399.2,598.8,1996.0,598.8,598.8,1996.0,1996.0,7984,399.2,598.8,1996.0
144731,Laslea,627.45,627.45,2091.5,2091.5,8366,418.3,627.45,2091.5,627.45,627.45,2091.5,2091.5,8366,418.3,627.45,2091.5
144795,Loamnes,438.0,438.0,1460.0,1460.0,5840,292.0,438.0,1460.0,438.0,438.0,1460.0,1460.0,5840,292.0,438.0,1460.0
144866,Ludos,111.9,111.9,373.0,373.0,1492,74.6,111.9,373.0,111.9,111.9,373.0,373.0,1492,74.6,111.9,373.0
144893,Marpod,139.35,139.35,464.5,464.5,1858,92.9,139.35,464.5,139.35,139.35,464.5,464.5,1858,92.9,139.35,464.5
144928,Oras Miercurea Sibiului,722.1,722.1,2407.0,2407.0,9628,481.4,722.1,2407.0,722.1,722.1,2407.0,2407.0,9628,481.4,722.1,2407.0
144964,Merghindeal,237.15,237.15,790.5,790.5,3162,158.1,237.15,790.5,237.15,237.15,790.5,790.5,3162,158.1,237.15,790.5
144991,Micasasa,336.45,336.45,1121.5,1121.5,4486,224.3,336.45,1121.5,336.45,336.45,1121.5,1121.5,4486,224.3,336.45,1121.5
145042,Mihaileni,166.65,166.65,555.5,555.5,2222,111.1,166.65,555.5,166.65,166.65,555.5,555.5,2222,111.1,166.65,555.5
145104,Mosna,556.2,556.2,1854.0,1854.0,7416,370.8,556.2,1854.0,556.2,556.2,1854.0,1854.0,7416,370.8,556.2,1854.0
145140,Nocrich,500.4,500.4,1668.0,1668.0,6672,333.6,500.4,1668.0,500.4,500.4,1668.0,1668.0,6672,333.6,500.4,1668.0
145202,Orlat,500.1,500.1,1667.0,1667.0,6668,333.4,500.1,1667.0,500.1,500.1,1667.0,1667.0,6668,333.4,500.1,1667.0
145220,Pauca,314.1,314.1,1047.0,1047.0,4188,209.4,314.1,1047.0,314.1,314.1,1047.0,1047.0,4188,209.4,314.1,1047.0
145275,Poiana Sibiului,337.35,337.35,1124.5,1124.5,4498,224.9,337.35,1124.5,337.35,337.35,1124.5,1124.5,4498,224.9,337.35,1124.5
145293,Porumbacu De Jos,487.5,487.5,1625.0,1625.0,6500,325.0,487.5,1625.0,487.5,487.5,1625.0,1625.0,6500,325.0,487.5,1625.0
145355,Racovita,443.7,443.7,1479.0,1479.0,5916,295.8,443.7,1479.0,443.7,443.7,1479.0,1479.0,5916,295.8,443.7,1479.0
145382,Rau Sadului,91.65,91.65,305.5,305.5,1222,61.1,91.65,305.5,91.65,91.65,305.5,305.5,1222,61.1,91.65,305.5
145408,Rosia,865.65,865.65,2885.5,2885.5,11542,577.1,865.65,2885.5,865.65,865.65,2885.5,2885.5,11542,577.1,865.65,2885.5
145471,Sadu,382.2,382.2,1274.0,1274.0,5096,254.8,382.2,1274.0,382.2,382.2,1274.0,1274.0,5096,254.8,382.2,1274.0
145499,Oras Saliste,890.85,890.85,2969.5,2969.5,11878,593.9,890.85,2969.5,890.85,890.85,2969.5,2969.5,11878,593.9,890.85,2969.5
145603,Slimnic,588.6,588.6,1962.0,1962.0,7848,392.4,588.6,1962.0,588.6,588.6,1962.0,1962.0,7848,392.4,588.6,1962.0
145667,Seica Mare,714.0,714.0,2380.0,2380.0,9520,476.0,714.0,2380.0,714.0,714.0,2380.0,2380.0,9520,476.0,714.0,2380.0
145738,Seica Mica,277.95,277.95,926.5,926.5,3706,185.3,277.95,926.5,277.95,277.95,926.5,926.5,3706,185.3,277.95,926.5
145765,Sura Mare,684.75,684.75,2282.5,2282.5,9130,456.5,684.75,2282.5,684.75,684.75,2282.5,2282.5,9130,456.5,684.75,2282.5
145792,Sura Mica,457.2,457.2,1524.0,1524.0,6096,304.8,457.2,1524.0,457.2,457.2,1524.0,1524.0,6096,304.8,457.2,1524.0
145827,Oras Talmaciu,1225.5,1225.5,4085.0,4085.0,16340,817.0,1225.5,4085.0,1225.5,1225.5,4085.0,4085.0,16340,817.0,1225.5,4085.0
145907,Tilisca,226.35,226.35,754.5,754.5,3018,150.9,226.35,754.5,226.35,226.35,754.5,754.5,3018,150.9,226.35,754.5
145934,Turnu Rosu,363.45,363.45,1211.5,1211.5,4846,242.3,363.45,1211.5,363.45,363.45,1211.5,1211.5,4846,242.3,363.45,1211.5
145961,Valea Viilor,338.1,338.1,1127.0,1127.0,4508,225.4,338.1,1127.0,338.1,338.1,1127.0,1127.0,4508,225.4,338.1,1127.0
145998,Vurpar,432.75,432.75,1442.5,1442.5,5770,288.5,432.75,1442.5,432.75,432.75,1442.5,1442.5,5770,288.5,432.75,1442.5
146012,Alma,297.3,297.3,991.0,991.0,3964,198.2,297.3,991.0,297.3,297.3,991.0,991.0,3964,198.2,297.3,991.0
146021,Boita,252.15,252.15,840.5,840.5,3362,168.1,252.15,840.5,252.15,252.15,840.5,840.5,3362,168.1,252.15,840.5
146263,Municipiul Suceava,17499.9,17499.9,58333.0,58333.0,233332,11666.6,17499.9,58333.0,17499.9,17499.9,58333.0,58333.0,233332,11666.6,17499.9,58333.0
146281,Ipotesti,1086.3,1086.3,3621.0,3621.0,14484,724.2,1086.3,3621.0,1086.3,1086.3,3621.0,3621.0,14484,724.2,1086.3,3621.0
146325,Mitocu Dragomirnei,771.75,771.75,2572.5,2572.5,10290,514.5,771.75,2572.5,771.75,771.75,2572.5,2572.5,10290,514.5,771.75,2572.5
146370,Oras Salcea,1573.35,1573.35,5244.5,5244.5,20978,1048.9,1573.35,5244.5,1573.35,1573.35,5244.5,5244.5,20978,1048.9,1573.35,5244.5
146432,Scheia,1643.7,1643.7,5479.0,5479.0,21916,1095.8,1643.7,5479.0,1643.7,1643.7,5479.0,5479.0,21916,1095.8,1643.7,5479.0
146502,Municipiul Campulung Moldovenesc,3023.7,3023.7,10079.0,10079.0,40316,2015.8,3023.7,10079.0,3023.7,3023.7,10079.0,10079.0,40316,2015.8,3023.7,10079.0
146539,Municipiul Falticeni,4741.8,4741.8,15806.0,15806.0,63224,3161.2,4741.8,15806.0,4741.8,4741.8,15806.0,15806.0,63224,3161.2,4741.8,15806.0
146584,Oras Gura Humorului,2561.1,2561.1,8537.0,8537.0,34148,1707.4,2561.1,8537.0,2561.1,2561.1,8537.0,8537.0,34148,1707.4,2561.1,8537.0
146628,Municipiul Radauti,4984.05,4984.05,16613.5,16613.5,66454,3322.7,4984.05,16613.5,4984.05,4984.05,16613.5,16613.5,66454,3322.7,4984.05,16613.5
146655,Oras Siret,1459.8,1459.8,4866.0,4866.0,19464,973.2,1459.8,4866.0,1459.8,1459.8,4866.0,4866.0,19464,973.2,1459.8,4866.0
146708,Oras Solca,394.5,394.5,1315.0,1315.0,5260,263.0,394.5,1315.0,394.5,394.5,1315.0,1315.0,5260,263.0,394.5,1315.0
146744,Municipiul Vatra Dornei,2577.9,2577.9,8593.0,8593.0,34372,1718.6,2577.9,8593.0,2577.9,2577.9,8593.0,8593.0,34372,1718.6,2577.9,8593.0
146799,Adancata,653.25,653.25,2177.5,2177.5,8710,435.5,653.25,2177.5,653.25,653.25,2177.5,2177.5,8710,435.5,653.25,2177.5
146860,Arbore,1133.25,1133.25,3777.5,3777.5,15110,755.5,1133.25,3777.5,1133.25,1133.25,3777.5,3777.5,15110,755.5,1133.25,3777.5
146904,Baia,1122.75,1122.75,3742.5,3742.5,14970,748.5,1122.75,3742.5,1122.75,1122.75,3742.5,3742.5,14970,748.5,1122.75,3742.5
146931,Oras Milisauti,819.9,819.9,2733.0,2733.0,10932,546.6,819.9,2733.0,819.9,819.9,2733.0,2733.0,10932,546.6,819.9,2733.0
146995,Balcauti,475.35,475.35,1584.5,1584.5,6338,316.9,475.35,1584.5,475.35,475.35,1584.5,1584.5,6338,316.9,475.35,1584.5
147036,Bilca,583.35,583.35,1944.5,1944.5,7778,388.9,583.35,1944.5,583.35,583.35,1944.5,1944.5,7778,388.9,583.35,1944.5
147054,Bogdanesti,623.85,623.85,2079.5,2079.5,8318,415.9,623.85,2079.5,623.85,623.85,2079.5,2079.5,8318,415.9,623.85,2079.5
147072,Boroaia,719.1,719.1,2397.0,2397.0,9588,479.4,719.1,2397.0,719.1,719.1,2397.0,2397.0,9588,479.4,719.1,2397.0
147134,Bosanci,1169.25,1169.25,3897.5,3897.5,15590,779.5,1169.25,3897.5,1169.25,1169.25,3897.5,3897.5,15590,779.5,1169.25,3897.5
147161,Botosana,393.3,393.3,1311.0,1311.0,5244,262.2,393.3,1311.0,393.3,393.3,1311.0,1311.0,5244,262.2,393.3,1311.0
147205,Breaza,241.05,241.05,803.5,803.5,3214,160.7,241.05,803.5,241.05,241.05,803.5,803.5,3214,160.7,241.05,803.5
147241,Brodina,597.6,597.6,1992.0,1992.0,7968,398.4,597.6,1992.0,597.6,597.6,1992.0,1992.0,7968,398.4,597.6,1992.0
147358,Oras Brosteni,976.35,976.35,3254.5,3254.5,13018,650.9,976.35,3254.5,976.35,976.35,3254.5,3254.5,13018,650.9,976.35,3254.5
147465,Bunesti,415.35,415.35,1384.5,1384.5,5538,276.9,415.35,1384.5,415.35,415.35,1384.5,1384.5,5538,276.9,415.35,1384.5
147526,Cacica,659.1,659.1,2197.0,2197.0,8788,439.4,659.1,2197.0,659.1,659.1,2197.0,2197.0,8788,439.4,659.1,2197.0
147580,Calafindesti,447.3,447.3,1491.0,1491.0,5964,298.2,447.3,1491.0,447.3,447.3,1491.0,1491.0,5964,298.2,447.3,1491.0
147633,Oras Cajvana,1420.65,1420.65,4735.5,4735.5,18942,947.1,1420.65,4735.5,1420.65,1420.65,4735.5,4735.5,18942,947.1,1420.65,4735.5
147660,Ilisesti,436.05,436.05,1453.5,1453.5,5814,290.7,436.05,1453.5,436.05,436.05,1453.5,1453.5,5814,290.7,436.05,1453.5
147713,Carlibaba,290.25,290.25,967.5,967.5,3870,193.5,290.25,967.5,290.25,290.25,967.5,967.5,3870,193.5,290.25,967.5
147786,Cornu Luncii,1108.35,1108.35,3694.5,3694.5,14778,738.9,1108.35,3694.5,1108.35,1108.35,3694.5,3694.5,14778,738.9,1108.35,3694.5
147884,Crucea,315.15,315.15,1050.5,1050.5,4202,210.1,315.15,1050.5,315.15,315.15,1050.5,1050.5,4202,210.1,315.15,1050.5
147937,Darmanesti,884.55,884.55,2948.5,2948.5,11794,589.7,884.55,2948.5,884.55,884.55,2948.5,2948.5,11794,589.7,884.55,2948.5
148006,Oras Dolhasca,1719.75,1719.75,5732.5,5732.5,22930,1146.5,1719.75,5732.5,1719.75,1719.75,5732.5,5732.5,22930,1146.5,1719.75,5732.5
148097,Dolhesti,575.55,575.55,1918.5,1918.5,7674,383.7,575.55,1918.5,575.55,575.55,1918.5,1918.5,7674,383.7,575.55,1918.5
148131,Dorna-Arini,436.95,436.95,1456.5,1456.5,5826,291.3,436.95,1456.5,436.95,436.95,1456.5,1456.5,5826,291.3,436.95,1456.5
148202,Dorna Candrenilor,460.65,460.65,1535.5,1535.5,6142,307.1,460.65,1535.5,460.65,460.65,1535.5,1535.5,6142,307.1,460.65,1535.5
148293,Dornesti,726.0,726.0,2420.0,2420.0,9680,484.0,726.0,2420.0,726.0,726.0,2420.0,2420.0,9680,484.0,726.0,2420.0
148328,Dragoiesti,389.55,389.55,1298.5,1298.5,5194,259.7,389.55,1298.5,389.55,389.55,1298.5,1298.5,5194,259.7,389.55,1298.5
148382,Draguseni,394.2,394.2,1314.0,1314.0,5256,262.8,394.2,1314.0,394.2,394.2,1314.0,1314.0,5256,262.8,394.2,1314.0
148426,Dumbraveni,1448.7,1448.7,4829.0,4829.0,19316,965.8,1448.7,4829.0,1448.7,1448.7,4829.0,4829.0,19316,965.8,1448.7,4829.0
148453,Fantanele,715.35,715.35,2384.5,2384.5,9538,476.9,715.35,2384.5,715.35,715.35,2384.5,2384.5,9538,476.9,715.35,2384.5
148514,Forasti,705.3,705.3,2351.0,2351.0,9404,470.2,705.3,2351.0,705.3,705.3,2351.0,2351.0,9404,470.2,705.3,2351.0
148612,Oras Frasin,995.25,995.25,3317.5,3317.5,13270,663.5,995.25,3317.5,995.25,995.25,3317.5,3317.5,13270,663.5,995.25,3317.5
148667,Fratautii Noi,882.75,882.75,2942.5,2942.5,11770,588.5,882.75,2942.5,882.75,882.75,2942.5,2942.5,11770,588.5,882.75,2942.5
148694,Fratautii Vechi,798.3,798.3,2661.0,2661.0,10644,532.2,798.3,2661.0,798.3,798.3,2661.0,2661.0,10644,532.2,798.3,2661.0
148729,Frumosu,524.4,524.4,1748.0,1748.0,6992,349.6,524.4,1748.0,524.4,524.4,1748.0,1748.0,6992,349.6,524.4,1748.0
148765,Fundu Moldovei,607.5,607.5,2025.0,2025.0,8100,405.0,607.5,2025.0,607.5,607.5,2025.0,2025.0,8100,405.0,607.5,2025.0
148872,Galanesti,427.65,427.65,1425.5,1425.5,5702,285.1,427.65,1425.5,427.65,427.65,1425.5,1425.5,5702,285.1,427.65,1425.5
148916,Gramesti,448.8,448.8,1496.0,1496.0,5984,299.2,448.8,1496.0,448.8,448.8,1496.0,1496.0,5984,299.2,448.8,1496.0
148970,Granicesti,846.45,846.45,2821.5,2821.5,11286,564.3,846.45,2821.5,846.45,846.45,2821.5,2821.5,11286,564.3,846.45,2821.5
149049,Horodniceni,552.9,552.9,1843.0,1843.0,7372,368.6,552.9,1843.0,552.9,552.9,1843.0,1843.0,7372,368.6,552.9,1843.0
149101,Horodnic De Jos,368.7,368.7,1229.0,1229.0,4916,245.8,368.7,1229.0,368.7,368.7,1229.0,1229.0,4916,245.8,368.7,1229.0
149138,Iacobeni,322.95,322.95,1076.5,1076.5,4306,215.3,322.95,1076.5,322.95,322.95,1076.5,1076.5,4306,215.3,322.95,1076.5
149183,Izvoarele Sucevei,335.25,335.25,1117.5,1117.5,4470,223.5,335.25,1117.5,335.25,335.25,1117.5,1117.5,4470,223.5,335.25,1117.5
149227,Oras Liteni,1553.85,1553.85,5179.5,5179.5,20718,1035.9,1553.85,5179.5,1553.85,1553.85,5179.5,5179.5,20718,1035.9,1553.85,5179.5
149290,Marginea,1659.15,1659.15,5530.5,5530.5,22122,1106.1,1659.15,5530.5,1659.15,1659.15,5530.5,5530.5,22122,1106.1,1659.15,5530.5
149316,Malini,1176.3,1176.3,3921.0,3921.0,15684,784.2,1176.3,3921.0,1176.3,1176.3,3921.0,3921.0,15684,784.2,1176.3,3921.0
149370,Manastirea Humorului,559.8,559.8,1866.0,1866.0,7464,373.2,559.8,1866.0,559.8,559.8,1866.0,1866.0,7464,373.2,559.8,1866.0
149414,Moara,831.9,831.9,2773.0,2773.0,11092,554.6,831.9,2773.0,831.9,831.9,2773.0,2773.0,11092,554.6,831.9,2773.0
149502,Moldova-Sulita,311.25,311.25,1037.5,1037.5,4150,207.5,311.25,1037.5,311.25,311.25,1037.5,1037.5,4150,207.5,311.25,1037.5
149539,Moldovita,789.15,789.15,2630.5,2630.5,10522,526.1,789.15,2630.5,789.15,789.15,2630.5,2630.5,10522,526.1,789.15,2630.5
149584,Musenita,283.8,283.8,946.0,946.0,3784,189.2,283.8,946.0,283.8,283.8,946.0,946.0,3784,189.2,283.8,946.0
149655,Ostra,476.4,476.4,1588.0,1588.0,6352,317.6,476.4,1588.0,476.4,476.4,1588.0,1588.0,6352,317.6,476.4,1588.0
149682,Panaci,344.1,344.1,1147.0,1147.0,4588,229.4,344.1,1147.0,344.1,344.1,1147.0,1147.0,4588,229.4,344.1,1147.0
149753,Paltinoasa,902.85,902.85,3009.5,3009.5,12038,601.9,902.85,3009.5,902.85,902.85,3009.5,3009.5,12038,601.9,902.85,3009.5
149780,Partestii De Jos,419.55,419.55,1398.5,1398.5,5594,279.7,419.55,1398.5,419.55,419.55,1398.5,1398.5,5594,279.7,419.55,1398.5
149833,Patrauti,807.15,807.15,2690.5,2690.5,10762,538.1,807.15,2690.5,807.15,807.15,2690.5,2690.5,10762,538.1,807.15,2690.5
149851,Poiana Stampei,346.05,346.05,1153.5,1153.5,4614,230.7,346.05,1153.5,346.05,346.05,1153.5,1153.5,4614,230.7,346.05,1153.5
149931,Pojorata,451.05,451.05,1503.5,1503.5,6014,300.7,451.05,1503.5,451.05,451.05,1503.5,1503.5,6014,300.7,451.05,1503.5
149968,Preutesti,1066.95,1066.95,3556.5,3556.5,14226,711.3,1066.95,3556.5,1066.95,1066.95,3556.5,3556.5,14226,711.3,1066.95,3556.5
150043,Putna,583.65,583.65,1945.5,1945.5,7782,389.1,583.65,1945.5,583.65,583.65,1945.5,1945.5,7782,389.1,583.65,1945.5
150070,Radaseni,634.35,634.35,2114.5,2114.5,8458,422.9,634.35,2114.5,634.35,634.35,2114.5,2114.5,8458,422.9,634.35,2114.5
150114,Rasca,775.2,775.2,2584.0,2584.0,10336,516.8,775.2,2584.0,775.2,775.2,2584.0,2584.0,10336,516.8,775.2,2584.0
150178,Sadova,376.2,376.2,1254.0,1254.0,5016,250.8,376.2,1254.0,376.2,376.2,1254.0,1254.0,5016,250.8,376.2,1254.0
150196,Satu Mare,692.1,692.1,2307.0,2307.0,9228,461.4,692.1,2307.0,692.1,692.1,2307.0,2307.0,9228,461.4,692.1,2307.0
150221,Siminicea,446.25,446.25,1487.5,1487.5,5950,297.5,446.25,1487.5,446.25,446.25,1487.5,1487.5,5950,297.5,446.25,1487.5
150258,Slatina,840.15,840.15,2800.5,2800.5,11202,560.1,840.15,2800.5,840.15,840.15,2800.5,2800.5,11202,560.1,840.15,2800.5
150294,Straja,887.1,887.1,2957.0,2957.0,11828,591.4,887.1,2957.0,887.1,887.1,2957.0,2957.0,11828,591.4,887.1,2957.0
150310,Stroiesti,503.4,503.4,1678.0,1678.0,6712,335.6,503.4,1678.0,503.4,503.4,1678.0,1678.0,6712,335.6,503.4,1678.0
150356,Stulpicani,914.4,914.4,3048.0,3048.0,12192,609.6,914.4,3048.0,914.4,914.4,3048.0,3048.0,12192,609.6,914.4,3048.0
150418,Sucevita,475.95,475.95,1586.5,1586.5,6346,317.3,475.95,1586.5,475.95,475.95,1586.5,1586.5,6346,317.3,475.95,1586.5
150445,Saru Dornei,636.0,636.0,2120.0,2120.0,8480,424.0,636.0,2120.0,636.0,636.0,2120.0,2120.0,8480,424.0,636.0,2120.0
150524,Todiresti,805.5,805.5,2685.0,2685.0,10740,537.0,805.5,2685.0,805.5,805.5,2685.0,2685.0,10740,537.0,805.5,2685.0
150588,Udesti,1195.5,1195.5,3985.0,3985.0,15940,797.0,1195.5,3985.0,1195.5,1195.5,3985.0,3985.0,15940,797.0,1195.5,3985.0
150702,Ulma,342.3,342.3,1141.0,1141.0,4564,228.2,342.3,1141.0,342.3,342.3,1141.0,1141.0,4564,228.2,342.3,1141.0
150766,Vadu Moldovei,684.6,684.6,2282.0,2282.0,9128,456.4,684.6,2282.0,684.6,684.6,2282.0,2282.0,9128,456.4,684.6,2282.0
150891,Valea Moldovei,668.7,668.7,2229.0,2229.0,8916,445.8,668.7,2229.0,668.7,668.7,2229.0,2229.0,8916,445.8,668.7,2229.0
150935,Vama,928.35,928.35,3094.5,3094.5,12378,618.9,928.35,3094.5,928.35,928.35,3094.5,3094.5,12378,618.9,928.35,3094.5
150980,Vatra Moldovitei,669.15,669.15,2230.5,2230.5,8922,446.1,669.15,2230.5,669.15,669.15,2230.5,2230.5,8922,446.1,669.15,2230.5
151022,Veresti,1114.2,1114.2,3714.0,3714.0,14856,742.8,1114.2,3714.0,1114.2,1114.2,3714.0,3714.0,14856,742.8,1114.2,3714.0
151077,Vicovu De Jos,978.3,978.3,3261.0,3261.0,13044,652.2,978.3,3261.0,978.3,978.3,3261.0,3261.0,13044,652.2,978.3,3261.0
151095,Oras Vicovu De Sus,2426.4,2426.4,8088.0,8088.0,32352,1617.6,2426.4,8088.0,2426.4,2426.4,8088.0,8088.0,32352,1617.6,2426.4,8088.0
151120,Volovat,856.65,856.65,2855.5,2855.5,11422,571.1,856.65,2855.5,856.65,856.65,2855.5,2855.5,11422,571.1,856.65,2855.5
151157,Vulturesti,539.55,539.55,1798.5,1798.5,7194,359.7,539.55,1798.5,539.55,539.55,1798.5,1798.5,7194,359.7,539.55,1798.5
151246,Zamostea,466.65,466.65,1555.5,1555.5,6222,311.1,466.65,1555.5,466.65,466.65,1555.5,1555.5,6222,311.1,466.65,1555.5
151344,Zvoristea,919.5,919.5,3065.0,3065.0,12260,613.0,919.5,3065.0,919.5,919.5,3065.0,3065.0,12260,613.0,919.5,3065.0
151433,Comanesti,356.55,356.55,1188.5,1188.5,4754,237.7,356.55,1188.5,356.55,356.55,1188.5,1188.5,4754,237.7,356.55,1188.5
151442,Iaslovat,663.0,663.0,2210.0,2210.0,8840,442.0,663.0,2210.0,663.0,663.0,2210.0,2210.0,8840,442.0,663.0,2210.0
151451,Ciocanesti,217.2,217.2,724.0,724.0,2896,144.8,217.2,724.0,217.2,217.2,724.0,724.0,2896,144.8,217.2,724.0
151460,Serbauti,490.8,490.8,1636.0,1636.0,6544,327.2,490.8,1636.0,490.8,490.8,1636.0,1636.0,6544,327.2,490.8,1636.0
151479,Horodnic De Sus,787.05,787.05,2623.5,2623.5,10494,524.7,787.05,2623.5,787.05,787.05,2623.5,2623.5,10494,524.7,787.05,2623.5
151488,Fantana Mare,391.35,391.35,1304.5,1304.5,5218,260.9,391.35,1304.5,391.35,391.35,1304.5,1304.5,5218,260.9,391.35,1304.5
151497,Cosna,225.3,225.3,751.0,751.0,3004,150.2,225.3,751.0,225.3,225.3,751.0,751.0,3004,150.2,225.3,751.0
151503,Capu Campului,373.35,373.35,1244.5,1244.5,4978,248.9,373.35,1244.5,373.35,373.35,1244.5,1244.5,4978,248.9,373.35,1244.5
151512,Hantesti,595.05,595.05,1983.5,1983.5,7934,396.7,595.05,1983.5,595.05,595.05,1983.5,1983.5,7934,396.7,595.05,1983.5
151521,Burla,353.85,353.85,1179.5,1179.5,4718,235.9,353.85,1179.5,353.85,353.85,1179.5,1179.5,4718,235.9,353.85,1179.5
151530,Balaceana,231.3,231.3,771.0,771.0,3084,154.2,231.3,771.0,231.3,231.3,771.0,771.0,3084,154.2,231.3,771.0
151549,Hartop,391.35,391.35,1304.5,1304.5,5218,260.9,391.35,1304.5,391.35,391.35,1304.5,1304.5,5218,260.9,391.35,1304.5
151558,Voitinel,739.05,739.05,2463.5,2463.5,9854,492.7,739.05,2463.5,739.05,739.05,2463.5,2463.5,9854,492.7,739.05,2463.5
151567,Ciprian Porumbescu,325.2,325.2,1084.0,1084.0,4336,216.8,325.2,1084.0,325.2,325.2,1084.0,1084.0,4336,216.8,325.2,1084.0
151576,Berchisesti,442.65,442.65,1475.5,1475.5,5902,295.1,442.65,1475.5,442.65,442.65,1475.5,1475.5,5902,295.1,442.65,1475.5
151585,Poieni-Solca,319.8,319.8,1066.0,1066.0,4264,213.2,319.8,1066.0,319.8,319.8,1066.0,1066.0,4264,213.2,319.8,1066.0
151683,Municipiul Turnu Magurele,4502.1,4502.1,15007.0,15007.0,60028,3001.4,4502.1,15007.0,4502.1,4502.1,15007.0,15007.0,60028,3001.4,4502.1,15007.0
151709,Ciuperceni,232.5,232.5,775.0,775.0,3100,155.0,232.5,775.0,232.5,232.5,775.0,775.0,3100,155.0,232.5,775.0
151736,Islaz,794.4,794.4,2648.0,2648.0,10592,529.6,794.4,2648.0,794.4,794.4,2648.0,2648.0,10592,529.6,794.4,2648.0
151763,Lita,391.95,391.95,1306.5,1306.5,5226,261.3,391.95,1306.5,391.95,391.95,1306.5,1306.5,5226,261.3,391.95,1306.5
151790,Municipiul Alexandria,7820.25,7820.25,26067.5,26067.5,104270,5213.5,7820.25,26067.5,7820.25,7820.25,26067.5,26067.5,104270,5213.5,7820.25,26067.5
151816,Nanov,536.4,536.4,1788.0,1788.0,7152,357.6,536.4,1788.0,536.4,536.4,1788.0,1788.0,7152,357.6,536.4,1788.0
151834,Poroschia,680.7,680.7,2269.0,2269.0,9076,453.8,680.7,2269.0,680.7,680.7,2269.0,2269.0,9076,453.8,680.7,2269.0
151870,Municipiul Rosiori De Vede,4895.55,4895.55,16318.5,16318.5,65274,3263.7,4895.55,16318.5,4895.55,4895.55,16318.5,16318.5,65274,3263.7,4895.55,16318.5
151905,Oras Videle,1764.75,1764.75,5882.5,5882.5,23530,1176.5,1764.75,5882.5,1764.75,1764.75,5882.5,5882.5,23530,1176.5,1764.75,5882.5
151932,Crevenicu,220.35,220.35,734.5,734.5,2938,146.9,220.35,734.5,220.35,220.35,734.5,734.5,2938,146.9,220.35,734.5
151978,Oras Zimnicea,2316.75,2316.75,7722.5,7722.5,30890,1544.5,2316.75,7722.5,2316.75,2316.75,7722.5,7722.5,30890,1544.5,2316.75,7722.5
151996,Balaci,254.85,254.85,849.5,849.5,3398,169.9,254.85,849.5,254.85,254.85,849.5,849.5,3398,169.9,254.85,849.5
152038,Babaita,444.3,444.3,1481.0,1481.0,5924,296.2,444.3,1481.0,444.3,444.3,1481.0,1481.0,5924,296.2,444.3,1481.0
152083,Blejesti,576.3,576.3,1921.0,1921.0,7684,384.2,576.3,1921.0,576.3,576.3,1921.0,1921.0,7684,384.2,576.3,1921.0
152127,Bogdana,332.25,332.25,1107.5,1107.5,4430,221.5,332.25,1107.5,332.25,332.25,1107.5,1107.5,4430,221.5,332.25,1107.5
152172,Botoroaga,765.15,765.15,2550.5,2550.5,10202,510.1,765.15,2550.5,765.15,765.15,2550.5,2550.5,10202,510.1,765.15,2550.5
152234,Bragadiru,577.35,577.35,1924.5,1924.5,7698,384.9,577.35,1924.5,577.35,577.35,1924.5,1924.5,7698,384.9,577.35,1924.5
152252,Branceni,416.25,416.25,1387.5,1387.5,5550,277.5,416.25,1387.5,416.25,416.25,1387.5,1387.5,5550,277.5,416.25,1387.5
152270,Bujoreni,152.1,152.1,507.0,507.0,2028,101.4,152.1,507.0,152.1,152.1,507.0,507.0,2028,101.4,152.1,507.0
152314,Bujoru,293.1,293.1,977.0,977.0,3908,195.4,293.1,977.0,293.1,293.1,977.0,977.0,3908,195.4,293.1,977.0
152332,Buzescu,659.7,659.7,2199.0,2199.0,8796,439.8,659.7,2199.0,659.7,659.7,2199.0,2199.0,8796,439.8,659.7,2199.0
152350,Calinesti,472.65,472.65,1575.5,1575.5,6302,315.1,472.65,1575.5,472.65,472.65,1575.5,1575.5,6302,315.1,472.65,1575.5
152412,Calmatuiu,283.8,283.8,946.0,946.0,3784,189.2,283.8,946.0,283.8,283.8,946.0,946.0,3784,189.2,283.8,946.0
152467,Calmatuiu De Sus,327.45,327.45,1091.5,1091.5,4366,218.3,327.45,1091.5,327.45,327.45,1091.5,1091.5,4366,218.3,327.45,1091.5
152500,Cervenia,440.85,440.85,1469.5,1469.5,5878,293.9,440.85,1469.5,440.85,440.85,1469.5,1469.5,5878,293.9,440.85,1469.5
152528,Ciolanesti,409.8,409.8,1366.0,1366.0,5464,273.2,409.8,1366.0,409.8,409.8,1366.0,1366.0,5464,273.2,409.8,1366.0
152564,Contesti,482.55,482.55,1608.5,1608.5,6434,321.7,482.55,1608.5,482.55,482.55,1608.5,1608.5,6434,321.7,482.55,1608.5
152582,Cosmesti,388.5,388.5,1295.0,1295.0,5180,259.0,388.5,1295.0,388.5,388.5,1295.0,1295.0,5180,259.0,388.5,1295.0
152617,Crangeni,421.2,421.2,1404.0,1404.0,5616,280.8,421.2,1404.0,421.2,421.2,1404.0,1404.0,5616,280.8,421.2,1404.0
152662,Crangu,218.7,218.7,729.0,729.0,2916,145.8,218.7,729.0,218.7,218.7,729.0,729.0,2916,145.8,218.7,729.0
152724,Didesti,181.95,181.95,606.5,606.5,2426,121.3,181.95,606.5,181.95,181.95,606.5,606.5,2426,121.3,181.95,606.5
152760,Dobrotesti,666.6,666.6,2222.0,2222.0,8888,444.4,666.6,2222.0,666.6,666.6,2222.0,2222.0,8888,444.4,666.6,2222.0
152797,Dracsenei,266.1,266.1,887.0,887.0,3548,177.4,266.1,887.0,266.1,266.1,887.0,887.0,3548,177.4,266.1,887.0
152868,Draganesti De Vede,319.65,319.65,1065.5,1065.5,4262,213.1,319.65,1065.5,319.65,319.65,1065.5,1065.5,4262,213.1,319.65,1065.5
152902,Draganesti-Vlasca,626.1,626.1,2087.0,2087.0,8348,417.4,626.1,2087.0,626.1,626.1,2087.0,2087.0,8348,417.4,626.1,2087.0
152948,Furculesti,509.4,509.4,1698.0,1698.0,6792,339.6,509.4,1698.0,509.4,509.4,1698.0,1698.0,6792,339.6,509.4,1698.0
152993,Frumoasa,299.4,299.4,998.0,998.0,3992,199.6,299.4,998.0,299.4,299.4,998.0,998.0,3992,199.6,299.4,998.0
153026,Galateni,405.6,405.6,1352.0,1352.0,5408,270.4,405.6,1352.0,405.6,405.6,1352.0,1352.0,5408,270.4,405.6,1352.0
153062,Gratia,400.95,400.95,1336.5,1336.5,5346,267.3,400.95,1336.5,400.95,400.95,1336.5,1336.5,5346,267.3,400.95,1336.5
153106,Izvoarele,366.15,366.15,1220.5,1220.5,4882,244.1,366.15,1220.5,366.15,366.15,1220.5,1220.5,4882,244.1,366.15,1220.5
153124,Lisa,340.95,340.95,1136.5,1136.5,4546,227.3,340.95,1136.5,340.95,340.95,1136.5,1136.5,4546,227.3,340.95,1136.5
153151,Lunca,521.1,521.1,1737.0,1737.0,6948,347.4,521.1,1737.0,521.1,521.1,1737.0,1737.0,6948,347.4,521.1,1737.0
153204,Mavrodin,366.15,366.15,1220.5,1220.5,4882,244.1,366.15,1220.5,366.15,366.15,1220.5,1220.5,4882,244.1,366.15,1220.5
153240,Magura,402.9,402.9,1343.0,1343.0,5372,268.6,402.9,1343.0,402.9,402.9,1343.0,1343.0,5372,268.6,402.9,1343.0
153277,Maldaeni,632.85,632.85,2109.5,2109.5,8438,421.9,632.85,2109.5,632.85,632.85,2109.5,2109.5,8438,421.9,632.85,2109.5
153295,Mereni,428.85,428.85,1429.5,1429.5,5718,285.9,428.85,1429.5,428.85,428.85,1429.5,1429.5,5718,285.9,428.85,1429.5
153339,Marzanesti,556.2,556.2,1854.0,1854.0,7416,370.8,556.2,1854.0,556.2,556.2,1854.0,1854.0,7416,370.8,556.2,1854.0
153384,Mosteni,222.9,222.9,743.0,743.0,2972,148.6,222.9,743.0,222.9,222.9,743.0,743.0,2972,148.6,222.9,743.0
153400,Nasturelu,398.1,398.1,1327.0,1327.0,5308,265.4,398.1,1327.0,398.1,398.1,1327.0,1327.0,5308,265.4,398.1,1327.0
153437,Necsesti,166.95,166.95,556.5,556.5,2226,111.3,166.95,556.5,166.95,166.95,556.5,556.5,2226,111.3,166.95,556.5
153473,Olteni,475.65,475.65,1585.5,1585.5,6342,317.1,475.65,1585.5,475.65,475.65,1585.5,1585.5,6342,317.1,475.65,1585.5
153507,Orbeasca,1125.6,1125.6,3752.0,3752.0,15008,750.4,1125.6,3752.0,1125.6,1125.6,3752.0,3752.0,15008,750.4,1125.6,3752.0
153543,Peretu,1068.9,1068.9,3563.0,3563.0,14252,712.6,1068.9,3563.0,1068.9,1068.9,3563.0,3563.0,14252,712.6,1068.9,3563.0
153561,Piatra,469.05,469.05,1563.5,1563.5,6254,312.7,469.05,1563.5,469.05,469.05,1563.5,1563.5,6254,312.7,469.05,1563.5
153589,Pietrosani,416.55,416.55,1388.5,1388.5,5554,277.7,416.55,1388.5,416.55,416.55,1388.5,1388.5,5554,277.7,416.55,1388.5
153605,Plosca,861.9,861.9,2873.0,2873.0,11492,574.6,861.9,2873.0,861.9,861.9,2873.0,2873.0,11492,574.6,861.9,2873.0
153623,Plopii-Slavitesti,373.2,373.2,1244.0,1244.0,4976,248.8,373.2,1244.0,373.2,373.2,1244.0,1244.0,4976,248.8,373.2,1244.0
153696,Poeni,442.05,442.05,1473.5,1473.5,5894,294.7,442.05,1473.5,442.05,442.05,1473.5,1473.5,5894,294.7,442.05,1473.5
153776,Vitanesti,420.6,420.6,1402.0,1402.0,5608,280.4,420.6,1402.0,420.6,420.6,1402.0,1402.0,5608,280.4,420.6,1402.0
153829,Putineiu,313.65,313.65,1045.5,1045.5,4182,209.1,313.65,1045.5,313.65,313.65,1045.5,1045.5,4182,209.1,313.65,1045.5
153865,Radoiesti,306.3,306.3,1021.0,1021.0,4084,204.2,306.3,1021.0,306.3,306.3,1021.0,1021.0,4084,204.2,306.3,1021.0
153909,Rasmiresti,126.45,126.45,421.5,421.5,1686,84.3,126.45,421.5,126.45,126.45,421.5,421.5,1686,84.3,126.45,421.5
153936,Salcia,400.35,400.35,1334.5,1334.5,5338,266.9,400.35,1334.5,400.35,400.35,1334.5,1334.5,5338,266.9,400.35,1334.5
153972,Saceni,185.1,185.1,617.0,617.0,2468,123.4,185.1,617.0,185.1,185.1,617.0,617.0,2468,123.4,185.1,617.0
154013,Scrioastea,581.85,581.85,1939.5,1939.5,7758,387.9,581.85,1939.5,581.85,581.85,1939.5,1939.5,7758,387.9,581.85,1939.5
154068,Scurtu Mare,248.25,248.25,827.5,827.5,3310,165.5,248.25,827.5,248.25,248.25,827.5,827.5,3310,165.5,248.25,827.5
154139,Seaca,357.45,357.45,1191.5,1191.5,4766,238.3,357.45,1191.5,357.45,357.45,1191.5,1191.5,4766,238.3,357.45,1191.5
154166,Sfintesti,174.6,174.6,582.0,582.0,2328,116.4,174.6,582.0,174.6,174.6,582.0,582.0,2328,116.4,174.6,582.0
154184,Segarcea-Vale,456.6,456.6,1522.0,1522.0,6088,304.4,456.6,1522.0,456.6,456.6,1522.0,1522.0,6088,304.4,456.6,1522.0
154228,Silistea,350.25,350.25,1167.5,1167.5,4670,233.5,350.25,1167.5,350.25,350.25,1167.5,1167.5,4670,233.5,350.25,1167.5
154282,Silistea-Gumesti,373.05,373.05,1243.5,1243.5,4974,248.7,373.05,1243.5,373.05,373.05,1243.5,1243.5,4974,248.7,373.05,1243.5
154308,Sarbeni,213.3,213.3,711.0,711.0,2844,142.2,213.3,711.0,213.3,213.3,711.0,711.0,2844,142.2,213.3,711.0
154344,Slobozia Mandra,250.95,250.95,836.5,836.5,3346,167.3,250.95,836.5,250.95,250.95,836.5,836.5,3346,167.3,250.95,836.5
154380,Smardioasa,364.05,364.05,1213.5,1213.5,4854,242.7,364.05,1213.5,364.05,364.05,1213.5,1213.5,4854,242.7,364.05,1213.5
154415,Stejaru,268.8,268.8,896.0,896.0,3584,179.2,268.8,896.0,268.8,268.8,896.0,896.0,3584,179.2,268.8,896.0
154460,Suhaia,333.6,333.6,1112.0,1112.0,4448,222.4,333.6,1112.0,333.6,333.6,1112.0,1112.0,4448,222.4,333.6,1112.0
154497,Storobaneasa,472.05,472.05,1573.5,1573.5,6294,314.7,472.05,1573.5,472.05,472.05,1573.5,1573.5,6294,314.7,472.05,1573.5
154521,Talpa,280.5,280.5,935.0,935.0,3740,187.0,280.5,935.0,280.5,280.5,935.0,935.0,3740,187.0,280.5,935.0
154585,Tatarastii De Jos,519.15,519.15,1730.5,1730.5,6922,346.1,519.15,1730.5,519.15,519.15,1730.5,1730.5,6922,346.1,519.15,1730.5
154665,Tatarastii De Sus,456.3,456.3,1521.0,1521.0,6084,304.2,456.3,1521.0,456.3,456.3,1521.0,1521.0,6084,304.2,456.3,1521.0
154709,Toporu,288.6,288.6,962.0,962.0,3848,192.4,288.6,962.0,288.6,288.6,962.0,962.0,3848,192.4,288.6,962.0
154736,Traian,273.6,273.6,912.0,912.0,3648,182.4,273.6,912.0,273.6,273.6,912.0,912.0,3648,182.4,273.6,912.0
154754,Trivalea-Mosteni,399.3,399.3,1331.0,1331.0,5324,266.2,399.3,1331.0,399.3,399.3,1331.0,1331.0,5324,266.2,399.3,1331.0
154790,Troianul,432.9,432.9,1443.0,1443.0,5772,288.6,432.9,1443.0,432.9,432.9,1443.0,1443.0,5772,288.6,432.9,1443.0
154834,Tiganesti,751.65,751.65,2505.5,2505.5,10022,501.1,751.65,2505.5,751.65,751.65,2505.5,2505.5,10022,501.1,751.65,2505.5
154852,Vedea,435.6,435.6,1452.0,1452.0,5808,290.4,435.6,1452.0,435.6,435.6,1452.0,1452.0,5808,290.4,435.6,1452.0
154914,Viisoara,253.8,253.8,846.0,846.0,3384,169.2,253.8,846.0,253.8,253.8,846.0,846.0,3384,169.2,253.8,846.0
154932,Vartoape,412.8,412.8,1376.0,1376.0,5504,275.2,412.8,1376.0,412.8,412.8,1376.0,1376.0,5504,275.2,412.8,1376.0
154978,Zambreasca,211.5,211.5,705.0,705.0,2820,141.0,211.5,705.0,211.5,211.5,705.0,705.0,2820,141.0,211.5,705.0
154996,Nenciulesti,355.5,355.5,1185.0,1185.0,4740,237.0,355.5,1185.0,355.5,355.5,1185.0,1185.0,4740,237.0,355.5,1185.0
155083,Beciu,244.5,244.5,815.0,815.0,3260,163.0,244.5,815.0,244.5,244.5,815.0,815.0,3260,163.0,244.5,815.0
155092,Beuca,198.6,198.6,662.0,662.0,2648,132.4,198.6,662.0,198.6,198.6,662.0,662.0,2648,132.4,198.6,662.0
155109,Dracea,243.45,243.45,811.5,811.5,3246,162.3,243.45,811.5,243.45,243.45,811.5,811.5,3246,162.3,243.45,811.5
155118,Fantanele,236.7,236.7,789.0,789.0,3156,157.8,236.7,789.0,236.7,236.7,789.0,789.0,3156,157.8,236.7,789.0
155127,Frasinet,366.6,366.6,1222.0,1222.0,4888,244.4,366.6,1222.0,366.6,366.6,1222.0,1222.0,4888,244.4,366.6,1222.0
155136,Purani,220.95,220.95,736.5,736.5,2946,147.3,220.95,736.5,220.95,220.95,736.5,736.5,2946,147.3,220.95,736.5
155145,Saelele,339.6,339.6,1132.0,1132.0,4528,226.4,339.6,1132.0,339.6,339.6,1132.0,1132.0,4528,226.4,339.6,1132.0
155154,Uda-Clocociov,235.95,235.95,786.5,786.5,3146,157.3,235.95,786.5,235.95,235.95,786.5,786.5,3146,157.3,235.95,786.5
155243,Municipiul Timisoara,49981.5,49981.5,166605.0,166605.0,666420,33321.0,49981.5,166605.0,49981.5,49981.5,166605.0,166605.0,666420,33321.0,49981.5,166605.0
155261,Dumbravita,1257.45,1257.45,4191.5,4191.5,16766,838.3,1257.45,4191.5,1257.45,1257.45,4191.5,4191.5,16766,838.3,1257.45,4191.5
155289,Ghiroda,1003.8,1003.8,3346.0,3346.0,13384,669.2,1003.8,3346.0,1003.8,1003.8,3346.0,3346.0,13384,669.2,1003.8,3346.0
155314,Giroc,1672.2,1672.2,5574.0,5574.0,22296,1114.8,1672.2,5574.0,1672.2,1672.2,5574.0,5574.0,22296,1114.8,1672.2,5574.0
155350,Municipiul Lugoj,7160.55,7160.55,23868.5,23868.5,95474,4773.7,7160.55,23868.5,7160.55,7160.55,23868.5,23868.5,95474,4773.7,7160.55,23868.5
155403,Oras Buzias,1255.8,1255.8,4186.0,4186.0,16744,837.2,1255.8,4186.0,1255.8,1255.8,4186.0,4186.0,16744,837.2,1255.8,4186.0
155458,Oras Deta,1146.3,1146.3,3821.0,3821.0,15284,764.2,1146.3,3821.0,1146.3,1146.3,3821.0,3821.0,15284,764.2,1146.3,3821.0
155494,Oras Jimbolia,2043.3,2043.3,6811.0,6811.0,27244,1362.2,2043.3,6811.0,2043.3,2043.3,6811.0,6811.0,27244,1362.2,2043.3,6811.0
155528,Oras Sannicolau Mare,2204.55,2204.55,7348.5,7348.5,29394,1469.7,2204.55,7348.5,2204.55,2204.55,7348.5,7348.5,29394,1469.7,2204.55,7348.5
155546,Balint,240.15,240.15,800.5,800.5,3202,160.1,240.15,800.5,240.15,240.15,800.5,800.5,3202,160.1,240.15,800.5
155591,Banloc,459.6,459.6,1532.0,1532.0,6128,306.4,459.6,1532.0,459.6,459.6,1532.0,1532.0,6128,306.4,459.6,1532.0
155662,Bara,48.45,48.45,161.5,161.5,646,32.3,48.45,161.5,48.45,48.45,161.5,161.5,646,32.3,48.45,161.5
155724,Beba Veche,238.95,238.95,796.5,796.5,3186,159.3,238.95,796.5,238.95,238.95,796.5,796.5,3186,159.3,238.95,796.5
155760,Becicherecu Mic,474.9,474.9,1583.0,1583.0,6332,316.6,474.9,1583.0,474.9,474.9,1583.0,1583.0,6332,316.6,474.9,1583.0
155797,Belint,389.85,389.85,1299.5,1299.5,5198,259.9,389.85,1299.5,389.85,389.85,1299.5,1299.5,5198,259.9,389.85,1299.5
155840,Bethausen,420.45,420.45,1401.5,1401.5,5606,280.3,420.45,1401.5,420.45,420.45,1401.5,1401.5,5606,280.3,420.45,1401.5
155911,Biled,607.35,607.35,2024.5,2024.5,8098,404.9,607.35,2024.5,607.35,607.35,2024.5,2024.5,8098,404.9,607.35,2024.5
155957,Barna,235.05,235.05,783.5,783.5,3134,156.7,235.05,783.5,235.05,235.05,783.5,783.5,3134,156.7,235.05,783.5
156035,Bogda,69.9,69.9,233.0,233.0,932,46.6,69.9,233.0,69.9,69.9,233.0,233.0,932,46.6,69.9,233.0
156106,Boldur,348.3,348.3,1161.0,1161.0,4644,232.2,348.3,1161.0,348.3,348.3,1161.0,1161.0,4644,232.2,348.3,1161.0
156151,Brestovat,104.4,104.4,348.0,348.0,1392,69.6,104.4,348.0,104.4,104.4,348.0,348.0,1392,69.6,104.4,348.0
156213,Carpinis,848.7,848.7,2829.0,2829.0,11316,565.8,848.7,2829.0,848.7,848.7,2829.0,2829.0,11316,565.8,848.7,2829.0
156259,Cenad,729.15,729.15,2430.5,2430.5,9722,486.1,729.15,2430.5,729.15,729.15,2430.5,2430.5,9722,486.1,729.15,2430.5
156277,Cenei,464.55,464.55,1548.5,1548.5,6194,309.7,464.55,1548.5,464.55,464.55,1548.5,1548.5,6194,309.7,464.55,1548.5
156311,Cheveresu Mare,336.75,336.75,1122.5,1122.5,4490,224.5,336.75,1122.5,336.75,336.75,1122.5,1122.5,4490,224.5,336.75,1122.5
156357,Oras Ciacova,805.95,805.95,2686.5,2686.5,10746,537.3,805.95,2686.5,805.95,805.95,2686.5,2686.5,10746,537.3,805.95,2686.5
156437,Comlosu Mare,819.6,819.6,2732.0,2732.0,10928,546.4,819.6,2732.0,819.6,819.6,2732.0,2732.0,10928,546.4,819.6,2732.0
156473,Costeiu,579.3,579.3,1931.0,1931.0,7724,386.2,579.3,1931.0,579.3,579.3,1931.0,1931.0,7724,386.2,579.3,1931.0
156534,Criciova,241.2,241.2,804.0,804.0,3216,160.8,241.2,804.0,241.2,241.2,804.0,804.0,3216,160.8,241.2,804.0
156589,Curtea,189.0,189.0,630.0,630.0,2520,126.0,189.0,630.0,189.0,189.0,630.0,630.0,2520,126.0,189.0,630.0
156623,Darova,501.9,501.9,1673.0,1673.0,6692,334.6,501.9,1673.0,501.9,501.9,1673.0,1673.0,6692,334.6,501.9,1673.0
156669,Denta,474.15,474.15,1580.5,1580.5,6322,316.1,474.15,1580.5,474.15,474.15,1580.5,1580.5,6322,316.1,474.15,1580.5
156712,Dudestii Vechi,663.0,663.0,2210.0,2210.0,8840,442.0,663.0,2210.0,663.0,663.0,2210.0,2210.0,8840,442.0,663.0,2210.0
156767,Dumbrava,416.85,416.85,1389.5,1389.5,5558,277.9,416.85,1389.5,416.85,416.85,1389.5,1389.5,5558,277.9,416.85,1389.5
156801,Oras Faget,1137.45,1137.45,3791.5,3791.5,15166,758.3,1137.45,3791.5,1137.45,1137.45,3791.5,3791.5,15166,758.3,1137.45,3791.5
156927,Fardea,261.45,261.45,871.5,871.5,3486,174.3,261.45,871.5,261.45,261.45,871.5,871.5,3486,174.3,261.45,871.5
157004,Foeni,270.3,270.3,901.0,901.0,3604,180.2,270.3,901.0,270.3,270.3,901.0,901.0,3604,180.2,270.3,901.0
157031,Gavojdia,443.1,443.1,1477.0,1477.0,5908,295.4,443.1,1477.0,443.1,443.1,1477.0,1477.0,5908,295.4,443.1,1477.0
157086,Oras Gataia,974.4,974.4,3248.0,3248.0,12992,649.6,974.4,3248.0,974.4,974.4,3248.0,3248.0,12992,649.6,974.4,3248.0
157193,Ghizela,176.85,176.85,589.5,589.5,2358,117.9,176.85,589.5,176.85,176.85,589.5,589.5,2358,117.9,176.85,589.5
157246,Giarmata,1083.3,1083.3,3611.0,3611.0,14444,722.2,1083.3,3611.0,1083.3,1083.3,3611.0,3611.0,14444,722.2,1083.3,3611.0
157273,Giera,218.85,218.85,729.5,729.5,2918,145.9,218.85,729.5,218.85,218.85,729.5,729.5,2918,145.9,218.85,729.5
157317,Giulvaz,482.55,482.55,1608.5,1608.5,6434,321.7,482.55,1608.5,482.55,482.55,1608.5,1608.5,6434,321.7,482.55,1608.5
157362,Jamu Mare,462.3,462.3,1541.0,1541.0,6164,308.2,462.3,1541.0,462.3,462.3,1541.0,1541.0,6164,308.2,462.3,1541.0
157424,Jebel,539.25,539.25,1797.5,1797.5,7190,359.5,539.25,1797.5,539.25,539.25,1797.5,1797.5,7190,359.5,539.25,1797.5
157451,Lenauheim,957.3,957.3,3191.0,3191.0,12764,638.2,957.3,3191.0,957.3,957.3,3191.0,3191.0,12764,638.2,957.3,3191.0
157497,Liebling,611.25,611.25,2037.5,2037.5,8150,407.5,611.25,2037.5,611.25,611.25,2037.5,2037.5,8150,407.5,611.25,2037.5
157530,Lovrin,634.5,634.5,2115.0,2115.0,8460,423.0,634.5,2115.0,634.5,634.5,2115.0,2115.0,8460,423.0,634.5,2115.0
157585,Margina,342.75,342.75,1142.5,1142.5,4570,228.5,342.75,1142.5,342.75,342.75,1142.5,1142.5,4570,228.5,342.75,1142.5
157683,Masloc,371.4,371.4,1238.0,1238.0,4952,247.6,371.4,1238.0,371.4,371.4,1238.0,1238.0,4952,247.6,371.4,1238.0
157736,Manastiur,259.65,259.65,865.5,865.5,3462,173.1,259.65,865.5,259.65,259.65,865.5,865.5,3462,173.1,259.65,865.5
157781,Moravita,406.35,406.35,1354.5,1354.5,5418,270.9,406.35,1354.5,406.35,406.35,1354.5,1354.5,5418,270.9,406.35,1354.5
157834,Mosnita Noua,1127.7,1127.7,3759.0,3759.0,15036,751.8,1127.7,3759.0,1127.7,1127.7,3759.0,3759.0,15036,751.8,1127.7,3759.0
157898,Nadrag,438.45,438.45,1461.5,1461.5,5846,292.3,438.45,1461.5,438.45,438.45,1461.5,1461.5,5846,292.3,438.45,1461.5
157923,Nitchidorf,251.85,251.85,839.5,839.5,3358,167.9,251.85,839.5,251.85,251.85,839.5,839.5,3358,167.9,251.85,839.5
157969,Ohaba Lunga,152.7,152.7,509.0,509.0,2036,101.8,152.7,509.0,152.7,152.7,509.0,509.0,2036,101.8,152.7,509.0
158010,Ortisoara,688.95,688.95,2296.5,2296.5,9186,459.3,688.95,2296.5,688.95,688.95,2296.5,2296.5,9186,459.3,688.95,2296.5
158065,Peciu Nou,827.25,827.25,2757.5,2757.5,11030,551.5,827.25,2757.5,827.25,827.25,2757.5,2757.5,11030,551.5,827.25,2757.5
158109,Periam,757.65,757.65,2525.5,2525.5,10102,505.1,757.65,2525.5,757.65,757.65,2525.5,2525.5,10102,505.1,757.65,2525.5
158136,Pietroasa,159.6,159.6,532.0,532.0,2128,106.4,159.6,532.0,159.6,159.6,532.0,532.0,2128,106.4,159.6,532.0
158181,Pischia,469.8,469.8,1566.0,1566.0,6264,313.2,469.8,1566.0,469.8,469.8,1566.0,1566.0,6264,313.2,469.8,1566.0
158243,Racovita,434.4,434.4,1448.0,1448.0,5792,289.6,434.4,1448.0,434.4,434.4,1448.0,1448.0,5792,289.6,434.4,1448.0
158314,Oras Recas,1428.6,1428.6,4762.0,4762.0,19048,952.4,1428.6,4762.0,1428.6,1428.6,4762.0,4762.0,19048,952.4,1428.6,4762.0
158396,Remetea Mare,385.95,385.95,1286.5,1286.5,5146,257.3,385.95,1286.5,385.95,385.95,1286.5,1286.5,5146,257.3,385.95,1286.5
158449,Sacosu Turcesc,472.95,472.95,1576.5,1576.5,6306,315.3,472.95,1576.5,472.95,472.95,1576.5,1576.5,6306,315.3,472.95,1576.5
158528,Satchinez,754.35,754.35,2514.5,2514.5,10058,502.9,754.35,2514.5,754.35,754.35,2514.5,2514.5,10058,502.9,754.35,2514.5
158564,Sacalaz,1299.75,1299.75,4332.5,4332.5,17330,866.5,1299.75,4332.5,1299.75,1299.75,4332.5,4332.5,17330,866.5,1299.75,4332.5
158608,Secas,56.4,56.4,188.0,188.0,752,37.6,56.4,188.0,56.4,56.4,188.0,188.0,752,37.6,56.4,188.0
158653,Sanandrei,1026.45,1026.45,3421.5,3421.5,13686,684.3,1026.45,3421.5,1026.45,1026.45,3421.5,3421.5,13686,684.3,1026.45,3421.5
158699,Sanmihaiu Roman,1070.1,1070.1,3567.0,3567.0,14268,713.4,1070.1,3567.0,1070.1,1070.1,3567.0,3567.0,14268,713.4,1070.1,3567.0
158733,Sanpetru Mare,537.45,537.45,1791.5,1791.5,7166,358.3,537.45,1791.5,537.45,537.45,1791.5,1791.5,7166,358.3,537.45,1791.5
158779,Sag,507.3,507.3,1691.0,1691.0,6764,338.2,507.3,1691.0,507.3,507.3,1691.0,1691.0,6764,338.2,507.3,1691.0
158804,Stiuca,318.75,318.75,1062.5,1062.5,4250,212.5,318.75,1062.5,318.75,318.75,1062.5,1062.5,4250,212.5,318.75,1062.5
158859,Teremia Mare,725.25,725.25,2417.5,2417.5,9670,483.5,725.25,2417.5,725.25,725.25,2417.5,2417.5,9670,483.5,725.25,2417.5
158895,Tomesti,313.5,313.5,1045.0,1045.0,4180,209.0,313.5,1045.0,313.5,313.5,1045.0,1045.0,4180,209.0,313.5,1045.0
158966,Topolovatu Mare,380.55,380.55,1268.5,1268.5,5074,253.7,380.55,1268.5,380.55,380.55,1268.5,1268.5,5074,253.7,380.55,1268.5
159035,Tormac,424.8,424.8,1416.0,1416.0,5664,283.2,424.8,1416.0,424.8,424.8,1416.0,1416.0,5664,283.2,424.8,1416.0
159071,Traian Vuia,321.9,321.9,1073.0,1073.0,4292,214.6,321.9,1073.0,321.9,321.9,1073.0,1073.0,4292,214.6,321.9,1073.0
159142,Uivar,457.5,457.5,1525.0,1525.0,6100,305.0,457.5,1525.0,457.5,457.5,1525.0,1525.0,6100,305.0,457.5,1525.0
159213,Varias,956.4,956.4,3188.0,3188.0,12752,637.6,956.4,3188.0,956.4,956.4,3188.0,3188.0,12752,637.6,956.4,3188.0
159259,Victor Vlad Delamarina,426.15,426.15,1420.5,1420.5,5682,284.1,426.15,1420.5,426.15,426.15,1420.5,1420.5,5682,284.1,426.15,1420.5
159339,Voiteg,358.65,358.65,1195.5,1195.5,4782,239.1,358.65,1195.5,358.65,358.65,1195.5,1195.5,4782,239.1,358.65,1195.5
159366,Birda,309.75,309.75,1032.5,1032.5,4130,206.5,309.75,1032.5,309.75,309.75,1032.5,1032.5,4130,206.5,309.75,1032.5
159375,Checea,319.65,319.65,1065.5,1065.5,4262,213.1,319.65,1065.5,319.65,319.65,1065.5,1065.5,4262,213.1,319.65,1065.5
159384,Dudestii Noi,495.6,495.6,1652.0,1652.0,6608,330.4,495.6,1652.0,495.6,495.6,1652.0,1652.0,6608,330.4,495.6,1652.0
159393,Fibis,248.85,248.85,829.5,829.5,3318,165.9,248.85,829.5,248.85,248.85,829.5,829.5,3318,165.9,248.85,829.5
159400,Ghilad,307.35,307.35,1024.5,1024.5,4098,204.9,307.35,1024.5,307.35,307.35,1024.5,1024.5,4098,204.9,307.35,1024.5
159419,Gottlob,397.05,397.05,1323.5,1323.5,5294,264.7,397.05,1323.5,397.05,397.05,1323.5,1323.5,5294,264.7,397.05,1323.5
159428,Iecea Mare,403.95,403.95,1346.5,1346.5,5386,269.3,403.95,1346.5,403.95,403.95,1346.5,1346.5,5386,269.3,403.95,1346.5
159437,Parta,349.05,349.05,1163.5,1163.5,4654,232.7,349.05,1163.5,349.05,349.05,1163.5,1163.5,4654,232.7,349.05,1163.5
159446,Padureni,259.95,259.95,866.5,866.5,3466,173.3,259.95,866.5,259.95,259.95,866.5,866.5,3466,173.3,259.95,866.5
159455,Saravale,442.8,442.8,1476.0,1476.0,5904,295.2,442.8,1476.0,442.8,442.8,1476.0,1476.0,5904,295.2,442.8,1476.0
159464,Sandra,463.95,463.95,1546.5,1546.5,6186,309.3,463.95,1546.5,463.95,463.95,1546.5,1546.5,6186,309.3,463.95,1546.5
159473,Tomnatic,567.9,567.9,1893.0,1893.0,7572,378.6,567.9,1893.0,567.9,567.9,1893.0,1893.0,7572,378.6,567.9,1893.0
159482,Valcani,208.95,208.95,696.5,696.5,2786,139.3,208.95,696.5,208.95,208.95,696.5,696.5,2786,139.3,208.95,696.5
159491,Livezile,262.95,262.95,876.5,876.5,3506,175.3,262.95,876.5,262.95,262.95,876.5,876.5,3506,175.3,262.95,876.5
159507,Pesac,343.35,343.35,1144.5,1144.5,4578,228.9,343.35,1144.5,343.35,343.35,1144.5,1144.5,4578,228.9,343.35,1144.5
159516,Bucovat,257.85,257.85,859.5,859.5,3438,171.9,257.85,859.5,257.85,257.85,859.5,859.5,3438,171.9,257.85,859.5
159525,Otelec,278.1,278.1,927.0,927.0,3708,185.4,278.1,927.0,278.1,278.1,927.0,927.0,3708,185.4,278.1,927.0
159614,Municipiul Tulcea,13462.05,13462.05,44873.5,44873.5,179494,8974.7,13462.05,44873.5,13462.05,13462.05,44873.5,44873.5,179494,8974.7,13462.05,44873.5
159650,Oras Babadag,1598.4,1598.4,5328.0,5328.0,21312,1065.6,1598.4,5328.0,1598.4,1598.4,5328.0,5328.0,21312,1065.6,1598.4,5328.0
159687,Oras Isaccea,798.15,798.15,2660.5,2660.5,10642,532.1,798.15,2660.5,798.15,798.15,2660.5,2660.5,10642,532.1,798.15,2660.5
159730,Oras Macin,1665.0,1665.0,5550.0,5550.0,22200,1110.0,1665.0,5550.0,1665.0,1665.0,5550.0,5550.0,22200,1110.0,1665.0,5550.0
159767,Oras Sulina,615.9,615.9,2053.0,2053.0,8212,410.6,615.9,2053.0,615.9,615.9,2053.0,2053.0,8212,410.6,615.9,2053.0
159785,Baia,685.65,685.65,2285.5,2285.5,9142,457.1,685.65,2285.5,685.65,685.65,2285.5,2285.5,9142,457.1,685.65,2285.5
159847,Beidaud,248.4,248.4,828.0,828.0,3312,165.6,248.4,828.0,248.4,248.4,828.0,828.0,3312,165.6,248.4,828.0
159883,C.a. Rosetti,129.9,129.9,433.0,433.0,1732,86.6,129.9,433.0,129.9,129.9,433.0,433.0,1732,86.6,129.9,433.0
159945,Carcaliu,452.55,452.55,1508.5,1508.5,6034,301.7,452.55,1508.5,452.55,452.55,1508.5,1508.5,6034,301.7,452.55,1508.5
159963,Casimcea,452.1,452.1,1507.0,1507.0,6028,301.4,452.1,1507.0,452.1,452.1,1507.0,1507.0,6028,301.4,452.1,1507.0
160047,Ceatalchioi,103.5,103.5,345.0,345.0,1380,69.0,103.5,345.0,103.5,103.5,345.0,345.0,1380,69.0,103.5,345.0
160092,Ceamurlia De Jos,376.05,376.05,1253.5,1253.5,5014,250.7,376.05,1253.5,376.05,376.05,1253.5,1253.5,5014,250.7,376.05,1253.5
160127,Cerna,578.25,578.25,1927.5,1927.5,7710,385.5,578.25,1927.5,578.25,578.25,1927.5,1927.5,7710,385.5,578.25,1927.5
160172,Chilia Veche,319.35,319.35,1064.5,1064.5,4258,212.9,319.35,1064.5,319.35,319.35,1064.5,1064.5,4258,212.9,319.35,1064.5
160225,Ciucurova,336.45,336.45,1121.5,1121.5,4486,224.3,336.45,1121.5,336.45,336.45,1121.5,1121.5,4486,224.3,336.45,1121.5
160261,Crisan,185.1,185.1,617.0,617.0,2468,123.4,185.1,617.0,185.1,185.1,617.0,617.0,2468,123.4,185.1,617.0
160305,Daeni,309.6,309.6,1032.0,1032.0,4128,206.4,309.6,1032.0,309.6,309.6,1032.0,1032.0,4128,206.4,309.6,1032.0
160323,Dorobantu,227.4,227.4,758.0,758.0,3032,151.6,227.4,758.0,227.4,227.4,758.0,758.0,3032,151.6,227.4,758.0
160387,Frecatei,547.05,547.05,1823.5,1823.5,7294,364.7,547.05,1823.5,547.05,547.05,1823.5,1823.5,7294,364.7,547.05,1823.5
160430,Greci,793.95,793.95,2646.5,2646.5,10586,529.3,793.95,2646.5,793.95,793.95,2646.5,2646.5,10586,529.3,793.95,2646.5
160458,Grindu,211.5,211.5,705.0,705.0,2820,141.0,211.5,705.0,211.5,211.5,705.0,705.0,2820,141.0,211.5,705.0
160476,Hamcearca,202.05,202.05,673.5,673.5,2694,134.7,202.05,673.5,202.05,202.05,673.5,673.5,2694,134.7,202.05,673.5
160528,Horia,218.7,218.7,729.0,729.0,2916,145.8,218.7,729.0,218.7,218.7,729.0,729.0,2916,145.8,218.7,729.0
160564,Izvoarele,320.25,320.25,1067.5,1067.5,4270,213.5,320.25,1067.5,320.25,320.25,1067.5,1067.5,4270,213.5,320.25,1067.5
160617,Jijila,847.35,847.35,2824.5,2824.5,11298,564.9,847.35,2824.5,847.35,847.35,2824.5,2824.5,11298,564.9,847.35,2824.5
160644,Jurilovca,693.9,693.9,2313.0,2313.0,9252,462.6,693.9,2313.0,693.9,693.9,2313.0,2313.0,9252,462.6,693.9,2313.0
160680,Luncavita,648.15,648.15,2160.5,2160.5,8642,432.1,648.15,2160.5,648.15,648.15,2160.5,2160.5,8642,432.1,648.15,2160.5
160724,Mahmudia,412.35,412.35,1374.5,1374.5,5498,274.9,412.35,1374.5,412.35,412.35,1374.5,1374.5,5498,274.9,412.35,1374.5
160779,Maliuc,142.8,142.8,476.0,476.0,1904,95.2,142.8,476.0,142.8,142.8,476.0,476.0,1904,95.2,142.8,476.0
160831,Mihai Bravu,404.4,404.4,1348.0,1348.0,5392,269.6,404.4,1348.0,404.4,404.4,1348.0,1348.0,5392,269.6,404.4,1348.0
160877,Mihail Kogalniceanu,493.05,493.05,1643.5,1643.5,6574,328.7,493.05,1643.5,493.05,493.05,1643.5,1643.5,6574,328.7,493.05,1643.5
160911,Murighiol,529.5,529.5,1765.0,1765.0,7060,353.0,529.5,1765.0,529.5,529.5,1765.0,1765.0,7060,353.0,529.5,1765.0
160993,Nalbant,426.75,426.75,1422.5,1422.5,5690,284.5,426.75,1422.5,426.75,426.75,1422.5,1422.5,5690,284.5,426.75,1422.5
161035,Niculitel,727.5,727.5,2425.0,2425.0,9700,485.0,727.5,2425.0,727.5,727.5,2425.0,2425.0,9700,485.0,727.5,2425.0
161053,Nufaru,402.0,402.0,1340.0,1340.0,5360,268.0,402.0,1340.0,402.0,402.0,1340.0,1340.0,5360,268.0,402.0,1340.0
161106,Ostrov,315.3,315.3,1051.0,1051.0,4204,210.2,315.3,1051.0,315.3,315.3,1051.0,1051.0,4204,210.2,315.3,1051.0
161133,Pardina,87.45,87.45,291.5,291.5,1166,58.3,87.45,291.5,87.45,87.45,291.5,291.5,1166,58.3,87.45,291.5
161151,Peceneaga,268.95,268.95,896.5,896.5,3586,179.3,268.95,896.5,268.95,268.95,896.5,896.5,3586,179.3,268.95,896.5
161179,Sarichioi,1027.95,1027.95,3426.5,3426.5,13706,685.3,1027.95,3426.5,1027.95,1027.95,3426.5,3426.5,13706,685.3,1027.95,3426.5
161231,Sfantu Gheorghe,125.4,125.4,418.0,418.0,1672,83.6,125.4,418.0,125.4,125.4,418.0,418.0,1672,83.6,125.4,418.0
161259,Slava Cercheza,357.15,357.15,1190.5,1190.5,4762,238.1,357.15,1190.5,357.15,357.15,1190.5,1190.5,4762,238.1,357.15,1190.5
161286,Smardan,172.95,172.95,576.5,576.5,2306,115.3,172.95,576.5,172.95,172.95,576.5,576.5,2306,115.3,172.95,576.5
161302,Somova,733.95,733.95,2446.5,2446.5,9786,489.3,733.95,2446.5,733.95,733.95,2446.5,2446.5,9786,489.3,733.95,2446.5
161348,Stejaru,237.3,237.3,791.0,791.0,3164,158.2,237.3,791.0,237.3,237.3,791.0,791.0,3164,158.2,237.3,791.0
161384,Topolog,703.95,703.95,2346.5,2346.5,9386,469.3,703.95,2346.5,703.95,703.95,2346.5,2346.5,9386,469.3,703.95,2346.5
161464,Turcoaia,520.95,520.95,1736.5,1736.5,6946,347.3,520.95,1736.5,520.95,520.95,1736.5,1736.5,6946,347.3,520.95,1736.5
161482,Valea Nucarilor,527.85,527.85,1759.5,1759.5,7038,351.9,527.85,1759.5,527.85,527.85,1759.5,1759.5,7038,351.9,527.85,1759.5
161525,I.c.bratianu,179.4,179.4,598.0,598.0,2392,119.6,179.4,598.0,179.4,179.4,598.0,598.0,2392,119.6,179.4,598.0
161543,Vacareni,333.0,333.0,1110.0,1110.0,4440,222.0,333.0,1110.0,333.0,333.0,1110.0,1110.0,4440,222.0,333.0,1110.0
161552,Bestepe,274.05,274.05,913.5,913.5,3654,182.7,274.05,913.5,274.05,274.05,913.5,913.5,3654,182.7,274.05,913.5
161561,Valea Teilor,228.15,228.15,760.5,760.5,3042,152.1,228.15,760.5,228.15,228.15,760.5,760.5,3042,152.1,228.15,760.5
161794,Municipiul Barlad,10938.9,10938.9,36463.0,36463.0,145852,7292.6,10938.9,36463.0,10938.9,10938.9,36463.0,36463.0,145852,7292.6,10938.9,36463.0
161829,Municipiul Husi,4577.4,4577.4,15258.0,15258.0,61032,3051.6,4577.4,15258.0,4577.4,4577.4,15258.0,15258.0,61032,3051.6,4577.4,15258.0
161856,Oras Negresti,1570.35,1570.35,5234.5,5234.5,20938,1046.9,1570.35,5234.5,1570.35,1570.35,5234.5,5234.5,20938,1046.9,1570.35,5234.5
161945,Municipiul Vaslui,14723.85,14723.85,49079.5,49079.5,196318,9815.9,14723.85,49079.5,14723.85,14723.85,49079.5,49079.5,196318,9815.9,14723.85,49079.5
162014,Albesti,462.9,462.9,1543.0,1543.0,6172,308.6,462.9,1543.0,462.9,462.9,1543.0,1543.0,6172,308.6,462.9,1543.0
162069,Alexandru Vlahuta,238.95,238.95,796.5,796.5,3186,159.3,238.95,796.5,238.95,238.95,796.5,796.5,3186,159.3,238.95,796.5
162149,Arsura,245.1,245.1,817.0,817.0,3268,163.4,245.1,817.0,245.1,245.1,817.0,817.0,3268,163.4,245.1,817.0
162194,Banca,876.3,876.3,2921.0,2921.0,11684,584.2,876.3,2921.0,876.3,876.3,2921.0,2921.0,11684,584.2,876.3,2921.0
162327,Bacani,464.1,464.1,1547.0,1547.0,6188,309.4,464.1,1547.0,464.1,464.1,1547.0,1547.0,6188,309.4,464.1,1547.0
162381,Bacesti,721.95,721.95,2406.5,2406.5,9626,481.3,721.95,2406.5,721.95,721.95,2406.5,2406.5,9626,481.3,721.95,2406.5
162452,Balteni,232.5,232.5,775.0,775.0,3100,155.0,232.5,775.0,232.5,232.5,775.0,775.0,3100,155.0,232.5,775.0
162498,Berezeni,772.05,772.05,2573.5,2573.5,10294,514.7,772.05,2573.5,772.05,772.05,2573.5,2573.5,10294,514.7,772.05,2573.5
162559,Blagesti,213.0,213.0,710.0,710.0,2840,142.0,213.0,710.0,213.0,213.0,710.0,710.0,2840,142.0,213.0,710.0
162595,Bogdana,243.15,243.15,810.5,810.5,3242,162.1,243.15,810.5,243.15,243.15,810.5,810.5,3242,162.1,243.15,810.5
162693,Bogdanesti,500.7,500.7,1669.0,1669.0,6676,333.8,500.7,1669.0,500.7,500.7,1669.0,1669.0,6676,333.8,500.7,1669.0
162791,Bogdanita,236.25,236.25,787.5,787.5,3150,157.5,236.25,787.5,236.25,236.25,787.5,787.5,3150,157.5,236.25,787.5
162871,Botesti,314.4,314.4,1048.0,1048.0,4192,209.6,314.4,1048.0,314.4,314.4,1048.0,1048.0,4192,209.6,314.4,1048.0
162924,Bunesti-Averesti,398.55,398.55,1328.5,1328.5,5314,265.7,398.55,1328.5,398.55,398.55,1328.5,1328.5,5314,265.7,398.55,1328.5
163002,Codaesti,682.2,682.2,2274.0,2274.0,9096,454.8,682.2,2274.0,682.2,682.2,2274.0,2274.0,9096,454.8,682.2,2274.0
163057,Coroiesti,321.3,321.3,1071.0,1071.0,4284,214.2,321.3,1071.0,321.3,321.3,1071.0,1071.0,4284,214.2,321.3,1071.0
163137,Costesti,441.3,441.3,1471.0,1471.0,5884,294.2,441.3,1471.0,441.3,441.3,1471.0,1471.0,5884,294.2,441.3,1471.0
163208,Cretesti,268.65,268.65,895.5,895.5,3582,179.1,268.65,895.5,268.65,268.65,895.5,895.5,3582,179.1,268.65,895.5
163253,Danesti,333.9,333.9,1113.0,1113.0,4452,222.6,333.9,1113.0,333.9,333.9,1113.0,1113.0,4452,222.6,333.9,1113.0
163324,Deleni,355.8,355.8,1186.0,1186.0,4744,237.2,355.8,1186.0,355.8,355.8,1186.0,1186.0,4744,237.2,355.8,1186.0
163379,Delesti,352.8,352.8,1176.0,1176.0,4704,235.2,352.8,1176.0,352.8,352.8,1176.0,1176.0,4704,235.2,352.8,1176.0
163486,Dragomiresti,774.15,774.15,2580.5,2580.5,10322,516.1,774.15,2580.5,774.15,774.15,2580.5,2580.5,10322,516.1,774.15,2580.5
163618,Dranceni,714.3,714.3,2381.0,2381.0,9524,476.2,714.3,2381.0,714.3,714.3,2381.0,2381.0,9524,476.2,714.3,2381.0
163681,Duda-Epureni,696.3,696.3,2321.0,2321.0,9284,464.2,696.3,2321.0,696.3,696.3,2321.0,2321.0,9284,464.2,696.3,2321.0
163734,Dumesti,576.75,576.75,1922.5,1922.5,7690,384.5,576.75,1922.5,576.75,576.75,1922.5,1922.5,7690,384.5,576.75,1922.5
163789,Epureni,457.35,457.35,1524.5,1524.5,6098,304.9,457.35,1524.5,457.35,457.35,1524.5,1524.5,6098,304.9,457.35,1524.5
163832,Falciu,857.1,857.1,2857.0,2857.0,11428,571.4,857.1,2857.0,857.1,857.1,2857.0,2857.0,11428,571.4,857.1,2857.0
163903,Gagesti,300.9,300.9,1003.0,1003.0,4012,200.6,300.9,1003.0,300.9,300.9,1003.0,1003.0,4012,200.6,300.9,1003.0
163967,Gherghesti,421.2,421.2,1404.0,1404.0,5616,280.8,421.2,1404.0,421.2,421.2,1404.0,1404.0,5616,280.8,421.2,1404.0
164062,Garceni,385.95,385.95,1286.5,1286.5,5146,257.3,385.95,1286.5,385.95,385.95,1286.5,1286.5,5146,257.3,385.95,1286.5
164133,Grivita,552.0,552.0,1840.0,1840.0,7360,368.0,552.0,1840.0,552.0,552.0,1840.0,1840.0,7360,368.0,552.0,1840.0
164197,Hoceni,425.85,425.85,1419.5,1419.5,5678,283.9,425.85,1419.5,425.85,425.85,1419.5,1419.5,5678,283.9,425.85,1419.5
164277,Dimitrie Cantemir,393.45,393.45,1311.5,1311.5,5246,262.3,393.45,1311.5,393.45,393.45,1311.5,1311.5,5246,262.3,393.45,1311.5
164339,Iana,639.6,639.6,2132.0,2132.0,8528,426.4,639.6,2132.0,639.6,639.6,2132.0,2132.0,8528,426.4,639.6,2132.0
164393,Ivanesti,670.5,670.5,2235.0,2235.0,8940,447.0,670.5,2235.0,670.5,670.5,2235.0,2235.0,8940,447.0,670.5,2235.0
164543,Ivesti,416.55,416.55,1388.5,1388.5,5554,277.7,416.55,1388.5,416.55,416.55,1388.5,1388.5,5554,277.7,416.55,1388.5
164598,Laza,502.5,502.5,1675.0,1675.0,6700,335.0,502.5,1675.0,502.5,502.5,1675.0,1675.0,6700,335.0,502.5,1675.0
164687,Lipovat,632.25,632.25,2107.5,2107.5,8430,421.5,632.25,2107.5,632.25,632.25,2107.5,2107.5,8430,421.5,632.25,2107.5
164749,Lunca Banului,560.7,560.7,1869.0,1869.0,7476,373.8,560.7,1869.0,560.7,560.7,1869.0,1869.0,7476,373.8,560.7,1869.0
164829,Malusteni,352.5,352.5,1175.0,1175.0,4700,235.0,352.5,1175.0,352.5,352.5,1175.0,1175.0,4700,235.0,352.5,1175.0
164892,Miclesti,417.0,417.0,1390.0,1390.0,5560,278.0,417.0,1390.0,417.0,417.0,1390.0,1390.0,5560,278.0,417.0,1390.0
164936,Muntenii De Jos,640.95,640.95,2136.5,2136.5,8546,427.3,640.95,2136.5,640.95,640.95,2136.5,2136.5,8546,427.3,640.95,2136.5
164981,Oras Murgeni,1244.55,1244.55,4148.5,4148.5,16594,829.7,1244.55,4148.5,1244.55,1244.55,4148.5,4148.5,16594,829.7,1244.55,4148.5
165069,Oltenesti,406.95,406.95,1356.5,1356.5,5426,271.3,406.95,1356.5,406.95,406.95,1356.5,1356.5,5426,271.3,406.95,1356.5
165130,Osesti,516.6,516.6,1722.0,1722.0,6888,344.4,516.6,1722.0,516.6,516.6,1722.0,1722.0,6888,344.4,516.6,1722.0
165185,Padureni,610.65,610.65,2035.5,2035.5,8142,407.1,610.65,2035.5,610.65,610.65,2035.5,2035.5,8142,407.1,610.65,2035.5
165274,Perieni,562.35,562.35,1874.5,1874.5,7498,374.9,562.35,1874.5,562.35,562.35,1874.5,1874.5,7498,374.9,562.35,1874.5
165336,Poienesti,440.25,440.25,1467.5,1467.5,5870,293.5,440.25,1467.5,440.25,440.25,1467.5,1467.5,5870,293.5,440.25,1467.5
165416,Pogana,500.85,500.85,1669.5,1669.5,6678,333.9,500.85,1669.5,500.85,500.85,1669.5,1669.5,6678,333.9,500.85,1669.5
165470,Puiesti,744.9,744.9,2483.0,2483.0,9932,496.6,744.9,2483.0,744.9,744.9,2483.0,2483.0,9932,496.6,744.9,2483.0
165611,Pungesti,506.1,506.1,1687.0,1687.0,6748,337.4,506.1,1687.0,506.1,506.1,1687.0,1687.0,6748,337.4,506.1,1687.0
165719,Rebricea,564.0,564.0,1880.0,1880.0,7520,376.0,564.0,1880.0,564.0,564.0,1880.0,1880.0,7520,376.0,564.0,1880.0
165817,Rosiesti,490.35,490.35,1634.5,1634.5,6538,326.9,490.35,1634.5,490.35,490.35,1634.5,1634.5,6538,326.9,490.35,1634.5
165899,Solesti,575.55,575.55,1918.5,1918.5,7674,383.7,575.55,1918.5,575.55,575.55,1918.5,1918.5,7674,383.7,575.55,1918.5
165979,Stanilesti,836.7,836.7,2789.0,2789.0,11156,557.8,836.7,2789.0,836.7,836.7,2789.0,2789.0,11156,557.8,836.7,2789.0
166057,Stefan Cel Mare,525.75,525.75,1752.5,1752.5,7010,350.5,525.75,1752.5,525.75,525.75,1752.5,1752.5,7010,350.5,525.75,1752.5
166137,Suletea,356.85,356.85,1189.5,1189.5,4758,237.9,356.85,1189.5,356.85,356.85,1189.5,1189.5,4758,237.9,356.85,1189.5
166182,Tanacu,311.7,311.7,1039.0,1039.0,4156,207.8,311.7,1039.0,311.7,311.7,1039.0,1039.0,4156,207.8,311.7,1039.0
166235,Tacuta,506.25,506.25,1687.5,1687.5,6750,337.5,506.25,1687.5,506.25,506.25,1687.5,1687.5,6750,337.5,506.25,1687.5
166315,Tatarani,334.5,334.5,1115.0,1115.0,4460,223.0,334.5,1115.0,334.5,334.5,1115.0,1115.0,4460,223.0,334.5,1115.0
166413,Todiresti,503.55,503.55,1678.5,1678.5,6714,335.7,503.55,1678.5,503.55,503.55,1678.5,1678.5,6714,335.7,503.55,1678.5
166529,Tutova,583.35,583.35,1944.5,1944.5,7778,388.9,583.35,1944.5,583.35,583.35,1944.5,1944.5,7778,388.9,583.35,1944.5
166636,Valeni,758.85,758.85,2529.5,2529.5,10118,505.9,758.85,2529.5,758.85,758.85,2529.5,2529.5,10118,505.9,758.85,2529.5
166672,Vetrisoaia,478.95,478.95,1596.5,1596.5,6386,319.3,478.95,1596.5,478.95,478.95,1596.5,1596.5,6386,319.3,478.95,1596.5
166707,Viisoara,272.55,272.55,908.5,908.5,3634,181.7,272.55,908.5,272.55,272.55,908.5,908.5,3634,181.7,272.55,908.5
166770,Vinderei,626.7,626.7,2089.0,2089.0,8356,417.8,626.7,2089.0,626.7,626.7,2089.0,2089.0,8356,417.8,626.7,2089.0
166869,Voinesti,609.15,609.15,2030.5,2030.5,8122,406.1,609.15,2030.5,609.15,609.15,2030.5,2030.5,8122,406.1,609.15,2030.5
166985,Vulturesti,333.0,333.0,1110.0,1110.0,4440,222.0,333.0,1110.0,333.0,333.0,1110.0,1110.0,4440,222.0,333.0,1110.0
167035,Vutcani,300.9,300.9,1003.0,1003.0,4012,200.6,300.9,1003.0,300.9,300.9,1003.0,1003.0,4012,200.6,300.9,1003.0
167071,Zapodeni,574.35,574.35,1914.5,1914.5,7658,382.9,574.35,1914.5,574.35,574.35,1914.5,1914.5,7658,382.9,574.35,1914.5
167179,Zorleni,1482.6,1482.6,4942.0,4942.0,19768,988.4,1482.6,4942.0,1482.6,1482.6,4942.0,4942.0,19768,988.4,1482.6,4942.0
167222,Ibanesti,238.5,238.5,795.0,795.0,3180,159.0,238.5,795.0,238.5,238.5,795.0,795.0,3180,159.0,238.5,795.0
167231,Fruntiseni,284.1,284.1,947.0,947.0,3788,189.4,284.1,947.0,284.1,284.1,947.0,947.0,3788,189.4,284.1,947.0
167240,Rafaila,311.25,311.25,1037.5,1037.5,4150,207.5,311.25,1037.5,311.25,311.25,1037.5,1037.5,4150,207.5,311.25,1037.5
167259,Pogonesti,261.9,261.9,873.0,873.0,3492,174.6,261.9,873.0,261.9,261.9,873.0,873.0,3492,174.6,261.9,873.0
167268,Ciocani,256.5,256.5,855.0,855.0,3420,171.0,256.5,855.0,256.5,256.5,855.0,855.0,3420,171.0,256.5,855.0
167277,Cozmesti,356.1,356.1,1187.0,1187.0,4748,237.4,356.1,1187.0,356.1,356.1,1187.0,1187.0,4748,237.4,356.1,1187.0
167286,Dodesti,269.4,269.4,898.0,898.0,3592,179.6,269.4,898.0,269.4,269.4,898.0,898.0,3592,179.6,269.4,898.0
167295,Feresti,326.1,326.1,1087.0,1087.0,4348,217.4,326.1,1087.0,326.1,326.1,1087.0,1087.0,4348,217.4,326.1,1087.0
167302,Muntenii De Sus,644.55,644.55,2148.5,2148.5,8594,429.7,644.55,2148.5,644.55,644.55,2148.5,2148.5,8594,429.7,644.55,2148.5
167311,Pochidia,258.15,258.15,860.5,860.5,3442,172.1,258.15,860.5,258.15,258.15,860.5,860.5,3442,172.1,258.15,860.5
167320,Puscasi,551.25,551.25,1837.5,1837.5,7350,367.5,551.25,1837.5,551.25,551.25,1837.5,1837.5,7350,367.5,551.25,1837.5
167473,Municipiul Ramnicu Valcea,17824.8,17824.8,59416.0,59416.0,237664,11883.2,17824.8,59416.0,17824.8,17824.8,59416.0,59416.0,237664,11883.2,17824.8,59416.0
167641,Oras Baile Govora,430.2,430.2,1434.0,1434.0,5736,286.8,430.2,1434.0,430.2,430.2,1434.0,1434.0,5736,286.8,430.2,1434.0
167696,Oras Baile Olanesti,684.45,684.45,2281.5,2281.5,9126,456.3,684.45,2281.5,684.45,684.45,2281.5,2281.5,9126,456.3,684.45,2281.5
167794,Oras Brezoi,1082.1,1082.1,3607.0,3607.0,14428,721.4,1082.1,3607.0,1082.1,1082.1,3607.0,3607.0,14428,721.4,1082.1,3607.0
167909,Oras Calimanesti,1328.55,1328.55,4428.5,4428.5,17714,885.7,1328.55,4428.5,1328.55,1328.55,4428.5,4428.5,17714,885.7,1328.55,4428.5
167981,Municipiul Dragasani,3147.9,3147.9,10493.0,10493.0,41972,2098.6,3147.9,10493.0,3147.9,3147.9,10493.0,10493.0,41972,2098.6,3147.9,10493.0
168041,Oras Horezu,1053.15,1053.15,3510.5,3510.5,14042,702.1,1053.15,3510.5,1053.15,1053.15,3510.5,3510.5,14042,702.1,1053.15,3510.5
168130,Oras Ocnele Mari,524.7,524.7,1749.0,1749.0,6996,349.8,524.7,1749.0,524.7,524.7,1749.0,1749.0,6996,349.8,524.7,1749.0
168229,Alunu,661.35,661.35,2204.5,2204.5,8818,440.9,661.35,2204.5,661.35,661.35,2204.5,2204.5,8818,440.9,661.35,2204.5
168309,Amarasti,271.8,271.8,906.0,906.0,3624,181.2,271.8,906.0,271.8,271.8,906.0,906.0,3624,181.2,271.8,906.0
168372,Oras Babeni,1409.7,1409.7,4699.0,4699.0,18796,939.8,1409.7,4699.0,1409.7,1409.7,4699.0,4699.0,18796,939.8,1409.7,4699.0
168452,Oras Balcesti,780.3,780.3,2601.0,2601.0,10404,520.2,780.3,2601.0,780.3,780.3,2601.0,2601.0,10404,520.2,780.3,2601.0
168559,Barbatesti,507.3,507.3,1691.0,1691.0,6764,338.2,507.3,1691.0,507.3,507.3,1691.0,1691.0,6764,338.2,507.3,1691.0
168602,Oras Berbesti,835.5,835.5,2785.0,2785.0,11140,557.0,835.5,2785.0,835.5,835.5,2785.0,2785.0,11140,557.0,835.5,2785.0
168675,Berislavesti,415.35,415.35,1384.5,1384.5,5538,276.9,415.35,1384.5,415.35,415.35,1384.5,1384.5,5538,276.9,415.35,1384.5
168755,Boisoara,196.95,196.95,656.5,656.5,2626,131.3,196.95,656.5,196.95,196.95,656.5,656.5,2626,131.3,196.95,656.5
168791,Budesti,894.6,894.6,2982.0,2982.0,11928,596.4,894.6,2982.0,894.6,894.6,2982.0,2982.0,11928,596.4,894.6,2982.0
168880,Bujoreni,735.3,735.3,2451.0,2451.0,9804,490.2,735.3,2451.0,735.3,735.3,2451.0,2451.0,9804,490.2,735.3,2451.0
168960,Bunesti,421.5,421.5,1405.0,1405.0,5620,281.0,421.5,1405.0,421.5,421.5,1405.0,1405.0,5620,281.0,421.5,1405.0
169039,Cernisoara,553.35,553.35,1844.5,1844.5,7378,368.9,553.35,1844.5,553.35,553.35,1844.5,1844.5,7378,368.9,553.35,1844.5
169119,Caineni,377.1,377.1,1257.0,1257.0,5028,251.4,377.1,1257.0,377.1,377.1,1257.0,1257.0,5028,251.4,377.1,1257.0
169182,Copaceni,416.4,416.4,1388.0,1388.0,5552,277.6,416.4,1388.0,416.4,416.4,1388.0,1388.0,5552,277.6,416.4,1388.0
169253,Costesti,485.4,485.4,1618.0,1618.0,6472,323.6,485.4,1618.0,485.4,485.4,1618.0,1618.0,6472,323.6,485.4,1618.0
169306,Creteni,333.45,333.45,1111.5,1111.5,4446,222.3,333.45,1111.5,333.45,333.45,1111.5,1111.5,4446,222.3,333.45,1111.5
169351,Daesti,459.0,459.0,1530.0,1530.0,6120,306.0,459.0,1530.0,459.0,459.0,1530.0,1530.0,6120,306.0,459.0,1530.0
169404,Danicei,306.9,306.9,1023.0,1023.0,4092,204.6,306.9,1023.0,306.9,306.9,1023.0,1023.0,4092,204.6,306.9,1023.0
169547,Dragoesti,301.2,301.2,1004.0,1004.0,4016,200.8,301.2,1004.0,301.2,301.2,1004.0,1004.0,4016,200.8,301.2,1004.0
169583,Fauresti,219.45,219.45,731.5,731.5,2926,146.3,219.45,731.5,219.45,219.45,731.5,731.5,2926,146.3,219.45,731.5
169681,Fartatesti,580.95,580.95,1936.5,1936.5,7746,387.3,580.95,1936.5,580.95,580.95,1936.5,1936.5,7746,387.3,580.95,1936.5
169896,Francesti,802.5,802.5,2675.0,2675.0,10700,535.0,802.5,2675.0,802.5,802.5,2675.0,2675.0,10700,535.0,802.5,2675.0
169994,Galicea,576.45,576.45,1921.5,1921.5,7686,384.3,576.45,1921.5,576.45,576.45,1921.5,1921.5,7686,384.3,576.45,1921.5
170097,Ghioroiu,233.7,233.7,779.0,779.0,3116,155.8,233.7,779.0,233.7,233.7,779.0,779.0,3116,155.8,233.7,779.0
170168,Glavile,295.05,295.05,983.5,983.5,3934,196.7,295.05,983.5,295.05,295.05,983.5,983.5,3934,196.7,295.05,983.5
170220,Golesti,386.25,386.25,1287.5,1287.5,5150,257.5,386.25,1287.5,386.25,386.25,1287.5,1287.5,5150,257.5,386.25,1287.5
170346,Gradistea,400.5,400.5,1335.0,1335.0,5340,267.0,400.5,1335.0,400.5,400.5,1335.0,1335.0,5340,267.0,400.5,1335.0
170444,Gusoeni,220.5,220.5,735.0,735.0,2940,147.0,220.5,735.0,220.5,220.5,735.0,735.0,2940,147.0,220.5,735.0
170514,Ionesti,630.45,630.45,2101.5,2101.5,8406,420.3,630.45,2101.5,630.45,630.45,2101.5,2101.5,8406,420.3,630.45,2101.5
170612,Lalosu,372.9,372.9,1243.0,1243.0,4972,248.6,372.9,1243.0,372.9,372.9,1243.0,1243.0,4972,248.6,372.9,1243.0
170685,Ladesti,265.2,265.2,884.0,884.0,3536,176.8,265.2,884.0,265.2,265.2,884.0,884.0,3536,176.8,265.2,884.0
170792,Lapusata,313.5,313.5,1045.0,1045.0,4180,209.0,313.5,1045.0,313.5,313.5,1045.0,1045.0,4180,209.0,313.5,1045.0
170872,Livezi,348.3,348.3,1161.0,1161.0,4644,232.2,348.3,1161.0,348.3,348.3,1161.0,1161.0,4644,232.2,348.3,1161.0
170952,Lungesti,472.8,472.8,1576.0,1576.0,6304,315.2,472.8,1576.0,472.8,472.8,1576.0,1576.0,6304,315.2,472.8,1576.0
171021,Malaia,273.45,273.45,911.5,911.5,3646,182.3,273.45,911.5,273.45,273.45,911.5,911.5,3646,182.3,273.45,911.5
171067,Mateesti,476.7,476.7,1589.0,1589.0,6356,317.8,476.7,1589.0,476.7,476.7,1589.0,1589.0,6356,317.8,476.7,1589.0
171101,Maciuca,263.55,263.55,878.5,878.5,3514,175.7,263.55,878.5,263.55,263.55,878.5,878.5,3514,175.7,263.55,878.5
171209,Madulari,216.3,216.3,721.0,721.0,2884,144.2,216.3,721.0,216.3,216.3,721.0,721.0,2884,144.2,216.3,721.0
171272,Maldaresti,298.65,298.65,995.5,995.5,3982,199.1,298.65,995.5,298.65,298.65,995.5,995.5,3982,199.1,298.65,995.5
171325,Mihaesti,1013.7,1013.7,3379.0,3379.0,13516,675.8,1013.7,3379.0,1013.7,1013.7,3379.0,3379.0,13516,675.8,1013.7,3379.0
171469,Milcoiu,184.2,184.2,614.0,614.0,2456,122.8,184.2,614.0,184.2,184.2,614.0,614.0,2456,122.8,184.2,614.0
171539,Muereasca,394.5,394.5,1315.0,1315.0,5260,263.0,394.5,1315.0,394.5,394.5,1315.0,1315.0,5260,263.0,394.5,1315.0
171628,Nicolae Balcescu,508.8,508.8,1696.0,1696.0,6784,339.2,508.8,1696.0,508.8,508.8,1696.0,1696.0,6784,339.2,508.8,1696.0
171806,Olanu,446.7,446.7,1489.0,1489.0,5956,297.8,446.7,1489.0,446.7,446.7,1489.0,1489.0,5956,297.8,446.7,1489.0
171879,Orlesti,432.6,432.6,1442.0,1442.0,5768,288.4,432.6,1442.0,432.6,432.6,1442.0,1442.0,5768,288.4,432.6,1442.0
171931,Otesani,405.0,405.0,1350.0,1350.0,5400,270.0,405.0,1350.0,405.0,405.0,1350.0,1350.0,5400,270.0,405.0,1350.0
171995,Pausesti,391.65,391.65,1305.5,1305.5,5222,261.1,391.65,1305.5,391.65,391.65,1305.5,1305.5,5222,261.1,391.65,1305.5
172082,Pausesti-Maglasi,601.95,601.95,2006.5,2006.5,8026,401.3,601.95,2006.5,601.95,601.95,2006.5,2006.5,8026,401.3,601.95,2006.5
172153,Perisani,340.5,340.5,1135.0,1135.0,4540,227.0,340.5,1135.0,340.5,340.5,1135.0,1135.0,4540,227.0,340.5,1135.0
172279,Pesceana,246.15,246.15,820.5,820.5,3282,164.1,246.15,820.5,246.15,246.15,820.5,820.5,3282,164.1,246.15,820.5
172340,Pietrari,443.1,443.1,1477.0,1477.0,5908,295.4,443.1,1477.0,443.1,443.1,1477.0,1477.0,5908,295.4,443.1,1477.0
172377,Popesti,455.85,455.85,1519.5,1519.5,6078,303.9,455.85,1519.5,455.85,455.85,1519.5,1519.5,6078,303.9,455.85,1519.5
172457,Prundeni,619.5,619.5,2065.0,2065.0,8260,413.0,619.5,2065.0,619.5,619.5,2065.0,2065.0,8260,413.0,619.5,2065.0
172509,Racovita,270.3,270.3,901.0,901.0,3604,180.2,270.3,901.0,270.3,270.3,901.0,901.0,3604,180.2,270.3,901.0
172581,Roesti,321.45,321.45,1071.5,1071.5,4286,214.3,321.45,1071.5,321.45,321.45,1071.5,1071.5,4286,214.3,321.45,1071.5
172698,Rosiile,378.15,378.15,1260.5,1260.5,5042,252.1,378.15,1260.5,378.15,378.15,1260.5,1260.5,5042,252.1,378.15,1260.5
172812,Runcu,140.25,140.25,467.5,467.5,1870,93.5,140.25,467.5,140.25,140.25,467.5,467.5,1870,93.5,140.25,467.5
172894,Salatrucel,322.35,322.35,1074.5,1074.5,4298,214.9,322.35,1074.5,322.35,322.35,1074.5,1074.5,4298,214.9,322.35,1074.5
172947,Scundu,297.6,297.6,992.0,992.0,3968,198.4,297.6,992.0,297.6,297.6,992.0,992.0,3968,198.4,297.6,992.0
172992,Sinesti,372.75,372.75,1242.5,1242.5,4970,248.5,372.75,1242.5,372.75,372.75,1242.5,1242.5,4970,248.5,372.75,1242.5
173061,Slatioara,506.7,506.7,1689.0,1689.0,6756,337.8,506.7,1689.0,506.7,506.7,1689.0,1689.0,6756,337.8,506.7,1689.0
173132,Stanesti,180.6,180.6,602.0,602.0,2408,120.4,180.6,602.0,180.6,180.6,602.0,602.0,2408,120.4,180.6,602.0
173230,Stoenesti,521.85,521.85,1739.5,1739.5,6958,347.9,521.85,1739.5,521.85,521.85,1739.5,1739.5,6958,347.9,521.85,1739.5
173374,Stoilesti,573.15,573.15,1910.5,1910.5,7642,382.1,573.15,1910.5,573.15,573.15,1910.5,1910.5,7642,382.1,573.15,1910.5
173533,Stroesti,414.15,414.15,1380.5,1380.5,5522,276.1,414.15,1380.5,414.15,414.15,1380.5,1380.5,5522,276.1,414.15,1380.5
173597,Sutesti,325.65,325.65,1085.5,1085.5,4342,217.1,325.65,1085.5,325.65,325.65,1085.5,1085.5,4342,217.1,325.65,1085.5
173686,Sirineasa,354.0,354.0,1180.0,1180.0,4720,236.0,354.0,1180.0,354.0,354.0,1180.0,1180.0,4720,236.0,354.0,1180.0
173748,Stefanesti,489.9,489.9,1633.0,1633.0,6532,326.6,489.9,1633.0,489.9,489.9,1633.0,1633.0,6532,326.6,489.9,1633.0
173793,Susani,483.3,483.3,1611.0,1611.0,6444,322.2,483.3,1611.0,483.3,483.3,1611.0,1611.0,6444,322.2,483.3,1611.0
173855,Tetoiu,369.6,369.6,1232.0,1232.0,4928,246.4,369.6,1232.0,369.6,369.6,1232.0,1232.0,4928,246.4,369.6,1232.0
173935,Tomsani,559.95,559.95,1866.5,1866.5,7466,373.3,559.95,1866.5,559.95,559.95,1866.5,1866.5,7466,373.3,559.95,1866.5
174021,Vaideeni,598.2,598.2,1994.0,1994.0,7976,398.8,598.2,1994.0,598.2,598.2,1994.0,1994.0,7976,398.8,598.2,1994.0
174085,Valea Mare,392.4,392.4,1308.0,1308.0,5232,261.6,392.4,1308.0,392.4,392.4,1308.0,1308.0,5232,261.6,392.4,1308.0
174156,Vladesti,468.45,468.45,1561.5,1561.5,6246,312.3,468.45,1561.5,468.45,468.45,1561.5,1561.5,6246,312.3,468.45,1561.5
174218,Voicesti,236.4,236.4,788.0,788.0,3152,157.6,236.4,788.0,236.4,236.4,788.0,788.0,3152,157.6,236.4,788.0
174254,Voineasa,234.9,234.9,783.0,783.0,3132,156.6,234.9,783.0,234.9,234.9,783.0,783.0,3132,156.6,234.9,783.0
174290,Zatreni,348.9,348.9,1163.0,1163.0,4652,232.6,348.9,1163.0,348.9,348.9,1163.0,1163.0,4652,232.6,348.9,1163.0
174496,Titesti,120.6,120.6,402.0,402.0,1608,80.4,120.6,402.0,120.6,120.6,402.0,402.0,1608,80.4,120.6,402.0
174502,Diculesti,291.45,291.45,971.5,971.5,3886,194.3,291.45,971.5,291.45,291.45,971.5,971.5,3886,194.3,291.45,971.5
174511,Lacusteni,212.4,212.4,708.0,708.0,2832,141.6,212.4,708.0,212.4,212.4,708.0,708.0,2832,141.6,212.4,708.0
174520,Mitrofani,141.6,141.6,472.0,472.0,1888,94.4,141.6,472.0,141.6,141.6,472.0,472.0,1888,94.4,141.6,472.0
174744,Municipiul Focsani,14171.1,14171.1,47237.0,47237.0,188948,9447.4,14171.1,47237.0,14171.1,14171.1,47237.0,47237.0,188948,9447.4,14171.1,47237.0
174780,Campineanca,601.65,601.65,2005.5,2005.5,8022,401.1,601.65,2005.5,601.65,601.65,2005.5,2005.5,8022,401.1,601.65,2005.5
174824,Golesti,679.5,679.5,2265.0,2265.0,9060,453.0,679.5,2265.0,679.5,679.5,2265.0,2265.0,9060,453.0,679.5,2265.0
174860,Municipiul Adjud,3082.05,3082.05,10273.5,10273.5,41094,2054.7,3082.05,10273.5,3082.05,3082.05,10273.5,10273.5,41094,2054.7,3082.05,10273.5
174922,Oras Marasesti,2016.15,2016.15,6720.5,6720.5,26882,1344.1,2016.15,6720.5,2016.15,2016.15,6720.5,6720.5,26882,1344.1,2016.15,6720.5
175019,Oras Odobesti,1447.35,1447.35,4824.5,4824.5,19298,964.9,1447.35,4824.5,1447.35,1447.35,4824.5,4824.5,19298,964.9,1447.35,4824.5
175055,Oras Panciu,1394.25,1394.25,4647.5,4647.5,18590,929.5,1394.25,4647.5,1394.25,1394.25,4647.5,4647.5,18590,929.5,1394.25,4647.5
175126,Andreiasu De Jos,286.65,286.65,955.5,955.5,3822,191.1,286.65,955.5,286.65,286.65,955.5,955.5,3822,191.1,286.65,955.5
175206,Balesti,300.6,300.6,1002.0,1002.0,4008,200.4,300.6,1002.0,300.6,300.6,1002.0,1002.0,4008,200.4,300.6,1002.0
175224,Barsesti,215.25,215.25,717.5,717.5,2870,143.5,215.25,717.5,215.25,215.25,717.5,717.5,2870,143.5,215.25,717.5
175260,Boghesti,239.55,239.55,798.5,798.5,3194,159.7,239.55,798.5,239.55,239.55,798.5,798.5,3194,159.7,239.55,798.5
175368,Bolotesti,726.6,726.6,2422.0,2422.0,9688,484.4,726.6,2422.0,726.6,726.6,2422.0,2422.0,9688,484.4,726.6,2422.0
175439,Bordesti,265.95,265.95,886.5,886.5,3546,177.3,265.95,886.5,265.95,265.95,886.5,886.5,3546,177.3,265.95,886.5
175466,Brosteni,340.65,340.65,1135.5,1135.5,4542,227.1,340.65,1135.5,340.65,340.65,1135.5,1135.5,4542,227.1,340.65,1135.5
175509,Chiojdeni,375.6,375.6,1252.0,1252.0,5008,250.4,375.6,1252.0,375.6,375.6,1252.0,1252.0,5008,250.4,375.6,1252.0
175590,Ciorasti,456.45,456.45,1521.5,1521.5,6086,304.3,456.45,1521.5,456.45,456.45,1521.5,1521.5,6086,304.3,456.45,1521.5
175670,Campuri,574.2,574.2,1914.0,1914.0,7656,382.8,574.2,1914.0,574.2,574.2,1914.0,1914.0,7656,382.8,574.2,1914.0
175732,Carligele,444.15,444.15,1480.5,1480.5,5922,296.1,444.15,1480.5,444.15,444.15,1480.5,1480.5,5922,296.1,444.15,1480.5
175787,Corbita,273.6,273.6,912.0,912.0,3648,182.4,273.6,912.0,273.6,273.6,912.0,912.0,3648,182.4,273.6,912.0
175885,Cotesti,730.2,730.2,2434.0,2434.0,9736,486.8,730.2,2434.0,730.2,730.2,2434.0,2434.0,9736,486.8,730.2,2434.0
175938,Dumbraveni,670.2,670.2,2234.0,2234.0,8936,446.8,670.2,2234.0,670.2,670.2,2234.0,2234.0,8936,446.8,670.2,2234.0
175983,Dumitresti,700.05,700.05,2333.5,2333.5,9334,466.7,700.05,2333.5,700.05,700.05,2333.5,2333.5,9334,466.7,700.05,2333.5
176150,Fitionesti,406.65,406.65,1355.5,1355.5,5422,271.1,406.65,1355.5,406.65,406.65,1355.5,1355.5,5422,271.1,406.65,1355.5
176212,Garoafa,716.7,716.7,2389.0,2389.0,9556,477.8,716.7,2389.0,716.7,716.7,2389.0,2389.0,9556,477.8,716.7,2389.0
176301,Gugesti,1009.95,1009.95,3366.5,3366.5,13466,673.3,1009.95,3366.5,1009.95,1009.95,3366.5,3366.5,13466,673.3,1009.95,3366.5
176338,Gura Calitei,408.6,408.6,1362.0,1362.0,5448,272.4,408.6,1362.0,408.6,408.6,1362.0,1362.0,5448,272.4,408.6,1362.0
176445,Homocea,1165.5,1165.5,3885.0,3885.0,15540,777.0,1165.5,3885.0,1165.5,1165.5,3885.0,3885.0,15540,777.0,1165.5,3885.0
176506,Jaristea,634.65,634.65,2115.5,2115.5,8462,423.1,634.65,2115.5,634.65,634.65,2115.5,2115.5,8462,423.1,634.65,2115.5
176551,Jitia,247.05,247.05,823.5,823.5,3294,164.7,247.05,823.5,247.05,247.05,823.5,823.5,3294,164.7,247.05,823.5
176613,Maicanesti,704.55,704.55,2348.5,2348.5,9394,469.7,704.55,2348.5,704.55,704.55,2348.5,2348.5,9394,469.7,704.55,2348.5
176686,Mera,624.75,624.75,2082.5,2082.5,8330,416.5,624.75,2082.5,624.75,624.75,2082.5,2082.5,8330,416.5,624.75,2082.5
176748,Milcovul,541.95,541.95,1806.5,1806.5,7226,361.3,541.95,1806.5,541.95,541.95,1806.5,1806.5,7226,361.3,541.95,1806.5
176793,Movilita,580.95,580.95,1936.5,1936.5,7746,387.3,580.95,1936.5,580.95,580.95,1936.5,1936.5,7746,387.3,580.95,1936.5
176855,Nanesti,363.15,363.15,1210.5,1210.5,4842,242.1,363.15,1210.5,363.15,363.15,1210.5,1210.5,4842,242.1,363.15,1210.5
176891,Naruja,290.55,290.55,968.5,968.5,3874,193.7,290.55,968.5,290.55,290.55,968.5,968.5,3874,193.7,290.55,968.5
176944,Nereju,692.85,692.85,2309.5,2309.5,9238,461.9,692.85,2309.5,692.85,692.85,2309.5,2309.5,9238,461.9,692.85,2309.5
177003,Nistoresti,341.4,341.4,1138.0,1138.0,4552,227.6,341.4,1138.0,341.4,341.4,1138.0,1138.0,4552,227.6,341.4,1138.0
177101,Paltin,309.75,309.75,1032.5,1032.5,4130,206.5,309.75,1032.5,309.75,309.75,1032.5,1032.5,4130,206.5,309.75,1032.5
177236,Paunesti,1016.4,1016.4,3388.0,3388.0,13552,677.6,1016.4,3388.0,1016.4,1016.4,3388.0,3388.0,13552,677.6,1016.4,3388.0
177263,Poiana Cristei,415.95,415.95,1386.5,1386.5,5546,277.3,415.95,1386.5,415.95,415.95,1386.5,1386.5,5546,277.3,415.95,1386.5
177352,Pufesti,646.5,646.5,2155.0,2155.0,8620,431.0,646.5,2155.0,646.5,646.5,2155.0,2155.0,8620,431.0,646.5,2155.0
177405,Racoasa,493.35,493.35,1644.5,1644.5,6578,328.9,493.35,1644.5,493.35,493.35,1644.5,1644.5,6578,328.9,493.35,1644.5
177469,Reghiu,353.1,353.1,1177.0,1177.0,4708,235.4,353.1,1177.0,353.1,353.1,1177.0,1177.0,4708,235.4,353.1,1177.0
177557,Ruginesti,644.4,644.4,2148.0,2148.0,8592,429.6,644.4,2148.0,644.4,644.4,2148.0,2148.0,8592,429.6,644.4,2148.0
177600,Sihlea,800.25,800.25,2667.5,2667.5,10670,533.5,800.25,2667.5,800.25,800.25,2667.5,2667.5,10670,533.5,800.25,2667.5
177655,Slobozia Bradului,1192.35,1192.35,3974.5,3974.5,15898,794.9,1192.35,3974.5,1192.35,1192.35,3974.5,3974.5,15898,794.9,1192.35,3974.5
177726,Slobozia Ciorasti,309.3,309.3,1031.0,1031.0,4124,206.2,309.3,1031.0,309.3,309.3,1031.0,1031.0,4124,206.2,309.3,1031.0
177762,Soveja,338.7,338.7,1129.0,1129.0,4516,225.8,338.7,1129.0,338.7,338.7,1129.0,1129.0,4516,225.8,338.7,1129.0
177799,Straoane,550.5,550.5,1835.0,1835.0,7340,367.0,550.5,1835.0,550.5,550.5,1835.0,1835.0,7340,367.0,550.5,1835.0
177842,Suraia,918.6,918.6,3062.0,3062.0,12248,612.4,918.6,3062.0,918.6,918.6,3062.0,3062.0,12248,612.4,918.6,3062.0
177879,Tanasoaia,324.6,324.6,1082.0,1082.0,4328,216.4,324.6,1082.0,324.6,324.6,1082.0,1082.0,4328,216.4,324.6,1082.0
177986,Tataranu,690.75,690.75,2302.5,2302.5,9210,460.5,690.75,2302.5,690.75,690.75,2302.5,2302.5,9210,460.5,690.75,2302.5
178046,Tamboesti,493.2,493.2,1644.0,1644.0,6576,328.8,493.2,1644.0,493.2,493.2,1644.0,1644.0,6576,328.8,493.2,1644.0
178117,Tulnici,625.95,625.95,2086.5,2086.5,8346,417.3,625.95,2086.5,625.95,625.95,2086.5,2086.5,8346,417.3,625.95,2086.5
178180,Tifesti,774.6,774.6,2582.0,2582.0,10328,516.4,774.6,2582.0,774.6,774.6,2582.0,2582.0,10328,516.4,774.6,2582.0
178279,Urechesti,412.2,412.2,1374.0,1374.0,5496,274.8,412.2,1374.0,412.2,412.2,1374.0,1374.0,5496,274.8,412.2,1374.0
178313,Valea Sarii,297.45,297.45,991.5,991.5,3966,198.3,297.45,991.5,297.45,297.45,991.5,991.5,3966,198.3,297.45,991.5
178377,Vidra,1107.0,1107.0,3690.0,3690.0,14760,738.0,1107.0,3690.0,1107.0,1107.0,3690.0,3690.0,14760,738.0,1107.0,3690.0
178475,Vintileasca,311.25,311.25,1037.5,1037.5,4150,207.5,311.25,1037.5,311.25,311.25,1037.5,1037.5,4150,207.5,311.25,1037.5
178545,Vizantea-Livezi,618.45,618.45,2061.5,2061.5,8246,412.3,618.45,2061.5,618.45,618.45,2061.5,2061.5,8246,412.3,618.45,2061.5
178607,Vanatori,985.65,985.65,3285.5,3285.5,13142,657.1,985.65,3285.5,985.65,985.65,3285.5,3285.5,13142,657.1,985.65,3285.5
178689,Vartescoiu,530.85,530.85,1769.5,1769.5,7078,353.9,530.85,1769.5,530.85,530.85,1769.5,1769.5,7078,353.9,530.85,1769.5
178750,Vrancioaia,421.35,421.35,1404.5,1404.5,5618,280.9,421.35,1404.5,421.35,421.35,1404.5,1404.5,5618,280.9,421.35,1404.5
178821,Vulturu,1301.25,1301.25,4337.5,4337.5,17350,867.5,1301.25,4337.5,1301.25,1301.25,4337.5,4337.5,17350,867.5,1301.25,4337.5
178885,Negrilesti,251.7,251.7,839.0,839.0,3356,167.8,251.7,839.0,251.7,251.7,839.0,839.0,3356,167.8,251.7,839.0
178894,Ploscuteni,482.25,482.25,1607.5,1607.5,6430,321.5,482.25,1607.5,482.25,482.25,1607.5,1607.5,6430,321.5,482.25,1607.5
178901,Popesti,454.95,454.95,1516.5,1516.5,6066,303.3,454.95,1516.5,454.95,454.95,1516.5,1516.5,6066,303.3,454.95,1516.5
178910,Paulesti,296.1,296.1,987.0,987.0,3948,197.4,296.1,987.0,296.1,296.1,987.0,987.0,3948,197.4,296.1,987.0
178929,Biliesti,375.15,375.15,1250.5,1250.5,5002,250.1,375.15,1250.5,375.15,375.15,1250.5,1250.5,5002,250.1,375.15,1250.5
178938,Gologanu,462.75,462.75,1542.5,1542.5,6170,308.5,462.75,1542.5,462.75,462.75,1542.5,1542.5,6170,308.5,462.75,1542.5
178947,Obrejita,240.0,240.0,800.0,800.0,3200,160.0,240.0,800.0,240.0,240.0,800.0,800.0,3200,160.0,240.0,800.0
178956,Rastoaca,368.25,368.25,1227.5,1227.5,4910,245.5,368.25,1227.5,368.25,368.25,1227.5,1227.5,4910,245.5,368.25,1227.5
178965,Spulber,202.05,202.05,673.5,673.5,2694,134.7,202.05,673.5,202.05,202.05,673.5,673.5,2694,134.7,202.05,673.5
179132,Municipiul Bucuresti,316109.85,316109.85,1053699.5,1053699.5,4214798,210739.9,316109.85,1053699.5,316109.85,316109.85,1053699.5,1053699.5,4214798,210739.9,316109.85,1053699.5
179221,Oras Bragadiru,2578.95,2578.95,8596.5,8596.5,34386,1719.3,2578.95,8596.5,2578.95,2578.95,8596.5,8596.5,34386,1719.3,2578.95,8596.5
179249,Chiajna,2567.4,2567.4,8558.0,8558.0,34232,1711.6,2567.4,8558.0,2567.4,2567.4,8558.0,8558.0,34232,1711.6,2567.4,8558.0
179285,Oras Chitila,2254.65,2254.65,7515.5,7515.5,30062,1503.1,2254.65,7515.5,2254.65,2254.65,7515.5,7515.5,30062,1503.1,2254.65,7515.5
179310,Dobroesti,1332.9,1332.9,4443.0,4443.0,17772,888.6,1332.9,4443.0,1332.9,1332.9,4443.0,4443.0,17772,888.6,1332.9,4443.0
179347,Glina,1212.3,1212.3,4041.0,4041.0,16164,808.2,1212.3,4041.0,1212.3,1212.3,4041.0,4041.0,16164,808.2,1212.3,4041.0
179383,Jilava,1559.55,1559.55,5198.5,5198.5,20794,1039.7,1559.55,5198.5,1559.55,1559.55,5198.5,5198.5,20794,1039.7,1559.55,5198.5
179409,Oras Magurele,1554.75,1554.75,5182.5,5182.5,20730,1036.5,1554.75,5182.5,1554.75,1554.75,5182.5,5182.5,20730,1036.5,1554.75,5182.5
179463,Mogosoaia,1170.0,1170.0,3900.0,3900.0,15600,780.0,1170.0,3900.0,1170.0,1170.0,3900.0,3900.0,15600,780.0,1170.0,3900.0
179481,Oras Otopeni,2259.15,2259.15,7530.5,7530.5,30122,1506.1,2259.15,7530.5,2259.15,2259.15,7530.5,7530.5,30122,1506.1,2259.15,7530.5
179515,Oras Pantelimon,4028.85,4028.85,13429.5,13429.5,53718,2685.9,4028.85,13429.5,4028.85,4028.85,13429.5,13429.5,53718,2685.9,4028.85,13429.5
179533,Oras Popesti Leordeni,4181.85,4181.85,13939.5,13939.5,55758,2787.9,4181.85,13939.5,4181.85,4181.85,13939.5,13939.5,55758,2787.9,4181.85,13939.5
179551,Oras Voluntari,6079.95,6079.95,20266.5,20266.5,81066,4053.3,6079.95,20266.5,6079.95,6079.95,20266.5,20266.5,81066,4053.3,6079.95,20266.5
179588,Copaceni,401.1,401.1,1337.0,1337.0,5348,267.4,401.1,1337.0,401.1,401.1,1337.0,1337.0,5348,267.4,401.1,1337.0
179604,Poienile Izei,132.6,132.6,442.0,442.0,1768,88.4,132.6,442.0,132.6,132.6,442.0,442.0,1768,88.4,132.6,442.0
179613,Sieu,355.5,355.5,1185.0,1185.0,4740,237.0,355.5,1185.0,355.5,355.5,1185.0,1185.0,4740,237.0,355.5,1185.0
179622,Grosii Tiblesului,316.05,316.05,1053.5,1053.5,4214,210.7,316.05,1053.5,316.05,316.05,1053.5,1053.5,4214,210.7,316.05,1053.5
179631,Treznea,155.25,155.25,517.5,517.5,2070,103.5,155.25,517.5,155.25,155.25,517.5,517.5,2070,103.5,155.25,517.5
179640,Vulcana-Pandele,768.15,768.15,2560.5,2560.5,10242,512.1,768.15,2560.5,768.15,768.15,2560.5,2560.5,10242,512.1,768.15,2560.5
179659,Negrilesti,370.65,370.65,1235.5,1235.5,4942,247.1,370.65,1235.5,370.65,370.65,1235.5,1235.5,4942,247.1,370.65,1235.5
179677,Camin,210.6,210.6,702.0,702.0,2808,140.4,210.6,702.0,210.6,210.6,702.0,702.0,2808,140.4,210.6,702.0
179686,Dumitrita,489.3,489.3,1631.0,1631.0,6524,326.2,489.3,1631.0,489.3,489.3,1631.0,1631.0,6524,326.2,489.3,1631.0
179695,Simisna,181.65,181.65,605.5,605.5,2422,121.1,181.65,605.5,181.65,181.65,605.5,605.5,2422,121.1,181.65,605.5
179702,Traian,487.05,487.05,1623.5,1623.5,6494,324.7,487.05,1623.5,487.05,487.05,1623.5,1623.5,6494,324.7,487.05,1623.5
179711,Vladeni,433.65,433.65,1445.5,1445.5,5782,289.1,433.65,1445.5,433.65,433.65,1445.5,1445.5,5782,289.1,433.65,1445.5
179720,Poiana Ilvei,235.05,235.05,783.5,783.5,3134,156.7,235.05,783.5,235.05,235.05,783.5,783.5,3134,156.7,235.05,783.5
179739,Malu,329.7,329.7,1099.0,1099.0,4396,219.8,329.7,1099.0,329.7,329.7,1099.0,1099.0,4396,219.8,329.7,1099.0
179748,Cosoba,397.2,397.2,1324.0,1324.0,5296,264.8,397.2,1324.0,397.2,397.2,1324.0,1324.0,5296,264.8,397.2,1324.0
179757,Herasti,300.6,300.6,1002.0,1002.0,4008,200.4,300.6,1002.0,300.6,300.6,1002.0,1002.0,4008,200.4,300.6,1002.0
179766,Isvoarele,231.75,231.75,772.5,772.5,3090,154.5,231.75,772.5,231.75,231.75,772.5,772.5,3090,154.5,231.75,772.5
179775,Sabareni,387.9,387.9,1293.0,1293.0,5172,258.6,387.9,1293.0,387.9,387.9,1293.0,1293.0,5172,258.6,387.9,1293.0
179784,Boranesti,364.2,364.2,1214.0,1214.0,4856,242.8,364.2,1214.0,364.2,364.2,1214.0,1214.0,4856,242.8,364.2,1214.0
179793,Buesti,156.45,156.45,521.5,521.5,2086,104.3,156.45,521.5,156.45,156.45,521.5,521.5,2086,104.3,156.45,521.5
179800,Maia,247.65,247.65,825.5,825.5,3302,165.1,247.65,825.5,247.65,247.65,825.5,825.5,3302,165.1,247.65,825.5
179819,Ograda,435.6,435.6,1452.0,1452.0,5808,290.4,435.6,1452.0,435.6,435.6,1452.0,1452.0,5808,290.4,435.6,1452.0
179828,Rosiori,300.0,300.0,1000.0,1000.0,4000,200.0,300.0,1000.0,300.0,300.0,1000.0,1000.0,4000,200.0,300.0,1000.0
179837,Coas,211.8,211.8,706.0,706.0,2824,141.2,211.8,706.0,211.8,211.8,706.0,706.0,2824,141.2,211.8,706.0
179846,Coltau,414.45,414.45,1381.5,1381.5,5526,276.3,414.45,1381.5,414.45,414.45,1381.5,1381.5,5526,276.3,414.45,1381.5
179855,Gardani,198.75,198.75,662.5,662.5,2650,132.5,198.75,662.5,198.75,198.75,662.5,662.5,2650,132.5,198.75,662.5
179864,Oncesti,228.0,228.0,760.0,760.0,3040,152.0,228.0,760.0,228.0,228.0,760.0,760.0,3040,152.0,228.0,760.0
179873,Agris,319.65,319.65,1065.5,1065.5,4262,213.1,319.65,1065.5,319.65,319.65,1065.5,1065.5,4262,213.1,319.65,1065.5
179882,Ciumesti,204.3,204.3,681.0,681.0,2724,136.2,204.3,681.0,204.3,204.3,681.0,681.0,2724,136.2,204.3,681.0
179891,Raciu,490.95,490.95,1636.5,1636.5,6546,327.3,490.95,1636.5,490.95,490.95,1636.5,1636.5,6546,327.3,490.95,1636.5
179908,Pietrari,362.55,362.55,1208.5,1208.5,4834,241.7,362.55,1208.5,362.55,362.55,1208.5,1208.5,4834,241.7,362.55,1208.5
179917,Rau Alb,211.35,211.35,704.5,704.5,2818,140.9,211.35,704.5,211.35,211.35,704.5,704.5,2818,140.9,211.35,704.5
179926,Rascaeti,338.85,338.85,1129.5,1129.5,4518,225.9,338.85,1129.5,338.85,338.85,1129.5,1129.5,4518,225.9,338.85,1129.5
179935,Persinari,423.9,423.9,1413.0,1413.0,5652,282.6,423.9,1413.0,423.9,423.9,1413.0,1413.0,5652,282.6,423.9,1413.0
179944,Runcu Salvei,201.45,201.45,671.5,671.5,2686,134.3,201.45,671.5,201.45,201.45,671.5,671.5,2686,134.3,201.45,671.5
179953,Ciceu- Mihaiesti,180.75,180.75,602.5,602.5,2410,120.5,180.75,602.5,180.75,180.75,602.5,602.5,2410,120.5,180.75,602.5
179962,Galbinasi,549.3,549.3,1831.0,1831.0,7324,366.2,549.3,1831.0,549.3,549.3,1831.0,1831.0,7324,366.2,549.3,1831.0
179971,Colelia,173.55,173.55,578.5,578.5,2314,115.7,173.55,578.5,173.55,173.55,578.5,578.5,2314,115.7,173.55,578.5
179980,Marculesti,239.55,239.55,798.5,798.5,3194,159.7,239.55,798.5,239.55,239.55,798.5,798.5,3194,159.7,239.55,798.5
179999,Moldoveni,166.35,166.35,554.5,554.5,2218,110.9,166.35,554.5,166.35,166.35,554.5,554.5,2218,110.9,166.35,554.5
180000,Platonesti,289.8,289.8,966.0,966.0,3864,193.2,289.8,966.0,289.8,289.8,966.0,966.0,3864,193.2,289.8,966.0
180019,Sarateni,188.25,188.25,627.5,627.5,2510,125.5,188.25,627.5,188.25,188.25,627.5,627.5,2510,125.5,188.25,627.5
180028,Porumbesti,398.1,398.1,1327.0,1327.0,5308,265.4,398.1,1327.0,398.1,398.1,1327.0,1327.0,5308,265.4,398.1,1327.0
180037,Boghis,288.45,288.45,961.5,961.5,3846,192.3,288.45,961.5,288.45,288.45,961.5,961.5,3846,192.3,288.45,961.5
180046,Gura Ialomitei,393.45,393.45,1311.5,1311.5,5246,262.3,393.45,1311.5,393.45,393.45,1311.5,1311.5,5246,262.3,393.45,1311.5
180055,Crivat,308.55,308.55,1028.5,1028.5,4114,205.7,308.55,1028.5,308.55,308.55,1028.5,1028.5,4114,205.7,308.55,1028.5
180064,Barbulesti,1053.9,1053.9,3513.0,3513.0,14052,702.6,1053.9,3513.0,1053.9,1053.9,3513.0,3513.0,14052,702.6,1053.9,3513.0
180091,Racsa,447.45,447.45,1491.5,1491.5,5966,298.3,447.45,1491.5,447.45,447.45,1491.5,1491.5,5966,298.3,447.45,1491.5
